period,data_item,data_item_code,measure,measure_code,seasonal_adjustment,value,unit,source_tier,source_url,source_retrieved_at
2000-Q1,Gross domestic product,GPM,Chain volume measures,M1,Seasonally Adjusted,351882,Australian Dollars,primary,"https://data.api.abs.gov.au/rest/data/ABS,ANA_AGG,1.0.0/all?startPeriod=2000&format=csv",2026-08-25T13:07:06.254Z
2000-Q1,Gross domestic product,GPM,Chain volume measures,M1,Original,342406,Australian Dollars,primary,"https://data.api.abs.gov.au/rest/data/ABS,ANA_AGG,1.0.0/all?startPeriod=2000&format=csv",2026-08-25T13:07:06.254Z
2000-Q1,Gross domestic product,GPM,Chain volume measures,M1,Trend,352788,Australian Dollars,primary,"https://data.api.abs.gov.au/rest/data/ABS,ANA_AGG,1.0.0/all?startPeriod=2000&format=csv",2026-08-25T13:07:06.254Z
2000-Q1,Gross domestic product,GPM,Chain volume measures - Percentage changes,M2,Seasonally Adjusted,0.4,Percent,primary,"https://data.api.abs.gov.au/rest/data/ABS,ANA_AGG,1.0.0/all?startPeriod=2000&format=csv",2026-08-25T13:07:06.254Z
2000-Q1,Gross domestic product,GPM,Chain volume measures - Percentage changes,M2,Trend,1,Percent,primary,"https://data.api.abs.gov.au/rest/data/ABS,ANA_AGG,1.0.0/all?startPeriod=2000&format=csv",2026-08-25T13:07:06.254Z
2000-Q1,Gross domestic product,GPM,Chain volume measures - Percentage changes,M2,Original,-5.8,Percent,primary,"https://data.api.abs.gov.au/rest/data/ABS,ANA_AGG,1.0.0/all?startPeriod=2000&format=csv",2026-08-25T13:07:06.254Z
2000-Q1,GDP per capita,GPM_PCA,Chain volume measures,M1,Trend,18592,Australian Dollars,primary,"https://data.api.abs.gov.au/rest/data/ABS,ANA_AGG,1.0.0/all?startPeriod=2000&format=csv",2026-08-25T13:07:06.254Z
2000-Q1,GDP per capita,GPM_PCA,Chain volume measures,M1,Seasonally Adjusted,18544,Australian Dollars,primary,"https://data.api.abs.gov.au/rest/data/ABS,ANA_AGG,1.0.0/all?startPeriod=2000&format=csv",2026-08-25T13:07:06.254Z
2000-Q1,GDP per capita,GPM_PCA,Chain volume measures,M1,Original,18036,Australian Dollars,primary,"https://data.api.abs.gov.au/rest/data/ABS,ANA_AGG,1.0.0/all?startPeriod=2000&format=csv",2026-08-25T13:07:06.254Z
2000-Q1,GDP per capita,GPM_PCA,Chain volume measures - Percentage changes,M2,Seasonally Adjusted,0.1,Percent,primary,"https://data.api.abs.gov.au/rest/data/ABS,ANA_AGG,1.0.0/all?startPeriod=2000&format=csv",2026-08-25T13:07:06.254Z
2000-Q1,GDP per capita,GPM_PCA,Chain volume measures - Percentage changes,M2,Original,-6.1,Percent,primary,"https://data.api.abs.gov.au/rest/data/ABS,ANA_AGG,1.0.0/all?startPeriod=2000&format=csv",2026-08-25T13:07:06.254Z
2000-Q1,GDP per capita,GPM_PCA,Chain volume measures - Percentage changes,M2,Trend,0.7,Percent,primary,"https://data.api.abs.gov.au/rest/data/ABS,ANA_AGG,1.0.0/all?startPeriod=2000&format=csv",2026-08-25T13:07:06.254Z
2000-Q2,Gross domestic product,GPM,Chain volume measures,M1,Seasonally Adjusted,355304,Australian Dollars,primary,"https://data.api.abs.gov.au/rest/data/ABS,ANA_AGG,1.0.0/all?startPeriod=2000&format=csv",2026-08-25T13:07:06.254Z
2000-Q2,Gross domestic product,GPM,Chain volume measures,M1,Original,352578,Australian Dollars,primary,"https://data.api.abs.gov.au/rest/data/ABS,ANA_AGG,1.0.0/all?startPeriod=2000&format=csv",2026-08-25T13:07:06.254Z
2000-Q2,Gross domestic product,GPM,Chain volume measures,M1,Trend,354740,Australian Dollars,primary,"https://data.api.abs.gov.au/rest/data/ABS,ANA_AGG,1.0.0/all?startPeriod=2000&format=csv",2026-08-25T13:07:06.254Z
2000-Q2,Gross domestic product,GPM,Chain volume measures - Percentage changes,M2,Seasonally Adjusted,1,Percent,primary,"https://data.api.abs.gov.au/rest/data/ABS,ANA_AGG,1.0.0/all?startPeriod=2000&format=csv",2026-08-25T13:07:06.254Z
2000-Q2,Gross domestic product,GPM,Chain volume measures - Percentage changes,M2,Trend,0.6,Percent,primary,"https://data.api.abs.gov.au/rest/data/ABS,ANA_AGG,1.0.0/all?startPeriod=2000&format=csv",2026-08-25T13:07:06.254Z
2000-Q2,Gross domestic product,GPM,Chain volume measures - Percentage changes,M2,Original,3,Percent,primary,"https://data.api.abs.gov.au/rest/data/ABS,ANA_AGG,1.0.0/all?startPeriod=2000&format=csv",2026-08-25T13:07:06.254Z
2000-Q2,GDP per capita,GPM_PCA,Chain volume measures,M1,Trend,18642,Australian Dollars,primary,"https://data.api.abs.gov.au/rest/data/ABS,ANA_AGG,1.0.0/all?startPeriod=2000&format=csv",2026-08-25T13:07:06.254Z
2000-Q2,GDP per capita,GPM_PCA,Chain volume measures,M1,Seasonally Adjusted,18672,Australian Dollars,primary,"https://data.api.abs.gov.au/rest/data/ABS,ANA_AGG,1.0.0/all?startPeriod=2000&format=csv",2026-08-25T13:07:06.254Z
2000-Q2,GDP per capita,GPM_PCA,Chain volume measures,M1,Original,18531,Australian Dollars,primary,"https://data.api.abs.gov.au/rest/data/ABS,ANA_AGG,1.0.0/all?startPeriod=2000&format=csv",2026-08-25T13:07:06.254Z
2000-Q2,GDP per capita,GPM_PCA,Chain volume measures - Percentage changes,M2,Seasonally Adjusted,0.7,Percent,primary,"https://data.api.abs.gov.au/rest/data/ABS,ANA_AGG,1.0.0/all?startPeriod=2000&format=csv",2026-08-25T13:07:06.254Z
2000-Q2,GDP per capita,GPM_PCA,Chain volume measures - Percentage changes,M2,Original,2.7,Percent,primary,"https://data.api.abs.gov.au/rest/data/ABS,ANA_AGG,1.0.0/all?startPeriod=2000&format=csv",2026-08-25T13:07:06.254Z
2000-Q2,GDP per capita,GPM_PCA,Chain volume measures - Percentage changes,M2,Trend,0.3,Percent,primary,"https://data.api.abs.gov.au/rest/data/ABS,ANA_AGG,1.0.0/all?startPeriod=2000&format=csv",2026-08-25T13:07:06.254Z
2000-Q3,Gross domestic product,GPM,Chain volume measures,M1,Seasonally Adjusted,356301,Australian Dollars,primary,"https://data.api.abs.gov.au/rest/data/ABS,ANA_AGG,1.0.0/all?startPeriod=2000&format=csv",2026-08-25T13:07:06.254Z
2000-Q3,Gross domestic product,GPM,Chain volume measures,M1,Original,355407,Australian Dollars,primary,"https://data.api.abs.gov.au/rest/data/ABS,ANA_AGG,1.0.0/all?startPeriod=2000&format=csv",2026-08-25T13:07:06.254Z
2000-Q3,Gross domestic product,GPM,Chain volume measures,M1,Trend,355492,Australian Dollars,primary,"https://data.api.abs.gov.au/rest/data/ABS,ANA_AGG,1.0.0/all?startPeriod=2000&format=csv",2026-08-25T13:07:06.254Z
2000-Q3,Gross domestic product,GPM,Chain volume measures - Percentage changes,M2,Seasonally Adjusted,0.3,Percent,primary,"https://data.api.abs.gov.au/rest/data/ABS,ANA_AGG,1.0.0/all?startPeriod=2000&format=csv",2026-08-25T13:07:06.254Z
2000-Q3,Gross domestic product,GPM,Chain volume measures - Percentage changes,M2,Trend,0.2,Percent,primary,"https://data.api.abs.gov.au/rest/data/ABS,ANA_AGG,1.0.0/all?startPeriod=2000&format=csv",2026-08-25T13:07:06.254Z
2000-Q3,Gross domestic product,GPM,Chain volume measures - Percentage changes,M2,Original,0.8,Percent,primary,"https://data.api.abs.gov.au/rest/data/ABS,ANA_AGG,1.0.0/all?startPeriod=2000&format=csv",2026-08-25T13:07:06.254Z
2000-Q3,GDP per capita,GPM_PCA,Chain volume measures,M1,Trend,18627,Australian Dollars,primary,"https://data.api.abs.gov.au/rest/data/ABS,ANA_AGG,1.0.0/all?startPeriod=2000&format=csv",2026-08-25T13:07:06.254Z
2000-Q3,GDP per capita,GPM_PCA,Chain volume measures,M1,Seasonally Adjusted,18668,Australian Dollars,primary,"https://data.api.abs.gov.au/rest/data/ABS,ANA_AGG,1.0.0/all?startPeriod=2000&format=csv",2026-08-25T13:07:06.254Z
2000-Q3,GDP per capita,GPM_PCA,Chain volume measures,M1,Original,18624,Australian Dollars,primary,"https://data.api.abs.gov.au/rest/data/ABS,ANA_AGG,1.0.0/all?startPeriod=2000&format=csv",2026-08-25T13:07:06.254Z
2000-Q3,GDP per capita,GPM_PCA,Chain volume measures - Percentage changes,M2,Seasonally Adjusted,0,Percent,primary,"https://data.api.abs.gov.au/rest/data/ABS,ANA_AGG,1.0.0/all?startPeriod=2000&format=csv",2026-08-25T13:07:06.254Z
2000-Q3,GDP per capita,GPM_PCA,Chain volume measures - Percentage changes,M2,Original,0.5,Percent,primary,"https://data.api.abs.gov.au/rest/data/ABS,ANA_AGG,1.0.0/all?startPeriod=2000&format=csv",2026-08-25T13:07:06.254Z
2000-Q3,GDP per capita,GPM_PCA,Chain volume measures - Percentage changes,M2,Trend,-0.1,Percent,primary,"https://data.api.abs.gov.au/rest/data/ABS,ANA_AGG,1.0.0/all?startPeriod=2000&format=csv",2026-08-25T13:07:06.254Z
2000-Q4,Gross domestic product,GPM,Chain volume measures,M1,Seasonally Adjusted,354898,Australian Dollars,primary,"https://data.api.abs.gov.au/rest/data/ABS,ANA_AGG,1.0.0/all?startPeriod=2000&format=csv",2026-08-25T13:07:06.254Z
2000-Q4,Gross domestic product,GPM,Chain volume measures,M1,Original,368852,Australian Dollars,primary,"https://data.api.abs.gov.au/rest/data/ABS,ANA_AGG,1.0.0/all?startPeriod=2000&format=csv",2026-08-25T13:07:06.254Z
2000-Q4,Gross domestic product,GPM,Chain volume measures,M1,Trend,356252,Australian Dollars,primary,"https://data.api.abs.gov.au/rest/data/ABS,ANA_AGG,1.0.0/all?startPeriod=2000&format=csv",2026-08-25T13:07:06.254Z
2000-Q4,Gross domestic product,GPM,Chain volume measures - Percentage changes,M2,Seasonally Adjusted,-0.4,Percent,primary,"https://data.api.abs.gov.au/rest/data/ABS,ANA_AGG,1.0.0/all?startPeriod=2000&format=csv",2026-08-25T13:07:06.254Z
2000-Q4,Gross domestic product,GPM,Chain volume measures - Percentage changes,M2,Trend,0.2,Percent,primary,"https://data.api.abs.gov.au/rest/data/ABS,ANA_AGG,1.0.0/all?startPeriod=2000&format=csv",2026-08-25T13:07:06.254Z
2000-Q4,Gross domestic product,GPM,Chain volume measures - Percentage changes,M2,Original,3.8,Percent,primary,"https://data.api.abs.gov.au/rest/data/ABS,ANA_AGG,1.0.0/all?startPeriod=2000&format=csv",2026-08-25T13:07:06.254Z
2000-Q4,GDP per capita,GPM_PCA,Chain volume measures,M1,Trend,18607,Australian Dollars,primary,"https://data.api.abs.gov.au/rest/data/ABS,ANA_AGG,1.0.0/all?startPeriod=2000&format=csv",2026-08-25T13:07:06.254Z
2000-Q4,GDP per capita,GPM_PCA,Chain volume measures,M1,Seasonally Adjusted,18540,Australian Dollars,primary,"https://data.api.abs.gov.au/rest/data/ABS,ANA_AGG,1.0.0/all?startPeriod=2000&format=csv",2026-08-25T13:07:06.254Z
2000-Q4,GDP per capita,GPM_PCA,Chain volume measures,M1,Original,19273,Australian Dollars,primary,"https://data.api.abs.gov.au/rest/data/ABS,ANA_AGG,1.0.0/all?startPeriod=2000&format=csv",2026-08-25T13:07:06.254Z
2000-Q4,GDP per capita,GPM_PCA,Chain volume measures - Percentage changes,M2,Seasonally Adjusted,-0.7,Percent,primary,"https://data.api.abs.gov.au/rest/data/ABS,ANA_AGG,1.0.0/all?startPeriod=2000&format=csv",2026-08-25T13:07:06.254Z
2000-Q4,GDP per capita,GPM_PCA,Chain volume measures - Percentage changes,M2,Original,3.5,Percent,primary,"https://data.api.abs.gov.au/rest/data/ABS,ANA_AGG,1.0.0/all?startPeriod=2000&format=csv",2026-08-25T13:07:06.254Z
2000-Q4,GDP per capita,GPM_PCA,Chain volume measures - Percentage changes,M2,Trend,-0.1,Percent,primary,"https://data.api.abs.gov.au/rest/data/ABS,ANA_AGG,1.0.0/all?startPeriod=2000&format=csv",2026-08-25T13:07:06.254Z
2001-Q1,Gross domestic product,GPM,Chain volume measures,M1,Seasonally Adjusted,358245,Australian Dollars,primary,"https://data.api.abs.gov.au/rest/data/ABS,ANA_AGG,1.0.0/all?startPeriod=2000&format=csv",2026-08-25T13:07:06.254Z
2001-Q1,Gross domestic product,GPM,Chain volume measures,M1,Original,348782,Australian Dollars,primary,"https://data.api.abs.gov.au/rest/data/ABS,ANA_AGG,1.0.0/all?startPeriod=2000&format=csv",2026-08-25T13:07:06.254Z
2001-Q1,Gross domestic product,GPM,Chain volume measures,M1,Trend,357987,Australian Dollars,primary,"https://data.api.abs.gov.au/rest/data/ABS,ANA_AGG,1.0.0/all?startPeriod=2000&format=csv",2026-08-25T13:07:06.254Z
2001-Q1,Gross domestic product,GPM,Chain volume measures - Percentage changes,M2,Seasonally Adjusted,0.9,Percent,primary,"https://data.api.abs.gov.au/rest/data/ABS,ANA_AGG,1.0.0/all?startPeriod=2000&format=csv",2026-08-25T13:07:06.254Z
2001-Q1,Gross domestic product,GPM,Chain volume measures - Percentage changes,M2,Trend,0.5,Percent,primary,"https://data.api.abs.gov.au/rest/data/ABS,ANA_AGG,1.0.0/all?startPeriod=2000&format=csv",2026-08-25T13:07:06.254Z
2001-Q1,Gross domestic product,GPM,Chain volume measures - Percentage changes,M2,Original,-5.4,Percent,primary,"https://data.api.abs.gov.au/rest/data/ABS,ANA_AGG,1.0.0/all?startPeriod=2000&format=csv",2026-08-25T13:07:06.254Z
2001-Q1,GDP per capita,GPM_PCA,Chain volume measures,M1,Trend,18635,Australian Dollars,primary,"https://data.api.abs.gov.au/rest/data/ABS,ANA_AGG,1.0.0/all?startPeriod=2000&format=csv",2026-08-25T13:07:06.254Z
2001-Q1,GDP per capita,GPM_PCA,Chain volume measures,M1,Seasonally Adjusted,18646,Australian Dollars,primary,"https://data.api.abs.gov.au/rest/data/ABS,ANA_AGG,1.0.0/all?startPeriod=2000&format=csv",2026-08-25T13:07:06.254Z
2001-Q1,GDP per capita,GPM_PCA,Chain volume measures,M1,Original,18144,Australian Dollars,primary,"https://data.api.abs.gov.au/rest/data/ABS,ANA_AGG,1.0.0/all?startPeriod=2000&format=csv",2026-08-25T13:07:06.254Z
2001-Q1,GDP per capita,GPM_PCA,Chain volume measures - Percentage changes,M2,Seasonally Adjusted,0.6,Percent,primary,"https://data.api.abs.gov.au/rest/data/ABS,ANA_AGG,1.0.0/all?startPeriod=2000&format=csv",2026-08-25T13:07:06.254Z
2001-Q1,GDP per capita,GPM_PCA,Chain volume measures - Percentage changes,M2,Original,-5.9,Percent,primary,"https://data.api.abs.gov.au/rest/data/ABS,ANA_AGG,1.0.0/all?startPeriod=2000&format=csv",2026-08-25T13:07:06.254Z
2001-Q1,GDP per capita,GPM_PCA,Chain volume measures - Percentage changes,M2,Trend,0.2,Percent,primary,"https://data.api.abs.gov.au/rest/data/ABS,ANA_AGG,1.0.0/all?startPeriod=2000&format=csv",2026-08-25T13:07:06.254Z
2001-Q2,Gross domestic product,GPM,Chain volume measures,M1,Seasonally Adjusted,361385,Australian Dollars,primary,"https://data.api.abs.gov.au/rest/data/ABS,ANA_AGG,1.0.0/all?startPeriod=2000&format=csv",2026-08-25T13:07:06.254Z
2001-Q2,Gross domestic product,GPM,Chain volume measures,M1,Original,357789,Australian Dollars,primary,"https://data.api.abs.gov.au/rest/data/ABS,ANA_AGG,1.0.0/all?startPeriod=2000&format=csv",2026-08-25T13:07:06.254Z
2001-Q2,Gross domestic product,GPM,Chain volume measures,M1,Trend,361425,Australian Dollars,primary,"https://data.api.abs.gov.au/rest/data/ABS,ANA_AGG,1.0.0/all?startPeriod=2000&format=csv",2026-08-25T13:07:06.254Z
2001-Q2,Gross domestic product,GPM,Chain volume measures - Percentage changes,M2,Seasonally Adjusted,0.9,Percent,primary,"https://data.api.abs.gov.au/rest/data/ABS,ANA_AGG,1.0.0/all?startPeriod=2000&format=csv",2026-08-25T13:07:06.254Z
2001-Q2,Gross domestic product,GPM,Chain volume measures - Percentage changes,M2,Trend,1,Percent,primary,"https://data.api.abs.gov.au/rest/data/ABS,ANA_AGG,1.0.0/all?startPeriod=2000&format=csv",2026-08-25T13:07:06.254Z
2001-Q2,Gross domestic product,GPM,Chain volume measures - Percentage changes,M2,Original,2.6,Percent,primary,"https://data.api.abs.gov.au/rest/data/ABS,ANA_AGG,1.0.0/all?startPeriod=2000&format=csv",2026-08-25T13:07:06.254Z
2001-Q2,GDP per capita,GPM_PCA,Chain volume measures,M1,Trend,18753,Australian Dollars,primary,"https://data.api.abs.gov.au/rest/data/ABS,ANA_AGG,1.0.0/all?startPeriod=2000&format=csv",2026-08-25T13:07:06.254Z
2001-Q2,GDP per capita,GPM_PCA,Chain volume measures,M1,Seasonally Adjusted,18749,Australian Dollars,primary,"https://data.api.abs.gov.au/rest/data/ABS,ANA_AGG,1.0.0/all?startPeriod=2000&format=csv",2026-08-25T13:07:06.254Z
2001-Q2,GDP per capita,GPM_PCA,Chain volume measures,M1,Original,18565,Australian Dollars,primary,"https://data.api.abs.gov.au/rest/data/ABS,ANA_AGG,1.0.0/all?startPeriod=2000&format=csv",2026-08-25T13:07:06.254Z
2001-Q2,GDP per capita,GPM_PCA,Chain volume measures - Percentage changes,M2,Seasonally Adjusted,0.6,Percent,primary,"https://data.api.abs.gov.au/rest/data/ABS,ANA_AGG,1.0.0/all?startPeriod=2000&format=csv",2026-08-25T13:07:06.254Z
2001-Q2,GDP per capita,GPM_PCA,Chain volume measures - Percentage changes,M2,Original,2.3,Percent,primary,"https://data.api.abs.gov.au/rest/data/ABS,ANA_AGG,1.0.0/all?startPeriod=2000&format=csv",2026-08-25T13:07:06.254Z
2001-Q2,GDP per capita,GPM_PCA,Chain volume measures - Percentage changes,M2,Trend,0.6,Percent,primary,"https://data.api.abs.gov.au/rest/data/ABS,ANA_AGG,1.0.0/all?startPeriod=2000&format=csv",2026-08-25T13:07:06.254Z
2001-Q3,Gross domestic product,GPM,Chain volume measures,M1,Seasonally Adjusted,365519,Australian Dollars,primary,"https://data.api.abs.gov.au/rest/data/ABS,ANA_AGG,1.0.0/all?startPeriod=2000&format=csv",2026-08-25T13:07:06.254Z
2001-Q3,Gross domestic product,GPM,Chain volume measures,M1,Original,364215,Australian Dollars,primary,"https://data.api.abs.gov.au/rest/data/ABS,ANA_AGG,1.0.0/all?startPeriod=2000&format=csv",2026-08-25T13:07:06.254Z
2001-Q3,Gross domestic product,GPM,Chain volume measures,M1,Trend,365405,Australian Dollars,primary,"https://data.api.abs.gov.au/rest/data/ABS,ANA_AGG,1.0.0/all?startPeriod=2000&format=csv",2026-08-25T13:07:06.254Z
2001-Q3,Gross domestic product,GPM,Chain volume measures - Percentage changes,M2,Seasonally Adjusted,1.1,Percent,primary,"https://data.api.abs.gov.au/rest/data/ABS,ANA_AGG,1.0.0/all?startPeriod=2000&format=csv",2026-08-25T13:07:06.254Z
2001-Q3,Gross domestic product,GPM,Chain volume measures - Percentage changes,M2,Trend,1.1,Percent,primary,"https://data.api.abs.gov.au/rest/data/ABS,ANA_AGG,1.0.0/all?startPeriod=2000&format=csv",2026-08-25T13:07:06.254Z
2001-Q3,Gross domestic product,GPM,Chain volume measures - Percentage changes,M2,Original,1.8,Percent,primary,"https://data.api.abs.gov.au/rest/data/ABS,ANA_AGG,1.0.0/all?startPeriod=2000&format=csv",2026-08-25T13:07:06.254Z
2001-Q3,GDP per capita,GPM_PCA,Chain volume measures,M1,Trend,18902,Australian Dollars,primary,"https://data.api.abs.gov.au/rest/data/ABS,ANA_AGG,1.0.0/all?startPeriod=2000&format=csv",2026-08-25T13:07:06.254Z
2001-Q3,GDP per capita,GPM_PCA,Chain volume measures,M1,Seasonally Adjusted,18910,Australian Dollars,primary,"https://data.api.abs.gov.au/rest/data/ABS,ANA_AGG,1.0.0/all?startPeriod=2000&format=csv",2026-08-25T13:07:06.254Z
2001-Q3,GDP per capita,GPM_PCA,Chain volume measures,M1,Original,18845,Australian Dollars,primary,"https://data.api.abs.gov.au/rest/data/ABS,ANA_AGG,1.0.0/all?startPeriod=2000&format=csv",2026-08-25T13:07:06.254Z
2001-Q3,GDP per capita,GPM_PCA,Chain volume measures - Percentage changes,M2,Seasonally Adjusted,0.9,Percent,primary,"https://data.api.abs.gov.au/rest/data/ABS,ANA_AGG,1.0.0/all?startPeriod=2000&format=csv",2026-08-25T13:07:06.254Z
2001-Q3,GDP per capita,GPM_PCA,Chain volume measures - Percentage changes,M2,Original,1.5,Percent,primary,"https://data.api.abs.gov.au/rest/data/ABS,ANA_AGG,1.0.0/all?startPeriod=2000&format=csv",2026-08-25T13:07:06.254Z
2001-Q3,GDP per capita,GPM_PCA,Chain volume measures - Percentage changes,M2,Trend,0.8,Percent,primary,"https://data.api.abs.gov.au/rest/data/ABS,ANA_AGG,1.0.0/all?startPeriod=2000&format=csv",2026-08-25T13:07:06.254Z
2001-Q4,Gross domestic product,GPM,Chain volume measures,M1,Seasonally Adjusted,369880,Australian Dollars,primary,"https://data.api.abs.gov.au/rest/data/ABS,ANA_AGG,1.0.0/all?startPeriod=2000&format=csv",2026-08-25T13:07:06.254Z
2001-Q4,Gross domestic product,GPM,Chain volume measures,M1,Original,386734,Australian Dollars,primary,"https://data.api.abs.gov.au/rest/data/ABS,ANA_AGG,1.0.0/all?startPeriod=2000&format=csv",2026-08-25T13:07:06.254Z
2001-Q4,Gross domestic product,GPM,Chain volume measures,M1,Trend,369576,Australian Dollars,primary,"https://data.api.abs.gov.au/rest/data/ABS,ANA_AGG,1.0.0/all?startPeriod=2000&format=csv",2026-08-25T13:07:06.254Z
2001-Q4,Gross domestic product,GPM,Chain volume measures - Percentage changes,M2,Seasonally Adjusted,1.2,Percent,primary,"https://data.api.abs.gov.au/rest/data/ABS,ANA_AGG,1.0.0/all?startPeriod=2000&format=csv",2026-08-25T13:07:06.254Z
2001-Q4,Gross domestic product,GPM,Chain volume measures - Percentage changes,M2,Trend,1.1,Percent,primary,"https://data.api.abs.gov.au/rest/data/ABS,ANA_AGG,1.0.0/all?startPeriod=2000&format=csv",2026-08-25T13:07:06.254Z
2001-Q4,Gross domestic product,GPM,Chain volume measures - Percentage changes,M2,Original,6.2,Percent,primary,"https://data.api.abs.gov.au/rest/data/ABS,ANA_AGG,1.0.0/all?startPeriod=2000&format=csv",2026-08-25T13:07:06.254Z
2001-Q4,GDP per capita,GPM_PCA,Chain volume measures,M1,Trend,19063,Australian Dollars,primary,"https://data.api.abs.gov.au/rest/data/ABS,ANA_AGG,1.0.0/all?startPeriod=2000&format=csv",2026-08-25T13:07:06.254Z
2001-Q4,GDP per capita,GPM_PCA,Chain volume measures,M1,Seasonally Adjusted,19078,Australian Dollars,primary,"https://data.api.abs.gov.au/rest/data/ABS,ANA_AGG,1.0.0/all?startPeriod=2000&format=csv",2026-08-25T13:07:06.254Z
2001-Q4,GDP per capita,GPM_PCA,Chain volume measures,M1,Original,19951,Australian Dollars,primary,"https://data.api.abs.gov.au/rest/data/ABS,ANA_AGG,1.0.0/all?startPeriod=2000&format=csv",2026-08-25T13:07:06.254Z
2001-Q4,GDP per capita,GPM_PCA,Chain volume measures - Percentage changes,M2,Seasonally Adjusted,0.9,Percent,primary,"https://data.api.abs.gov.au/rest/data/ABS,ANA_AGG,1.0.0/all?startPeriod=2000&format=csv",2026-08-25T13:07:06.254Z
2001-Q4,GDP per capita,GPM_PCA,Chain volume measures - Percentage changes,M2,Original,5.9,Percent,primary,"https://data.api.abs.gov.au/rest/data/ABS,ANA_AGG,1.0.0/all?startPeriod=2000&format=csv",2026-08-25T13:07:06.254Z
2001-Q4,GDP per capita,GPM_PCA,Chain volume measures - Percentage changes,M2,Trend,0.9,Percent,primary,"https://data.api.abs.gov.au/rest/data/ABS,ANA_AGG,1.0.0/all?startPeriod=2000&format=csv",2026-08-25T13:07:06.254Z
2002-Q1,Gross domestic product,GPM,Chain volume measures,M1,Seasonally Adjusted,372764,Australian Dollars,primary,"https://data.api.abs.gov.au/rest/data/ABS,ANA_AGG,1.0.0/all?startPeriod=2000&format=csv",2026-08-25T13:07:06.254Z
2002-Q1,Gross domestic product,GPM,Chain volume measures,M1,Original,360574,Australian Dollars,primary,"https://data.api.abs.gov.au/rest/data/ABS,ANA_AGG,1.0.0/all?startPeriod=2000&format=csv",2026-08-25T13:07:06.254Z
2002-Q1,Gross domestic product,GPM,Chain volume measures,M1,Trend,373857,Australian Dollars,primary,"https://data.api.abs.gov.au/rest/data/ABS,ANA_AGG,1.0.0/all?startPeriod=2000&format=csv",2026-08-25T13:07:06.254Z
2002-Q1,Gross domestic product,GPM,Chain volume measures - Percentage changes,M2,Seasonally Adjusted,0.8,Percent,primary,"https://data.api.abs.gov.au/rest/data/ABS,ANA_AGG,1.0.0/all?startPeriod=2000&format=csv",2026-08-25T13:07:06.254Z
2002-Q1,Gross domestic product,GPM,Chain volume measures - Percentage changes,M2,Trend,1.2,Percent,primary,"https://data.api.abs.gov.au/rest/data/ABS,ANA_AGG,1.0.0/all?startPeriod=2000&format=csv",2026-08-25T13:07:06.254Z
2002-Q1,Gross domestic product,GPM,Chain volume measures - Percentage changes,M2,Original,-6.8,Percent,primary,"https://data.api.abs.gov.au/rest/data/ABS,ANA_AGG,1.0.0/all?startPeriod=2000&format=csv",2026-08-25T13:07:06.254Z
2002-Q1,GDP per capita,GPM_PCA,Chain volume measures,M1,Trend,19230,Australian Dollars,primary,"https://data.api.abs.gov.au/rest/data/ABS,ANA_AGG,1.0.0/all?startPeriod=2000&format=csv",2026-08-25T13:07:06.254Z
2002-Q1,GDP per capita,GPM_PCA,Chain volume measures,M1,Seasonally Adjusted,19174,Australian Dollars,primary,"https://data.api.abs.gov.au/rest/data/ABS,ANA_AGG,1.0.0/all?startPeriod=2000&format=csv",2026-08-25T13:07:06.254Z
2002-Q1,GDP per capita,GPM_PCA,Chain volume measures,M1,Original,18538,Australian Dollars,primary,"https://data.api.abs.gov.au/rest/data/ABS,ANA_AGG,1.0.0/all?startPeriod=2000&format=csv",2026-08-25T13:07:06.254Z
2002-Q1,GDP per capita,GPM_PCA,Chain volume measures - Percentage changes,M2,Seasonally Adjusted,0.5,Percent,primary,"https://data.api.abs.gov.au/rest/data/ABS,ANA_AGG,1.0.0/all?startPeriod=2000&format=csv",2026-08-25T13:07:06.254Z
2002-Q1,GDP per capita,GPM_PCA,Chain volume measures - Percentage changes,M2,Original,-7.1,Percent,primary,"https://data.api.abs.gov.au/rest/data/ABS,ANA_AGG,1.0.0/all?startPeriod=2000&format=csv",2026-08-25T13:07:06.254Z
2002-Q1,GDP per capita,GPM_PCA,Chain volume measures - Percentage changes,M2,Trend,0.9,Percent,primary,"https://data.api.abs.gov.au/rest/data/ABS,ANA_AGG,1.0.0/all?startPeriod=2000&format=csv",2026-08-25T13:07:06.254Z
2002-Q2,Gross domestic product,GPM,Chain volume measures,M1,Seasonally Adjusted,379182,Australian Dollars,primary,"https://data.api.abs.gov.au/rest/data/ABS,ANA_AGG,1.0.0/all?startPeriod=2000&format=csv",2026-08-25T13:07:06.254Z
2002-Q2,Gross domestic product,GPM,Chain volume measures,M1,Original,375821,Australian Dollars,primary,"https://data.api.abs.gov.au/rest/data/ABS,ANA_AGG,1.0.0/all?startPeriod=2000&format=csv",2026-08-25T13:07:06.254Z
2002-Q2,Gross domestic product,GPM,Chain volume measures,M1,Trend,377776,Australian Dollars,primary,"https://data.api.abs.gov.au/rest/data/ABS,ANA_AGG,1.0.0/all?startPeriod=2000&format=csv",2026-08-25T13:07:06.254Z
2002-Q2,Gross domestic product,GPM,Chain volume measures - Percentage changes,M2,Seasonally Adjusted,1.7,Percent,primary,"https://data.api.abs.gov.au/rest/data/ABS,ANA_AGG,1.0.0/all?startPeriod=2000&format=csv",2026-08-25T13:07:06.254Z
2002-Q2,Gross domestic product,GPM,Chain volume measures - Percentage changes,M2,Trend,1,Percent,primary,"https://data.api.abs.gov.au/rest/data/ABS,ANA_AGG,1.0.0/all?startPeriod=2000&format=csv",2026-08-25T13:07:06.254Z
2002-Q2,Gross domestic product,GPM,Chain volume measures - Percentage changes,M2,Original,4.2,Percent,primary,"https://data.api.abs.gov.au/rest/data/ABS,ANA_AGG,1.0.0/all?startPeriod=2000&format=csv",2026-08-25T13:07:06.254Z
2002-Q2,GDP per capita,GPM_PCA,Chain volume measures,M1,Trend,19378,Australian Dollars,primary,"https://data.api.abs.gov.au/rest/data/ABS,ANA_AGG,1.0.0/all?startPeriod=2000&format=csv",2026-08-25T13:07:06.254Z
2002-Q2,GDP per capita,GPM_PCA,Chain volume measures,M1,Seasonally Adjusted,19450,Australian Dollars,primary,"https://data.api.abs.gov.au/rest/data/ABS,ANA_AGG,1.0.0/all?startPeriod=2000&format=csv",2026-08-25T13:07:06.254Z
2002-Q2,GDP per capita,GPM_PCA,Chain volume measures,M1,Original,19280,Australian Dollars,primary,"https://data.api.abs.gov.au/rest/data/ABS,ANA_AGG,1.0.0/all?startPeriod=2000&format=csv",2026-08-25T13:07:06.254Z
2002-Q2,GDP per capita,GPM_PCA,Chain volume measures - Percentage changes,M2,Seasonally Adjusted,1.4,Percent,primary,"https://data.api.abs.gov.au/rest/data/ABS,ANA_AGG,1.0.0/all?startPeriod=2000&format=csv",2026-08-25T13:07:06.254Z
2002-Q2,GDP per capita,GPM_PCA,Chain volume measures - Percentage changes,M2,Original,4,Percent,primary,"https://data.api.abs.gov.au/rest/data/ABS,ANA_AGG,1.0.0/all?startPeriod=2000&format=csv",2026-08-25T13:07:06.254Z
2002-Q2,GDP per capita,GPM_PCA,Chain volume measures - Percentage changes,M2,Trend,0.8,Percent,primary,"https://data.api.abs.gov.au/rest/data/ABS,ANA_AGG,1.0.0/all?startPeriod=2000&format=csv",2026-08-25T13:07:06.254Z
2002-Q3,Gross domestic product,GPM,Chain volume measures,M1,Seasonally Adjusted,380118,Australian Dollars,primary,"https://data.api.abs.gov.au/rest/data/ABS,ANA_AGG,1.0.0/all?startPeriod=2000&format=csv",2026-08-25T13:07:06.254Z
2002-Q3,Gross domestic product,GPM,Chain volume measures,M1,Original,379618,Australian Dollars,primary,"https://data.api.abs.gov.au/rest/data/ABS,ANA_AGG,1.0.0/all?startPeriod=2000&format=csv",2026-08-25T13:07:06.254Z
2002-Q3,Gross domestic product,GPM,Chain volume measures,M1,Trend,380862,Australian Dollars,primary,"https://data.api.abs.gov.au/rest/data/ABS,ANA_AGG,1.0.0/all?startPeriod=2000&format=csv",2026-08-25T13:07:06.254Z
2002-Q3,Gross domestic product,GPM,Chain volume measures - Percentage changes,M2,Seasonally Adjusted,0.2,Percent,primary,"https://data.api.abs.gov.au/rest/data/ABS,ANA_AGG,1.0.0/all?startPeriod=2000&format=csv",2026-08-25T13:07:06.254Z
2002-Q3,Gross domestic product,GPM,Chain volume measures - Percentage changes,M2,Trend,0.8,Percent,primary,"https://data.api.abs.gov.au/rest/data/ABS,ANA_AGG,1.0.0/all?startPeriod=2000&format=csv",2026-08-25T13:07:06.254Z
2002-Q3,Gross domestic product,GPM,Chain volume measures - Percentage changes,M2,Original,1,Percent,primary,"https://data.api.abs.gov.au/rest/data/ABS,ANA_AGG,1.0.0/all?startPeriod=2000&format=csv",2026-08-25T13:07:06.254Z
2002-Q3,GDP per capita,GPM_PCA,Chain volume measures,M1,Trend,19481,Australian Dollars,primary,"https://data.api.abs.gov.au/rest/data/ABS,ANA_AGG,1.0.0/all?startPeriod=2000&format=csv",2026-08-25T13:07:06.254Z
2002-Q3,GDP per capita,GPM_PCA,Chain volume measures,M1,Seasonally Adjusted,19443,Australian Dollars,primary,"https://data.api.abs.gov.au/rest/data/ABS,ANA_AGG,1.0.0/all?startPeriod=2000&format=csv",2026-08-25T13:07:06.254Z
2002-Q3,GDP per capita,GPM_PCA,Chain volume measures,M1,Original,19421,Australian Dollars,primary,"https://data.api.abs.gov.au/rest/data/ABS,ANA_AGG,1.0.0/all?startPeriod=2000&format=csv",2026-08-25T13:07:06.254Z
2002-Q3,GDP per capita,GPM_PCA,Chain volume measures - Percentage changes,M2,Seasonally Adjusted,0,Percent,primary,"https://data.api.abs.gov.au/rest/data/ABS,ANA_AGG,1.0.0/all?startPeriod=2000&format=csv",2026-08-25T13:07:06.254Z
2002-Q3,GDP per capita,GPM_PCA,Chain volume measures - Percentage changes,M2,Original,0.7,Percent,primary,"https://data.api.abs.gov.au/rest/data/ABS,ANA_AGG,1.0.0/all?startPeriod=2000&format=csv",2026-08-25T13:07:06.254Z
2002-Q3,GDP per capita,GPM_PCA,Chain volume measures - Percentage changes,M2,Trend,0.5,Percent,primary,"https://data.api.abs.gov.au/rest/data/ABS,ANA_AGG,1.0.0/all?startPeriod=2000&format=csv",2026-08-25T13:07:06.254Z
2002-Q4,Gross domestic product,GPM,Chain volume measures,M1,Seasonally Adjusted,383312,Australian Dollars,primary,"https://data.api.abs.gov.au/rest/data/ABS,ANA_AGG,1.0.0/all?startPeriod=2000&format=csv",2026-08-25T13:07:06.254Z
2002-Q4,Gross domestic product,GPM,Chain volume measures,M1,Original,399791,Australian Dollars,primary,"https://data.api.abs.gov.au/rest/data/ABS,ANA_AGG,1.0.0/all?startPeriod=2000&format=csv",2026-08-25T13:07:06.254Z
2002-Q4,Gross domestic product,GPM,Chain volume measures,M1,Trend,382624,Australian Dollars,primary,"https://data.api.abs.gov.au/rest/data/ABS,ANA_AGG,1.0.0/all?startPeriod=2000&format=csv",2026-08-25T13:07:06.254Z
2002-Q4,Gross domestic product,GPM,Chain volume measures - Percentage changes,M2,Seasonally Adjusted,0.8,Percent,primary,"https://data.api.abs.gov.au/rest/data/ABS,ANA_AGG,1.0.0/all?startPeriod=2000&format=csv",2026-08-25T13:07:06.254Z
2002-Q4,Gross domestic product,GPM,Chain volume measures - Percentage changes,M2,Trend,0.5,Percent,primary,"https://data.api.abs.gov.au/rest/data/ABS,ANA_AGG,1.0.0/all?startPeriod=2000&format=csv",2026-08-25T13:07:06.254Z
2002-Q4,Gross domestic product,GPM,Chain volume measures - Percentage changes,M2,Original,5.3,Percent,primary,"https://data.api.abs.gov.au/rest/data/ABS,ANA_AGG,1.0.0/all?startPeriod=2000&format=csv",2026-08-25T13:07:06.254Z
2002-Q4,GDP per capita,GPM_PCA,Chain volume measures,M1,Trend,19515,Australian Dollars,primary,"https://data.api.abs.gov.au/rest/data/ABS,ANA_AGG,1.0.0/all?startPeriod=2000&format=csv",2026-08-25T13:07:06.254Z
2002-Q4,GDP per capita,GPM_PCA,Chain volume measures,M1,Seasonally Adjusted,19550,Australian Dollars,primary,"https://data.api.abs.gov.au/rest/data/ABS,ANA_AGG,1.0.0/all?startPeriod=2000&format=csv",2026-08-25T13:07:06.254Z
2002-Q4,GDP per capita,GPM_PCA,Chain volume measures,M1,Original,20394,Australian Dollars,primary,"https://data.api.abs.gov.au/rest/data/ABS,ANA_AGG,1.0.0/all?startPeriod=2000&format=csv",2026-08-25T13:07:06.254Z
2002-Q4,GDP per capita,GPM_PCA,Chain volume measures - Percentage changes,M2,Seasonally Adjusted,0.5,Percent,primary,"https://data.api.abs.gov.au/rest/data/ABS,ANA_AGG,1.0.0/all?startPeriod=2000&format=csv",2026-08-25T13:07:06.254Z
2002-Q4,GDP per capita,GPM_PCA,Chain volume measures - Percentage changes,M2,Original,5,Percent,primary,"https://data.api.abs.gov.au/rest/data/ABS,ANA_AGG,1.0.0/all?startPeriod=2000&format=csv",2026-08-25T13:07:06.254Z
2002-Q4,GDP per capita,GPM_PCA,Chain volume measures - Percentage changes,M2,Trend,0.2,Percent,primary,"https://data.api.abs.gov.au/rest/data/ABS,ANA_AGG,1.0.0/all?startPeriod=2000&format=csv",2026-08-25T13:07:06.254Z
2003-Q1,Gross domestic product,GPM,Chain volume measures,M1,Seasonally Adjusted,384195,Australian Dollars,primary,"https://data.api.abs.gov.au/rest/data/ABS,ANA_AGG,1.0.0/all?startPeriod=2000&format=csv",2026-08-25T13:07:06.254Z
2003-Q1,Gross domestic product,GPM,Chain volume measures,M1,Original,369901,Australian Dollars,primary,"https://data.api.abs.gov.au/rest/data/ABS,ANA_AGG,1.0.0/all?startPeriod=2000&format=csv",2026-08-25T13:07:06.254Z
2003-Q1,Gross domestic product,GPM,Chain volume measures,M1,Trend,384041,Australian Dollars,primary,"https://data.api.abs.gov.au/rest/data/ABS,ANA_AGG,1.0.0/all?startPeriod=2000&format=csv",2026-08-25T13:07:06.254Z
2003-Q1,Gross domestic product,GPM,Chain volume measures - Percentage changes,M2,Seasonally Adjusted,0.2,Percent,primary,"https://data.api.abs.gov.au/rest/data/ABS,ANA_AGG,1.0.0/all?startPeriod=2000&format=csv",2026-08-25T13:07:06.254Z
2003-Q1,Gross domestic product,GPM,Chain volume measures - Percentage changes,M2,Trend,0.4,Percent,primary,"https://data.api.abs.gov.au/rest/data/ABS,ANA_AGG,1.0.0/all?startPeriod=2000&format=csv",2026-08-25T13:07:06.254Z
2003-Q1,Gross domestic product,GPM,Chain volume measures - Percentage changes,M2,Original,-7.5,Percent,primary,"https://data.api.abs.gov.au/rest/data/ABS,ANA_AGG,1.0.0/all?startPeriod=2000&format=csv",2026-08-25T13:07:06.254Z
2003-Q1,GDP per capita,GPM_PCA,Chain volume measures,M1,Trend,19530,Australian Dollars,primary,"https://data.api.abs.gov.au/rest/data/ABS,ANA_AGG,1.0.0/all?startPeriod=2000&format=csv",2026-08-25T13:07:06.254Z
2003-Q1,GDP per capita,GPM_PCA,Chain volume measures,M1,Seasonally Adjusted,19538,Australian Dollars,primary,"https://data.api.abs.gov.au/rest/data/ABS,ANA_AGG,1.0.0/all?startPeriod=2000&format=csv",2026-08-25T13:07:06.254Z
2003-Q1,GDP per capita,GPM_PCA,Chain volume measures,M1,Original,18801,Australian Dollars,primary,"https://data.api.abs.gov.au/rest/data/ABS,ANA_AGG,1.0.0/all?startPeriod=2000&format=csv",2026-08-25T13:07:06.254Z
2003-Q1,GDP per capita,GPM_PCA,Chain volume measures - Percentage changes,M2,Seasonally Adjusted,-0.1,Percent,primary,"https://data.api.abs.gov.au/rest/data/ABS,ANA_AGG,1.0.0/all?startPeriod=2000&format=csv",2026-08-25T13:07:06.254Z
2003-Q1,GDP per capita,GPM_PCA,Chain volume measures - Percentage changes,M2,Original,-7.8,Percent,primary,"https://data.api.abs.gov.au/rest/data/ABS,ANA_AGG,1.0.0/all?startPeriod=2000&format=csv",2026-08-25T13:07:06.254Z
2003-Q1,GDP per capita,GPM_PCA,Chain volume measures - Percentage changes,M2,Trend,0.1,Percent,primary,"https://data.api.abs.gov.au/rest/data/ABS,ANA_AGG,1.0.0/all?startPeriod=2000&format=csv",2026-08-25T13:07:06.254Z
2003-Q2,Gross domestic product,GPM,Chain volume measures,M1,Seasonally Adjusted,385697,Australian Dollars,primary,"https://data.api.abs.gov.au/rest/data/ABS,ANA_AGG,1.0.0/all?startPeriod=2000&format=csv",2026-08-25T13:07:06.254Z
2003-Q2,Gross domestic product,GPM,Chain volume measures,M1,Original,384012,Australian Dollars,primary,"https://data.api.abs.gov.au/rest/data/ABS,ANA_AGG,1.0.0/all?startPeriod=2000&format=csv",2026-08-25T13:07:06.254Z
2003-Q2,Gross domestic product,GPM,Chain volume measures,M1,Trend,387201,Australian Dollars,primary,"https://data.api.abs.gov.au/rest/data/ABS,ANA_AGG,1.0.0/all?startPeriod=2000&format=csv",2026-08-25T13:07:06.254Z
2003-Q2,Gross domestic product,GPM,Chain volume measures - Percentage changes,M2,Seasonally Adjusted,0.4,Percent,primary,"https://data.api.abs.gov.au/rest/data/ABS,ANA_AGG,1.0.0/all?startPeriod=2000&format=csv",2026-08-25T13:07:06.254Z
2003-Q2,Gross domestic product,GPM,Chain volume measures - Percentage changes,M2,Trend,0.8,Percent,primary,"https://data.api.abs.gov.au/rest/data/ABS,ANA_AGG,1.0.0/all?startPeriod=2000&format=csv",2026-08-25T13:07:06.254Z
2003-Q2,Gross domestic product,GPM,Chain volume measures - Percentage changes,M2,Original,3.8,Percent,primary,"https://data.api.abs.gov.au/rest/data/ABS,ANA_AGG,1.0.0/all?startPeriod=2000&format=csv",2026-08-25T13:07:06.254Z
2003-Q2,GDP per capita,GPM_PCA,Chain volume measures,M1,Trend,19635,Australian Dollars,primary,"https://data.api.abs.gov.au/rest/data/ABS,ANA_AGG,1.0.0/all?startPeriod=2000&format=csv",2026-08-25T13:07:06.254Z
2003-Q2,GDP per capita,GPM_PCA,Chain volume measures,M1,Seasonally Adjusted,19558,Australian Dollars,primary,"https://data.api.abs.gov.au/rest/data/ABS,ANA_AGG,1.0.0/all?startPeriod=2000&format=csv",2026-08-25T13:07:06.254Z
2003-Q2,GDP per capita,GPM_PCA,Chain volume measures,M1,Original,19475,Australian Dollars,primary,"https://data.api.abs.gov.au/rest/data/ABS,ANA_AGG,1.0.0/all?startPeriod=2000&format=csv",2026-08-25T13:07:06.254Z
2003-Q2,GDP per capita,GPM_PCA,Chain volume measures - Percentage changes,M2,Seasonally Adjusted,0.1,Percent,primary,"https://data.api.abs.gov.au/rest/data/ABS,ANA_AGG,1.0.0/all?startPeriod=2000&format=csv",2026-08-25T13:07:06.254Z
2003-Q2,GDP per capita,GPM_PCA,Chain volume measures - Percentage changes,M2,Original,3.6,Percent,primary,"https://data.api.abs.gov.au/rest/data/ABS,ANA_AGG,1.0.0/all?startPeriod=2000&format=csv",2026-08-25T13:07:06.254Z
2003-Q2,GDP per capita,GPM_PCA,Chain volume measures - Percentage changes,M2,Trend,0.5,Percent,primary,"https://data.api.abs.gov.au/rest/data/ABS,ANA_AGG,1.0.0/all?startPeriod=2000&format=csv",2026-08-25T13:07:06.254Z
2003-Q3,Gross domestic product,GPM,Chain volume measures,M1,Seasonally Adjusted,392275,Australian Dollars,primary,"https://data.api.abs.gov.au/rest/data/ABS,ANA_AGG,1.0.0/all?startPeriod=2000&format=csv",2026-08-25T13:07:06.254Z
2003-Q3,Gross domestic product,GPM,Chain volume measures,M1,Original,390702,Australian Dollars,primary,"https://data.api.abs.gov.au/rest/data/ABS,ANA_AGG,1.0.0/all?startPeriod=2000&format=csv",2026-08-25T13:07:06.254Z
2003-Q3,Gross domestic product,GPM,Chain volume measures,M1,Trend,392179,Australian Dollars,primary,"https://data.api.abs.gov.au/rest/data/ABS,ANA_AGG,1.0.0/all?startPeriod=2000&format=csv",2026-08-25T13:07:06.254Z
2003-Q3,Gross domestic product,GPM,Chain volume measures - Percentage changes,M2,Seasonally Adjusted,1.7,Percent,primary,"https://data.api.abs.gov.au/rest/data/ABS,ANA_AGG,1.0.0/all?startPeriod=2000&format=csv",2026-08-25T13:07:06.254Z
2003-Q3,Gross domestic product,GPM,Chain volume measures - Percentage changes,M2,Trend,1.3,Percent,primary,"https://data.api.abs.gov.au/rest/data/ABS,ANA_AGG,1.0.0/all?startPeriod=2000&format=csv",2026-08-25T13:07:06.254Z
2003-Q3,Gross domestic product,GPM,Chain volume measures - Percentage changes,M2,Original,1.7,Percent,primary,"https://data.api.abs.gov.au/rest/data/ABS,ANA_AGG,1.0.0/all?startPeriod=2000&format=csv",2026-08-25T13:07:06.254Z
2003-Q3,GDP per capita,GPM_PCA,Chain volume measures,M1,Trend,19832,Australian Dollars,primary,"https://data.api.abs.gov.au/rest/data/ABS,ANA_AGG,1.0.0/all?startPeriod=2000&format=csv",2026-08-25T13:07:06.254Z
2003-Q3,GDP per capita,GPM_PCA,Chain volume measures,M1,Seasonally Adjusted,19837,Australian Dollars,primary,"https://data.api.abs.gov.au/rest/data/ABS,ANA_AGG,1.0.0/all?startPeriod=2000&format=csv",2026-08-25T13:07:06.254Z
2003-Q3,GDP per capita,GPM_PCA,Chain volume measures,M1,Original,19761,Australian Dollars,primary,"https://data.api.abs.gov.au/rest/data/ABS,ANA_AGG,1.0.0/all?startPeriod=2000&format=csv",2026-08-25T13:07:06.254Z
2003-Q3,GDP per capita,GPM_PCA,Chain volume measures - Percentage changes,M2,Seasonally Adjusted,1.4,Percent,primary,"https://data.api.abs.gov.au/rest/data/ABS,ANA_AGG,1.0.0/all?startPeriod=2000&format=csv",2026-08-25T13:07:06.254Z
2003-Q3,GDP per capita,GPM_PCA,Chain volume measures - Percentage changes,M2,Original,1.5,Percent,primary,"https://data.api.abs.gov.au/rest/data/ABS,ANA_AGG,1.0.0/all?startPeriod=2000&format=csv",2026-08-25T13:07:06.254Z
2003-Q3,GDP per capita,GPM_PCA,Chain volume measures - Percentage changes,M2,Trend,1,Percent,primary,"https://data.api.abs.gov.au/rest/data/ABS,ANA_AGG,1.0.0/all?startPeriod=2000&format=csv",2026-08-25T13:07:06.254Z
2003-Q4,Gross domestic product,GPM,Chain volume measures,M1,Seasonally Adjusted,398941,Australian Dollars,primary,"https://data.api.abs.gov.au/rest/data/ABS,ANA_AGG,1.0.0/all?startPeriod=2000&format=csv",2026-08-25T13:07:06.254Z
2003-Q4,Gross domestic product,GPM,Chain volume measures,M1,Original,418452,Australian Dollars,primary,"https://data.api.abs.gov.au/rest/data/ABS,ANA_AGG,1.0.0/all?startPeriod=2000&format=csv",2026-08-25T13:07:06.254Z
2003-Q4,Gross domestic product,GPM,Chain volume measures,M1,Trend,397785,Australian Dollars,primary,"https://data.api.abs.gov.au/rest/data/ABS,ANA_AGG,1.0.0/all?startPeriod=2000&format=csv",2026-08-25T13:07:06.254Z
2003-Q4,Gross domestic product,GPM,Chain volume measures - Percentage changes,M2,Seasonally Adjusted,1.7,Percent,primary,"https://data.api.abs.gov.au/rest/data/ABS,ANA_AGG,1.0.0/all?startPeriod=2000&format=csv",2026-08-25T13:07:06.254Z
2003-Q4,Gross domestic product,GPM,Chain volume measures - Percentage changes,M2,Trend,1.4,Percent,primary,"https://data.api.abs.gov.au/rest/data/ABS,ANA_AGG,1.0.0/all?startPeriod=2000&format=csv",2026-08-25T13:07:06.254Z
2003-Q4,Gross domestic product,GPM,Chain volume measures - Percentage changes,M2,Original,7.1,Percent,primary,"https://data.api.abs.gov.au/rest/data/ABS,ANA_AGG,1.0.0/all?startPeriod=2000&format=csv",2026-08-25T13:07:06.254Z
2003-Q4,GDP per capita,GPM_PCA,Chain volume measures,M1,Trend,20061,Australian Dollars,primary,"https://data.api.abs.gov.au/rest/data/ABS,ANA_AGG,1.0.0/all?startPeriod=2000&format=csv",2026-08-25T13:07:06.254Z
2003-Q4,GDP per capita,GPM_PCA,Chain volume measures,M1,Seasonally Adjusted,20119,Australian Dollars,primary,"https://data.api.abs.gov.au/rest/data/ABS,ANA_AGG,1.0.0/all?startPeriod=2000&format=csv",2026-08-25T13:07:06.254Z
2003-Q4,GDP per capita,GPM_PCA,Chain volume measures,M1,Original,21108,Australian Dollars,primary,"https://data.api.abs.gov.au/rest/data/ABS,ANA_AGG,1.0.0/all?startPeriod=2000&format=csv",2026-08-25T13:07:06.254Z
2003-Q4,GDP per capita,GPM_PCA,Chain volume measures - Percentage changes,M2,Seasonally Adjusted,1.4,Percent,primary,"https://data.api.abs.gov.au/rest/data/ABS,ANA_AGG,1.0.0/all?startPeriod=2000&format=csv",2026-08-25T13:07:06.254Z
2003-Q4,GDP per capita,GPM_PCA,Chain volume measures - Percentage changes,M2,Original,6.8,Percent,primary,"https://data.api.abs.gov.au/rest/data/ABS,ANA_AGG,1.0.0/all?startPeriod=2000&format=csv",2026-08-25T13:07:06.254Z
2003-Q4,GDP per capita,GPM_PCA,Chain volume measures - Percentage changes,M2,Trend,1.2,Percent,primary,"https://data.api.abs.gov.au/rest/data/ABS,ANA_AGG,1.0.0/all?startPeriod=2000&format=csv",2026-08-25T13:07:06.254Z
2004-Q1,Gross domestic product,GPM,Chain volume measures,M1,Seasonally Adjusted,401918,Australian Dollars,primary,"https://data.api.abs.gov.au/rest/data/ABS,ANA_AGG,1.0.0/all?startPeriod=2000&format=csv",2026-08-25T13:07:06.254Z
2004-Q1,Gross domestic product,GPM,Chain volume measures,M1,Original,386902,Australian Dollars,primary,"https://data.api.abs.gov.au/rest/data/ABS,ANA_AGG,1.0.0/all?startPeriod=2000&format=csv",2026-08-25T13:07:06.254Z
2004-Q1,Gross domestic product,GPM,Chain volume measures,M1,Trend,402116,Australian Dollars,primary,"https://data.api.abs.gov.au/rest/data/ABS,ANA_AGG,1.0.0/all?startPeriod=2000&format=csv",2026-08-25T13:07:06.254Z
2004-Q1,Gross domestic product,GPM,Chain volume measures - Percentage changes,M2,Seasonally Adjusted,0.7,Percent,primary,"https://data.api.abs.gov.au/rest/data/ABS,ANA_AGG,1.0.0/all?startPeriod=2000&format=csv",2026-08-25T13:07:06.254Z
2004-Q1,Gross domestic product,GPM,Chain volume measures - Percentage changes,M2,Trend,1.1,Percent,primary,"https://data.api.abs.gov.au/rest/data/ABS,ANA_AGG,1.0.0/all?startPeriod=2000&format=csv",2026-08-25T13:07:06.254Z
2004-Q1,Gross domestic product,GPM,Chain volume measures - Percentage changes,M2,Original,-7.5,Percent,primary,"https://data.api.abs.gov.au/rest/data/ABS,ANA_AGG,1.0.0/all?startPeriod=2000&format=csv",2026-08-25T13:07:06.254Z
2004-Q1,GDP per capita,GPM_PCA,Chain volume measures,M1,Trend,20226,Australian Dollars,primary,"https://data.api.abs.gov.au/rest/data/ABS,ANA_AGG,1.0.0/all?startPeriod=2000&format=csv",2026-08-25T13:07:06.254Z
2004-Q1,GDP per capita,GPM_PCA,Chain volume measures,M1,Seasonally Adjusted,20216,Australian Dollars,primary,"https://data.api.abs.gov.au/rest/data/ABS,ANA_AGG,1.0.0/all?startPeriod=2000&format=csv",2026-08-25T13:07:06.254Z
2004-Q1,GDP per capita,GPM_PCA,Chain volume measures,M1,Original,19450,Australian Dollars,primary,"https://data.api.abs.gov.au/rest/data/ABS,ANA_AGG,1.0.0/all?startPeriod=2000&format=csv",2026-08-25T13:07:06.254Z
2004-Q1,GDP per capita,GPM_PCA,Chain volume measures - Percentage changes,M2,Seasonally Adjusted,0.5,Percent,primary,"https://data.api.abs.gov.au/rest/data/ABS,ANA_AGG,1.0.0/all?startPeriod=2000&format=csv",2026-08-25T13:07:06.254Z
2004-Q1,GDP per capita,GPM_PCA,Chain volume measures - Percentage changes,M2,Original,-7.9,Percent,primary,"https://data.api.abs.gov.au/rest/data/ABS,ANA_AGG,1.0.0/all?startPeriod=2000&format=csv",2026-08-25T13:07:06.254Z
2004-Q1,GDP per capita,GPM_PCA,Chain volume measures - Percentage changes,M2,Trend,0.8,Percent,primary,"https://data.api.abs.gov.au/rest/data/ABS,ANA_AGG,1.0.0/all?startPeriod=2000&format=csv",2026-08-25T13:07:06.254Z
2004-Q2,Gross domestic product,GPM,Chain volume measures,M1,Seasonally Adjusted,404879,Australian Dollars,primary,"https://data.api.abs.gov.au/rest/data/ABS,ANA_AGG,1.0.0/all?startPeriod=2000&format=csv",2026-08-25T13:07:06.254Z
2004-Q2,Gross domestic product,GPM,Chain volume measures,M1,Original,401957,Australian Dollars,primary,"https://data.api.abs.gov.au/rest/data/ABS,ANA_AGG,1.0.0/all?startPeriod=2000&format=csv",2026-08-25T13:07:06.254Z
2004-Q2,Gross domestic product,GPM,Chain volume measures,M1,Trend,405008,Australian Dollars,primary,"https://data.api.abs.gov.au/rest/data/ABS,ANA_AGG,1.0.0/all?startPeriod=2000&format=csv",2026-08-25T13:07:06.254Z
2004-Q2,Gross domestic product,GPM,Chain volume measures - Percentage changes,M2,Seasonally Adjusted,0.7,Percent,primary,"https://data.api.abs.gov.au/rest/data/ABS,ANA_AGG,1.0.0/all?startPeriod=2000&format=csv",2026-08-25T13:07:06.254Z
2004-Q2,Gross domestic product,GPM,Chain volume measures - Percentage changes,M2,Trend,0.7,Percent,primary,"https://data.api.abs.gov.au/rest/data/ABS,ANA_AGG,1.0.0/all?startPeriod=2000&format=csv",2026-08-25T13:07:06.254Z
2004-Q2,Gross domestic product,GPM,Chain volume measures - Percentage changes,M2,Original,3.9,Percent,primary,"https://data.api.abs.gov.au/rest/data/ABS,ANA_AGG,1.0.0/all?startPeriod=2000&format=csv",2026-08-25T13:07:06.254Z
2004-Q2,GDP per capita,GPM_PCA,Chain volume measures,M1,Trend,20317,Australian Dollars,primary,"https://data.api.abs.gov.au/rest/data/ABS,ANA_AGG,1.0.0/all?startPeriod=2000&format=csv",2026-08-25T13:07:06.254Z
2004-Q2,GDP per capita,GPM_PCA,Chain volume measures,M1,Seasonally Adjusted,20312,Australian Dollars,primary,"https://data.api.abs.gov.au/rest/data/ABS,ANA_AGG,1.0.0/all?startPeriod=2000&format=csv",2026-08-25T13:07:06.254Z
2004-Q2,GDP per capita,GPM_PCA,Chain volume measures,M1,Original,20168,Australian Dollars,primary,"https://data.api.abs.gov.au/rest/data/ABS,ANA_AGG,1.0.0/all?startPeriod=2000&format=csv",2026-08-25T13:07:06.254Z
2004-Q2,GDP per capita,GPM_PCA,Chain volume measures - Percentage changes,M2,Seasonally Adjusted,0.5,Percent,primary,"https://data.api.abs.gov.au/rest/data/ABS,ANA_AGG,1.0.0/all?startPeriod=2000&format=csv",2026-08-25T13:07:06.254Z
2004-Q2,GDP per capita,GPM_PCA,Chain volume measures - Percentage changes,M2,Original,3.7,Percent,primary,"https://data.api.abs.gov.au/rest/data/ABS,ANA_AGG,1.0.0/all?startPeriod=2000&format=csv",2026-08-25T13:07:06.254Z
2004-Q2,GDP per capita,GPM_PCA,Chain volume measures - Percentage changes,M2,Trend,0.4,Percent,primary,"https://data.api.abs.gov.au/rest/data/ABS,ANA_AGG,1.0.0/all?startPeriod=2000&format=csv",2026-08-25T13:07:06.254Z
2004-Q3,Gross domestic product,GPM,Chain volume measures,M1,Seasonally Adjusted,407620,Australian Dollars,primary,"https://data.api.abs.gov.au/rest/data/ABS,ANA_AGG,1.0.0/all?startPeriod=2000&format=csv",2026-08-25T13:07:06.254Z
2004-Q3,Gross domestic product,GPM,Chain volume measures,M1,Original,406526,Australian Dollars,primary,"https://data.api.abs.gov.au/rest/data/ABS,ANA_AGG,1.0.0/all?startPeriod=2000&format=csv",2026-08-25T13:07:06.254Z
2004-Q3,Gross domestic product,GPM,Chain volume measures,M1,Trend,407798,Australian Dollars,primary,"https://data.api.abs.gov.au/rest/data/ABS,ANA_AGG,1.0.0/all?startPeriod=2000&format=csv",2026-08-25T13:07:06.254Z
2004-Q3,Gross domestic product,GPM,Chain volume measures - Percentage changes,M2,Seasonally Adjusted,0.7,Percent,primary,"https://data.api.abs.gov.au/rest/data/ABS,ANA_AGG,1.0.0/all?startPeriod=2000&format=csv",2026-08-25T13:07:06.254Z
2004-Q3,Gross domestic product,GPM,Chain volume measures - Percentage changes,M2,Trend,0.7,Percent,primary,"https://data.api.abs.gov.au/rest/data/ABS,ANA_AGG,1.0.0/all?startPeriod=2000&format=csv",2026-08-25T13:07:06.254Z
2004-Q3,Gross domestic product,GPM,Chain volume measures - Percentage changes,M2,Original,1.1,Percent,primary,"https://data.api.abs.gov.au/rest/data/ABS,ANA_AGG,1.0.0/all?startPeriod=2000&format=csv",2026-08-25T13:07:06.254Z
2004-Q3,GDP per capita,GPM_PCA,Chain volume measures,M1,Trend,20400,Australian Dollars,primary,"https://data.api.abs.gov.au/rest/data/ABS,ANA_AGG,1.0.0/all?startPeriod=2000&format=csv",2026-08-25T13:07:06.254Z
2004-Q3,GDP per capita,GPM_PCA,Chain volume measures,M1,Seasonally Adjusted,20391,Australian Dollars,primary,"https://data.api.abs.gov.au/rest/data/ABS,ANA_AGG,1.0.0/all?startPeriod=2000&format=csv",2026-08-25T13:07:06.254Z
2004-Q3,GDP per capita,GPM_PCA,Chain volume measures,M1,Original,20339,Australian Dollars,primary,"https://data.api.abs.gov.au/rest/data/ABS,ANA_AGG,1.0.0/all?startPeriod=2000&format=csv",2026-08-25T13:07:06.254Z
2004-Q3,GDP per capita,GPM_PCA,Chain volume measures - Percentage changes,M2,Seasonally Adjusted,0.4,Percent,primary,"https://data.api.abs.gov.au/rest/data/ABS,ANA_AGG,1.0.0/all?startPeriod=2000&format=csv",2026-08-25T13:07:06.254Z
2004-Q3,GDP per capita,GPM_PCA,Chain volume measures - Percentage changes,M2,Original,0.8,Percent,primary,"https://data.api.abs.gov.au/rest/data/ABS,ANA_AGG,1.0.0/all?startPeriod=2000&format=csv",2026-08-25T13:07:06.254Z
2004-Q3,GDP per capita,GPM_PCA,Chain volume measures - Percentage changes,M2,Trend,0.4,Percent,primary,"https://data.api.abs.gov.au/rest/data/ABS,ANA_AGG,1.0.0/all?startPeriod=2000&format=csv",2026-08-25T13:07:06.254Z
2004-Q4,Gross domestic product,GPM,Chain volume measures,M1,Seasonally Adjusted,410742,Australian Dollars,primary,"https://data.api.abs.gov.au/rest/data/ABS,ANA_AGG,1.0.0/all?startPeriod=2000&format=csv",2026-08-25T13:07:06.254Z
2004-Q4,Gross domestic product,GPM,Chain volume measures,M1,Original,429533,Australian Dollars,primary,"https://data.api.abs.gov.au/rest/data/ABS,ANA_AGG,1.0.0/all?startPeriod=2000&format=csv",2026-08-25T13:07:06.254Z
2004-Q4,Gross domestic product,GPM,Chain volume measures,M1,Trend,410724,Australian Dollars,primary,"https://data.api.abs.gov.au/rest/data/ABS,ANA_AGG,1.0.0/all?startPeriod=2000&format=csv",2026-08-25T13:07:06.254Z
2004-Q4,Gross domestic product,GPM,Chain volume measures - Percentage changes,M2,Seasonally Adjusted,0.8,Percent,primary,"https://data.api.abs.gov.au/rest/data/ABS,ANA_AGG,1.0.0/all?startPeriod=2000&format=csv",2026-08-25T13:07:06.254Z
2004-Q4,Gross domestic product,GPM,Chain volume measures - Percentage changes,M2,Trend,0.7,Percent,primary,"https://data.api.abs.gov.au/rest/data/ABS,ANA_AGG,1.0.0/all?startPeriod=2000&format=csv",2026-08-25T13:07:06.254Z
2004-Q4,Gross domestic product,GPM,Chain volume measures - Percentage changes,M2,Original,5.7,Percent,primary,"https://data.api.abs.gov.au/rest/data/ABS,ANA_AGG,1.0.0/all?startPeriod=2000&format=csv",2026-08-25T13:07:06.254Z
2004-Q4,GDP per capita,GPM_PCA,Chain volume measures,M1,Trend,20485,Australian Dollars,primary,"https://data.api.abs.gov.au/rest/data/ABS,ANA_AGG,1.0.0/all?startPeriod=2000&format=csv",2026-08-25T13:07:06.254Z
2004-Q4,GDP per capita,GPM_PCA,Chain volume measures,M1,Seasonally Adjusted,20487,Australian Dollars,primary,"https://data.api.abs.gov.au/rest/data/ABS,ANA_AGG,1.0.0/all?startPeriod=2000&format=csv",2026-08-25T13:07:06.254Z
2004-Q4,GDP per capita,GPM_PCA,Chain volume measures,M1,Original,21430,Australian Dollars,primary,"https://data.api.abs.gov.au/rest/data/ABS,ANA_AGG,1.0.0/all?startPeriod=2000&format=csv",2026-08-25T13:07:06.254Z
2004-Q4,GDP per capita,GPM_PCA,Chain volume measures - Percentage changes,M2,Seasonally Adjusted,0.5,Percent,primary,"https://data.api.abs.gov.au/rest/data/ABS,ANA_AGG,1.0.0/all?startPeriod=2000&format=csv",2026-08-25T13:07:06.254Z
2004-Q4,GDP per capita,GPM_PCA,Chain volume measures - Percentage changes,M2,Original,5.4,Percent,primary,"https://data.api.abs.gov.au/rest/data/ABS,ANA_AGG,1.0.0/all?startPeriod=2000&format=csv",2026-08-25T13:07:06.254Z
2004-Q4,GDP per capita,GPM_PCA,Chain volume measures - Percentage changes,M2,Trend,0.4,Percent,primary,"https://data.api.abs.gov.au/rest/data/ABS,ANA_AGG,1.0.0/all?startPeriod=2000&format=csv",2026-08-25T13:07:06.254Z
2005-Q1,Gross domestic product,GPM,Chain volume measures,M1,Seasonally Adjusted,414115,Australian Dollars,primary,"https://data.api.abs.gov.au/rest/data/ABS,ANA_AGG,1.0.0/all?startPeriod=2000&format=csv",2026-08-25T13:07:06.254Z
2005-Q1,Gross domestic product,GPM,Chain volume measures,M1,Original,398174,Australian Dollars,primary,"https://data.api.abs.gov.au/rest/data/ABS,ANA_AGG,1.0.0/all?startPeriod=2000&format=csv",2026-08-25T13:07:06.254Z
2005-Q1,Gross domestic product,GPM,Chain volume measures,M1,Trend,413620,Australian Dollars,primary,"https://data.api.abs.gov.au/rest/data/ABS,ANA_AGG,1.0.0/all?startPeriod=2000&format=csv",2026-08-25T13:07:06.254Z
2005-Q1,Gross domestic product,GPM,Chain volume measures - Percentage changes,M2,Seasonally Adjusted,0.8,Percent,primary,"https://data.api.abs.gov.au/rest/data/ABS,ANA_AGG,1.0.0/all?startPeriod=2000&format=csv",2026-08-25T13:07:06.254Z
2005-Q1,Gross domestic product,GPM,Chain volume measures - Percentage changes,M2,Trend,0.7,Percent,primary,"https://data.api.abs.gov.au/rest/data/ABS,ANA_AGG,1.0.0/all?startPeriod=2000&format=csv",2026-08-25T13:07:06.254Z
2005-Q1,Gross domestic product,GPM,Chain volume measures - Percentage changes,M2,Original,-7.3,Percent,primary,"https://data.api.abs.gov.au/rest/data/ABS,ANA_AGG,1.0.0/all?startPeriod=2000&format=csv",2026-08-25T13:07:06.254Z
2005-Q1,GDP per capita,GPM_PCA,Chain volume measures,M1,Trend,20566,Australian Dollars,primary,"https://data.api.abs.gov.au/rest/data/ABS,ANA_AGG,1.0.0/all?startPeriod=2000&format=csv",2026-08-25T13:07:06.254Z
2005-Q1,GDP per capita,GPM_PCA,Chain volume measures,M1,Seasonally Adjusted,20590,Australian Dollars,primary,"https://data.api.abs.gov.au/rest/data/ABS,ANA_AGG,1.0.0/all?startPeriod=2000&format=csv",2026-08-25T13:07:06.254Z
2005-Q1,GDP per capita,GPM_PCA,Chain volume measures,M1,Original,19786,Australian Dollars,primary,"https://data.api.abs.gov.au/rest/data/ABS,ANA_AGG,1.0.0/all?startPeriod=2000&format=csv",2026-08-25T13:07:06.254Z
2005-Q1,GDP per capita,GPM_PCA,Chain volume measures - Percentage changes,M2,Seasonally Adjusted,0.5,Percent,primary,"https://data.api.abs.gov.au/rest/data/ABS,ANA_AGG,1.0.0/all?startPeriod=2000&format=csv",2026-08-25T13:07:06.254Z
2005-Q1,GDP per capita,GPM_PCA,Chain volume measures - Percentage changes,M2,Original,-7.7,Percent,primary,"https://data.api.abs.gov.au/rest/data/ABS,ANA_AGG,1.0.0/all?startPeriod=2000&format=csv",2026-08-25T13:07:06.254Z
2005-Q1,GDP per capita,GPM_PCA,Chain volume measures - Percentage changes,M2,Trend,0.4,Percent,primary,"https://data.api.abs.gov.au/rest/data/ABS,ANA_AGG,1.0.0/all?startPeriod=2000&format=csv",2026-08-25T13:07:06.254Z
2005-Q2,Gross domestic product,GPM,Chain volume measures,M1,Seasonally Adjusted,415961,Australian Dollars,primary,"https://data.api.abs.gov.au/rest/data/ABS,ANA_AGG,1.0.0/all?startPeriod=2000&format=csv",2026-08-25T13:07:06.254Z
2005-Q2,Gross domestic product,GPM,Chain volume measures,M1,Original,414206,Australian Dollars,primary,"https://data.api.abs.gov.au/rest/data/ABS,ANA_AGG,1.0.0/all?startPeriod=2000&format=csv",2026-08-25T13:07:06.254Z
2005-Q2,Gross domestic product,GPM,Chain volume measures,M1,Trend,416912,Australian Dollars,primary,"https://data.api.abs.gov.au/rest/data/ABS,ANA_AGG,1.0.0/all?startPeriod=2000&format=csv",2026-08-25T13:07:06.254Z
2005-Q2,Gross domestic product,GPM,Chain volume measures - Percentage changes,M2,Seasonally Adjusted,0.4,Percent,primary,"https://data.api.abs.gov.au/rest/data/ABS,ANA_AGG,1.0.0/all?startPeriod=2000&format=csv",2026-08-25T13:07:06.254Z
2005-Q2,Gross domestic product,GPM,Chain volume measures - Percentage changes,M2,Trend,0.8,Percent,primary,"https://data.api.abs.gov.au/rest/data/ABS,ANA_AGG,1.0.0/all?startPeriod=2000&format=csv",2026-08-25T13:07:06.254Z
2005-Q2,Gross domestic product,GPM,Chain volume measures - Percentage changes,M2,Original,4,Percent,primary,"https://data.api.abs.gov.au/rest/data/ABS,ANA_AGG,1.0.0/all?startPeriod=2000&format=csv",2026-08-25T13:07:06.254Z
2005-Q2,GDP per capita,GPM_PCA,Chain volume measures,M1,Trend,20662,Australian Dollars,primary,"https://data.api.abs.gov.au/rest/data/ABS,ANA_AGG,1.0.0/all?startPeriod=2000&format=csv",2026-08-25T13:07:06.254Z
2005-Q2,GDP per capita,GPM_PCA,Chain volume measures,M1,Seasonally Adjusted,20615,Australian Dollars,primary,"https://data.api.abs.gov.au/rest/data/ABS,ANA_AGG,1.0.0/all?startPeriod=2000&format=csv",2026-08-25T13:07:06.254Z
2005-Q2,GDP per capita,GPM_PCA,Chain volume measures,M1,Original,20531,Australian Dollars,primary,"https://data.api.abs.gov.au/rest/data/ABS,ANA_AGG,1.0.0/all?startPeriod=2000&format=csv",2026-08-25T13:07:06.254Z
2005-Q2,GDP per capita,GPM_PCA,Chain volume measures - Percentage changes,M2,Seasonally Adjusted,0.1,Percent,primary,"https://data.api.abs.gov.au/rest/data/ABS,ANA_AGG,1.0.0/all?startPeriod=2000&format=csv",2026-08-25T13:07:06.254Z
2005-Q2,GDP per capita,GPM_PCA,Chain volume measures - Percentage changes,M2,Original,3.8,Percent,primary,"https://data.api.abs.gov.au/rest/data/ABS,ANA_AGG,1.0.0/all?startPeriod=2000&format=csv",2026-08-25T13:07:06.254Z
2005-Q2,GDP per capita,GPM_PCA,Chain volume measures - Percentage changes,M2,Trend,0.5,Percent,primary,"https://data.api.abs.gov.au/rest/data/ABS,ANA_AGG,1.0.0/all?startPeriod=2000&format=csv",2026-08-25T13:07:06.254Z
2005-Q3,Gross domestic product,GPM,Chain volume measures,M1,Seasonally Adjusted,420475,Australian Dollars,primary,"https://data.api.abs.gov.au/rest/data/ABS,ANA_AGG,1.0.0/all?startPeriod=2000&format=csv",2026-08-25T13:07:06.254Z
2005-Q3,Gross domestic product,GPM,Chain volume measures,M1,Original,419029,Australian Dollars,primary,"https://data.api.abs.gov.au/rest/data/ABS,ANA_AGG,1.0.0/all?startPeriod=2000&format=csv",2026-08-25T13:07:06.254Z
2005-Q3,Gross domestic product,GPM,Chain volume measures,M1,Trend,420329,Australian Dollars,primary,"https://data.api.abs.gov.au/rest/data/ABS,ANA_AGG,1.0.0/all?startPeriod=2000&format=csv",2026-08-25T13:07:06.254Z
2005-Q3,Gross domestic product,GPM,Chain volume measures - Percentage changes,M2,Seasonally Adjusted,1.1,Percent,primary,"https://data.api.abs.gov.au/rest/data/ABS,ANA_AGG,1.0.0/all?startPeriod=2000&format=csv",2026-08-25T13:07:06.254Z
2005-Q3,Gross domestic product,GPM,Chain volume measures - Percentage changes,M2,Trend,0.8,Percent,primary,"https://data.api.abs.gov.au/rest/data/ABS,ANA_AGG,1.0.0/all?startPeriod=2000&format=csv",2026-08-25T13:07:06.254Z
2005-Q3,Gross domestic product,GPM,Chain volume measures - Percentage changes,M2,Original,1.2,Percent,primary,"https://data.api.abs.gov.au/rest/data/ABS,ANA_AGG,1.0.0/all?startPeriod=2000&format=csv",2026-08-25T13:07:06.254Z
2005-Q3,GDP per capita,GPM_PCA,Chain volume measures,M1,Trend,20761,Australian Dollars,primary,"https://data.api.abs.gov.au/rest/data/ABS,ANA_AGG,1.0.0/all?startPeriod=2000&format=csv",2026-08-25T13:07:06.254Z
2005-Q3,GDP per capita,GPM_PCA,Chain volume measures,M1,Seasonally Adjusted,20769,Australian Dollars,primary,"https://data.api.abs.gov.au/rest/data/ABS,ANA_AGG,1.0.0/all?startPeriod=2000&format=csv",2026-08-25T13:07:06.254Z
2005-Q3,GDP per capita,GPM_PCA,Chain volume measures,M1,Original,20701,Australian Dollars,primary,"https://data.api.abs.gov.au/rest/data/ABS,ANA_AGG,1.0.0/all?startPeriod=2000&format=csv",2026-08-25T13:07:06.254Z
2005-Q3,GDP per capita,GPM_PCA,Chain volume measures - Percentage changes,M2,Seasonally Adjusted,0.7,Percent,primary,"https://data.api.abs.gov.au/rest/data/ABS,ANA_AGG,1.0.0/all?startPeriod=2000&format=csv",2026-08-25T13:07:06.254Z
2005-Q3,GDP per capita,GPM_PCA,Chain volume measures - Percentage changes,M2,Original,0.8,Percent,primary,"https://data.api.abs.gov.au/rest/data/ABS,ANA_AGG,1.0.0/all?startPeriod=2000&format=csv",2026-08-25T13:07:06.254Z
2005-Q3,GDP per capita,GPM_PCA,Chain volume measures - Percentage changes,M2,Trend,0.5,Percent,primary,"https://data.api.abs.gov.au/rest/data/ABS,ANA_AGG,1.0.0/all?startPeriod=2000&format=csv",2026-08-25T13:07:06.254Z
2005-Q4,Gross domestic product,GPM,Chain volume measures,M1,Seasonally Adjusted,424018,Australian Dollars,primary,"https://data.api.abs.gov.au/rest/data/ABS,ANA_AGG,1.0.0/all?startPeriod=2000&format=csv",2026-08-25T13:07:06.254Z
2005-Q4,Gross domestic product,GPM,Chain volume measures,M1,Original,442959,Australian Dollars,primary,"https://data.api.abs.gov.au/rest/data/ABS,ANA_AGG,1.0.0/all?startPeriod=2000&format=csv",2026-08-25T13:07:06.254Z
2005-Q4,Gross domestic product,GPM,Chain volume measures,M1,Trend,422787,Australian Dollars,primary,"https://data.api.abs.gov.au/rest/data/ABS,ANA_AGG,1.0.0/all?startPeriod=2000&format=csv",2026-08-25T13:07:06.254Z
2005-Q4,Gross domestic product,GPM,Chain volume measures - Percentage changes,M2,Seasonally Adjusted,0.8,Percent,primary,"https://data.api.abs.gov.au/rest/data/ABS,ANA_AGG,1.0.0/all?startPeriod=2000&format=csv",2026-08-25T13:07:06.254Z
2005-Q4,Gross domestic product,GPM,Chain volume measures - Percentage changes,M2,Trend,0.6,Percent,primary,"https://data.api.abs.gov.au/rest/data/ABS,ANA_AGG,1.0.0/all?startPeriod=2000&format=csv",2026-08-25T13:07:06.254Z
2005-Q4,Gross domestic product,GPM,Chain volume measures - Percentage changes,M2,Original,5.7,Percent,primary,"https://data.api.abs.gov.au/rest/data/ABS,ANA_AGG,1.0.0/all?startPeriod=2000&format=csv",2026-08-25T13:07:06.254Z
2005-Q4,GDP per capita,GPM_PCA,Chain volume measures,M1,Trend,20814,Australian Dollars,primary,"https://data.api.abs.gov.au/rest/data/ABS,ANA_AGG,1.0.0/all?startPeriod=2000&format=csv",2026-08-25T13:07:06.254Z
2005-Q4,GDP per capita,GPM_PCA,Chain volume measures,M1,Seasonally Adjusted,20872,Australian Dollars,primary,"https://data.api.abs.gov.au/rest/data/ABS,ANA_AGG,1.0.0/all?startPeriod=2000&format=csv",2026-08-25T13:07:06.254Z
2005-Q4,GDP per capita,GPM_PCA,Chain volume measures,M1,Original,21811,Australian Dollars,primary,"https://data.api.abs.gov.au/rest/data/ABS,ANA_AGG,1.0.0/all?startPeriod=2000&format=csv",2026-08-25T13:07:06.254Z
2005-Q4,GDP per capita,GPM_PCA,Chain volume measures - Percentage changes,M2,Seasonally Adjusted,0.5,Percent,primary,"https://data.api.abs.gov.au/rest/data/ABS,ANA_AGG,1.0.0/all?startPeriod=2000&format=csv",2026-08-25T13:07:06.254Z
2005-Q4,GDP per capita,GPM_PCA,Chain volume measures - Percentage changes,M2,Original,5.4,Percent,primary,"https://data.api.abs.gov.au/rest/data/ABS,ANA_AGG,1.0.0/all?startPeriod=2000&format=csv",2026-08-25T13:07:06.254Z
2005-Q4,GDP per capita,GPM_PCA,Chain volume measures - Percentage changes,M2,Trend,0.3,Percent,primary,"https://data.api.abs.gov.au/rest/data/ABS,ANA_AGG,1.0.0/all?startPeriod=2000&format=csv",2026-08-25T13:07:06.254Z
2006-Q1,Gross domestic product,GPM,Chain volume measures,M1,Seasonally Adjusted,424302,Australian Dollars,primary,"https://data.api.abs.gov.au/rest/data/ABS,ANA_AGG,1.0.0/all?startPeriod=2000&format=csv",2026-08-25T13:07:06.254Z
2006-Q1,Gross domestic product,GPM,Chain volume measures,M1,Original,407931,Australian Dollars,primary,"https://data.api.abs.gov.au/rest/data/ABS,ANA_AGG,1.0.0/all?startPeriod=2000&format=csv",2026-08-25T13:07:06.254Z
2006-Q1,Gross domestic product,GPM,Chain volume measures,M1,Trend,424464,Australian Dollars,primary,"https://data.api.abs.gov.au/rest/data/ABS,ANA_AGG,1.0.0/all?startPeriod=2000&format=csv",2026-08-25T13:07:06.254Z
2006-Q1,Gross domestic product,GPM,Chain volume measures - Percentage changes,M2,Seasonally Adjusted,0.1,Percent,primary,"https://data.api.abs.gov.au/rest/data/ABS,ANA_AGG,1.0.0/all?startPeriod=2000&format=csv",2026-08-25T13:07:06.254Z
2006-Q1,Gross domestic product,GPM,Chain volume measures - Percentage changes,M2,Trend,0.4,Percent,primary,"https://data.api.abs.gov.au/rest/data/ABS,ANA_AGG,1.0.0/all?startPeriod=2000&format=csv",2026-08-25T13:07:06.254Z
2006-Q1,Gross domestic product,GPM,Chain volume measures - Percentage changes,M2,Original,-7.9,Percent,primary,"https://data.api.abs.gov.au/rest/data/ABS,ANA_AGG,1.0.0/all?startPeriod=2000&format=csv",2026-08-25T13:07:06.254Z
2006-Q1,GDP per capita,GPM_PCA,Chain volume measures,M1,Trend,20825,Australian Dollars,primary,"https://data.api.abs.gov.au/rest/data/ABS,ANA_AGG,1.0.0/all?startPeriod=2000&format=csv",2026-08-25T13:07:06.254Z
2006-Q1,GDP per capita,GPM_PCA,Chain volume measures,M1,Seasonally Adjusted,20815,Australian Dollars,primary,"https://data.api.abs.gov.au/rest/data/ABS,ANA_AGG,1.0.0/all?startPeriod=2000&format=csv",2026-08-25T13:07:06.254Z
2006-Q1,GDP per capita,GPM_PCA,Chain volume measures,M1,Original,20001,Australian Dollars,primary,"https://data.api.abs.gov.au/rest/data/ABS,ANA_AGG,1.0.0/all?startPeriod=2000&format=csv",2026-08-25T13:07:06.254Z
2006-Q1,GDP per capita,GPM_PCA,Chain volume measures - Percentage changes,M2,Seasonally Adjusted,-0.3,Percent,primary,"https://data.api.abs.gov.au/rest/data/ABS,ANA_AGG,1.0.0/all?startPeriod=2000&format=csv",2026-08-25T13:07:06.254Z
2006-Q1,GDP per capita,GPM_PCA,Chain volume measures - Percentage changes,M2,Original,-8.3,Percent,primary,"https://data.api.abs.gov.au/rest/data/ABS,ANA_AGG,1.0.0/all?startPeriod=2000&format=csv",2026-08-25T13:07:06.254Z
2006-Q1,GDP per capita,GPM_PCA,Chain volume measures - Percentage changes,M2,Trend,0.1,Percent,primary,"https://data.api.abs.gov.au/rest/data/ABS,ANA_AGG,1.0.0/all?startPeriod=2000&format=csv",2026-08-25T13:07:06.254Z
2006-Q2,Gross domestic product,GPM,Chain volume measures,M1,Seasonally Adjusted,425319,Australian Dollars,primary,"https://data.api.abs.gov.au/rest/data/ABS,ANA_AGG,1.0.0/all?startPeriod=2000&format=csv",2026-08-25T13:07:06.254Z
2006-Q2,Gross domestic product,GPM,Chain volume measures,M1,Original,424196,Australian Dollars,primary,"https://data.api.abs.gov.au/rest/data/ABS,ANA_AGG,1.0.0/all?startPeriod=2000&format=csv",2026-08-25T13:07:06.254Z
2006-Q2,Gross domestic product,GPM,Chain volume measures,M1,Trend,426792,Australian Dollars,primary,"https://data.api.abs.gov.au/rest/data/ABS,ANA_AGG,1.0.0/all?startPeriod=2000&format=csv",2026-08-25T13:07:06.254Z
2006-Q2,Gross domestic product,GPM,Chain volume measures - Percentage changes,M2,Seasonally Adjusted,0.2,Percent,primary,"https://data.api.abs.gov.au/rest/data/ABS,ANA_AGG,1.0.0/all?startPeriod=2000&format=csv",2026-08-25T13:07:06.254Z
2006-Q2,Gross domestic product,GPM,Chain volume measures - Percentage changes,M2,Trend,0.5,Percent,primary,"https://data.api.abs.gov.au/rest/data/ABS,ANA_AGG,1.0.0/all?startPeriod=2000&format=csv",2026-08-25T13:07:06.254Z
2006-Q2,Gross domestic product,GPM,Chain volume measures - Percentage changes,M2,Original,4,Percent,primary,"https://data.api.abs.gov.au/rest/data/ABS,ANA_AGG,1.0.0/all?startPeriod=2000&format=csv",2026-08-25T13:07:06.254Z
2006-Q2,GDP per capita,GPM_PCA,Chain volume measures,M1,Trend,20863,Australian Dollars,primary,"https://data.api.abs.gov.au/rest/data/ABS,ANA_AGG,1.0.0/all?startPeriod=2000&format=csv",2026-08-25T13:07:06.254Z
2006-Q2,GDP per capita,GPM_PCA,Chain volume measures,M1,Seasonally Adjusted,20796,Australian Dollars,primary,"https://data.api.abs.gov.au/rest/data/ABS,ANA_AGG,1.0.0/all?startPeriod=2000&format=csv",2026-08-25T13:07:06.254Z
2006-Q2,GDP per capita,GPM_PCA,Chain volume measures,M1,Original,20745,Australian Dollars,primary,"https://data.api.abs.gov.au/rest/data/ABS,ANA_AGG,1.0.0/all?startPeriod=2000&format=csv",2026-08-25T13:07:06.254Z
2006-Q2,GDP per capita,GPM_PCA,Chain volume measures - Percentage changes,M2,Seasonally Adjusted,-0.1,Percent,primary,"https://data.api.abs.gov.au/rest/data/ABS,ANA_AGG,1.0.0/all?startPeriod=2000&format=csv",2026-08-25T13:07:06.254Z
2006-Q2,GDP per capita,GPM_PCA,Chain volume measures - Percentage changes,M2,Original,3.7,Percent,primary,"https://data.api.abs.gov.au/rest/data/ABS,ANA_AGG,1.0.0/all?startPeriod=2000&format=csv",2026-08-25T13:07:06.254Z
2006-Q2,GDP per capita,GPM_PCA,Chain volume measures - Percentage changes,M2,Trend,0.2,Percent,primary,"https://data.api.abs.gov.au/rest/data/ABS,ANA_AGG,1.0.0/all?startPeriod=2000&format=csv",2026-08-25T13:07:06.254Z
2006-Q3,Gross domestic product,GPM,Chain volume measures,M1,Seasonally Adjusted,431834,Australian Dollars,primary,"https://data.api.abs.gov.au/rest/data/ABS,ANA_AGG,1.0.0/all?startPeriod=2000&format=csv",2026-08-25T13:07:06.254Z
2006-Q3,Gross domestic product,GPM,Chain volume measures,M1,Original,432272,Australian Dollars,primary,"https://data.api.abs.gov.au/rest/data/ABS,ANA_AGG,1.0.0/all?startPeriod=2000&format=csv",2026-08-25T13:07:06.254Z
2006-Q3,Gross domestic product,GPM,Chain volume measures,M1,Trend,431368,Australian Dollars,primary,"https://data.api.abs.gov.au/rest/data/ABS,ANA_AGG,1.0.0/all?startPeriod=2000&format=csv",2026-08-25T13:07:06.254Z
2006-Q3,Gross domestic product,GPM,Chain volume measures - Percentage changes,M2,Seasonally Adjusted,1.5,Percent,primary,"https://data.api.abs.gov.au/rest/data/ABS,ANA_AGG,1.0.0/all?startPeriod=2000&format=csv",2026-08-25T13:07:06.254Z
2006-Q3,Gross domestic product,GPM,Chain volume measures - Percentage changes,M2,Trend,1.1,Percent,primary,"https://data.api.abs.gov.au/rest/data/ABS,ANA_AGG,1.0.0/all?startPeriod=2000&format=csv",2026-08-25T13:07:06.254Z
2006-Q3,Gross domestic product,GPM,Chain volume measures - Percentage changes,M2,Original,1.9,Percent,primary,"https://data.api.abs.gov.au/rest/data/ABS,ANA_AGG,1.0.0/all?startPeriod=2000&format=csv",2026-08-25T13:07:06.254Z
2006-Q3,GDP per capita,GPM_PCA,Chain volume measures,M1,Trend,21001,Australian Dollars,primary,"https://data.api.abs.gov.au/rest/data/ABS,ANA_AGG,1.0.0/all?startPeriod=2000&format=csv",2026-08-25T13:07:06.254Z
2006-Q3,GDP per capita,GPM_PCA,Chain volume measures,M1,Seasonally Adjusted,21022,Australian Dollars,primary,"https://data.api.abs.gov.au/rest/data/ABS,ANA_AGG,1.0.0/all?startPeriod=2000&format=csv",2026-08-25T13:07:06.254Z
2006-Q3,GDP per capita,GPM_PCA,Chain volume measures,M1,Original,21046,Australian Dollars,primary,"https://data.api.abs.gov.au/rest/data/ABS,ANA_AGG,1.0.0/all?startPeriod=2000&format=csv",2026-08-25T13:07:06.254Z
2006-Q3,GDP per capita,GPM_PCA,Chain volume measures - Percentage changes,M2,Seasonally Adjusted,1.1,Percent,primary,"https://data.api.abs.gov.au/rest/data/ABS,ANA_AGG,1.0.0/all?startPeriod=2000&format=csv",2026-08-25T13:07:06.254Z
2006-Q3,GDP per capita,GPM_PCA,Chain volume measures - Percentage changes,M2,Original,1.5,Percent,primary,"https://data.api.abs.gov.au/rest/data/ABS,ANA_AGG,1.0.0/all?startPeriod=2000&format=csv",2026-08-25T13:07:06.254Z
2006-Q3,GDP per capita,GPM_PCA,Chain volume measures - Percentage changes,M2,Trend,0.7,Percent,primary,"https://data.api.abs.gov.au/rest/data/ABS,ANA_AGG,1.0.0/all?startPeriod=2000&format=csv",2026-08-25T13:07:06.254Z
2006-Q4,Gross domestic product,GPM,Chain volume measures,M1,Seasonally Adjusted,437260,Australian Dollars,primary,"https://data.api.abs.gov.au/rest/data/ABS,ANA_AGG,1.0.0/all?startPeriod=2000&format=csv",2026-08-25T13:07:06.254Z
2006-Q4,Gross domestic product,GPM,Chain volume measures,M1,Original,455280,Australian Dollars,primary,"https://data.api.abs.gov.au/rest/data/ABS,ANA_AGG,1.0.0/all?startPeriod=2000&format=csv",2026-08-25T13:07:06.254Z
2006-Q4,Gross domestic product,GPM,Chain volume measures,M1,Trend,437162,Australian Dollars,primary,"https://data.api.abs.gov.au/rest/data/ABS,ANA_AGG,1.0.0/all?startPeriod=2000&format=csv",2026-08-25T13:07:06.254Z
2006-Q4,Gross domestic product,GPM,Chain volume measures - Percentage changes,M2,Seasonally Adjusted,1.3,Percent,primary,"https://data.api.abs.gov.au/rest/data/ABS,ANA_AGG,1.0.0/all?startPeriod=2000&format=csv",2026-08-25T13:07:06.254Z
2006-Q4,Gross domestic product,GPM,Chain volume measures - Percentage changes,M2,Trend,1.3,Percent,primary,"https://data.api.abs.gov.au/rest/data/ABS,ANA_AGG,1.0.0/all?startPeriod=2000&format=csv",2026-08-25T13:07:06.254Z
2006-Q4,Gross domestic product,GPM,Chain volume measures - Percentage changes,M2,Original,5.3,Percent,primary,"https://data.api.abs.gov.au/rest/data/ABS,ANA_AGG,1.0.0/all?startPeriod=2000&format=csv",2026-08-25T13:07:06.254Z
2006-Q4,GDP per capita,GPM_PCA,Chain volume measures,M1,Trend,21188,Australian Dollars,primary,"https://data.api.abs.gov.au/rest/data/ABS,ANA_AGG,1.0.0/all?startPeriod=2000&format=csv",2026-08-25T13:07:06.254Z
2006-Q4,GDP per capita,GPM_PCA,Chain volume measures,M1,Seasonally Adjusted,21194,Australian Dollars,primary,"https://data.api.abs.gov.au/rest/data/ABS,ANA_AGG,1.0.0/all?startPeriod=2000&format=csv",2026-08-25T13:07:06.254Z
2006-Q4,GDP per capita,GPM_PCA,Chain volume measures,M1,Original,22074,Australian Dollars,primary,"https://data.api.abs.gov.au/rest/data/ABS,ANA_AGG,1.0.0/all?startPeriod=2000&format=csv",2026-08-25T13:07:06.254Z
2006-Q4,GDP per capita,GPM_PCA,Chain volume measures - Percentage changes,M2,Seasonally Adjusted,0.8,Percent,primary,"https://data.api.abs.gov.au/rest/data/ABS,ANA_AGG,1.0.0/all?startPeriod=2000&format=csv",2026-08-25T13:07:06.254Z
2006-Q4,GDP per capita,GPM_PCA,Chain volume measures - Percentage changes,M2,Original,4.9,Percent,primary,"https://data.api.abs.gov.au/rest/data/ABS,ANA_AGG,1.0.0/all?startPeriod=2000&format=csv",2026-08-25T13:07:06.254Z
2006-Q4,GDP per capita,GPM_PCA,Chain volume measures - Percentage changes,M2,Trend,0.9,Percent,primary,"https://data.api.abs.gov.au/rest/data/ABS,ANA_AGG,1.0.0/all?startPeriod=2000&format=csv",2026-08-25T13:07:06.254Z
2007-Q1,Gross domestic product,GPM,Chain volume measures,M1,Seasonally Adjusted,443222,Australian Dollars,primary,"https://data.api.abs.gov.au/rest/data/ABS,ANA_AGG,1.0.0/all?startPeriod=2000&format=csv",2026-08-25T13:07:06.254Z
2007-Q1,Gross domestic product,GPM,Chain volume measures,M1,Original,425359,Australian Dollars,primary,"https://data.api.abs.gov.au/rest/data/ABS,ANA_AGG,1.0.0/all?startPeriod=2000&format=csv",2026-08-25T13:07:06.254Z
2007-Q1,Gross domestic product,GPM,Chain volume measures,M1,Trend,442572,Australian Dollars,primary,"https://data.api.abs.gov.au/rest/data/ABS,ANA_AGG,1.0.0/all?startPeriod=2000&format=csv",2026-08-25T13:07:06.254Z
2007-Q1,Gross domestic product,GPM,Chain volume measures - Percentage changes,M2,Seasonally Adjusted,1.4,Percent,primary,"https://data.api.abs.gov.au/rest/data/ABS,ANA_AGG,1.0.0/all?startPeriod=2000&format=csv",2026-08-25T13:07:06.254Z
2007-Q1,Gross domestic product,GPM,Chain volume measures - Percentage changes,M2,Trend,1.2,Percent,primary,"https://data.api.abs.gov.au/rest/data/ABS,ANA_AGG,1.0.0/all?startPeriod=2000&format=csv",2026-08-25T13:07:06.254Z
2007-Q1,Gross domestic product,GPM,Chain volume measures - Percentage changes,M2,Original,-6.6,Percent,primary,"https://data.api.abs.gov.au/rest/data/ABS,ANA_AGG,1.0.0/all?startPeriod=2000&format=csv",2026-08-25T13:07:06.254Z
2007-Q1,GDP per capita,GPM_PCA,Chain volume measures,M1,Trend,21350,Australian Dollars,primary,"https://data.api.abs.gov.au/rest/data/ABS,ANA_AGG,1.0.0/all?startPeriod=2000&format=csv",2026-08-25T13:07:06.254Z
2007-Q1,GDP per capita,GPM_PCA,Chain volume measures,M1,Seasonally Adjusted,21382,Australian Dollars,primary,"https://data.api.abs.gov.au/rest/data/ABS,ANA_AGG,1.0.0/all?startPeriod=2000&format=csv",2026-08-25T13:07:06.254Z
2007-Q1,GDP per capita,GPM_PCA,Chain volume measures,M1,Original,20509,Australian Dollars,primary,"https://data.api.abs.gov.au/rest/data/ABS,ANA_AGG,1.0.0/all?startPeriod=2000&format=csv",2026-08-25T13:07:06.254Z
2007-Q1,GDP per capita,GPM_PCA,Chain volume measures - Percentage changes,M2,Seasonally Adjusted,0.9,Percent,primary,"https://data.api.abs.gov.au/rest/data/ABS,ANA_AGG,1.0.0/all?startPeriod=2000&format=csv",2026-08-25T13:07:06.254Z
2007-Q1,GDP per capita,GPM_PCA,Chain volume measures - Percentage changes,M2,Original,-7.1,Percent,primary,"https://data.api.abs.gov.au/rest/data/ABS,ANA_AGG,1.0.0/all?startPeriod=2000&format=csv",2026-08-25T13:07:06.254Z
2007-Q1,GDP per capita,GPM_PCA,Chain volume measures - Percentage changes,M2,Trend,0.8,Percent,primary,"https://data.api.abs.gov.au/rest/data/ABS,ANA_AGG,1.0.0/all?startPeriod=2000&format=csv",2026-08-25T13:07:06.254Z
2007-Q2,Gross domestic product,GPM,Chain volume measures,M1,Seasonally Adjusted,445997,Australian Dollars,primary,"https://data.api.abs.gov.au/rest/data/ABS,ANA_AGG,1.0.0/all?startPeriod=2000&format=csv",2026-08-25T13:07:06.254Z
2007-Q2,Gross domestic product,GPM,Chain volume measures,M1,Original,445402,Australian Dollars,primary,"https://data.api.abs.gov.au/rest/data/ABS,ANA_AGG,1.0.0/all?startPeriod=2000&format=csv",2026-08-25T13:07:06.254Z
2007-Q2,Gross domestic product,GPM,Chain volume measures,M1,Trend,446783,Australian Dollars,primary,"https://data.api.abs.gov.au/rest/data/ABS,ANA_AGG,1.0.0/all?startPeriod=2000&format=csv",2026-08-25T13:07:06.254Z
2007-Q2,Gross domestic product,GPM,Chain volume measures - Percentage changes,M2,Seasonally Adjusted,0.6,Percent,primary,"https://data.api.abs.gov.au/rest/data/ABS,ANA_AGG,1.0.0/all?startPeriod=2000&format=csv",2026-08-25T13:07:06.254Z
2007-Q2,Gross domestic product,GPM,Chain volume measures - Percentage changes,M2,Trend,1,Percent,primary,"https://data.api.abs.gov.au/rest/data/ABS,ANA_AGG,1.0.0/all?startPeriod=2000&format=csv",2026-08-25T13:07:06.254Z
2007-Q2,Gross domestic product,GPM,Chain volume measures - Percentage changes,M2,Original,4.7,Percent,primary,"https://data.api.abs.gov.au/rest/data/ABS,ANA_AGG,1.0.0/all?startPeriod=2000&format=csv",2026-08-25T13:07:06.254Z
2007-Q2,GDP per capita,GPM_PCA,Chain volume measures,M1,Trend,21454,Australian Dollars,primary,"https://data.api.abs.gov.au/rest/data/ABS,ANA_AGG,1.0.0/all?startPeriod=2000&format=csv",2026-08-25T13:07:06.254Z
2007-Q2,GDP per capita,GPM_PCA,Chain volume measures,M1,Seasonally Adjusted,21413,Australian Dollars,primary,"https://data.api.abs.gov.au/rest/data/ABS,ANA_AGG,1.0.0/all?startPeriod=2000&format=csv",2026-08-25T13:07:06.254Z
2007-Q2,GDP per capita,GPM_PCA,Chain volume measures,M1,Original,21388,Australian Dollars,primary,"https://data.api.abs.gov.au/rest/data/ABS,ANA_AGG,1.0.0/all?startPeriod=2000&format=csv",2026-08-25T13:07:06.254Z
2007-Q2,GDP per capita,GPM_PCA,Chain volume measures - Percentage changes,M2,Seasonally Adjusted,0.1,Percent,primary,"https://data.api.abs.gov.au/rest/data/ABS,ANA_AGG,1.0.0/all?startPeriod=2000&format=csv",2026-08-25T13:07:06.254Z
2007-Q2,GDP per capita,GPM_PCA,Chain volume measures - Percentage changes,M2,Original,4.3,Percent,primary,"https://data.api.abs.gov.au/rest/data/ABS,ANA_AGG,1.0.0/all?startPeriod=2000&format=csv",2026-08-25T13:07:06.254Z
2007-Q2,GDP per capita,GPM_PCA,Chain volume measures - Percentage changes,M2,Trend,0.5,Percent,primary,"https://data.api.abs.gov.au/rest/data/ABS,ANA_AGG,1.0.0/all?startPeriod=2000&format=csv",2026-08-25T13:07:06.254Z
2007-Q3,Gross domestic product,GPM,Chain volume measures,M1,Seasonally Adjusted,451367,Australian Dollars,primary,"https://data.api.abs.gov.au/rest/data/ABS,ANA_AGG,1.0.0/all?startPeriod=2000&format=csv",2026-08-25T13:07:06.254Z
2007-Q3,Gross domestic product,GPM,Chain volume measures,M1,Original,450579,Australian Dollars,primary,"https://data.api.abs.gov.au/rest/data/ABS,ANA_AGG,1.0.0/all?startPeriod=2000&format=csv",2026-08-25T13:07:06.254Z
2007-Q3,Gross domestic product,GPM,Chain volume measures,M1,Trend,450534,Australian Dollars,primary,"https://data.api.abs.gov.au/rest/data/ABS,ANA_AGG,1.0.0/all?startPeriod=2000&format=csv",2026-08-25T13:07:06.254Z
2007-Q3,Gross domestic product,GPM,Chain volume measures - Percentage changes,M2,Seasonally Adjusted,1.2,Percent,primary,"https://data.api.abs.gov.au/rest/data/ABS,ANA_AGG,1.0.0/all?startPeriod=2000&format=csv",2026-08-25T13:07:06.254Z
2007-Q3,Gross domestic product,GPM,Chain volume measures - Percentage changes,M2,Trend,0.8,Percent,primary,"https://data.api.abs.gov.au/rest/data/ABS,ANA_AGG,1.0.0/all?startPeriod=2000&format=csv",2026-08-25T13:07:06.254Z
2007-Q3,Gross domestic product,GPM,Chain volume measures - Percentage changes,M2,Original,1.2,Percent,primary,"https://data.api.abs.gov.au/rest/data/ABS,ANA_AGG,1.0.0/all?startPeriod=2000&format=csv",2026-08-25T13:07:06.254Z
2007-Q3,GDP per capita,GPM_PCA,Chain volume measures,M1,Trend,21533,Australian Dollars,primary,"https://data.api.abs.gov.au/rest/data/ABS,ANA_AGG,1.0.0/all?startPeriod=2000&format=csv",2026-08-25T13:07:06.254Z
2007-Q3,GDP per capita,GPM_PCA,Chain volume measures,M1,Seasonally Adjusted,21572,Australian Dollars,primary,"https://data.api.abs.gov.au/rest/data/ABS,ANA_AGG,1.0.0/all?startPeriod=2000&format=csv",2026-08-25T13:07:06.254Z
2007-Q3,GDP per capita,GPM_PCA,Chain volume measures,M1,Original,21537,Australian Dollars,primary,"https://data.api.abs.gov.au/rest/data/ABS,ANA_AGG,1.0.0/all?startPeriod=2000&format=csv",2026-08-25T13:07:06.254Z
2007-Q3,GDP per capita,GPM_PCA,Chain volume measures - Percentage changes,M2,Seasonally Adjusted,0.7,Percent,primary,"https://data.api.abs.gov.au/rest/data/ABS,ANA_AGG,1.0.0/all?startPeriod=2000&format=csv",2026-08-25T13:07:06.254Z
2007-Q3,GDP per capita,GPM_PCA,Chain volume measures - Percentage changes,M2,Original,0.7,Percent,primary,"https://data.api.abs.gov.au/rest/data/ABS,ANA_AGG,1.0.0/all?startPeriod=2000&format=csv",2026-08-25T13:07:06.254Z
2007-Q3,GDP per capita,GPM_PCA,Chain volume measures - Percentage changes,M2,Trend,0.4,Percent,primary,"https://data.api.abs.gov.au/rest/data/ABS,ANA_AGG,1.0.0/all?startPeriod=2000&format=csv",2026-08-25T13:07:06.254Z
2007-Q4,Gross domestic product,GPM,Chain volume measures,M1,Seasonally Adjusted,453019,Australian Dollars,primary,"https://data.api.abs.gov.au/rest/data/ABS,ANA_AGG,1.0.0/all?startPeriod=2000&format=csv",2026-08-25T13:07:06.254Z
2007-Q4,Gross domestic product,GPM,Chain volume measures,M1,Original,473630,Australian Dollars,primary,"https://data.api.abs.gov.au/rest/data/ABS,ANA_AGG,1.0.0/all?startPeriod=2000&format=csv",2026-08-25T13:07:06.254Z
2007-Q4,Gross domestic product,GPM,Chain volume measures,M1,Trend,453982,Australian Dollars,primary,"https://data.api.abs.gov.au/rest/data/ABS,ANA_AGG,1.0.0/all?startPeriod=2000&format=csv",2026-08-25T13:07:06.254Z
2007-Q4,Gross domestic product,GPM,Chain volume measures - Percentage changes,M2,Seasonally Adjusted,0.4,Percent,primary,"https://data.api.abs.gov.au/rest/data/ABS,ANA_AGG,1.0.0/all?startPeriod=2000&format=csv",2026-08-25T13:07:06.254Z
2007-Q4,Gross domestic product,GPM,Chain volume measures - Percentage changes,M2,Trend,0.8,Percent,primary,"https://data.api.abs.gov.au/rest/data/ABS,ANA_AGG,1.0.0/all?startPeriod=2000&format=csv",2026-08-25T13:07:06.254Z
2007-Q4,Gross domestic product,GPM,Chain volume measures - Percentage changes,M2,Original,5.1,Percent,primary,"https://data.api.abs.gov.au/rest/data/ABS,ANA_AGG,1.0.0/all?startPeriod=2000&format=csv",2026-08-25T13:07:06.254Z
2007-Q4,GDP per capita,GPM_PCA,Chain volume measures,M1,Trend,21593,Australian Dollars,primary,"https://data.api.abs.gov.au/rest/data/ABS,ANA_AGG,1.0.0/all?startPeriod=2000&format=csv",2026-08-25T13:07:06.254Z
2007-Q4,GDP per capita,GPM_PCA,Chain volume measures,M1,Seasonally Adjusted,21552,Australian Dollars,primary,"https://data.api.abs.gov.au/rest/data/ABS,ANA_AGG,1.0.0/all?startPeriod=2000&format=csv",2026-08-25T13:07:06.254Z
2007-Q4,GDP per capita,GPM_PCA,Chain volume measures,M1,Original,22539,Australian Dollars,primary,"https://data.api.abs.gov.au/rest/data/ABS,ANA_AGG,1.0.0/all?startPeriod=2000&format=csv",2026-08-25T13:07:06.254Z
2007-Q4,GDP per capita,GPM_PCA,Chain volume measures - Percentage changes,M2,Seasonally Adjusted,-0.1,Percent,primary,"https://data.api.abs.gov.au/rest/data/ABS,ANA_AGG,1.0.0/all?startPeriod=2000&format=csv",2026-08-25T13:07:06.254Z
2007-Q4,GDP per capita,GPM_PCA,Chain volume measures - Percentage changes,M2,Original,4.7,Percent,primary,"https://data.api.abs.gov.au/rest/data/ABS,ANA_AGG,1.0.0/all?startPeriod=2000&format=csv",2026-08-25T13:07:06.254Z
2007-Q4,GDP per capita,GPM_PCA,Chain volume measures - Percentage changes,M2,Trend,0.3,Percent,primary,"https://data.api.abs.gov.au/rest/data/ABS,ANA_AGG,1.0.0/all?startPeriod=2000&format=csv",2026-08-25T13:07:06.254Z
2008-Q1,Gross domestic product,GPM,Chain volume measures,M1,Seasonally Adjusted,458046,Australian Dollars,primary,"https://data.api.abs.gov.au/rest/data/ABS,ANA_AGG,1.0.0/all?startPeriod=2000&format=csv",2026-08-25T13:07:06.254Z
2008-Q1,Gross domestic product,GPM,Chain volume measures,M1,Original,438238,Australian Dollars,primary,"https://data.api.abs.gov.au/rest/data/ABS,ANA_AGG,1.0.0/all?startPeriod=2000&format=csv",2026-08-25T13:07:06.254Z
2008-Q1,Gross domestic product,GPM,Chain volume measures,M1,Trend,457458,Australian Dollars,primary,"https://data.api.abs.gov.au/rest/data/ABS,ANA_AGG,1.0.0/all?startPeriod=2000&format=csv",2026-08-25T13:07:06.254Z
2008-Q1,Gross domestic product,GPM,Chain volume measures - Percentage changes,M2,Seasonally Adjusted,1.1,Percent,primary,"https://data.api.abs.gov.au/rest/data/ABS,ANA_AGG,1.0.0/all?startPeriod=2000&format=csv",2026-08-25T13:07:06.254Z
2008-Q1,Gross domestic product,GPM,Chain volume measures - Percentage changes,M2,Trend,0.8,Percent,primary,"https://data.api.abs.gov.au/rest/data/ABS,ANA_AGG,1.0.0/all?startPeriod=2000&format=csv",2026-08-25T13:07:06.254Z
2008-Q1,Gross domestic product,GPM,Chain volume measures - Percentage changes,M2,Original,-7.5,Percent,primary,"https://data.api.abs.gov.au/rest/data/ABS,ANA_AGG,1.0.0/all?startPeriod=2000&format=csv",2026-08-25T13:07:06.254Z
2008-Q1,GDP per capita,GPM_PCA,Chain volume measures,M1,Trend,21646,Australian Dollars,primary,"https://data.api.abs.gov.au/rest/data/ABS,ANA_AGG,1.0.0/all?startPeriod=2000&format=csv",2026-08-25T13:07:06.254Z
2008-Q1,GDP per capita,GPM_PCA,Chain volume measures,M1,Seasonally Adjusted,21672,Australian Dollars,primary,"https://data.api.abs.gov.au/rest/data/ABS,ANA_AGG,1.0.0/all?startPeriod=2000&format=csv",2026-08-25T13:07:06.254Z
2008-Q1,GDP per capita,GPM_PCA,Chain volume measures,M1,Original,20724,Australian Dollars,primary,"https://data.api.abs.gov.au/rest/data/ABS,ANA_AGG,1.0.0/all?startPeriod=2000&format=csv",2026-08-25T13:07:06.254Z
2008-Q1,GDP per capita,GPM_PCA,Chain volume measures - Percentage changes,M2,Seasonally Adjusted,0.6,Percent,primary,"https://data.api.abs.gov.au/rest/data/ABS,ANA_AGG,1.0.0/all?startPeriod=2000&format=csv",2026-08-25T13:07:06.254Z
2008-Q1,GDP per capita,GPM_PCA,Chain volume measures - Percentage changes,M2,Original,-8.1,Percent,primary,"https://data.api.abs.gov.au/rest/data/ABS,ANA_AGG,1.0.0/all?startPeriod=2000&format=csv",2026-08-25T13:07:06.254Z
2008-Q1,GDP per capita,GPM_PCA,Chain volume measures - Percentage changes,M2,Trend,0.2,Percent,primary,"https://data.api.abs.gov.au/rest/data/ABS,ANA_AGG,1.0.0/all?startPeriod=2000&format=csv",2026-08-25T13:07:06.254Z
2008-Q2,Gross domestic product,GPM,Chain volume measures,M1,Seasonally Adjusted,459602,Australian Dollars,primary,"https://data.api.abs.gov.au/rest/data/ABS,ANA_AGG,1.0.0/all?startPeriod=2000&format=csv",2026-08-25T13:07:06.254Z
2008-Q2,Gross domestic product,GPM,Chain volume measures,M1,Original,459588,Australian Dollars,primary,"https://data.api.abs.gov.au/rest/data/ABS,ANA_AGG,1.0.0/all?startPeriod=2000&format=csv",2026-08-25T13:07:06.254Z
2008-Q2,Gross domestic product,GPM,Chain volume measures,M1,Trend,459925,Australian Dollars,primary,"https://data.api.abs.gov.au/rest/data/ABS,ANA_AGG,1.0.0/all?startPeriod=2000&format=csv",2026-08-25T13:07:06.254Z
2008-Q2,Gross domestic product,GPM,Chain volume measures - Percentage changes,M2,Seasonally Adjusted,0.3,Percent,primary,"https://data.api.abs.gov.au/rest/data/ABS,ANA_AGG,1.0.0/all?startPeriod=2000&format=csv",2026-08-25T13:07:06.254Z
2008-Q2,Gross domestic product,GPM,Chain volume measures - Percentage changes,M2,Trend,0.5,Percent,primary,"https://data.api.abs.gov.au/rest/data/ABS,ANA_AGG,1.0.0/all?startPeriod=2000&format=csv",2026-08-25T13:07:06.254Z
2008-Q2,Gross domestic product,GPM,Chain volume measures - Percentage changes,M2,Original,4.9,Percent,primary,"https://data.api.abs.gov.au/rest/data/ABS,ANA_AGG,1.0.0/all?startPeriod=2000&format=csv",2026-08-25T13:07:06.254Z
2008-Q2,GDP per capita,GPM_PCA,Chain volume measures,M1,Trend,21645,Australian Dollars,primary,"https://data.api.abs.gov.au/rest/data/ABS,ANA_AGG,1.0.0/all?startPeriod=2000&format=csv",2026-08-25T13:07:06.254Z
2008-Q2,GDP per capita,GPM_PCA,Chain volume measures,M1,Seasonally Adjusted,21629,Australian Dollars,primary,"https://data.api.abs.gov.au/rest/data/ABS,ANA_AGG,1.0.0/all?startPeriod=2000&format=csv",2026-08-25T13:07:06.254Z
2008-Q2,GDP per capita,GPM_PCA,Chain volume measures,M1,Original,21631,Australian Dollars,primary,"https://data.api.abs.gov.au/rest/data/ABS,ANA_AGG,1.0.0/all?startPeriod=2000&format=csv",2026-08-25T13:07:06.254Z
2008-Q2,GDP per capita,GPM_PCA,Chain volume measures - Percentage changes,M2,Seasonally Adjusted,-0.2,Percent,primary,"https://data.api.abs.gov.au/rest/data/ABS,ANA_AGG,1.0.0/all?startPeriod=2000&format=csv",2026-08-25T13:07:06.254Z
2008-Q2,GDP per capita,GPM_PCA,Chain volume measures - Percentage changes,M2,Original,4.4,Percent,primary,"https://data.api.abs.gov.au/rest/data/ABS,ANA_AGG,1.0.0/all?startPeriod=2000&format=csv",2026-08-25T13:07:06.254Z
2008-Q2,GDP per capita,GPM_PCA,Chain volume measures - Percentage changes,M2,Trend,0,Percent,primary,"https://data.api.abs.gov.au/rest/data/ABS,ANA_AGG,1.0.0/all?startPeriod=2000&format=csv",2026-08-25T13:07:06.254Z
2008-Q3,Gross domestic product,GPM,Chain volume measures,M1,Seasonally Adjusted,462855,Australian Dollars,primary,"https://data.api.abs.gov.au/rest/data/ABS,ANA_AGG,1.0.0/all?startPeriod=2000&format=csv",2026-08-25T13:07:06.254Z
2008-Q3,Gross domestic product,GPM,Chain volume measures,M1,Original,460977,Australian Dollars,primary,"https://data.api.abs.gov.au/rest/data/ABS,ANA_AGG,1.0.0/all?startPeriod=2000&format=csv",2026-08-25T13:07:06.254Z
2008-Q3,Gross domestic product,GPM,Chain volume measures,M1,Trend,461447,Australian Dollars,primary,"https://data.api.abs.gov.au/rest/data/ABS,ANA_AGG,1.0.0/all?startPeriod=2000&format=csv",2026-08-25T13:07:06.254Z
2008-Q3,Gross domestic product,GPM,Chain volume measures - Percentage changes,M2,Seasonally Adjusted,0.7,Percent,primary,"https://data.api.abs.gov.au/rest/data/ABS,ANA_AGG,1.0.0/all?startPeriod=2000&format=csv",2026-08-25T13:07:06.254Z
2008-Q3,Gross domestic product,GPM,Chain volume measures - Percentage changes,M2,Trend,0.3,Percent,primary,"https://data.api.abs.gov.au/rest/data/ABS,ANA_AGG,1.0.0/all?startPeriod=2000&format=csv",2026-08-25T13:07:06.254Z
2008-Q3,Gross domestic product,GPM,Chain volume measures - Percentage changes,M2,Original,0.3,Percent,primary,"https://data.api.abs.gov.au/rest/data/ABS,ANA_AGG,1.0.0/all?startPeriod=2000&format=csv",2026-08-25T13:07:06.254Z
2008-Q3,GDP per capita,GPM_PCA,Chain volume measures,M1,Trend,21598,Australian Dollars,primary,"https://data.api.abs.gov.au/rest/data/ABS,ANA_AGG,1.0.0/all?startPeriod=2000&format=csv",2026-08-25T13:07:06.254Z
2008-Q3,GDP per capita,GPM_PCA,Chain volume measures,M1,Seasonally Adjusted,21664,Australian Dollars,primary,"https://data.api.abs.gov.au/rest/data/ABS,ANA_AGG,1.0.0/all?startPeriod=2000&format=csv",2026-08-25T13:07:06.254Z
2008-Q3,GDP per capita,GPM_PCA,Chain volume measures,M1,Original,21578,Australian Dollars,primary,"https://data.api.abs.gov.au/rest/data/ABS,ANA_AGG,1.0.0/all?startPeriod=2000&format=csv",2026-08-25T13:07:06.254Z
2008-Q3,GDP per capita,GPM_PCA,Chain volume measures - Percentage changes,M2,Seasonally Adjusted,0.2,Percent,primary,"https://data.api.abs.gov.au/rest/data/ABS,ANA_AGG,1.0.0/all?startPeriod=2000&format=csv",2026-08-25T13:07:06.254Z
2008-Q3,GDP per capita,GPM_PCA,Chain volume measures - Percentage changes,M2,Original,-0.2,Percent,primary,"https://data.api.abs.gov.au/rest/data/ABS,ANA_AGG,1.0.0/all?startPeriod=2000&format=csv",2026-08-25T13:07:06.254Z
2008-Q3,GDP per capita,GPM_PCA,Chain volume measures - Percentage changes,M2,Trend,-0.2,Percent,primary,"https://data.api.abs.gov.au/rest/data/ABS,ANA_AGG,1.0.0/all?startPeriod=2000&format=csv",2026-08-25T13:07:06.254Z
2008-Q4,Gross domestic product,GPM,Chain volume measures,M1,Seasonally Adjusted,460883,Australian Dollars,primary,"https://data.api.abs.gov.au/rest/data/ABS,ANA_AGG,1.0.0/all?startPeriod=2000&format=csv",2026-08-25T13:07:06.254Z
2008-Q4,Gross domestic product,GPM,Chain volume measures,M1,Original,481691,Australian Dollars,primary,"https://data.api.abs.gov.au/rest/data/ABS,ANA_AGG,1.0.0/all?startPeriod=2000&format=csv",2026-08-25T13:07:06.254Z
2008-Q4,Gross domestic product,GPM,Chain volume measures,M1,Trend,462819,Australian Dollars,primary,"https://data.api.abs.gov.au/rest/data/ABS,ANA_AGG,1.0.0/all?startPeriod=2000&format=csv",2026-08-25T13:07:06.254Z
2008-Q4,Gross domestic product,GPM,Chain volume measures - Percentage changes,M2,Seasonally Adjusted,-0.4,Percent,primary,"https://data.api.abs.gov.au/rest/data/ABS,ANA_AGG,1.0.0/all?startPeriod=2000&format=csv",2026-08-25T13:07:06.254Z
2008-Q4,Gross domestic product,GPM,Chain volume measures - Percentage changes,M2,Trend,0.3,Percent,primary,"https://data.api.abs.gov.au/rest/data/ABS,ANA_AGG,1.0.0/all?startPeriod=2000&format=csv",2026-08-25T13:07:06.254Z
2008-Q4,Gross domestic product,GPM,Chain volume measures - Percentage changes,M2,Original,4.5,Percent,primary,"https://data.api.abs.gov.au/rest/data/ABS,ANA_AGG,1.0.0/all?startPeriod=2000&format=csv",2026-08-25T13:07:06.254Z
2008-Q4,GDP per capita,GPM_PCA,Chain volume measures,M1,Trend,21548,Australian Dollars,primary,"https://data.api.abs.gov.au/rest/data/ABS,ANA_AGG,1.0.0/all?startPeriod=2000&format=csv",2026-08-25T13:07:06.254Z
2008-Q4,GDP per capita,GPM_PCA,Chain volume measures,M1,Seasonally Adjusted,21456,Australian Dollars,primary,"https://data.api.abs.gov.au/rest/data/ABS,ANA_AGG,1.0.0/all?startPeriod=2000&format=csv",2026-08-25T13:07:06.254Z
2008-Q4,GDP per capita,GPM_PCA,Chain volume measures,M1,Original,22433,Australian Dollars,primary,"https://data.api.abs.gov.au/rest/data/ABS,ANA_AGG,1.0.0/all?startPeriod=2000&format=csv",2026-08-25T13:07:06.254Z
2008-Q4,GDP per capita,GPM_PCA,Chain volume measures - Percentage changes,M2,Seasonally Adjusted,-1,Percent,primary,"https://data.api.abs.gov.au/rest/data/ABS,ANA_AGG,1.0.0/all?startPeriod=2000&format=csv",2026-08-25T13:07:06.254Z
2008-Q4,GDP per capita,GPM_PCA,Chain volume measures - Percentage changes,M2,Original,4,Percent,primary,"https://data.api.abs.gov.au/rest/data/ABS,ANA_AGG,1.0.0/all?startPeriod=2000&format=csv",2026-08-25T13:07:06.254Z
2008-Q4,GDP per capita,GPM_PCA,Chain volume measures - Percentage changes,M2,Trend,-0.2,Percent,primary,"https://data.api.abs.gov.au/rest/data/ABS,ANA_AGG,1.0.0/all?startPeriod=2000&format=csv",2026-08-25T13:07:06.254Z
2009-Q1,Gross domestic product,GPM,Chain volume measures,M1,Seasonally Adjusted,465520,Australian Dollars,primary,"https://data.api.abs.gov.au/rest/data/ABS,ANA_AGG,1.0.0/all?startPeriod=2000&format=csv",2026-08-25T13:07:06.254Z
2009-Q1,Gross domestic product,GPM,Chain volume measures,M1,Original,446818,Australian Dollars,primary,"https://data.api.abs.gov.au/rest/data/ABS,ANA_AGG,1.0.0/all?startPeriod=2000&format=csv",2026-08-25T13:07:06.254Z
2009-Q1,Gross domestic product,GPM,Chain volume measures,M1,Trend,464972,Australian Dollars,primary,"https://data.api.abs.gov.au/rest/data/ABS,ANA_AGG,1.0.0/all?startPeriod=2000&format=csv",2026-08-25T13:07:06.254Z
2009-Q1,Gross domestic product,GPM,Chain volume measures - Percentage changes,M2,Seasonally Adjusted,1,Percent,primary,"https://data.api.abs.gov.au/rest/data/ABS,ANA_AGG,1.0.0/all?startPeriod=2000&format=csv",2026-08-25T13:07:06.254Z
2009-Q1,Gross domestic product,GPM,Chain volume measures - Percentage changes,M2,Trend,0.5,Percent,primary,"https://data.api.abs.gov.au/rest/data/ABS,ANA_AGG,1.0.0/all?startPeriod=2000&format=csv",2026-08-25T13:07:06.254Z
2009-Q1,Gross domestic product,GPM,Chain volume measures - Percentage changes,M2,Original,-7.2,Percent,primary,"https://data.api.abs.gov.au/rest/data/ABS,ANA_AGG,1.0.0/all?startPeriod=2000&format=csv",2026-08-25T13:07:06.254Z
2009-Q1,GDP per capita,GPM_PCA,Chain volume measures,M1,Trend,21538,Australian Dollars,primary,"https://data.api.abs.gov.au/rest/data/ABS,ANA_AGG,1.0.0/all?startPeriod=2000&format=csv",2026-08-25T13:07:06.254Z
2009-Q1,GDP per capita,GPM_PCA,Chain volume measures,M1,Seasonally Adjusted,21564,Australian Dollars,primary,"https://data.api.abs.gov.au/rest/data/ABS,ANA_AGG,1.0.0/all?startPeriod=2000&format=csv",2026-08-25T13:07:06.254Z
2009-Q1,GDP per capita,GPM_PCA,Chain volume measures,M1,Original,20687,Australian Dollars,primary,"https://data.api.abs.gov.au/rest/data/ABS,ANA_AGG,1.0.0/all?startPeriod=2000&format=csv",2026-08-25T13:07:06.254Z
2009-Q1,GDP per capita,GPM_PCA,Chain volume measures - Percentage changes,M2,Seasonally Adjusted,0.5,Percent,primary,"https://data.api.abs.gov.au/rest/data/ABS,ANA_AGG,1.0.0/all?startPeriod=2000&format=csv",2026-08-25T13:07:06.254Z
2009-Q1,GDP per capita,GPM_PCA,Chain volume measures - Percentage changes,M2,Original,-7.8,Percent,primary,"https://data.api.abs.gov.au/rest/data/ABS,ANA_AGG,1.0.0/all?startPeriod=2000&format=csv",2026-08-25T13:07:06.254Z
2009-Q1,GDP per capita,GPM_PCA,Chain volume measures - Percentage changes,M2,Trend,0,Percent,primary,"https://data.api.abs.gov.au/rest/data/ABS,ANA_AGG,1.0.0/all?startPeriod=2000&format=csv",2026-08-25T13:07:06.254Z
2009-Q2,Gross domestic product,GPM,Chain volume measures,M1,Seasonally Adjusted,468393,Australian Dollars,primary,"https://data.api.abs.gov.au/rest/data/ABS,ANA_AGG,1.0.0/all?startPeriod=2000&format=csv",2026-08-25T13:07:06.254Z
2009-Q2,Gross domestic product,GPM,Chain volume measures,M1,Original,468166,Australian Dollars,primary,"https://data.api.abs.gov.au/rest/data/ABS,ANA_AGG,1.0.0/all?startPeriod=2000&format=csv",2026-08-25T13:07:06.254Z
2009-Q2,Gross domestic product,GPM,Chain volume measures,M1,Trend,467796,Australian Dollars,primary,"https://data.api.abs.gov.au/rest/data/ABS,ANA_AGG,1.0.0/all?startPeriod=2000&format=csv",2026-08-25T13:07:06.254Z
2009-Q2,Gross domestic product,GPM,Chain volume measures - Percentage changes,M2,Seasonally Adjusted,0.6,Percent,primary,"https://data.api.abs.gov.au/rest/data/ABS,ANA_AGG,1.0.0/all?startPeriod=2000&format=csv",2026-08-25T13:07:06.254Z
2009-Q2,Gross domestic product,GPM,Chain volume measures - Percentage changes,M2,Trend,0.6,Percent,primary,"https://data.api.abs.gov.au/rest/data/ABS,ANA_AGG,1.0.0/all?startPeriod=2000&format=csv",2026-08-25T13:07:06.254Z
2009-Q2,Gross domestic product,GPM,Chain volume measures - Percentage changes,M2,Original,4.8,Percent,primary,"https://data.api.abs.gov.au/rest/data/ABS,ANA_AGG,1.0.0/all?startPeriod=2000&format=csv",2026-08-25T13:07:06.254Z
2009-Q2,GDP per capita,GPM_PCA,Chain volume measures,M1,Trend,21567,Australian Dollars,primary,"https://data.api.abs.gov.au/rest/data/ABS,ANA_AGG,1.0.0/all?startPeriod=2000&format=csv",2026-08-25T13:07:06.254Z
2009-Q2,GDP per capita,GPM_PCA,Chain volume measures,M1,Seasonally Adjusted,21594,Australian Dollars,primary,"https://data.api.abs.gov.au/rest/data/ABS,ANA_AGG,1.0.0/all?startPeriod=2000&format=csv",2026-08-25T13:07:06.254Z
2009-Q2,GDP per capita,GPM_PCA,Chain volume measures,M1,Original,21586,Australian Dollars,primary,"https://data.api.abs.gov.au/rest/data/ABS,ANA_AGG,1.0.0/all?startPeriod=2000&format=csv",2026-08-25T13:07:06.254Z
2009-Q2,GDP per capita,GPM_PCA,Chain volume measures - Percentage changes,M2,Seasonally Adjusted,0.1,Percent,primary,"https://data.api.abs.gov.au/rest/data/ABS,ANA_AGG,1.0.0/all?startPeriod=2000&format=csv",2026-08-25T13:07:06.254Z
2009-Q2,GDP per capita,GPM_PCA,Chain volume measures - Percentage changes,M2,Original,4.3,Percent,primary,"https://data.api.abs.gov.au/rest/data/ABS,ANA_AGG,1.0.0/all?startPeriod=2000&format=csv",2026-08-25T13:07:06.254Z
2009-Q2,GDP per capita,GPM_PCA,Chain volume measures - Percentage changes,M2,Trend,0.1,Percent,primary,"https://data.api.abs.gov.au/rest/data/ABS,ANA_AGG,1.0.0/all?startPeriod=2000&format=csv",2026-08-25T13:07:06.254Z
2009-Q3,Gross domestic product,GPM,Chain volume measures,M1,Seasonally Adjusted,470050,Australian Dollars,primary,"https://data.api.abs.gov.au/rest/data/ABS,ANA_AGG,1.0.0/all?startPeriod=2000&format=csv",2026-08-25T13:07:06.254Z
2009-Q3,Gross domestic product,GPM,Chain volume measures,M1,Original,469134,Australian Dollars,primary,"https://data.api.abs.gov.au/rest/data/ABS,ANA_AGG,1.0.0/all?startPeriod=2000&format=csv",2026-08-25T13:07:06.254Z
2009-Q3,Gross domestic product,GPM,Chain volume measures,M1,Trend,470771,Australian Dollars,primary,"https://data.api.abs.gov.au/rest/data/ABS,ANA_AGG,1.0.0/all?startPeriod=2000&format=csv",2026-08-25T13:07:06.254Z
2009-Q3,Gross domestic product,GPM,Chain volume measures - Percentage changes,M2,Seasonally Adjusted,0.4,Percent,primary,"https://data.api.abs.gov.au/rest/data/ABS,ANA_AGG,1.0.0/all?startPeriod=2000&format=csv",2026-08-25T13:07:06.254Z
2009-Q3,Gross domestic product,GPM,Chain volume measures - Percentage changes,M2,Trend,0.6,Percent,primary,"https://data.api.abs.gov.au/rest/data/ABS,ANA_AGG,1.0.0/all?startPeriod=2000&format=csv",2026-08-25T13:07:06.254Z
2009-Q3,Gross domestic product,GPM,Chain volume measures - Percentage changes,M2,Original,0.2,Percent,primary,"https://data.api.abs.gov.au/rest/data/ABS,ANA_AGG,1.0.0/all?startPeriod=2000&format=csv",2026-08-25T13:07:06.254Z
2009-Q3,GDP per capita,GPM_PCA,Chain volume measures,M1,Trend,21610,Australian Dollars,primary,"https://data.api.abs.gov.au/rest/data/ABS,ANA_AGG,1.0.0/all?startPeriod=2000&format=csv",2026-08-25T13:07:06.254Z
2009-Q3,GDP per capita,GPM_PCA,Chain volume measures,M1,Seasonally Adjusted,21576,Australian Dollars,primary,"https://data.api.abs.gov.au/rest/data/ABS,ANA_AGG,1.0.0/all?startPeriod=2000&format=csv",2026-08-25T13:07:06.254Z
2009-Q3,GDP per capita,GPM_PCA,Chain volume measures,M1,Original,21535,Australian Dollars,primary,"https://data.api.abs.gov.au/rest/data/ABS,ANA_AGG,1.0.0/all?startPeriod=2000&format=csv",2026-08-25T13:07:06.254Z
2009-Q3,GDP per capita,GPM_PCA,Chain volume measures - Percentage changes,M2,Seasonally Adjusted,-0.1,Percent,primary,"https://data.api.abs.gov.au/rest/data/ABS,ANA_AGG,1.0.0/all?startPeriod=2000&format=csv",2026-08-25T13:07:06.254Z
2009-Q3,GDP per capita,GPM_PCA,Chain volume measures - Percentage changes,M2,Original,-0.2,Percent,primary,"https://data.api.abs.gov.au/rest/data/ABS,ANA_AGG,1.0.0/all?startPeriod=2000&format=csv",2026-08-25T13:07:06.254Z
2009-Q3,GDP per capita,GPM_PCA,Chain volume measures - Percentage changes,M2,Trend,0.2,Percent,primary,"https://data.api.abs.gov.au/rest/data/ABS,ANA_AGG,1.0.0/all?startPeriod=2000&format=csv",2026-08-25T13:07:06.254Z
2009-Q4,Gross domestic product,GPM,Chain volume measures,M1,Seasonally Adjusted,473826,Australian Dollars,primary,"https://data.api.abs.gov.au/rest/data/ABS,ANA_AGG,1.0.0/all?startPeriod=2000&format=csv",2026-08-25T13:07:06.254Z
2009-Q4,Gross domestic product,GPM,Chain volume measures,M1,Original,493167,Australian Dollars,primary,"https://data.api.abs.gov.au/rest/data/ABS,ANA_AGG,1.0.0/all?startPeriod=2000&format=csv",2026-08-25T13:07:06.254Z
2009-Q4,Gross domestic product,GPM,Chain volume measures,M1,Trend,473307,Australian Dollars,primary,"https://data.api.abs.gov.au/rest/data/ABS,ANA_AGG,1.0.0/all?startPeriod=2000&format=csv",2026-08-25T13:07:06.254Z
2009-Q4,Gross domestic product,GPM,Chain volume measures - Percentage changes,M2,Seasonally Adjusted,0.8,Percent,primary,"https://data.api.abs.gov.au/rest/data/ABS,ANA_AGG,1.0.0/all?startPeriod=2000&format=csv",2026-08-25T13:07:06.254Z
2009-Q4,Gross domestic product,GPM,Chain volume measures - Percentage changes,M2,Trend,0.5,Percent,primary,"https://data.api.abs.gov.au/rest/data/ABS,ANA_AGG,1.0.0/all?startPeriod=2000&format=csv",2026-08-25T13:07:06.254Z
2009-Q4,Gross domestic product,GPM,Chain volume measures - Percentage changes,M2,Original,5.1,Percent,primary,"https://data.api.abs.gov.au/rest/data/ABS,ANA_AGG,1.0.0/all?startPeriod=2000&format=csv",2026-08-25T13:07:06.254Z
2009-Q4,GDP per capita,GPM_PCA,Chain volume measures,M1,Trend,21641,Australian Dollars,primary,"https://data.api.abs.gov.au/rest/data/ABS,ANA_AGG,1.0.0/all?startPeriod=2000&format=csv",2026-08-25T13:07:06.254Z
2009-Q4,GDP per capita,GPM_PCA,Chain volume measures,M1,Seasonally Adjusted,21665,Australian Dollars,primary,"https://data.api.abs.gov.au/rest/data/ABS,ANA_AGG,1.0.0/all?startPeriod=2000&format=csv",2026-08-25T13:07:06.254Z
2009-Q4,GDP per capita,GPM_PCA,Chain volume measures,M1,Original,22558,Australian Dollars,primary,"https://data.api.abs.gov.au/rest/data/ABS,ANA_AGG,1.0.0/all?startPeriod=2000&format=csv",2026-08-25T13:07:06.254Z
2009-Q4,GDP per capita,GPM_PCA,Chain volume measures - Percentage changes,M2,Seasonally Adjusted,0.4,Percent,primary,"https://data.api.abs.gov.au/rest/data/ABS,ANA_AGG,1.0.0/all?startPeriod=2000&format=csv",2026-08-25T13:07:06.254Z
2009-Q4,GDP per capita,GPM_PCA,Chain volume measures - Percentage changes,M2,Original,4.8,Percent,primary,"https://data.api.abs.gov.au/rest/data/ABS,ANA_AGG,1.0.0/all?startPeriod=2000&format=csv",2026-08-25T13:07:06.254Z
2009-Q4,GDP per capita,GPM_PCA,Chain volume measures - Percentage changes,M2,Trend,0.1,Percent,primary,"https://data.api.abs.gov.au/rest/data/ABS,ANA_AGG,1.0.0/all?startPeriod=2000&format=csv",2026-08-25T13:07:06.254Z
2010-Q1,Gross domestic product,GPM,Chain volume measures,M1,Seasonally Adjusted,475934,Australian Dollars,primary,"https://data.api.abs.gov.au/rest/data/ABS,ANA_AGG,1.0.0/all?startPeriod=2000&format=csv",2026-08-25T13:07:06.254Z
2010-Q1,Gross domestic product,GPM,Chain volume measures,M1,Original,455116,Australian Dollars,primary,"https://data.api.abs.gov.au/rest/data/ABS,ANA_AGG,1.0.0/all?startPeriod=2000&format=csv",2026-08-25T13:07:06.254Z
2010-Q1,Gross domestic product,GPM,Chain volume measures,M1,Trend,476046,Australian Dollars,primary,"https://data.api.abs.gov.au/rest/data/ABS,ANA_AGG,1.0.0/all?startPeriod=2000&format=csv",2026-08-25T13:07:06.254Z
2010-Q1,Gross domestic product,GPM,Chain volume measures - Percentage changes,M2,Seasonally Adjusted,0.4,Percent,primary,"https://data.api.abs.gov.au/rest/data/ABS,ANA_AGG,1.0.0/all?startPeriod=2000&format=csv",2026-08-25T13:07:06.254Z
2010-Q1,Gross domestic product,GPM,Chain volume measures - Percentage changes,M2,Trend,0.6,Percent,primary,"https://data.api.abs.gov.au/rest/data/ABS,ANA_AGG,1.0.0/all?startPeriod=2000&format=csv",2026-08-25T13:07:06.254Z
2010-Q1,Gross domestic product,GPM,Chain volume measures - Percentage changes,M2,Original,-7.7,Percent,primary,"https://data.api.abs.gov.au/rest/data/ABS,ANA_AGG,1.0.0/all?startPeriod=2000&format=csv",2026-08-25T13:07:06.254Z
2010-Q1,GDP per capita,GPM_PCA,Chain volume measures,M1,Trend,21686,Australian Dollars,primary,"https://data.api.abs.gov.au/rest/data/ABS,ANA_AGG,1.0.0/all?startPeriod=2000&format=csv",2026-08-25T13:07:06.254Z
2010-Q1,GDP per capita,GPM_PCA,Chain volume measures,M1,Seasonally Adjusted,21682,Australian Dollars,primary,"https://data.api.abs.gov.au/rest/data/ABS,ANA_AGG,1.0.0/all?startPeriod=2000&format=csv",2026-08-25T13:07:06.254Z
2010-Q1,GDP per capita,GPM_PCA,Chain volume measures,M1,Original,20724,Australian Dollars,primary,"https://data.api.abs.gov.au/rest/data/ABS,ANA_AGG,1.0.0/all?startPeriod=2000&format=csv",2026-08-25T13:07:06.254Z
2010-Q1,GDP per capita,GPM_PCA,Chain volume measures - Percentage changes,M2,Seasonally Adjusted,0.1,Percent,primary,"https://data.api.abs.gov.au/rest/data/ABS,ANA_AGG,1.0.0/all?startPeriod=2000&format=csv",2026-08-25T13:07:06.254Z
2010-Q1,GDP per capita,GPM_PCA,Chain volume measures - Percentage changes,M2,Original,-8.1,Percent,primary,"https://data.api.abs.gov.au/rest/data/ABS,ANA_AGG,1.0.0/all?startPeriod=2000&format=csv",2026-08-25T13:07:06.254Z
2010-Q1,GDP per capita,GPM_PCA,Chain volume measures - Percentage changes,M2,Trend,0.2,Percent,primary,"https://data.api.abs.gov.au/rest/data/ABS,ANA_AGG,1.0.0/all?startPeriod=2000&format=csv",2026-08-25T13:07:06.254Z
2010-Q2,Gross domestic product,GPM,Chain volume measures,M1,Seasonally Adjusted,478897,Australian Dollars,primary,"https://data.api.abs.gov.au/rest/data/ABS,ANA_AGG,1.0.0/all?startPeriod=2000&format=csv",2026-08-25T13:07:06.254Z
2010-Q2,Gross domestic product,GPM,Chain volume measures,M1,Original,481291,Australian Dollars,primary,"https://data.api.abs.gov.au/rest/data/ABS,ANA_AGG,1.0.0/all?startPeriod=2000&format=csv",2026-08-25T13:07:06.254Z
2010-Q2,Gross domestic product,GPM,Chain volume measures,M1,Trend,479321,Australian Dollars,primary,"https://data.api.abs.gov.au/rest/data/ABS,ANA_AGG,1.0.0/all?startPeriod=2000&format=csv",2026-08-25T13:07:06.254Z
2010-Q2,Gross domestic product,GPM,Chain volume measures - Percentage changes,M2,Seasonally Adjusted,0.6,Percent,primary,"https://data.api.abs.gov.au/rest/data/ABS,ANA_AGG,1.0.0/all?startPeriod=2000&format=csv",2026-08-25T13:07:06.254Z
2010-Q2,Gross domestic product,GPM,Chain volume measures - Percentage changes,M2,Trend,0.7,Percent,primary,"https://data.api.abs.gov.au/rest/data/ABS,ANA_AGG,1.0.0/all?startPeriod=2000&format=csv",2026-08-25T13:07:06.254Z
2010-Q2,Gross domestic product,GPM,Chain volume measures - Percentage changes,M2,Original,5.8,Percent,primary,"https://data.api.abs.gov.au/rest/data/ABS,ANA_AGG,1.0.0/all?startPeriod=2000&format=csv",2026-08-25T13:07:06.254Z
2010-Q2,GDP per capita,GPM_PCA,Chain volume measures,M1,Trend,21759,Australian Dollars,primary,"https://data.api.abs.gov.au/rest/data/ABS,ANA_AGG,1.0.0/all?startPeriod=2000&format=csv",2026-08-25T13:07:06.254Z
2010-Q2,GDP per capita,GPM_PCA,Chain volume measures,M1,Seasonally Adjusted,21738,Australian Dollars,primary,"https://data.api.abs.gov.au/rest/data/ABS,ANA_AGG,1.0.0/all?startPeriod=2000&format=csv",2026-08-25T13:07:06.254Z
2010-Q2,GDP per capita,GPM_PCA,Chain volume measures,M1,Original,21848,Australian Dollars,primary,"https://data.api.abs.gov.au/rest/data/ABS,ANA_AGG,1.0.0/all?startPeriod=2000&format=csv",2026-08-25T13:07:06.254Z
2010-Q2,GDP per capita,GPM_PCA,Chain volume measures - Percentage changes,M2,Seasonally Adjusted,0.3,Percent,primary,"https://data.api.abs.gov.au/rest/data/ABS,ANA_AGG,1.0.0/all?startPeriod=2000&format=csv",2026-08-25T13:07:06.254Z
2010-Q2,GDP per capita,GPM_PCA,Chain volume measures - Percentage changes,M2,Original,5.4,Percent,primary,"https://data.api.abs.gov.au/rest/data/ABS,ANA_AGG,1.0.0/all?startPeriod=2000&format=csv",2026-08-25T13:07:06.254Z
2010-Q2,GDP per capita,GPM_PCA,Chain volume measures - Percentage changes,M2,Trend,0.3,Percent,primary,"https://data.api.abs.gov.au/rest/data/ABS,ANA_AGG,1.0.0/all?startPeriod=2000&format=csv",2026-08-25T13:07:06.254Z
2010-Q3,Gross domestic product,GPM,Chain volume measures,M1,Seasonally Adjusted,482263,Australian Dollars,primary,"https://data.api.abs.gov.au/rest/data/ABS,ANA_AGG,1.0.0/all?startPeriod=2000&format=csv",2026-08-25T13:07:06.254Z
2010-Q3,Gross domestic product,GPM,Chain volume measures,M1,Original,481442,Australian Dollars,primary,"https://data.api.abs.gov.au/rest/data/ABS,ANA_AGG,1.0.0/all?startPeriod=2000&format=csv",2026-08-25T13:07:06.254Z
2010-Q3,Gross domestic product,GPM,Chain volume measures,M1,Trend,482239,Australian Dollars,primary,"https://data.api.abs.gov.au/rest/data/ABS,ANA_AGG,1.0.0/all?startPeriod=2000&format=csv",2026-08-25T13:07:06.254Z
2010-Q3,Gross domestic product,GPM,Chain volume measures - Percentage changes,M2,Seasonally Adjusted,0.7,Percent,primary,"https://data.api.abs.gov.au/rest/data/ABS,ANA_AGG,1.0.0/all?startPeriod=2000&format=csv",2026-08-25T13:07:06.254Z
2010-Q3,Gross domestic product,GPM,Chain volume measures - Percentage changes,M2,Trend,0.6,Percent,primary,"https://data.api.abs.gov.au/rest/data/ABS,ANA_AGG,1.0.0/all?startPeriod=2000&format=csv",2026-08-25T13:07:06.254Z
2010-Q3,Gross domestic product,GPM,Chain volume measures - Percentage changes,M2,Original,0,Percent,primary,"https://data.api.abs.gov.au/rest/data/ABS,ANA_AGG,1.0.0/all?startPeriod=2000&format=csv",2026-08-25T13:07:06.254Z
2010-Q3,GDP per capita,GPM_PCA,Chain volume measures,M1,Trend,21818,Australian Dollars,primary,"https://data.api.abs.gov.au/rest/data/ABS,ANA_AGG,1.0.0/all?startPeriod=2000&format=csv",2026-08-25T13:07:06.254Z
2010-Q3,GDP per capita,GPM_PCA,Chain volume measures,M1,Seasonally Adjusted,21820,Australian Dollars,primary,"https://data.api.abs.gov.au/rest/data/ABS,ANA_AGG,1.0.0/all?startPeriod=2000&format=csv",2026-08-25T13:07:06.254Z
2010-Q3,GDP per capita,GPM_PCA,Chain volume measures,M1,Original,21783,Australian Dollars,primary,"https://data.api.abs.gov.au/rest/data/ABS,ANA_AGG,1.0.0/all?startPeriod=2000&format=csv",2026-08-25T13:07:06.254Z
2010-Q3,GDP per capita,GPM_PCA,Chain volume measures - Percentage changes,M2,Seasonally Adjusted,0.4,Percent,primary,"https://data.api.abs.gov.au/rest/data/ABS,ANA_AGG,1.0.0/all?startPeriod=2000&format=csv",2026-08-25T13:07:06.254Z
2010-Q3,GDP per capita,GPM_PCA,Chain volume measures - Percentage changes,M2,Original,-0.3,Percent,primary,"https://data.api.abs.gov.au/rest/data/ABS,ANA_AGG,1.0.0/all?startPeriod=2000&format=csv",2026-08-25T13:07:06.254Z
2010-Q3,GDP per capita,GPM_PCA,Chain volume measures - Percentage changes,M2,Trend,0.3,Percent,primary,"https://data.api.abs.gov.au/rest/data/ABS,ANA_AGG,1.0.0/all?startPeriod=2000&format=csv",2026-08-25T13:07:06.254Z
2010-Q4,Gross domestic product,GPM,Chain volume measures,M1,Seasonally Adjusted,486298,Australian Dollars,primary,"https://data.api.abs.gov.au/rest/data/ABS,ANA_AGG,1.0.0/all?startPeriod=2000&format=csv",2026-08-25T13:07:06.254Z
2010-Q4,Gross domestic product,GPM,Chain volume measures,M1,Original,506018,Australian Dollars,primary,"https://data.api.abs.gov.au/rest/data/ABS,ANA_AGG,1.0.0/all?startPeriod=2000&format=csv",2026-08-25T13:07:06.254Z
2010-Q4,Gross domestic product,GPM,Chain volume measures,M1,Trend,484469,Australian Dollars,primary,"https://data.api.abs.gov.au/rest/data/ABS,ANA_AGG,1.0.0/all?startPeriod=2000&format=csv",2026-08-25T13:07:06.254Z
2010-Q4,Gross domestic product,GPM,Chain volume measures - Percentage changes,M2,Seasonally Adjusted,0.8,Percent,primary,"https://data.api.abs.gov.au/rest/data/ABS,ANA_AGG,1.0.0/all?startPeriod=2000&format=csv",2026-08-25T13:07:06.254Z
2010-Q4,Gross domestic product,GPM,Chain volume measures - Percentage changes,M2,Trend,0.5,Percent,primary,"https://data.api.abs.gov.au/rest/data/ABS,ANA_AGG,1.0.0/all?startPeriod=2000&format=csv",2026-08-25T13:07:06.254Z
2010-Q4,Gross domestic product,GPM,Chain volume measures - Percentage changes,M2,Original,5.1,Percent,primary,"https://data.api.abs.gov.au/rest/data/ABS,ANA_AGG,1.0.0/all?startPeriod=2000&format=csv",2026-08-25T13:07:06.254Z
2010-Q4,GDP per capita,GPM_PCA,Chain volume measures,M1,Trend,21845,Australian Dollars,primary,"https://data.api.abs.gov.au/rest/data/ABS,ANA_AGG,1.0.0/all?startPeriod=2000&format=csv",2026-08-25T13:07:06.254Z
2010-Q4,GDP per capita,GPM_PCA,Chain volume measures,M1,Seasonally Adjusted,21928,Australian Dollars,primary,"https://data.api.abs.gov.au/rest/data/ABS,ANA_AGG,1.0.0/all?startPeriod=2000&format=csv",2026-08-25T13:07:06.254Z
2010-Q4,GDP per capita,GPM_PCA,Chain volume measures,M1,Original,22825,Australian Dollars,primary,"https://data.api.abs.gov.au/rest/data/ABS,ANA_AGG,1.0.0/all?startPeriod=2000&format=csv",2026-08-25T13:07:06.254Z
2010-Q4,GDP per capita,GPM_PCA,Chain volume measures - Percentage changes,M2,Seasonally Adjusted,0.5,Percent,primary,"https://data.api.abs.gov.au/rest/data/ABS,ANA_AGG,1.0.0/all?startPeriod=2000&format=csv",2026-08-25T13:07:06.254Z
2010-Q4,GDP per capita,GPM_PCA,Chain volume measures - Percentage changes,M2,Original,4.8,Percent,primary,"https://data.api.abs.gov.au/rest/data/ABS,ANA_AGG,1.0.0/all?startPeriod=2000&format=csv",2026-08-25T13:07:06.254Z
2010-Q4,GDP per capita,GPM_PCA,Chain volume measures - Percentage changes,M2,Trend,0.1,Percent,primary,"https://data.api.abs.gov.au/rest/data/ABS,ANA_AGG,1.0.0/all?startPeriod=2000&format=csv",2026-08-25T13:07:06.254Z
2011-Q1,Gross domestic product,GPM,Chain volume measures,M1,Seasonally Adjusted,484880,Australian Dollars,primary,"https://data.api.abs.gov.au/rest/data/ABS,ANA_AGG,1.0.0/all?startPeriod=2000&format=csv",2026-08-25T13:07:06.254Z
2011-Q1,Gross domestic product,GPM,Chain volume measures,M1,Original,464112,Australian Dollars,primary,"https://data.api.abs.gov.au/rest/data/ABS,ANA_AGG,1.0.0/all?startPeriod=2000&format=csv",2026-08-25T13:07:06.254Z
2011-Q1,Gross domestic product,GPM,Chain volume measures,M1,Trend,486889,Australian Dollars,primary,"https://data.api.abs.gov.au/rest/data/ABS,ANA_AGG,1.0.0/all?startPeriod=2000&format=csv",2026-08-25T13:07:06.254Z
2011-Q1,Gross domestic product,GPM,Chain volume measures - Percentage changes,M2,Seasonally Adjusted,-0.3,Percent,primary,"https://data.api.abs.gov.au/rest/data/ABS,ANA_AGG,1.0.0/all?startPeriod=2000&format=csv",2026-08-25T13:07:06.254Z
2011-Q1,Gross domestic product,GPM,Chain volume measures - Percentage changes,M2,Trend,0.5,Percent,primary,"https://data.api.abs.gov.au/rest/data/ABS,ANA_AGG,1.0.0/all?startPeriod=2000&format=csv",2026-08-25T13:07:06.254Z
2011-Q1,Gross domestic product,GPM,Chain volume measures - Percentage changes,M2,Original,-8.3,Percent,primary,"https://data.api.abs.gov.au/rest/data/ABS,ANA_AGG,1.0.0/all?startPeriod=2000&format=csv",2026-08-25T13:07:06.254Z
2011-Q1,GDP per capita,GPM_PCA,Chain volume measures,M1,Trend,21878,Australian Dollars,primary,"https://data.api.abs.gov.au/rest/data/ABS,ANA_AGG,1.0.0/all?startPeriod=2000&format=csv",2026-08-25T13:07:06.254Z
2011-Q1,GDP per capita,GPM_PCA,Chain volume measures,M1,Seasonally Adjusted,21787,Australian Dollars,primary,"https://data.api.abs.gov.au/rest/data/ABS,ANA_AGG,1.0.0/all?startPeriod=2000&format=csv",2026-08-25T13:07:06.254Z
2011-Q1,GDP per capita,GPM_PCA,Chain volume measures,M1,Original,20844,Australian Dollars,primary,"https://data.api.abs.gov.au/rest/data/ABS,ANA_AGG,1.0.0/all?startPeriod=2000&format=csv",2026-08-25T13:07:06.254Z
2011-Q1,GDP per capita,GPM_PCA,Chain volume measures - Percentage changes,M2,Seasonally Adjusted,-0.6,Percent,primary,"https://data.api.abs.gov.au/rest/data/ABS,ANA_AGG,1.0.0/all?startPeriod=2000&format=csv",2026-08-25T13:07:06.254Z
2011-Q1,GDP per capita,GPM_PCA,Chain volume measures - Percentage changes,M2,Original,-8.7,Percent,primary,"https://data.api.abs.gov.au/rest/data/ABS,ANA_AGG,1.0.0/all?startPeriod=2000&format=csv",2026-08-25T13:07:06.254Z
2011-Q1,GDP per capita,GPM_PCA,Chain volume measures - Percentage changes,M2,Trend,0.1,Percent,primary,"https://data.api.abs.gov.au/rest/data/ABS,ANA_AGG,1.0.0/all?startPeriod=2000&format=csv",2026-08-25T13:07:06.254Z
2011-Q2,Gross domestic product,GPM,Chain volume measures,M1,Seasonally Adjusted,490735,Australian Dollars,primary,"https://data.api.abs.gov.au/rest/data/ABS,ANA_AGG,1.0.0/all?startPeriod=2000&format=csv",2026-08-25T13:07:06.254Z
2011-Q2,Gross domestic product,GPM,Chain volume measures,M1,Original,492605,Australian Dollars,primary,"https://data.api.abs.gov.au/rest/data/ABS,ANA_AGG,1.0.0/all?startPeriod=2000&format=csv",2026-08-25T13:07:06.254Z
2011-Q2,Gross domestic product,GPM,Chain volume measures,M1,Trend,490954,Australian Dollars,primary,"https://data.api.abs.gov.au/rest/data/ABS,ANA_AGG,1.0.0/all?startPeriod=2000&format=csv",2026-08-25T13:07:06.254Z
2011-Q2,Gross domestic product,GPM,Chain volume measures - Percentage changes,M2,Seasonally Adjusted,1.2,Percent,primary,"https://data.api.abs.gov.au/rest/data/ABS,ANA_AGG,1.0.0/all?startPeriod=2000&format=csv",2026-08-25T13:07:06.254Z
2011-Q2,Gross domestic product,GPM,Chain volume measures - Percentage changes,M2,Trend,0.8,Percent,primary,"https://data.api.abs.gov.au/rest/data/ABS,ANA_AGG,1.0.0/all?startPeriod=2000&format=csv",2026-08-25T13:07:06.254Z
2011-Q2,Gross domestic product,GPM,Chain volume measures - Percentage changes,M2,Original,6.1,Percent,primary,"https://data.api.abs.gov.au/rest/data/ABS,ANA_AGG,1.0.0/all?startPeriod=2000&format=csv",2026-08-25T13:07:06.254Z
2011-Q2,GDP per capita,GPM_PCA,Chain volume measures,M1,Trend,21977,Australian Dollars,primary,"https://data.api.abs.gov.au/rest/data/ABS,ANA_AGG,1.0.0/all?startPeriod=2000&format=csv",2026-08-25T13:07:06.254Z
2011-Q2,GDP per capita,GPM_PCA,Chain volume measures,M1,Seasonally Adjusted,21968,Australian Dollars,primary,"https://data.api.abs.gov.au/rest/data/ABS,ANA_AGG,1.0.0/all?startPeriod=2000&format=csv",2026-08-25T13:07:06.254Z
2011-Q2,GDP per capita,GPM_PCA,Chain volume measures,M1,Original,22053,Australian Dollars,primary,"https://data.api.abs.gov.au/rest/data/ABS,ANA_AGG,1.0.0/all?startPeriod=2000&format=csv",2026-08-25T13:07:06.254Z
2011-Q2,GDP per capita,GPM_PCA,Chain volume measures - Percentage changes,M2,Seasonally Adjusted,0.8,Percent,primary,"https://data.api.abs.gov.au/rest/data/ABS,ANA_AGG,1.0.0/all?startPeriod=2000&format=csv",2026-08-25T13:07:06.254Z
2011-Q2,GDP per capita,GPM_PCA,Chain volume measures - Percentage changes,M2,Original,5.8,Percent,primary,"https://data.api.abs.gov.au/rest/data/ABS,ANA_AGG,1.0.0/all?startPeriod=2000&format=csv",2026-08-25T13:07:06.254Z
2011-Q2,GDP per capita,GPM_PCA,Chain volume measures - Percentage changes,M2,Trend,0.5,Percent,primary,"https://data.api.abs.gov.au/rest/data/ABS,ANA_AGG,1.0.0/all?startPeriod=2000&format=csv",2026-08-25T13:07:06.254Z
2011-Q3,Gross domestic product,GPM,Chain volume measures,M1,Seasonally Adjusted,497577,Australian Dollars,primary,"https://data.api.abs.gov.au/rest/data/ABS,ANA_AGG,1.0.0/all?startPeriod=2000&format=csv",2026-08-25T13:07:06.254Z
2011-Q3,Gross domestic product,GPM,Chain volume measures,M1,Original,495818,Australian Dollars,primary,"https://data.api.abs.gov.au/rest/data/ABS,ANA_AGG,1.0.0/all?startPeriod=2000&format=csv",2026-08-25T13:07:06.254Z
2011-Q3,Gross domestic product,GPM,Chain volume measures,M1,Trend,496894,Australian Dollars,primary,"https://data.api.abs.gov.au/rest/data/ABS,ANA_AGG,1.0.0/all?startPeriod=2000&format=csv",2026-08-25T13:07:06.254Z
2011-Q3,Gross domestic product,GPM,Chain volume measures - Percentage changes,M2,Seasonally Adjusted,1.4,Percent,primary,"https://data.api.abs.gov.au/rest/data/ABS,ANA_AGG,1.0.0/all?startPeriod=2000&format=csv",2026-08-25T13:07:06.254Z
2011-Q3,Gross domestic product,GPM,Chain volume measures - Percentage changes,M2,Trend,1.2,Percent,primary,"https://data.api.abs.gov.au/rest/data/ABS,ANA_AGG,1.0.0/all?startPeriod=2000&format=csv",2026-08-25T13:07:06.254Z
2011-Q3,Gross domestic product,GPM,Chain volume measures - Percentage changes,M2,Original,0.7,Percent,primary,"https://data.api.abs.gov.au/rest/data/ABS,ANA_AGG,1.0.0/all?startPeriod=2000&format=csv",2026-08-25T13:07:06.254Z
2011-Q3,GDP per capita,GPM_PCA,Chain volume measures,M1,Trend,22152,Australian Dollars,primary,"https://data.api.abs.gov.au/rest/data/ABS,ANA_AGG,1.0.0/all?startPeriod=2000&format=csv",2026-08-25T13:07:06.254Z
2011-Q3,GDP per capita,GPM_PCA,Chain volume measures,M1,Seasonally Adjusted,22183,Australian Dollars,primary,"https://data.api.abs.gov.au/rest/data/ABS,ANA_AGG,1.0.0/all?startPeriod=2000&format=csv",2026-08-25T13:07:06.254Z
2011-Q3,GDP per capita,GPM_PCA,Chain volume measures,M1,Original,22105,Australian Dollars,primary,"https://data.api.abs.gov.au/rest/data/ABS,ANA_AGG,1.0.0/all?startPeriod=2000&format=csv",2026-08-25T13:07:06.254Z
2011-Q3,GDP per capita,GPM_PCA,Chain volume measures - Percentage changes,M2,Seasonally Adjusted,1,Percent,primary,"https://data.api.abs.gov.au/rest/data/ABS,ANA_AGG,1.0.0/all?startPeriod=2000&format=csv",2026-08-25T13:07:06.254Z
2011-Q3,GDP per capita,GPM_PCA,Chain volume measures - Percentage changes,M2,Original,0.2,Percent,primary,"https://data.api.abs.gov.au/rest/data/ABS,ANA_AGG,1.0.0/all?startPeriod=2000&format=csv",2026-08-25T13:07:06.254Z
2011-Q3,GDP per capita,GPM_PCA,Chain volume measures - Percentage changes,M2,Trend,0.8,Percent,primary,"https://data.api.abs.gov.au/rest/data/ABS,ANA_AGG,1.0.0/all?startPeriod=2000&format=csv",2026-08-25T13:07:06.254Z
2011-Q4,Gross domestic product,GPM,Chain volume measures,M1,Seasonally Adjusted,503106,Australian Dollars,primary,"https://data.api.abs.gov.au/rest/data/ABS,ANA_AGG,1.0.0/all?startPeriod=2000&format=csv",2026-08-25T13:07:06.254Z
2011-Q4,Gross domestic product,GPM,Chain volume measures,M1,Original,522602,Australian Dollars,primary,"https://data.api.abs.gov.au/rest/data/ABS,ANA_AGG,1.0.0/all?startPeriod=2000&format=csv",2026-08-25T13:07:06.254Z
2011-Q4,Gross domestic product,GPM,Chain volume measures,M1,Trend,503180,Australian Dollars,primary,"https://data.api.abs.gov.au/rest/data/ABS,ANA_AGG,1.0.0/all?startPeriod=2000&format=csv",2026-08-25T13:07:06.254Z
2011-Q4,Gross domestic product,GPM,Chain volume measures - Percentage changes,M2,Seasonally Adjusted,1.1,Percent,primary,"https://data.api.abs.gov.au/rest/data/ABS,ANA_AGG,1.0.0/all?startPeriod=2000&format=csv",2026-08-25T13:07:06.254Z
2011-Q4,Gross domestic product,GPM,Chain volume measures - Percentage changes,M2,Trend,1.3,Percent,primary,"https://data.api.abs.gov.au/rest/data/ABS,ANA_AGG,1.0.0/all?startPeriod=2000&format=csv",2026-08-25T13:07:06.254Z
2011-Q4,Gross domestic product,GPM,Chain volume measures - Percentage changes,M2,Original,5.4,Percent,primary,"https://data.api.abs.gov.au/rest/data/ABS,ANA_AGG,1.0.0/all?startPeriod=2000&format=csv",2026-08-25T13:07:06.254Z
2011-Q4,GDP per capita,GPM_PCA,Chain volume measures,M1,Trend,22336,Australian Dollars,primary,"https://data.api.abs.gov.au/rest/data/ABS,ANA_AGG,1.0.0/all?startPeriod=2000&format=csv",2026-08-25T13:07:06.254Z
2011-Q4,GDP per capita,GPM_PCA,Chain volume measures,M1,Seasonally Adjusted,22333,Australian Dollars,primary,"https://data.api.abs.gov.au/rest/data/ABS,ANA_AGG,1.0.0/all?startPeriod=2000&format=csv",2026-08-25T13:07:06.254Z
2011-Q4,GDP per capita,GPM_PCA,Chain volume measures,M1,Original,23207,Australian Dollars,primary,"https://data.api.abs.gov.au/rest/data/ABS,ANA_AGG,1.0.0/all?startPeriod=2000&format=csv",2026-08-25T13:07:06.254Z
2011-Q4,GDP per capita,GPM_PCA,Chain volume measures - Percentage changes,M2,Seasonally Adjusted,0.7,Percent,primary,"https://data.api.abs.gov.au/rest/data/ABS,ANA_AGG,1.0.0/all?startPeriod=2000&format=csv",2026-08-25T13:07:06.254Z
2011-Q4,GDP per capita,GPM_PCA,Chain volume measures - Percentage changes,M2,Original,5,Percent,primary,"https://data.api.abs.gov.au/rest/data/ABS,ANA_AGG,1.0.0/all?startPeriod=2000&format=csv",2026-08-25T13:07:06.254Z
2011-Q4,GDP per capita,GPM_PCA,Chain volume measures - Percentage changes,M2,Trend,0.8,Percent,primary,"https://data.api.abs.gov.au/rest/data/ABS,ANA_AGG,1.0.0/all?startPeriod=2000&format=csv",2026-08-25T13:07:06.254Z
2012-Q1,Gross domestic product,GPM,Chain volume measures,M1,Seasonally Adjusted,508343,Australian Dollars,primary,"https://data.api.abs.gov.au/rest/data/ABS,ANA_AGG,1.0.0/all?startPeriod=2000&format=csv",2026-08-25T13:07:06.254Z
2012-Q1,Gross domestic product,GPM,Chain volume measures,M1,Original,486751,Australian Dollars,primary,"https://data.api.abs.gov.au/rest/data/ABS,ANA_AGG,1.0.0/all?startPeriod=2000&format=csv",2026-08-25T13:07:06.254Z
2012-Q1,Gross domestic product,GPM,Chain volume measures,M1,Trend,508145,Australian Dollars,primary,"https://data.api.abs.gov.au/rest/data/ABS,ANA_AGG,1.0.0/all?startPeriod=2000&format=csv",2026-08-25T13:07:06.254Z
2012-Q1,Gross domestic product,GPM,Chain volume measures - Percentage changes,M2,Seasonally Adjusted,1,Percent,primary,"https://data.api.abs.gov.au/rest/data/ABS,ANA_AGG,1.0.0/all?startPeriod=2000&format=csv",2026-08-25T13:07:06.254Z
2012-Q1,Gross domestic product,GPM,Chain volume measures - Percentage changes,M2,Trend,1,Percent,primary,"https://data.api.abs.gov.au/rest/data/ABS,ANA_AGG,1.0.0/all?startPeriod=2000&format=csv",2026-08-25T13:07:06.254Z
2012-Q1,Gross domestic product,GPM,Chain volume measures - Percentage changes,M2,Original,-6.9,Percent,primary,"https://data.api.abs.gov.au/rest/data/ABS,ANA_AGG,1.0.0/all?startPeriod=2000&format=csv",2026-08-25T13:07:06.254Z
2012-Q1,GDP per capita,GPM_PCA,Chain volume measures,M1,Trend,22456,Australian Dollars,primary,"https://data.api.abs.gov.au/rest/data/ABS,ANA_AGG,1.0.0/all?startPeriod=2000&format=csv",2026-08-25T13:07:06.254Z
2012-Q1,GDP per capita,GPM_PCA,Chain volume measures,M1,Seasonally Adjusted,22466,Australian Dollars,primary,"https://data.api.abs.gov.au/rest/data/ABS,ANA_AGG,1.0.0/all?startPeriod=2000&format=csv",2026-08-25T13:07:06.254Z
2012-Q1,GDP per capita,GPM_PCA,Chain volume measures,M1,Original,21502,Australian Dollars,primary,"https://data.api.abs.gov.au/rest/data/ABS,ANA_AGG,1.0.0/all?startPeriod=2000&format=csv",2026-08-25T13:07:06.254Z
2012-Q1,GDP per capita,GPM_PCA,Chain volume measures - Percentage changes,M2,Seasonally Adjusted,0.6,Percent,primary,"https://data.api.abs.gov.au/rest/data/ABS,ANA_AGG,1.0.0/all?startPeriod=2000&format=csv",2026-08-25T13:07:06.254Z
2012-Q1,GDP per capita,GPM_PCA,Chain volume measures - Percentage changes,M2,Original,-7.3,Percent,primary,"https://data.api.abs.gov.au/rest/data/ABS,ANA_AGG,1.0.0/all?startPeriod=2000&format=csv",2026-08-25T13:07:06.254Z
2012-Q1,GDP per capita,GPM_PCA,Chain volume measures - Percentage changes,M2,Trend,0.5,Percent,primary,"https://data.api.abs.gov.au/rest/data/ABS,ANA_AGG,1.0.0/all?startPeriod=2000&format=csv",2026-08-25T13:07:06.254Z
2012-Q2,Gross domestic product,GPM,Chain volume measures,M1,Seasonally Adjusted,511992,Australian Dollars,primary,"https://data.api.abs.gov.au/rest/data/ABS,ANA_AGG,1.0.0/all?startPeriod=2000&format=csv",2026-08-25T13:07:06.254Z
2012-Q2,Gross domestic product,GPM,Chain volume measures,M1,Original,515848,Australian Dollars,primary,"https://data.api.abs.gov.au/rest/data/ABS,ANA_AGG,1.0.0/all?startPeriod=2000&format=csv",2026-08-25T13:07:06.254Z
2012-Q2,Gross domestic product,GPM,Chain volume measures,M1,Trend,512010,Australian Dollars,primary,"https://data.api.abs.gov.au/rest/data/ABS,ANA_AGG,1.0.0/all?startPeriod=2000&format=csv",2026-08-25T13:07:06.254Z
2012-Q2,Gross domestic product,GPM,Chain volume measures - Percentage changes,M2,Seasonally Adjusted,0.7,Percent,primary,"https://data.api.abs.gov.au/rest/data/ABS,ANA_AGG,1.0.0/all?startPeriod=2000&format=csv",2026-08-25T13:07:06.254Z
2012-Q2,Gross domestic product,GPM,Chain volume measures - Percentage changes,M2,Trend,0.8,Percent,primary,"https://data.api.abs.gov.au/rest/data/ABS,ANA_AGG,1.0.0/all?startPeriod=2000&format=csv",2026-08-25T13:07:06.254Z
2012-Q2,Gross domestic product,GPM,Chain volume measures - Percentage changes,M2,Original,6,Percent,primary,"https://data.api.abs.gov.au/rest/data/ABS,ANA_AGG,1.0.0/all?startPeriod=2000&format=csv",2026-08-25T13:07:06.254Z
2012-Q2,GDP per capita,GPM_PCA,Chain volume measures,M1,Trend,22525,Australian Dollars,primary,"https://data.api.abs.gov.au/rest/data/ABS,ANA_AGG,1.0.0/all?startPeriod=2000&format=csv",2026-08-25T13:07:06.254Z
2012-Q2,GDP per capita,GPM_PCA,Chain volume measures,M1,Seasonally Adjusted,22523,Australian Dollars,primary,"https://data.api.abs.gov.au/rest/data/ABS,ANA_AGG,1.0.0/all?startPeriod=2000&format=csv",2026-08-25T13:07:06.254Z
2012-Q2,GDP per capita,GPM_PCA,Chain volume measures,M1,Original,22694,Australian Dollars,primary,"https://data.api.abs.gov.au/rest/data/ABS,ANA_AGG,1.0.0/all?startPeriod=2000&format=csv",2026-08-25T13:07:06.254Z
2012-Q2,GDP per capita,GPM_PCA,Chain volume measures - Percentage changes,M2,Seasonally Adjusted,0.3,Percent,primary,"https://data.api.abs.gov.au/rest/data/ABS,ANA_AGG,1.0.0/all?startPeriod=2000&format=csv",2026-08-25T13:07:06.254Z
2012-Q2,GDP per capita,GPM_PCA,Chain volume measures - Percentage changes,M2,Original,5.5,Percent,primary,"https://data.api.abs.gov.au/rest/data/ABS,ANA_AGG,1.0.0/all?startPeriod=2000&format=csv",2026-08-25T13:07:06.254Z
2012-Q2,GDP per capita,GPM_PCA,Chain volume measures - Percentage changes,M2,Trend,0.3,Percent,primary,"https://data.api.abs.gov.au/rest/data/ABS,ANA_AGG,1.0.0/all?startPeriod=2000&format=csv",2026-08-25T13:07:06.254Z
2012-Q3,Gross domestic product,GPM,Chain volume measures,M1,Seasonally Adjusted,515130,Australian Dollars,primary,"https://data.api.abs.gov.au/rest/data/ABS,ANA_AGG,1.0.0/all?startPeriod=2000&format=csv",2026-08-25T13:07:06.254Z
2012-Q3,Gross domestic product,GPM,Chain volume measures,M1,Original,514428,Australian Dollars,primary,"https://data.api.abs.gov.au/rest/data/ABS,ANA_AGG,1.0.0/all?startPeriod=2000&format=csv",2026-08-25T13:07:06.254Z
2012-Q3,Gross domestic product,GPM,Chain volume measures,M1,Trend,515069,Australian Dollars,primary,"https://data.api.abs.gov.au/rest/data/ABS,ANA_AGG,1.0.0/all?startPeriod=2000&format=csv",2026-08-25T13:07:06.254Z
2012-Q3,Gross domestic product,GPM,Chain volume measures - Percentage changes,M2,Seasonally Adjusted,0.6,Percent,primary,"https://data.api.abs.gov.au/rest/data/ABS,ANA_AGG,1.0.0/all?startPeriod=2000&format=csv",2026-08-25T13:07:06.254Z
2012-Q3,Gross domestic product,GPM,Chain volume measures - Percentage changes,M2,Trend,0.6,Percent,primary,"https://data.api.abs.gov.au/rest/data/ABS,ANA_AGG,1.0.0/all?startPeriod=2000&format=csv",2026-08-25T13:07:06.254Z
2012-Q3,Gross domestic product,GPM,Chain volume measures - Percentage changes,M2,Original,-0.3,Percent,primary,"https://data.api.abs.gov.au/rest/data/ABS,ANA_AGG,1.0.0/all?startPeriod=2000&format=csv",2026-08-25T13:07:06.254Z
2012-Q3,GDP per capita,GPM_PCA,Chain volume measures,M1,Trend,22559,Australian Dollars,primary,"https://data.api.abs.gov.au/rest/data/ABS,ANA_AGG,1.0.0/all?startPeriod=2000&format=csv",2026-08-25T13:07:06.254Z
2012-Q3,GDP per capita,GPM_PCA,Chain volume measures,M1,Seasonally Adjusted,22562,Australian Dollars,primary,"https://data.api.abs.gov.au/rest/data/ABS,ANA_AGG,1.0.0/all?startPeriod=2000&format=csv",2026-08-25T13:07:06.254Z
2012-Q3,GDP per capita,GPM_PCA,Chain volume measures,M1,Original,22532,Australian Dollars,primary,"https://data.api.abs.gov.au/rest/data/ABS,ANA_AGG,1.0.0/all?startPeriod=2000&format=csv",2026-08-25T13:07:06.254Z
2012-Q3,GDP per capita,GPM_PCA,Chain volume measures - Percentage changes,M2,Seasonally Adjusted,0.2,Percent,primary,"https://data.api.abs.gov.au/rest/data/ABS,ANA_AGG,1.0.0/all?startPeriod=2000&format=csv",2026-08-25T13:07:06.254Z
2012-Q3,GDP per capita,GPM_PCA,Chain volume measures - Percentage changes,M2,Original,-0.7,Percent,primary,"https://data.api.abs.gov.au/rest/data/ABS,ANA_AGG,1.0.0/all?startPeriod=2000&format=csv",2026-08-25T13:07:06.254Z
2012-Q3,GDP per capita,GPM_PCA,Chain volume measures - Percentage changes,M2,Trend,0.1,Percent,primary,"https://data.api.abs.gov.au/rest/data/ABS,ANA_AGG,1.0.0/all?startPeriod=2000&format=csv",2026-08-25T13:07:06.254Z
2012-Q4,Gross domestic product,GPM,Chain volume measures,M1,Seasonally Adjusted,517406,Australian Dollars,primary,"https://data.api.abs.gov.au/rest/data/ABS,ANA_AGG,1.0.0/all?startPeriod=2000&format=csv",2026-08-25T13:07:06.254Z
2012-Q4,Gross domestic product,GPM,Chain volume measures,M1,Original,537399,Australian Dollars,primary,"https://data.api.abs.gov.au/rest/data/ABS,ANA_AGG,1.0.0/all?startPeriod=2000&format=csv",2026-08-25T13:07:06.254Z
2012-Q4,Gross domestic product,GPM,Chain volume measures,M1,Trend,517485,Australian Dollars,primary,"https://data.api.abs.gov.au/rest/data/ABS,ANA_AGG,1.0.0/all?startPeriod=2000&format=csv",2026-08-25T13:07:06.254Z
2012-Q4,Gross domestic product,GPM,Chain volume measures - Percentage changes,M2,Seasonally Adjusted,0.4,Percent,primary,"https://data.api.abs.gov.au/rest/data/ABS,ANA_AGG,1.0.0/all?startPeriod=2000&format=csv",2026-08-25T13:07:06.254Z
2012-Q4,Gross domestic product,GPM,Chain volume measures - Percentage changes,M2,Trend,0.5,Percent,primary,"https://data.api.abs.gov.au/rest/data/ABS,ANA_AGG,1.0.0/all?startPeriod=2000&format=csv",2026-08-25T13:07:06.254Z
2012-Q4,Gross domestic product,GPM,Chain volume measures - Percentage changes,M2,Original,4.5,Percent,primary,"https://data.api.abs.gov.au/rest/data/ABS,ANA_AGG,1.0.0/all?startPeriod=2000&format=csv",2026-08-25T13:07:06.254Z
2012-Q4,GDP per capita,GPM_PCA,Chain volume measures,M1,Trend,22566,Australian Dollars,primary,"https://data.api.abs.gov.au/rest/data/ABS,ANA_AGG,1.0.0/all?startPeriod=2000&format=csv",2026-08-25T13:07:06.254Z
2012-Q4,GDP per capita,GPM_PCA,Chain volume measures,M1,Seasonally Adjusted,22561,Australian Dollars,primary,"https://data.api.abs.gov.au/rest/data/ABS,ANA_AGG,1.0.0/all?startPeriod=2000&format=csv",2026-08-25T13:07:06.254Z
2012-Q4,GDP per capita,GPM_PCA,Chain volume measures,M1,Original,23442,Australian Dollars,primary,"https://data.api.abs.gov.au/rest/data/ABS,ANA_AGG,1.0.0/all?startPeriod=2000&format=csv",2026-08-25T13:07:06.254Z
2012-Q4,GDP per capita,GPM_PCA,Chain volume measures - Percentage changes,M2,Seasonally Adjusted,0,Percent,primary,"https://data.api.abs.gov.au/rest/data/ABS,ANA_AGG,1.0.0/all?startPeriod=2000&format=csv",2026-08-25T13:07:06.254Z
2012-Q4,GDP per capita,GPM_PCA,Chain volume measures - Percentage changes,M2,Original,4,Percent,primary,"https://data.api.abs.gov.au/rest/data/ABS,ANA_AGG,1.0.0/all?startPeriod=2000&format=csv",2026-08-25T13:07:06.254Z
2012-Q4,GDP per capita,GPM_PCA,Chain volume measures - Percentage changes,M2,Trend,0,Percent,primary,"https://data.api.abs.gov.au/rest/data/ABS,ANA_AGG,1.0.0/all?startPeriod=2000&format=csv",2026-08-25T13:07:06.254Z
2013-Q1,Gross domestic product,GPM,Chain volume measures,M1,Seasonally Adjusted,520081,Australian Dollars,primary,"https://data.api.abs.gov.au/rest/data/ABS,ANA_AGG,1.0.0/all?startPeriod=2000&format=csv",2026-08-25T13:07:06.254Z
2013-Q1,Gross domestic product,GPM,Chain volume measures,M1,Original,497682,Australian Dollars,primary,"https://data.api.abs.gov.au/rest/data/ABS,ANA_AGG,1.0.0/all?startPeriod=2000&format=csv",2026-08-25T13:07:06.254Z
2013-Q1,Gross domestic product,GPM,Chain volume measures,M1,Trend,519816,Australian Dollars,primary,"https://data.api.abs.gov.au/rest/data/ABS,ANA_AGG,1.0.0/all?startPeriod=2000&format=csv",2026-08-25T13:07:06.254Z
2013-Q1,Gross domestic product,GPM,Chain volume measures - Percentage changes,M2,Seasonally Adjusted,0.5,Percent,primary,"https://data.api.abs.gov.au/rest/data/ABS,ANA_AGG,1.0.0/all?startPeriod=2000&format=csv",2026-08-25T13:07:06.254Z
2013-Q1,Gross domestic product,GPM,Chain volume measures - Percentage changes,M2,Trend,0.5,Percent,primary,"https://data.api.abs.gov.au/rest/data/ABS,ANA_AGG,1.0.0/all?startPeriod=2000&format=csv",2026-08-25T13:07:06.254Z
2013-Q1,Gross domestic product,GPM,Chain volume measures - Percentage changes,M2,Original,-7.4,Percent,primary,"https://data.api.abs.gov.au/rest/data/ABS,ANA_AGG,1.0.0/all?startPeriod=2000&format=csv",2026-08-25T13:07:06.254Z
2013-Q1,GDP per capita,GPM_PCA,Chain volume measures,M1,Trend,22571,Australian Dollars,primary,"https://data.api.abs.gov.au/rest/data/ABS,ANA_AGG,1.0.0/all?startPeriod=2000&format=csv",2026-08-25T13:07:06.254Z
2013-Q1,GDP per capita,GPM_PCA,Chain volume measures,M1,Seasonally Adjusted,22584,Australian Dollars,primary,"https://data.api.abs.gov.au/rest/data/ABS,ANA_AGG,1.0.0/all?startPeriod=2000&format=csv",2026-08-25T13:07:06.254Z
2013-Q1,GDP per capita,GPM_PCA,Chain volume measures,M1,Original,21601,Australian Dollars,primary,"https://data.api.abs.gov.au/rest/data/ABS,ANA_AGG,1.0.0/all?startPeriod=2000&format=csv",2026-08-25T13:07:06.254Z
2013-Q1,GDP per capita,GPM_PCA,Chain volume measures - Percentage changes,M2,Seasonally Adjusted,0.1,Percent,primary,"https://data.api.abs.gov.au/rest/data/ABS,ANA_AGG,1.0.0/all?startPeriod=2000&format=csv",2026-08-25T13:07:06.254Z
2013-Q1,GDP per capita,GPM_PCA,Chain volume measures - Percentage changes,M2,Original,-7.9,Percent,primary,"https://data.api.abs.gov.au/rest/data/ABS,ANA_AGG,1.0.0/all?startPeriod=2000&format=csv",2026-08-25T13:07:06.254Z
2013-Q1,GDP per capita,GPM_PCA,Chain volume measures - Percentage changes,M2,Trend,0,Percent,primary,"https://data.api.abs.gov.au/rest/data/ABS,ANA_AGG,1.0.0/all?startPeriod=2000&format=csv",2026-08-25T13:07:06.254Z
2013-Q2,Gross domestic product,GPM,Chain volume measures,M1,Seasonally Adjusted,522048,Australian Dollars,primary,"https://data.api.abs.gov.au/rest/data/ABS,ANA_AGG,1.0.0/all?startPeriod=2000&format=csv",2026-08-25T13:07:06.254Z
2013-Q2,Gross domestic product,GPM,Chain volume measures,M1,Original,525156,Australian Dollars,primary,"https://data.api.abs.gov.au/rest/data/ABS,ANA_AGG,1.0.0/all?startPeriod=2000&format=csv",2026-08-25T13:07:06.254Z
2013-Q2,Gross domestic product,GPM,Chain volume measures,M1,Trend,522623,Australian Dollars,primary,"https://data.api.abs.gov.au/rest/data/ABS,ANA_AGG,1.0.0/all?startPeriod=2000&format=csv",2026-08-25T13:07:06.254Z
2013-Q2,Gross domestic product,GPM,Chain volume measures - Percentage changes,M2,Seasonally Adjusted,0.4,Percent,primary,"https://data.api.abs.gov.au/rest/data/ABS,ANA_AGG,1.0.0/all?startPeriod=2000&format=csv",2026-08-25T13:07:06.254Z
2013-Q2,Gross domestic product,GPM,Chain volume measures - Percentage changes,M2,Trend,0.5,Percent,primary,"https://data.api.abs.gov.au/rest/data/ABS,ANA_AGG,1.0.0/all?startPeriod=2000&format=csv",2026-08-25T13:07:06.254Z
2013-Q2,Gross domestic product,GPM,Chain volume measures - Percentage changes,M2,Original,5.5,Percent,primary,"https://data.api.abs.gov.au/rest/data/ABS,ANA_AGG,1.0.0/all?startPeriod=2000&format=csv",2026-08-25T13:07:06.254Z
2013-Q2,GDP per capita,GPM_PCA,Chain volume measures,M1,Trend,22599,Australian Dollars,primary,"https://data.api.abs.gov.au/rest/data/ABS,ANA_AGG,1.0.0/all?startPeriod=2000&format=csv",2026-08-25T13:07:06.254Z
2013-Q2,GDP per capita,GPM_PCA,Chain volume measures,M1,Seasonally Adjusted,22573,Australian Dollars,primary,"https://data.api.abs.gov.au/rest/data/ABS,ANA_AGG,1.0.0/all?startPeriod=2000&format=csv",2026-08-25T13:07:06.254Z
2013-Q2,GDP per capita,GPM_PCA,Chain volume measures,M1,Original,22709,Australian Dollars,primary,"https://data.api.abs.gov.au/rest/data/ABS,ANA_AGG,1.0.0/all?startPeriod=2000&format=csv",2026-08-25T13:07:06.254Z
2013-Q2,GDP per capita,GPM_PCA,Chain volume measures - Percentage changes,M2,Seasonally Adjusted,0,Percent,primary,"https://data.api.abs.gov.au/rest/data/ABS,ANA_AGG,1.0.0/all?startPeriod=2000&format=csv",2026-08-25T13:07:06.254Z
2013-Q2,GDP per capita,GPM_PCA,Chain volume measures - Percentage changes,M2,Original,5.1,Percent,primary,"https://data.api.abs.gov.au/rest/data/ABS,ANA_AGG,1.0.0/all?startPeriod=2000&format=csv",2026-08-25T13:07:06.254Z
2013-Q2,GDP per capita,GPM_PCA,Chain volume measures - Percentage changes,M2,Trend,0.1,Percent,primary,"https://data.api.abs.gov.au/rest/data/ABS,ANA_AGG,1.0.0/all?startPeriod=2000&format=csv",2026-08-25T13:07:06.254Z
2013-Q3,Gross domestic product,GPM,Chain volume measures,M1,Seasonally Adjusted,526346,Australian Dollars,primary,"https://data.api.abs.gov.au/rest/data/ABS,ANA_AGG,1.0.0/all?startPeriod=2000&format=csv",2026-08-25T13:07:06.254Z
2013-Q3,Gross domestic product,GPM,Chain volume measures,M1,Original,525467,Australian Dollars,primary,"https://data.api.abs.gov.au/rest/data/ABS,ANA_AGG,1.0.0/all?startPeriod=2000&format=csv",2026-08-25T13:07:06.254Z
2013-Q3,Gross domestic product,GPM,Chain volume measures,M1,Trend,526289,Australian Dollars,primary,"https://data.api.abs.gov.au/rest/data/ABS,ANA_AGG,1.0.0/all?startPeriod=2000&format=csv",2026-08-25T13:07:06.254Z
2013-Q3,Gross domestic product,GPM,Chain volume measures - Percentage changes,M2,Seasonally Adjusted,0.8,Percent,primary,"https://data.api.abs.gov.au/rest/data/ABS,ANA_AGG,1.0.0/all?startPeriod=2000&format=csv",2026-08-25T13:07:06.254Z
2013-Q3,Gross domestic product,GPM,Chain volume measures - Percentage changes,M2,Trend,0.7,Percent,primary,"https://data.api.abs.gov.au/rest/data/ABS,ANA_AGG,1.0.0/all?startPeriod=2000&format=csv",2026-08-25T13:07:06.254Z
2013-Q3,Gross domestic product,GPM,Chain volume measures - Percentage changes,M2,Original,0.1,Percent,primary,"https://data.api.abs.gov.au/rest/data/ABS,ANA_AGG,1.0.0/all?startPeriod=2000&format=csv",2026-08-25T13:07:06.254Z
2013-Q3,GDP per capita,GPM_PCA,Chain volume measures,M1,Trend,22668,Australian Dollars,primary,"https://data.api.abs.gov.au/rest/data/ABS,ANA_AGG,1.0.0/all?startPeriod=2000&format=csv",2026-08-25T13:07:06.254Z
2013-Q3,GDP per capita,GPM_PCA,Chain volume measures,M1,Seasonally Adjusted,22670,Australian Dollars,primary,"https://data.api.abs.gov.au/rest/data/ABS,ANA_AGG,1.0.0/all?startPeriod=2000&format=csv",2026-08-25T13:07:06.254Z
2013-Q3,GDP per capita,GPM_PCA,Chain volume measures,M1,Original,22633,Australian Dollars,primary,"https://data.api.abs.gov.au/rest/data/ABS,ANA_AGG,1.0.0/all?startPeriod=2000&format=csv",2026-08-25T13:07:06.254Z
2013-Q3,GDP per capita,GPM_PCA,Chain volume measures - Percentage changes,M2,Seasonally Adjusted,0.4,Percent,primary,"https://data.api.abs.gov.au/rest/data/ABS,ANA_AGG,1.0.0/all?startPeriod=2000&format=csv",2026-08-25T13:07:06.254Z
2013-Q3,GDP per capita,GPM_PCA,Chain volume measures - Percentage changes,M2,Original,-0.3,Percent,primary,"https://data.api.abs.gov.au/rest/data/ABS,ANA_AGG,1.0.0/all?startPeriod=2000&format=csv",2026-08-25T13:07:06.254Z
2013-Q3,GDP per capita,GPM_PCA,Chain volume measures - Percentage changes,M2,Trend,0.3,Percent,primary,"https://data.api.abs.gov.au/rest/data/ABS,ANA_AGG,1.0.0/all?startPeriod=2000&format=csv",2026-08-25T13:07:06.254Z
2013-Q4,Gross domestic product,GPM,Chain volume measures,M1,Seasonally Adjusted,530450,Australian Dollars,primary,"https://data.api.abs.gov.au/rest/data/ABS,ANA_AGG,1.0.0/all?startPeriod=2000&format=csv",2026-08-25T13:07:06.254Z
2013-Q4,Gross domestic product,GPM,Chain volume measures,M1,Original,551215,Australian Dollars,primary,"https://data.api.abs.gov.au/rest/data/ABS,ANA_AGG,1.0.0/all?startPeriod=2000&format=csv",2026-08-25T13:07:06.254Z
2013-Q4,Gross domestic product,GPM,Chain volume measures,M1,Trend,530448,Australian Dollars,primary,"https://data.api.abs.gov.au/rest/data/ABS,ANA_AGG,1.0.0/all?startPeriod=2000&format=csv",2026-08-25T13:07:06.254Z
2013-Q4,Gross domestic product,GPM,Chain volume measures - Percentage changes,M2,Seasonally Adjusted,0.8,Percent,primary,"https://data.api.abs.gov.au/rest/data/ABS,ANA_AGG,1.0.0/all?startPeriod=2000&format=csv",2026-08-25T13:07:06.254Z
2013-Q4,Gross domestic product,GPM,Chain volume measures - Percentage changes,M2,Trend,0.8,Percent,primary,"https://data.api.abs.gov.au/rest/data/ABS,ANA_AGG,1.0.0/all?startPeriod=2000&format=csv",2026-08-25T13:07:06.254Z
2013-Q4,Gross domestic product,GPM,Chain volume measures - Percentage changes,M2,Original,4.9,Percent,primary,"https://data.api.abs.gov.au/rest/data/ABS,ANA_AGG,1.0.0/all?startPeriod=2000&format=csv",2026-08-25T13:07:06.254Z
2013-Q4,GDP per capita,GPM_PCA,Chain volume measures,M1,Trend,22761,Australian Dollars,primary,"https://data.api.abs.gov.au/rest/data/ABS,ANA_AGG,1.0.0/all?startPeriod=2000&format=csv",2026-08-25T13:07:06.254Z
2013-Q4,GDP per capita,GPM_PCA,Chain volume measures,M1,Seasonally Adjusted,22762,Australian Dollars,primary,"https://data.api.abs.gov.au/rest/data/ABS,ANA_AGG,1.0.0/all?startPeriod=2000&format=csv",2026-08-25T13:07:06.254Z
2013-Q4,GDP per capita,GPM_PCA,Chain volume measures,M1,Original,23663,Australian Dollars,primary,"https://data.api.abs.gov.au/rest/data/ABS,ANA_AGG,1.0.0/all?startPeriod=2000&format=csv",2026-08-25T13:07:06.254Z
2013-Q4,GDP per capita,GPM_PCA,Chain volume measures - Percentage changes,M2,Seasonally Adjusted,0.4,Percent,primary,"https://data.api.abs.gov.au/rest/data/ABS,ANA_AGG,1.0.0/all?startPeriod=2000&format=csv",2026-08-25T13:07:06.254Z
2013-Q4,GDP per capita,GPM_PCA,Chain volume measures - Percentage changes,M2,Original,4.6,Percent,primary,"https://data.api.abs.gov.au/rest/data/ABS,ANA_AGG,1.0.0/all?startPeriod=2000&format=csv",2026-08-25T13:07:06.254Z
2013-Q4,GDP per capita,GPM_PCA,Chain volume measures - Percentage changes,M2,Trend,0.4,Percent,primary,"https://data.api.abs.gov.au/rest/data/ABS,ANA_AGG,1.0.0/all?startPeriod=2000&format=csv",2026-08-25T13:07:06.254Z
2014-Q1,Gross domestic product,GPM,Chain volume measures,M1,Seasonally Adjusted,534586,Australian Dollars,primary,"https://data.api.abs.gov.au/rest/data/ABS,ANA_AGG,1.0.0/all?startPeriod=2000&format=csv",2026-08-25T13:07:06.254Z
2014-Q1,Gross domestic product,GPM,Chain volume measures,M1,Original,512400,Australian Dollars,primary,"https://data.api.abs.gov.au/rest/data/ABS,ANA_AGG,1.0.0/all?startPeriod=2000&format=csv",2026-08-25T13:07:06.254Z
2014-Q1,Gross domestic product,GPM,Chain volume measures,M1,Trend,534290,Australian Dollars,primary,"https://data.api.abs.gov.au/rest/data/ABS,ANA_AGG,1.0.0/all?startPeriod=2000&format=csv",2026-08-25T13:07:06.254Z
2014-Q1,Gross domestic product,GPM,Chain volume measures - Percentage changes,M2,Seasonally Adjusted,0.8,Percent,primary,"https://data.api.abs.gov.au/rest/data/ABS,ANA_AGG,1.0.0/all?startPeriod=2000&format=csv",2026-08-25T13:07:06.254Z
2014-Q1,Gross domestic product,GPM,Chain volume measures - Percentage changes,M2,Trend,0.7,Percent,primary,"https://data.api.abs.gov.au/rest/data/ABS,ANA_AGG,1.0.0/all?startPeriod=2000&format=csv",2026-08-25T13:07:06.254Z
2014-Q1,Gross domestic product,GPM,Chain volume measures - Percentage changes,M2,Original,-7,Percent,primary,"https://data.api.abs.gov.au/rest/data/ABS,ANA_AGG,1.0.0/all?startPeriod=2000&format=csv",2026-08-25T13:07:06.254Z
2014-Q1,GDP per capita,GPM_PCA,Chain volume measures,M1,Trend,22842,Australian Dollars,primary,"https://data.api.abs.gov.au/rest/data/ABS,ANA_AGG,1.0.0/all?startPeriod=2000&format=csv",2026-08-25T13:07:06.254Z
2014-Q1,GDP per capita,GPM_PCA,Chain volume measures,M1,Seasonally Adjusted,22853,Australian Dollars,primary,"https://data.api.abs.gov.au/rest/data/ABS,ANA_AGG,1.0.0/all?startPeriod=2000&format=csv",2026-08-25T13:07:06.254Z
2014-Q1,GDP per capita,GPM_PCA,Chain volume measures,M1,Original,21894,Australian Dollars,primary,"https://data.api.abs.gov.au/rest/data/ABS,ANA_AGG,1.0.0/all?startPeriod=2000&format=csv",2026-08-25T13:07:06.254Z
2014-Q1,GDP per capita,GPM_PCA,Chain volume measures - Percentage changes,M2,Seasonally Adjusted,0.4,Percent,primary,"https://data.api.abs.gov.au/rest/data/ABS,ANA_AGG,1.0.0/all?startPeriod=2000&format=csv",2026-08-25T13:07:06.254Z
2014-Q1,GDP per capita,GPM_PCA,Chain volume measures - Percentage changes,M2,Original,-7.5,Percent,primary,"https://data.api.abs.gov.au/rest/data/ABS,ANA_AGG,1.0.0/all?startPeriod=2000&format=csv",2026-08-25T13:07:06.254Z
2014-Q1,GDP per capita,GPM_PCA,Chain volume measures - Percentage changes,M2,Trend,0.4,Percent,primary,"https://data.api.abs.gov.au/rest/data/ABS,ANA_AGG,1.0.0/all?startPeriod=2000&format=csv",2026-08-25T13:07:06.254Z
2014-Q2,Gross domestic product,GPM,Chain volume measures,M1,Seasonally Adjusted,537250,Australian Dollars,primary,"https://data.api.abs.gov.au/rest/data/ABS,ANA_AGG,1.0.0/all?startPeriod=2000&format=csv",2026-08-25T13:07:06.254Z
2014-Q2,Gross domestic product,GPM,Chain volume measures,M1,Original,539550,Australian Dollars,primary,"https://data.api.abs.gov.au/rest/data/ABS,ANA_AGG,1.0.0/all?startPeriod=2000&format=csv",2026-08-25T13:07:06.254Z
2014-Q2,Gross domestic product,GPM,Chain volume measures,M1,Trend,537033,Australian Dollars,primary,"https://data.api.abs.gov.au/rest/data/ABS,ANA_AGG,1.0.0/all?startPeriod=2000&format=csv",2026-08-25T13:07:06.254Z
2014-Q2,Gross domestic product,GPM,Chain volume measures - Percentage changes,M2,Seasonally Adjusted,0.5,Percent,primary,"https://data.api.abs.gov.au/rest/data/ABS,ANA_AGG,1.0.0/all?startPeriod=2000&format=csv",2026-08-25T13:07:06.254Z
2014-Q2,Gross domestic product,GPM,Chain volume measures - Percentage changes,M2,Trend,0.5,Percent,primary,"https://data.api.abs.gov.au/rest/data/ABS,ANA_AGG,1.0.0/all?startPeriod=2000&format=csv",2026-08-25T13:07:06.254Z
2014-Q2,Gross domestic product,GPM,Chain volume measures - Percentage changes,M2,Original,5.3,Percent,primary,"https://data.api.abs.gov.au/rest/data/ABS,ANA_AGG,1.0.0/all?startPeriod=2000&format=csv",2026-08-25T13:07:06.254Z
2014-Q2,GDP per capita,GPM_PCA,Chain volume measures,M1,Trend,22876,Australian Dollars,primary,"https://data.api.abs.gov.au/rest/data/ABS,ANA_AGG,1.0.0/all?startPeriod=2000&format=csv",2026-08-25T13:07:06.254Z
2014-Q2,GDP per capita,GPM_PCA,Chain volume measures,M1,Seasonally Adjusted,22887,Australian Dollars,primary,"https://data.api.abs.gov.au/rest/data/ABS,ANA_AGG,1.0.0/all?startPeriod=2000&format=csv",2026-08-25T13:07:06.254Z
2014-Q2,GDP per capita,GPM_PCA,Chain volume measures,M1,Original,22986,Australian Dollars,primary,"https://data.api.abs.gov.au/rest/data/ABS,ANA_AGG,1.0.0/all?startPeriod=2000&format=csv",2026-08-25T13:07:06.254Z
2014-Q2,GDP per capita,GPM_PCA,Chain volume measures - Percentage changes,M2,Seasonally Adjusted,0.1,Percent,primary,"https://data.api.abs.gov.au/rest/data/ABS,ANA_AGG,1.0.0/all?startPeriod=2000&format=csv",2026-08-25T13:07:06.254Z
2014-Q2,GDP per capita,GPM_PCA,Chain volume measures - Percentage changes,M2,Original,5,Percent,primary,"https://data.api.abs.gov.au/rest/data/ABS,ANA_AGG,1.0.0/all?startPeriod=2000&format=csv",2026-08-25T13:07:06.254Z
2014-Q2,GDP per capita,GPM_PCA,Chain volume measures - Percentage changes,M2,Trend,0.2,Percent,primary,"https://data.api.abs.gov.au/rest/data/ABS,ANA_AGG,1.0.0/all?startPeriod=2000&format=csv",2026-08-25T13:07:06.254Z
2014-Q3,Gross domestic product,GPM,Chain volume measures,M1,Seasonally Adjusted,539402,Australian Dollars,primary,"https://data.api.abs.gov.au/rest/data/ABS,ANA_AGG,1.0.0/all?startPeriod=2000&format=csv",2026-08-25T13:07:06.254Z
2014-Q3,Gross domestic product,GPM,Chain volume measures,M1,Original,538889,Australian Dollars,primary,"https://data.api.abs.gov.au/rest/data/ABS,ANA_AGG,1.0.0/all?startPeriod=2000&format=csv",2026-08-25T13:07:06.254Z
2014-Q3,Gross domestic product,GPM,Chain volume measures,M1,Trend,539558,Australian Dollars,primary,"https://data.api.abs.gov.au/rest/data/ABS,ANA_AGG,1.0.0/all?startPeriod=2000&format=csv",2026-08-25T13:07:06.254Z
2014-Q3,Gross domestic product,GPM,Chain volume measures - Percentage changes,M2,Seasonally Adjusted,0.4,Percent,primary,"https://data.api.abs.gov.au/rest/data/ABS,ANA_AGG,1.0.0/all?startPeriod=2000&format=csv",2026-08-25T13:07:06.254Z
2014-Q3,Gross domestic product,GPM,Chain volume measures - Percentage changes,M2,Trend,0.5,Percent,primary,"https://data.api.abs.gov.au/rest/data/ABS,ANA_AGG,1.0.0/all?startPeriod=2000&format=csv",2026-08-25T13:07:06.254Z
2014-Q3,Gross domestic product,GPM,Chain volume measures - Percentage changes,M2,Original,-0.1,Percent,primary,"https://data.api.abs.gov.au/rest/data/ABS,ANA_AGG,1.0.0/all?startPeriod=2000&format=csv",2026-08-25T13:07:06.254Z
2014-Q3,GDP per capita,GPM_PCA,Chain volume measures,M1,Trend,22901,Australian Dollars,primary,"https://data.api.abs.gov.au/rest/data/ABS,ANA_AGG,1.0.0/all?startPeriod=2000&format=csv",2026-08-25T13:07:06.254Z
2014-Q3,GDP per capita,GPM_PCA,Chain volume measures,M1,Seasonally Adjusted,22895,Australian Dollars,primary,"https://data.api.abs.gov.au/rest/data/ABS,ANA_AGG,1.0.0/all?startPeriod=2000&format=csv",2026-08-25T13:07:06.254Z
2014-Q3,GDP per capita,GPM_PCA,Chain volume measures,M1,Original,22873,Australian Dollars,primary,"https://data.api.abs.gov.au/rest/data/ABS,ANA_AGG,1.0.0/all?startPeriod=2000&format=csv",2026-08-25T13:07:06.254Z
2014-Q3,GDP per capita,GPM_PCA,Chain volume measures - Percentage changes,M2,Seasonally Adjusted,0,Percent,primary,"https://data.api.abs.gov.au/rest/data/ABS,ANA_AGG,1.0.0/all?startPeriod=2000&format=csv",2026-08-25T13:07:06.254Z
2014-Q3,GDP per capita,GPM_PCA,Chain volume measures - Percentage changes,M2,Original,-0.5,Percent,primary,"https://data.api.abs.gov.au/rest/data/ABS,ANA_AGG,1.0.0/all?startPeriod=2000&format=csv",2026-08-25T13:07:06.254Z
2014-Q3,GDP per capita,GPM_PCA,Chain volume measures - Percentage changes,M2,Trend,0.1,Percent,primary,"https://data.api.abs.gov.au/rest/data/ABS,ANA_AGG,1.0.0/all?startPeriod=2000&format=csv",2026-08-25T13:07:06.254Z
2014-Q4,Gross domestic product,GPM,Chain volume measures,M1,Seasonally Adjusted,541385,Australian Dollars,primary,"https://data.api.abs.gov.au/rest/data/ABS,ANA_AGG,1.0.0/all?startPeriod=2000&format=csv",2026-08-25T13:07:06.254Z
2014-Q4,Gross domestic product,GPM,Chain volume measures,M1,Original,561819,Australian Dollars,primary,"https://data.api.abs.gov.au/rest/data/ABS,ANA_AGG,1.0.0/all?startPeriod=2000&format=csv",2026-08-25T13:07:06.254Z
2014-Q4,Gross domestic product,GPM,Chain volume measures,M1,Trend,542188,Australian Dollars,primary,"https://data.api.abs.gov.au/rest/data/ABS,ANA_AGG,1.0.0/all?startPeriod=2000&format=csv",2026-08-25T13:07:06.254Z
2014-Q4,Gross domestic product,GPM,Chain volume measures - Percentage changes,M2,Seasonally Adjusted,0.4,Percent,primary,"https://data.api.abs.gov.au/rest/data/ABS,ANA_AGG,1.0.0/all?startPeriod=2000&format=csv",2026-08-25T13:07:06.254Z
2014-Q4,Gross domestic product,GPM,Chain volume measures - Percentage changes,M2,Trend,0.5,Percent,primary,"https://data.api.abs.gov.au/rest/data/ABS,ANA_AGG,1.0.0/all?startPeriod=2000&format=csv",2026-08-25T13:07:06.254Z
2014-Q4,Gross domestic product,GPM,Chain volume measures - Percentage changes,M2,Original,4.3,Percent,primary,"https://data.api.abs.gov.au/rest/data/ABS,ANA_AGG,1.0.0/all?startPeriod=2000&format=csv",2026-08-25T13:07:06.254Z
2014-Q4,GDP per capita,GPM_PCA,Chain volume measures,M1,Trend,22929,Australian Dollars,primary,"https://data.api.abs.gov.au/rest/data/ABS,ANA_AGG,1.0.0/all?startPeriod=2000&format=csv",2026-08-25T13:07:06.254Z
2014-Q4,GDP per capita,GPM_PCA,Chain volume measures,M1,Seasonally Adjusted,22894,Australian Dollars,primary,"https://data.api.abs.gov.au/rest/data/ABS,ANA_AGG,1.0.0/all?startPeriod=2000&format=csv",2026-08-25T13:07:06.254Z
2014-Q4,GDP per capita,GPM_PCA,Chain volume measures,M1,Original,23768,Australian Dollars,primary,"https://data.api.abs.gov.au/rest/data/ABS,ANA_AGG,1.0.0/all?startPeriod=2000&format=csv",2026-08-25T13:07:06.254Z
2014-Q4,GDP per capita,GPM_PCA,Chain volume measures - Percentage changes,M2,Seasonally Adjusted,0,Percent,primary,"https://data.api.abs.gov.au/rest/data/ABS,ANA_AGG,1.0.0/all?startPeriod=2000&format=csv",2026-08-25T13:07:06.254Z
2014-Q4,GDP per capita,GPM_PCA,Chain volume measures - Percentage changes,M2,Original,3.9,Percent,primary,"https://data.api.abs.gov.au/rest/data/ABS,ANA_AGG,1.0.0/all?startPeriod=2000&format=csv",2026-08-25T13:07:06.254Z
2014-Q4,GDP per capita,GPM_PCA,Chain volume measures - Percentage changes,M2,Trend,0.1,Percent,primary,"https://data.api.abs.gov.au/rest/data/ABS,ANA_AGG,1.0.0/all?startPeriod=2000&format=csv",2026-08-25T13:07:06.254Z
2015-Q1,Gross domestic product,GPM,Chain volume measures,M1,Seasonally Adjusted,546635,Australian Dollars,primary,"https://data.api.abs.gov.au/rest/data/ABS,ANA_AGG,1.0.0/all?startPeriod=2000&format=csv",2026-08-25T13:07:06.254Z
2015-Q1,Gross domestic product,GPM,Chain volume measures,M1,Original,524188,Australian Dollars,primary,"https://data.api.abs.gov.au/rest/data/ABS,ANA_AGG,1.0.0/all?startPeriod=2000&format=csv",2026-08-25T13:07:06.254Z
2015-Q1,Gross domestic product,GPM,Chain volume measures,M1,Trend,545208,Australian Dollars,primary,"https://data.api.abs.gov.au/rest/data/ABS,ANA_AGG,1.0.0/all?startPeriod=2000&format=csv",2026-08-25T13:07:06.254Z
2015-Q1,Gross domestic product,GPM,Chain volume measures - Percentage changes,M2,Seasonally Adjusted,1,Percent,primary,"https://data.api.abs.gov.au/rest/data/ABS,ANA_AGG,1.0.0/all?startPeriod=2000&format=csv",2026-08-25T13:07:06.254Z
2015-Q1,Gross domestic product,GPM,Chain volume measures - Percentage changes,M2,Trend,0.6,Percent,primary,"https://data.api.abs.gov.au/rest/data/ABS,ANA_AGG,1.0.0/all?startPeriod=2000&format=csv",2026-08-25T13:07:06.254Z
2015-Q1,Gross domestic product,GPM,Chain volume measures - Percentage changes,M2,Original,-6.7,Percent,primary,"https://data.api.abs.gov.au/rest/data/ABS,ANA_AGG,1.0.0/all?startPeriod=2000&format=csv",2026-08-25T13:07:06.254Z
2015-Q1,GDP per capita,GPM_PCA,Chain volume measures,M1,Trend,22975,Australian Dollars,primary,"https://data.api.abs.gov.au/rest/data/ABS,ANA_AGG,1.0.0/all?startPeriod=2000&format=csv",2026-08-25T13:07:06.254Z
2015-Q1,GDP per capita,GPM_PCA,Chain volume measures,M1,Seasonally Adjusted,23035,Australian Dollars,primary,"https://data.api.abs.gov.au/rest/data/ABS,ANA_AGG,1.0.0/all?startPeriod=2000&format=csv",2026-08-25T13:07:06.254Z
2015-Q1,GDP per capita,GPM_PCA,Chain volume measures,M1,Original,22078,Australian Dollars,primary,"https://data.api.abs.gov.au/rest/data/ABS,ANA_AGG,1.0.0/all?startPeriod=2000&format=csv",2026-08-25T13:07:06.254Z
2015-Q1,GDP per capita,GPM_PCA,Chain volume measures - Percentage changes,M2,Seasonally Adjusted,0.6,Percent,primary,"https://data.api.abs.gov.au/rest/data/ABS,ANA_AGG,1.0.0/all?startPeriod=2000&format=csv",2026-08-25T13:07:06.254Z
2015-Q1,GDP per capita,GPM_PCA,Chain volume measures - Percentage changes,M2,Original,-7.1,Percent,primary,"https://data.api.abs.gov.au/rest/data/ABS,ANA_AGG,1.0.0/all?startPeriod=2000&format=csv",2026-08-25T13:07:06.254Z
2015-Q1,GDP per capita,GPM_PCA,Chain volume measures - Percentage changes,M2,Trend,0.2,Percent,primary,"https://data.api.abs.gov.au/rest/data/ABS,ANA_AGG,1.0.0/all?startPeriod=2000&format=csv",2026-08-25T13:07:06.254Z
2015-Q2,Gross domestic product,GPM,Chain volume measures,M1,Seasonally Adjusted,547281,Australian Dollars,primary,"https://data.api.abs.gov.au/rest/data/ABS,ANA_AGG,1.0.0/all?startPeriod=2000&format=csv",2026-08-25T13:07:06.254Z
2015-Q2,Gross domestic product,GPM,Chain volume measures,M1,Original,549807,Australian Dollars,primary,"https://data.api.abs.gov.au/rest/data/ABS,ANA_AGG,1.0.0/all?startPeriod=2000&format=csv",2026-08-25T13:07:06.254Z
2015-Q2,Gross domestic product,GPM,Chain volume measures,M1,Trend,548474,Australian Dollars,primary,"https://data.api.abs.gov.au/rest/data/ABS,ANA_AGG,1.0.0/all?startPeriod=2000&format=csv",2026-08-25T13:07:06.254Z
2015-Q2,Gross domestic product,GPM,Chain volume measures - Percentage changes,M2,Seasonally Adjusted,0.1,Percent,primary,"https://data.api.abs.gov.au/rest/data/ABS,ANA_AGG,1.0.0/all?startPeriod=2000&format=csv",2026-08-25T13:07:06.254Z
2015-Q2,Gross domestic product,GPM,Chain volume measures - Percentage changes,M2,Trend,0.6,Percent,primary,"https://data.api.abs.gov.au/rest/data/ABS,ANA_AGG,1.0.0/all?startPeriod=2000&format=csv",2026-08-25T13:07:06.254Z
2015-Q2,Gross domestic product,GPM,Chain volume measures - Percentage changes,M2,Original,4.9,Percent,primary,"https://data.api.abs.gov.au/rest/data/ABS,ANA_AGG,1.0.0/all?startPeriod=2000&format=csv",2026-08-25T13:07:06.254Z
2015-Q2,GDP per capita,GPM_PCA,Chain volume measures,M1,Trend,23031,Australian Dollars,primary,"https://data.api.abs.gov.au/rest/data/ABS,ANA_AGG,1.0.0/all?startPeriod=2000&format=csv",2026-08-25T13:07:06.254Z
2015-Q2,GDP per capita,GPM_PCA,Chain volume measures,M1,Seasonally Adjusted,22981,Australian Dollars,primary,"https://data.api.abs.gov.au/rest/data/ABS,ANA_AGG,1.0.0/all?startPeriod=2000&format=csv",2026-08-25T13:07:06.254Z
2015-Q2,GDP per capita,GPM_PCA,Chain volume measures,M1,Original,23088,Australian Dollars,primary,"https://data.api.abs.gov.au/rest/data/ABS,ANA_AGG,1.0.0/all?startPeriod=2000&format=csv",2026-08-25T13:07:06.254Z
2015-Q2,GDP per capita,GPM_PCA,Chain volume measures - Percentage changes,M2,Seasonally Adjusted,-0.2,Percent,primary,"https://data.api.abs.gov.au/rest/data/ABS,ANA_AGG,1.0.0/all?startPeriod=2000&format=csv",2026-08-25T13:07:06.254Z
2015-Q2,GDP per capita,GPM_PCA,Chain volume measures - Percentage changes,M2,Original,4.6,Percent,primary,"https://data.api.abs.gov.au/rest/data/ABS,ANA_AGG,1.0.0/all?startPeriod=2000&format=csv",2026-08-25T13:07:06.254Z
2015-Q2,GDP per capita,GPM_PCA,Chain volume measures - Percentage changes,M2,Trend,0.2,Percent,primary,"https://data.api.abs.gov.au/rest/data/ABS,ANA_AGG,1.0.0/all?startPeriod=2000&format=csv",2026-08-25T13:07:06.254Z
2015-Q3,Gross domestic product,GPM,Chain volume measures,M1,Seasonally Adjusted,552613,Australian Dollars,primary,"https://data.api.abs.gov.au/rest/data/ABS,ANA_AGG,1.0.0/all?startPeriod=2000&format=csv",2026-08-25T13:07:06.254Z
2015-Q3,Gross domestic product,GPM,Chain volume measures,M1,Original,552620,Australian Dollars,primary,"https://data.api.abs.gov.au/rest/data/ABS,ANA_AGG,1.0.0/all?startPeriod=2000&format=csv",2026-08-25T13:07:06.254Z
2015-Q3,Gross domestic product,GPM,Chain volume measures,M1,Trend,552146,Australian Dollars,primary,"https://data.api.abs.gov.au/rest/data/ABS,ANA_AGG,1.0.0/all?startPeriod=2000&format=csv",2026-08-25T13:07:06.254Z
2015-Q3,Gross domestic product,GPM,Chain volume measures - Percentage changes,M2,Seasonally Adjusted,1,Percent,primary,"https://data.api.abs.gov.au/rest/data/ABS,ANA_AGG,1.0.0/all?startPeriod=2000&format=csv",2026-08-25T13:07:06.254Z
2015-Q3,Gross domestic product,GPM,Chain volume measures - Percentage changes,M2,Trend,0.7,Percent,primary,"https://data.api.abs.gov.au/rest/data/ABS,ANA_AGG,1.0.0/all?startPeriod=2000&format=csv",2026-08-25T13:07:06.254Z
2015-Q3,Gross domestic product,GPM,Chain volume measures - Percentage changes,M2,Original,0.5,Percent,primary,"https://data.api.abs.gov.au/rest/data/ABS,ANA_AGG,1.0.0/all?startPeriod=2000&format=csv",2026-08-25T13:07:06.254Z
2015-Q3,GDP per capita,GPM_PCA,Chain volume measures,M1,Trend,23101,Australian Dollars,primary,"https://data.api.abs.gov.au/rest/data/ABS,ANA_AGG,1.0.0/all?startPeriod=2000&format=csv",2026-08-25T13:07:06.254Z
2015-Q3,GDP per capita,GPM_PCA,Chain volume measures,M1,Seasonally Adjusted,23121,Australian Dollars,primary,"https://data.api.abs.gov.au/rest/data/ABS,ANA_AGG,1.0.0/all?startPeriod=2000&format=csv",2026-08-25T13:07:06.254Z
2015-Q3,GDP per capita,GPM_PCA,Chain volume measures,M1,Original,23121,Australian Dollars,primary,"https://data.api.abs.gov.au/rest/data/ABS,ANA_AGG,1.0.0/all?startPeriod=2000&format=csv",2026-08-25T13:07:06.254Z
2015-Q3,GDP per capita,GPM_PCA,Chain volume measures - Percentage changes,M2,Seasonally Adjusted,0.6,Percent,primary,"https://data.api.abs.gov.au/rest/data/ABS,ANA_AGG,1.0.0/all?startPeriod=2000&format=csv",2026-08-25T13:07:06.254Z
2015-Q3,GDP per capita,GPM_PCA,Chain volume measures - Percentage changes,M2,Original,0.1,Percent,primary,"https://data.api.abs.gov.au/rest/data/ABS,ANA_AGG,1.0.0/all?startPeriod=2000&format=csv",2026-08-25T13:07:06.254Z
2015-Q3,GDP per capita,GPM_PCA,Chain volume measures - Percentage changes,M2,Trend,0.3,Percent,primary,"https://data.api.abs.gov.au/rest/data/ABS,ANA_AGG,1.0.0/all?startPeriod=2000&format=csv",2026-08-25T13:07:06.254Z
2015-Q4,Gross domestic product,GPM,Chain volume measures,M1,Seasonally Adjusted,556043,Australian Dollars,primary,"https://data.api.abs.gov.au/rest/data/ABS,ANA_AGG,1.0.0/all?startPeriod=2000&format=csv",2026-08-25T13:07:06.254Z
2015-Q4,Gross domestic product,GPM,Chain volume measures,M1,Original,575593,Australian Dollars,primary,"https://data.api.abs.gov.au/rest/data/ABS,ANA_AGG,1.0.0/all?startPeriod=2000&format=csv",2026-08-25T13:07:06.254Z
2015-Q4,Gross domestic product,GPM,Chain volume measures,M1,Trend,556574,Australian Dollars,primary,"https://data.api.abs.gov.au/rest/data/ABS,ANA_AGG,1.0.0/all?startPeriod=2000&format=csv",2026-08-25T13:07:06.254Z
2015-Q4,Gross domestic product,GPM,Chain volume measures - Percentage changes,M2,Seasonally Adjusted,0.6,Percent,primary,"https://data.api.abs.gov.au/rest/data/ABS,ANA_AGG,1.0.0/all?startPeriod=2000&format=csv",2026-08-25T13:07:06.254Z
2015-Q4,Gross domestic product,GPM,Chain volume measures - Percentage changes,M2,Trend,0.8,Percent,primary,"https://data.api.abs.gov.au/rest/data/ABS,ANA_AGG,1.0.0/all?startPeriod=2000&format=csv",2026-08-25T13:07:06.254Z
2015-Q4,Gross domestic product,GPM,Chain volume measures - Percentage changes,M2,Original,4.2,Percent,primary,"https://data.api.abs.gov.au/rest/data/ABS,ANA_AGG,1.0.0/all?startPeriod=2000&format=csv",2026-08-25T13:07:06.254Z
2015-Q4,GDP per capita,GPM_PCA,Chain volume measures,M1,Trend,23198,Australian Dollars,primary,"https://data.api.abs.gov.au/rest/data/ABS,ANA_AGG,1.0.0/all?startPeriod=2000&format=csv",2026-08-25T13:07:06.254Z
2015-Q4,GDP per capita,GPM_PCA,Chain volume measures,M1,Seasonally Adjusted,23175,Australian Dollars,primary,"https://data.api.abs.gov.au/rest/data/ABS,ANA_AGG,1.0.0/all?startPeriod=2000&format=csv",2026-08-25T13:07:06.254Z
2015-Q4,GDP per capita,GPM_PCA,Chain volume measures,M1,Original,24001,Australian Dollars,primary,"https://data.api.abs.gov.au/rest/data/ABS,ANA_AGG,1.0.0/all?startPeriod=2000&format=csv",2026-08-25T13:07:06.254Z
2015-Q4,GDP per capita,GPM_PCA,Chain volume measures - Percentage changes,M2,Seasonally Adjusted,0.2,Percent,primary,"https://data.api.abs.gov.au/rest/data/ABS,ANA_AGG,1.0.0/all?startPeriod=2000&format=csv",2026-08-25T13:07:06.254Z
2015-Q4,GDP per capita,GPM_PCA,Chain volume measures - Percentage changes,M2,Original,3.8,Percent,primary,"https://data.api.abs.gov.au/rest/data/ABS,ANA_AGG,1.0.0/all?startPeriod=2000&format=csv",2026-08-25T13:07:06.254Z
2015-Q4,GDP per capita,GPM_PCA,Chain volume measures - Percentage changes,M2,Trend,0.4,Percent,primary,"https://data.api.abs.gov.au/rest/data/ABS,ANA_AGG,1.0.0/all?startPeriod=2000&format=csv",2026-08-25T13:07:06.254Z
2016-Q1,Gross domestic product,GPM,Chain volume measures,M1,Seasonally Adjusted,561139,Australian Dollars,primary,"https://data.api.abs.gov.au/rest/data/ABS,ANA_AGG,1.0.0/all?startPeriod=2000&format=csv",2026-08-25T13:07:06.254Z
2016-Q1,Gross domestic product,GPM,Chain volume measures,M1,Original,538107,Australian Dollars,primary,"https://data.api.abs.gov.au/rest/data/ABS,ANA_AGG,1.0.0/all?startPeriod=2000&format=csv",2026-08-25T13:07:06.254Z
2016-Q1,Gross domestic product,GPM,Chain volume measures,M1,Trend,560654,Australian Dollars,primary,"https://data.api.abs.gov.au/rest/data/ABS,ANA_AGG,1.0.0/all?startPeriod=2000&format=csv",2026-08-25T13:07:06.254Z
2016-Q1,Gross domestic product,GPM,Chain volume measures - Percentage changes,M2,Seasonally Adjusted,0.9,Percent,primary,"https://data.api.abs.gov.au/rest/data/ABS,ANA_AGG,1.0.0/all?startPeriod=2000&format=csv",2026-08-25T13:07:06.254Z
2016-Q1,Gross domestic product,GPM,Chain volume measures - Percentage changes,M2,Trend,0.7,Percent,primary,"https://data.api.abs.gov.au/rest/data/ABS,ANA_AGG,1.0.0/all?startPeriod=2000&format=csv",2026-08-25T13:07:06.254Z
2016-Q1,Gross domestic product,GPM,Chain volume measures - Percentage changes,M2,Original,-6.5,Percent,primary,"https://data.api.abs.gov.au/rest/data/ABS,ANA_AGG,1.0.0/all?startPeriod=2000&format=csv",2026-08-25T13:07:06.254Z
2016-Q1,GDP per capita,GPM_PCA,Chain volume measures,M1,Trend,23275,Australian Dollars,primary,"https://data.api.abs.gov.au/rest/data/ABS,ANA_AGG,1.0.0/all?startPeriod=2000&format=csv",2026-08-25T13:07:06.254Z
2016-Q1,GDP per capita,GPM_PCA,Chain volume measures,M1,Seasonally Adjusted,23296,Australian Dollars,primary,"https://data.api.abs.gov.au/rest/data/ABS,ANA_AGG,1.0.0/all?startPeriod=2000&format=csv",2026-08-25T13:07:06.254Z
2016-Q1,GDP per capita,GPM_PCA,Chain volume measures,M1,Original,22328,Australian Dollars,primary,"https://data.api.abs.gov.au/rest/data/ABS,ANA_AGG,1.0.0/all?startPeriod=2000&format=csv",2026-08-25T13:07:06.254Z
2016-Q1,GDP per capita,GPM_PCA,Chain volume measures - Percentage changes,M2,Seasonally Adjusted,0.5,Percent,primary,"https://data.api.abs.gov.au/rest/data/ABS,ANA_AGG,1.0.0/all?startPeriod=2000&format=csv",2026-08-25T13:07:06.254Z
2016-Q1,GDP per capita,GPM_PCA,Chain volume measures - Percentage changes,M2,Original,-7,Percent,primary,"https://data.api.abs.gov.au/rest/data/ABS,ANA_AGG,1.0.0/all?startPeriod=2000&format=csv",2026-08-25T13:07:06.254Z
2016-Q1,GDP per capita,GPM_PCA,Chain volume measures - Percentage changes,M2,Trend,0.3,Percent,primary,"https://data.api.abs.gov.au/rest/data/ABS,ANA_AGG,1.0.0/all?startPeriod=2000&format=csv",2026-08-25T13:07:06.254Z
2016-Q2,Gross domestic product,GPM,Chain volume measures,M1,Seasonally Adjusted,564835,Australian Dollars,primary,"https://data.api.abs.gov.au/rest/data/ABS,ANA_AGG,1.0.0/all?startPeriod=2000&format=csv",2026-08-25T13:07:06.254Z
2016-Q2,Gross domestic product,GPM,Chain volume measures,M1,Original,568310,Australian Dollars,primary,"https://data.api.abs.gov.au/rest/data/ABS,ANA_AGG,1.0.0/all?startPeriod=2000&format=csv",2026-08-25T13:07:06.254Z
2016-Q2,Gross domestic product,GPM,Chain volume measures,M1,Trend,563831,Australian Dollars,primary,"https://data.api.abs.gov.au/rest/data/ABS,ANA_AGG,1.0.0/all?startPeriod=2000&format=csv",2026-08-25T13:07:06.254Z
2016-Q2,Gross domestic product,GPM,Chain volume measures - Percentage changes,M2,Seasonally Adjusted,0.7,Percent,primary,"https://data.api.abs.gov.au/rest/data/ABS,ANA_AGG,1.0.0/all?startPeriod=2000&format=csv",2026-08-25T13:07:06.254Z
2016-Q2,Gross domestic product,GPM,Chain volume measures - Percentage changes,M2,Trend,0.6,Percent,primary,"https://data.api.abs.gov.au/rest/data/ABS,ANA_AGG,1.0.0/all?startPeriod=2000&format=csv",2026-08-25T13:07:06.254Z
2016-Q2,Gross domestic product,GPM,Chain volume measures - Percentage changes,M2,Original,5.6,Percent,primary,"https://data.api.abs.gov.au/rest/data/ABS,ANA_AGG,1.0.0/all?startPeriod=2000&format=csv",2026-08-25T13:07:06.254Z
2016-Q2,GDP per capita,GPM_PCA,Chain volume measures,M1,Trend,23310,Australian Dollars,primary,"https://data.api.abs.gov.au/rest/data/ABS,ANA_AGG,1.0.0/all?startPeriod=2000&format=csv",2026-08-25T13:07:06.254Z
2016-Q2,GDP per capita,GPM_PCA,Chain volume measures,M1,Seasonally Adjusted,23351,Australian Dollars,primary,"https://data.api.abs.gov.au/rest/data/ABS,ANA_AGG,1.0.0/all?startPeriod=2000&format=csv",2026-08-25T13:07:06.254Z
2016-Q2,GDP per capita,GPM_PCA,Chain volume measures,M1,Original,23497,Australian Dollars,primary,"https://data.api.abs.gov.au/rest/data/ABS,ANA_AGG,1.0.0/all?startPeriod=2000&format=csv",2026-08-25T13:07:06.254Z
2016-Q2,GDP per capita,GPM_PCA,Chain volume measures - Percentage changes,M2,Seasonally Adjusted,0.2,Percent,primary,"https://data.api.abs.gov.au/rest/data/ABS,ANA_AGG,1.0.0/all?startPeriod=2000&format=csv",2026-08-25T13:07:06.254Z
2016-Q2,GDP per capita,GPM_PCA,Chain volume measures - Percentage changes,M2,Original,5.2,Percent,primary,"https://data.api.abs.gov.au/rest/data/ABS,ANA_AGG,1.0.0/all?startPeriod=2000&format=csv",2026-08-25T13:07:06.254Z
2016-Q2,GDP per capita,GPM_PCA,Chain volume measures - Percentage changes,M2,Trend,0.2,Percent,primary,"https://data.api.abs.gov.au/rest/data/ABS,ANA_AGG,1.0.0/all?startPeriod=2000&format=csv",2026-08-25T13:07:06.254Z
2016-Q3,Gross domestic product,GPM,Chain volume measures,M1,Seasonally Adjusted,564782,Australian Dollars,primary,"https://data.api.abs.gov.au/rest/data/ABS,ANA_AGG,1.0.0/all?startPeriod=2000&format=csv",2026-08-25T13:07:06.254Z
2016-Q3,Gross domestic product,GPM,Chain volume measures,M1,Original,563486,Australian Dollars,primary,"https://data.api.abs.gov.au/rest/data/ABS,ANA_AGG,1.0.0/all?startPeriod=2000&format=csv",2026-08-25T13:07:06.254Z
2016-Q3,Gross domestic product,GPM,Chain volume measures,M1,Trend,566829,Australian Dollars,primary,"https://data.api.abs.gov.au/rest/data/ABS,ANA_AGG,1.0.0/all?startPeriod=2000&format=csv",2026-08-25T13:07:06.254Z
2016-Q3,Gross domestic product,GPM,Chain volume measures - Percentage changes,M2,Seasonally Adjusted,0,Percent,primary,"https://data.api.abs.gov.au/rest/data/ABS,ANA_AGG,1.0.0/all?startPeriod=2000&format=csv",2026-08-25T13:07:06.254Z
2016-Q3,Gross domestic product,GPM,Chain volume measures - Percentage changes,M2,Trend,0.5,Percent,primary,"https://data.api.abs.gov.au/rest/data/ABS,ANA_AGG,1.0.0/all?startPeriod=2000&format=csv",2026-08-25T13:07:06.254Z
2016-Q3,Gross domestic product,GPM,Chain volume measures - Percentage changes,M2,Original,-0.8,Percent,primary,"https://data.api.abs.gov.au/rest/data/ABS,ANA_AGG,1.0.0/all?startPeriod=2000&format=csv",2026-08-25T13:07:06.254Z
2016-Q3,GDP per capita,GPM_PCA,Chain volume measures,M1,Trend,23335,Australian Dollars,primary,"https://data.api.abs.gov.au/rest/data/ABS,ANA_AGG,1.0.0/all?startPeriod=2000&format=csv",2026-08-25T13:07:06.254Z
2016-Q3,GDP per capita,GPM_PCA,Chain volume measures,M1,Seasonally Adjusted,23250,Australian Dollars,primary,"https://data.api.abs.gov.au/rest/data/ABS,ANA_AGG,1.0.0/all?startPeriod=2000&format=csv",2026-08-25T13:07:06.254Z
2016-Q3,GDP per capita,GPM_PCA,Chain volume measures,M1,Original,23195,Australian Dollars,primary,"https://data.api.abs.gov.au/rest/data/ABS,ANA_AGG,1.0.0/all?startPeriod=2000&format=csv",2026-08-25T13:07:06.254Z
2016-Q3,GDP per capita,GPM_PCA,Chain volume measures - Percentage changes,M2,Seasonally Adjusted,-0.4,Percent,primary,"https://data.api.abs.gov.au/rest/data/ABS,ANA_AGG,1.0.0/all?startPeriod=2000&format=csv",2026-08-25T13:07:06.254Z
2016-Q3,GDP per capita,GPM_PCA,Chain volume measures - Percentage changes,M2,Original,-1.3,Percent,primary,"https://data.api.abs.gov.au/rest/data/ABS,ANA_AGG,1.0.0/all?startPeriod=2000&format=csv",2026-08-25T13:07:06.254Z
2016-Q3,GDP per capita,GPM_PCA,Chain volume measures - Percentage changes,M2,Trend,0.1,Percent,primary,"https://data.api.abs.gov.au/rest/data/ABS,ANA_AGG,1.0.0/all?startPeriod=2000&format=csv",2026-08-25T13:07:06.254Z
2016-Q4,Gross domestic product,GPM,Chain volume measures,M1,Seasonally Adjusted,571367,Australian Dollars,primary,"https://data.api.abs.gov.au/rest/data/ABS,ANA_AGG,1.0.0/all?startPeriod=2000&format=csv",2026-08-25T13:07:06.254Z
2016-Q4,Gross domestic product,GPM,Chain volume measures,M1,Original,591606,Australian Dollars,primary,"https://data.api.abs.gov.au/rest/data/ABS,ANA_AGG,1.0.0/all?startPeriod=2000&format=csv",2026-08-25T13:07:06.254Z
2016-Q4,Gross domestic product,GPM,Chain volume measures,M1,Trend,569853,Australian Dollars,primary,"https://data.api.abs.gov.au/rest/data/ABS,ANA_AGG,1.0.0/all?startPeriod=2000&format=csv",2026-08-25T13:07:06.254Z
2016-Q4,Gross domestic product,GPM,Chain volume measures - Percentage changes,M2,Seasonally Adjusted,1.2,Percent,primary,"https://data.api.abs.gov.au/rest/data/ABS,ANA_AGG,1.0.0/all?startPeriod=2000&format=csv",2026-08-25T13:07:06.254Z
2016-Q4,Gross domestic product,GPM,Chain volume measures - Percentage changes,M2,Trend,0.5,Percent,primary,"https://data.api.abs.gov.au/rest/data/ABS,ANA_AGG,1.0.0/all?startPeriod=2000&format=csv",2026-08-25T13:07:06.254Z
2016-Q4,Gross domestic product,GPM,Chain volume measures - Percentage changes,M2,Original,5,Percent,primary,"https://data.api.abs.gov.au/rest/data/ABS,ANA_AGG,1.0.0/all?startPeriod=2000&format=csv",2026-08-25T13:07:06.254Z
2016-Q4,GDP per capita,GPM_PCA,Chain volume measures,M1,Trend,23361,Australian Dollars,primary,"https://data.api.abs.gov.au/rest/data/ABS,ANA_AGG,1.0.0/all?startPeriod=2000&format=csv",2026-08-25T13:07:06.254Z
2016-Q4,GDP per capita,GPM_PCA,Chain volume measures,M1,Seasonally Adjusted,23424,Australian Dollars,primary,"https://data.api.abs.gov.au/rest/data/ABS,ANA_AGG,1.0.0/all?startPeriod=2000&format=csv",2026-08-25T13:07:06.254Z
2016-Q4,GDP per capita,GPM_PCA,Chain volume measures,M1,Original,24266,Australian Dollars,primary,"https://data.api.abs.gov.au/rest/data/ABS,ANA_AGG,1.0.0/all?startPeriod=2000&format=csv",2026-08-25T13:07:06.254Z
2016-Q4,GDP per capita,GPM_PCA,Chain volume measures - Percentage changes,M2,Seasonally Adjusted,0.7,Percent,primary,"https://data.api.abs.gov.au/rest/data/ABS,ANA_AGG,1.0.0/all?startPeriod=2000&format=csv",2026-08-25T13:07:06.254Z
2016-Q4,GDP per capita,GPM_PCA,Chain volume measures - Percentage changes,M2,Original,4.6,Percent,primary,"https://data.api.abs.gov.au/rest/data/ABS,ANA_AGG,1.0.0/all?startPeriod=2000&format=csv",2026-08-25T13:07:06.254Z
2016-Q4,GDP per capita,GPM_PCA,Chain volume measures - Percentage changes,M2,Trend,0.1,Percent,primary,"https://data.api.abs.gov.au/rest/data/ABS,ANA_AGG,1.0.0/all?startPeriod=2000&format=csv",2026-08-25T13:07:06.254Z
2017-Q1,Gross domestic product,GPM,Chain volume measures,M1,Seasonally Adjusted,573149,Australian Dollars,primary,"https://data.api.abs.gov.au/rest/data/ABS,ANA_AGG,1.0.0/all?startPeriod=2000&format=csv",2026-08-25T13:07:06.254Z
2017-Q1,Gross domestic product,GPM,Chain volume measures,M1,Original,549796,Australian Dollars,primary,"https://data.api.abs.gov.au/rest/data/ABS,ANA_AGG,1.0.0/all?startPeriod=2000&format=csv",2026-08-25T13:07:06.254Z
2017-Q1,Gross domestic product,GPM,Chain volume measures,M1,Trend,573494,Australian Dollars,primary,"https://data.api.abs.gov.au/rest/data/ABS,ANA_AGG,1.0.0/all?startPeriod=2000&format=csv",2026-08-25T13:07:06.254Z
2017-Q1,Gross domestic product,GPM,Chain volume measures - Percentage changes,M2,Seasonally Adjusted,0.3,Percent,primary,"https://data.api.abs.gov.au/rest/data/ABS,ANA_AGG,1.0.0/all?startPeriod=2000&format=csv",2026-08-25T13:07:06.254Z
2017-Q1,Gross domestic product,GPM,Chain volume measures - Percentage changes,M2,Trend,0.6,Percent,primary,"https://data.api.abs.gov.au/rest/data/ABS,ANA_AGG,1.0.0/all?startPeriod=2000&format=csv",2026-08-25T13:07:06.254Z
2017-Q1,Gross domestic product,GPM,Chain volume measures - Percentage changes,M2,Original,-7.1,Percent,primary,"https://data.api.abs.gov.au/rest/data/ABS,ANA_AGG,1.0.0/all?startPeriod=2000&format=csv",2026-08-25T13:07:06.254Z
2017-Q1,GDP per capita,GPM_PCA,Chain volume measures,M1,Trend,23414,Australian Dollars,primary,"https://data.api.abs.gov.au/rest/data/ABS,ANA_AGG,1.0.0/all?startPeriod=2000&format=csv",2026-08-25T13:07:06.254Z
2017-Q1,GDP per capita,GPM_PCA,Chain volume measures,M1,Seasonally Adjusted,23401,Australian Dollars,primary,"https://data.api.abs.gov.au/rest/data/ABS,ANA_AGG,1.0.0/all?startPeriod=2000&format=csv",2026-08-25T13:07:06.254Z
2017-Q1,GDP per capita,GPM_PCA,Chain volume measures,M1,Original,22434,Australian Dollars,primary,"https://data.api.abs.gov.au/rest/data/ABS,ANA_AGG,1.0.0/all?startPeriod=2000&format=csv",2026-08-25T13:07:06.254Z
2017-Q1,GDP per capita,GPM_PCA,Chain volume measures - Percentage changes,M2,Seasonally Adjusted,-0.1,Percent,primary,"https://data.api.abs.gov.au/rest/data/ABS,ANA_AGG,1.0.0/all?startPeriod=2000&format=csv",2026-08-25T13:07:06.254Z
2017-Q1,GDP per capita,GPM_PCA,Chain volume measures - Percentage changes,M2,Original,-7.5,Percent,primary,"https://data.api.abs.gov.au/rest/data/ABS,ANA_AGG,1.0.0/all?startPeriod=2000&format=csv",2026-08-25T13:07:06.254Z
2017-Q1,GDP per capita,GPM_PCA,Chain volume measures - Percentage changes,M2,Trend,0.2,Percent,primary,"https://data.api.abs.gov.au/rest/data/ABS,ANA_AGG,1.0.0/all?startPeriod=2000&format=csv",2026-08-25T13:07:06.254Z
2017-Q2,Gross domestic product,GPM,Chain volume measures,M1,Seasonally Adjusted,576579,Australian Dollars,primary,"https://data.api.abs.gov.au/rest/data/ABS,ANA_AGG,1.0.0/all?startPeriod=2000&format=csv",2026-08-25T13:07:06.254Z
2017-Q2,Gross domestic product,GPM,Chain volume measures,M1,Original,580989,Australian Dollars,primary,"https://data.api.abs.gov.au/rest/data/ABS,ANA_AGG,1.0.0/all?startPeriod=2000&format=csv",2026-08-25T13:07:06.254Z
2017-Q2,Gross domestic product,GPM,Chain volume measures,M1,Trend,577209,Australian Dollars,primary,"https://data.api.abs.gov.au/rest/data/ABS,ANA_AGG,1.0.0/all?startPeriod=2000&format=csv",2026-08-25T13:07:06.254Z
2017-Q2,Gross domestic product,GPM,Chain volume measures - Percentage changes,M2,Seasonally Adjusted,0.6,Percent,primary,"https://data.api.abs.gov.au/rest/data/ABS,ANA_AGG,1.0.0/all?startPeriod=2000&format=csv",2026-08-25T13:07:06.254Z
2017-Q2,Gross domestic product,GPM,Chain volume measures - Percentage changes,M2,Trend,0.6,Percent,primary,"https://data.api.abs.gov.au/rest/data/ABS,ANA_AGG,1.0.0/all?startPeriod=2000&format=csv",2026-08-25T13:07:06.254Z
2017-Q2,Gross domestic product,GPM,Chain volume measures - Percentage changes,M2,Original,5.7,Percent,primary,"https://data.api.abs.gov.au/rest/data/ABS,ANA_AGG,1.0.0/all?startPeriod=2000&format=csv",2026-08-25T13:07:06.254Z
2017-Q2,GDP per capita,GPM_PCA,Chain volume measures,M1,Trend,23474,Australian Dollars,primary,"https://data.api.abs.gov.au/rest/data/ABS,ANA_AGG,1.0.0/all?startPeriod=2000&format=csv",2026-08-25T13:07:06.254Z
2017-Q2,GDP per capita,GPM_PCA,Chain volume measures,M1,Seasonally Adjusted,23448,Australian Dollars,primary,"https://data.api.abs.gov.au/rest/data/ABS,ANA_AGG,1.0.0/all?startPeriod=2000&format=csv",2026-08-25T13:07:06.254Z
2017-Q2,GDP per capita,GPM_PCA,Chain volume measures,M1,Original,23629,Australian Dollars,primary,"https://data.api.abs.gov.au/rest/data/ABS,ANA_AGG,1.0.0/all?startPeriod=2000&format=csv",2026-08-25T13:07:06.254Z
2017-Q2,GDP per capita,GPM_PCA,Chain volume measures - Percentage changes,M2,Seasonally Adjusted,0.2,Percent,primary,"https://data.api.abs.gov.au/rest/data/ABS,ANA_AGG,1.0.0/all?startPeriod=2000&format=csv",2026-08-25T13:07:06.254Z
2017-Q2,GDP per capita,GPM_PCA,Chain volume measures - Percentage changes,M2,Original,5.3,Percent,primary,"https://data.api.abs.gov.au/rest/data/ABS,ANA_AGG,1.0.0/all?startPeriod=2000&format=csv",2026-08-25T13:07:06.254Z
2017-Q2,GDP per capita,GPM_PCA,Chain volume measures - Percentage changes,M2,Trend,0.3,Percent,primary,"https://data.api.abs.gov.au/rest/data/ABS,ANA_AGG,1.0.0/all?startPeriod=2000&format=csv",2026-08-25T13:07:06.254Z
2017-Q3,Gross domestic product,GPM,Chain volume measures,M1,Seasonally Adjusted,582043,Australian Dollars,primary,"https://data.api.abs.gov.au/rest/data/ABS,ANA_AGG,1.0.0/all?startPeriod=2000&format=csv",2026-08-25T13:07:06.254Z
2017-Q3,Gross domestic product,GPM,Chain volume measures,M1,Original,582201,Australian Dollars,primary,"https://data.api.abs.gov.au/rest/data/ABS,ANA_AGG,1.0.0/all?startPeriod=2000&format=csv",2026-08-25T13:07:06.254Z
2017-Q3,Gross domestic product,GPM,Chain volume measures,M1,Trend,580968,Australian Dollars,primary,"https://data.api.abs.gov.au/rest/data/ABS,ANA_AGG,1.0.0/all?startPeriod=2000&format=csv",2026-08-25T13:07:06.254Z
2017-Q3,Gross domestic product,GPM,Chain volume measures - Percentage changes,M2,Seasonally Adjusted,0.9,Percent,primary,"https://data.api.abs.gov.au/rest/data/ABS,ANA_AGG,1.0.0/all?startPeriod=2000&format=csv",2026-08-25T13:07:06.254Z
2017-Q3,Gross domestic product,GPM,Chain volume measures - Percentage changes,M2,Trend,0.7,Percent,primary,"https://data.api.abs.gov.au/rest/data/ABS,ANA_AGG,1.0.0/all?startPeriod=2000&format=csv",2026-08-25T13:07:06.254Z
2017-Q3,Gross domestic product,GPM,Chain volume measures - Percentage changes,M2,Original,0.2,Percent,primary,"https://data.api.abs.gov.au/rest/data/ABS,ANA_AGG,1.0.0/all?startPeriod=2000&format=csv",2026-08-25T13:07:06.254Z
2017-Q3,GDP per capita,GPM_PCA,Chain volume measures,M1,Trend,23539,Australian Dollars,primary,"https://data.api.abs.gov.au/rest/data/ABS,ANA_AGG,1.0.0/all?startPeriod=2000&format=csv",2026-08-25T13:07:06.254Z
2017-Q3,GDP per capita,GPM_PCA,Chain volume measures,M1,Seasonally Adjusted,23579,Australian Dollars,primary,"https://data.api.abs.gov.au/rest/data/ABS,ANA_AGG,1.0.0/all?startPeriod=2000&format=csv",2026-08-25T13:07:06.254Z
2017-Q3,GDP per capita,GPM_PCA,Chain volume measures,M1,Original,23585,Australian Dollars,primary,"https://data.api.abs.gov.au/rest/data/ABS,ANA_AGG,1.0.0/all?startPeriod=2000&format=csv",2026-08-25T13:07:06.254Z
2017-Q3,GDP per capita,GPM_PCA,Chain volume measures - Percentage changes,M2,Seasonally Adjusted,0.6,Percent,primary,"https://data.api.abs.gov.au/rest/data/ABS,ANA_AGG,1.0.0/all?startPeriod=2000&format=csv",2026-08-25T13:07:06.254Z
2017-Q3,GDP per capita,GPM_PCA,Chain volume measures - Percentage changes,M2,Original,-0.2,Percent,primary,"https://data.api.abs.gov.au/rest/data/ABS,ANA_AGG,1.0.0/all?startPeriod=2000&format=csv",2026-08-25T13:07:06.254Z
2017-Q3,GDP per capita,GPM_PCA,Chain volume measures - Percentage changes,M2,Trend,0.3,Percent,primary,"https://data.api.abs.gov.au/rest/data/ABS,ANA_AGG,1.0.0/all?startPeriod=2000&format=csv",2026-08-25T13:07:06.254Z
2017-Q4,Gross domestic product,GPM,Chain volume measures,M1,Seasonally Adjusted,584367,Australian Dollars,primary,"https://data.api.abs.gov.au/rest/data/ABS,ANA_AGG,1.0.0/all?startPeriod=2000&format=csv",2026-08-25T13:07:06.254Z
2017-Q4,Gross domestic product,GPM,Chain volume measures,M1,Original,603701,Australian Dollars,primary,"https://data.api.abs.gov.au/rest/data/ABS,ANA_AGG,1.0.0/all?startPeriod=2000&format=csv",2026-08-25T13:07:06.254Z
2017-Q4,Gross domestic product,GPM,Chain volume measures,M1,Trend,585524,Australian Dollars,primary,"https://data.api.abs.gov.au/rest/data/ABS,ANA_AGG,1.0.0/all?startPeriod=2000&format=csv",2026-08-25T13:07:06.254Z
2017-Q4,Gross domestic product,GPM,Chain volume measures - Percentage changes,M2,Seasonally Adjusted,0.4,Percent,primary,"https://data.api.abs.gov.au/rest/data/ABS,ANA_AGG,1.0.0/all?startPeriod=2000&format=csv",2026-08-25T13:07:06.254Z
2017-Q4,Gross domestic product,GPM,Chain volume measures - Percentage changes,M2,Trend,0.8,Percent,primary,"https://data.api.abs.gov.au/rest/data/ABS,ANA_AGG,1.0.0/all?startPeriod=2000&format=csv",2026-08-25T13:07:06.254Z
2017-Q4,Gross domestic product,GPM,Chain volume measures - Percentage changes,M2,Original,3.7,Percent,primary,"https://data.api.abs.gov.au/rest/data/ABS,ANA_AGG,1.0.0/all?startPeriod=2000&format=csv",2026-08-25T13:07:06.254Z
2017-Q4,GDP per capita,GPM_PCA,Chain volume measures,M1,Trend,23638,Australian Dollars,primary,"https://data.api.abs.gov.au/rest/data/ABS,ANA_AGG,1.0.0/all?startPeriod=2000&format=csv",2026-08-25T13:07:06.254Z
2017-Q4,GDP per capita,GPM_PCA,Chain volume measures,M1,Seasonally Adjusted,23594,Australian Dollars,primary,"https://data.api.abs.gov.au/rest/data/ABS,ANA_AGG,1.0.0/all?startPeriod=2000&format=csv",2026-08-25T13:07:06.254Z
2017-Q4,GDP per capita,GPM_PCA,Chain volume measures,M1,Original,24388,Australian Dollars,primary,"https://data.api.abs.gov.au/rest/data/ABS,ANA_AGG,1.0.0/all?startPeriod=2000&format=csv",2026-08-25T13:07:06.254Z
2017-Q4,GDP per capita,GPM_PCA,Chain volume measures - Percentage changes,M2,Seasonally Adjusted,0.1,Percent,primary,"https://data.api.abs.gov.au/rest/data/ABS,ANA_AGG,1.0.0/all?startPeriod=2000&format=csv",2026-08-25T13:07:06.254Z
2017-Q4,GDP per capita,GPM_PCA,Chain volume measures - Percentage changes,M2,Original,3.4,Percent,primary,"https://data.api.abs.gov.au/rest/data/ABS,ANA_AGG,1.0.0/all?startPeriod=2000&format=csv",2026-08-25T13:07:06.254Z
2017-Q4,GDP per capita,GPM_PCA,Chain volume measures - Percentage changes,M2,Trend,0.4,Percent,primary,"https://data.api.abs.gov.au/rest/data/ABS,ANA_AGG,1.0.0/all?startPeriod=2000&format=csv",2026-08-25T13:07:06.254Z
2018-Q1,Gross domestic product,GPM,Chain volume measures,M1,Seasonally Adjusted,590393,Australian Dollars,primary,"https://data.api.abs.gov.au/rest/data/ABS,ANA_AGG,1.0.0/all?startPeriod=2000&format=csv",2026-08-25T13:07:06.254Z
2018-Q1,Gross domestic product,GPM,Chain volume measures,M1,Original,565896,Australian Dollars,primary,"https://data.api.abs.gov.au/rest/data/ABS,ANA_AGG,1.0.0/all?startPeriod=2000&format=csv",2026-08-25T13:07:06.254Z
2018-Q1,Gross domestic product,GPM,Chain volume measures,M1,Trend,590141,Australian Dollars,primary,"https://data.api.abs.gov.au/rest/data/ABS,ANA_AGG,1.0.0/all?startPeriod=2000&format=csv",2026-08-25T13:07:06.254Z
2018-Q1,Gross domestic product,GPM,Chain volume measures - Percentage changes,M2,Seasonally Adjusted,1,Percent,primary,"https://data.api.abs.gov.au/rest/data/ABS,ANA_AGG,1.0.0/all?startPeriod=2000&format=csv",2026-08-25T13:07:06.254Z
2018-Q1,Gross domestic product,GPM,Chain volume measures - Percentage changes,M2,Trend,0.8,Percent,primary,"https://data.api.abs.gov.au/rest/data/ABS,ANA_AGG,1.0.0/all?startPeriod=2000&format=csv",2026-08-25T13:07:06.254Z
2018-Q1,Gross domestic product,GPM,Chain volume measures - Percentage changes,M2,Original,-6.3,Percent,primary,"https://data.api.abs.gov.au/rest/data/ABS,ANA_AGG,1.0.0/all?startPeriod=2000&format=csv",2026-08-25T13:07:06.254Z
2018-Q1,GDP per capita,GPM_PCA,Chain volume measures,M1,Trend,23735,Australian Dollars,primary,"https://data.api.abs.gov.au/rest/data/ABS,ANA_AGG,1.0.0/all?startPeriod=2000&format=csv",2026-08-25T13:07:06.254Z
2018-Q1,GDP per capita,GPM_PCA,Chain volume measures,M1,Seasonally Adjusted,23747,Australian Dollars,primary,"https://data.api.abs.gov.au/rest/data/ABS,ANA_AGG,1.0.0/all?startPeriod=2000&format=csv",2026-08-25T13:07:06.254Z
2018-Q1,GDP per capita,GPM_PCA,Chain volume measures,M1,Original,22748,Australian Dollars,primary,"https://data.api.abs.gov.au/rest/data/ABS,ANA_AGG,1.0.0/all?startPeriod=2000&format=csv",2026-08-25T13:07:06.254Z
2018-Q1,GDP per capita,GPM_PCA,Chain volume measures - Percentage changes,M2,Seasonally Adjusted,0.6,Percent,primary,"https://data.api.abs.gov.au/rest/data/ABS,ANA_AGG,1.0.0/all?startPeriod=2000&format=csv",2026-08-25T13:07:06.254Z
2018-Q1,GDP per capita,GPM_PCA,Chain volume measures - Percentage changes,M2,Original,-6.7,Percent,primary,"https://data.api.abs.gov.au/rest/data/ABS,ANA_AGG,1.0.0/all?startPeriod=2000&format=csv",2026-08-25T13:07:06.254Z
2018-Q1,GDP per capita,GPM_PCA,Chain volume measures - Percentage changes,M2,Trend,0.4,Percent,primary,"https://data.api.abs.gov.au/rest/data/ABS,ANA_AGG,1.0.0/all?startPeriod=2000&format=csv",2026-08-25T13:07:06.254Z
2018-Q2,Gross domestic product,GPM,Chain volume measures,M1,Seasonally Adjusted,594775,Australian Dollars,primary,"https://data.api.abs.gov.au/rest/data/ABS,ANA_AGG,1.0.0/all?startPeriod=2000&format=csv",2026-08-25T13:07:06.254Z
2018-Q2,Gross domestic product,GPM,Chain volume measures,M1,Original,599780,Australian Dollars,primary,"https://data.api.abs.gov.au/rest/data/ABS,ANA_AGG,1.0.0/all?startPeriod=2000&format=csv",2026-08-25T13:07:06.254Z
2018-Q2,Gross domestic product,GPM,Chain volume measures,M1,Trend,594029,Australian Dollars,primary,"https://data.api.abs.gov.au/rest/data/ABS,ANA_AGG,1.0.0/all?startPeriod=2000&format=csv",2026-08-25T13:07:06.254Z
2018-Q2,Gross domestic product,GPM,Chain volume measures - Percentage changes,M2,Seasonally Adjusted,0.7,Percent,primary,"https://data.api.abs.gov.au/rest/data/ABS,ANA_AGG,1.0.0/all?startPeriod=2000&format=csv",2026-08-25T13:07:06.254Z
2018-Q2,Gross domestic product,GPM,Chain volume measures - Percentage changes,M2,Trend,0.7,Percent,primary,"https://data.api.abs.gov.au/rest/data/ABS,ANA_AGG,1.0.0/all?startPeriod=2000&format=csv",2026-08-25T13:07:06.254Z
2018-Q2,Gross domestic product,GPM,Chain volume measures - Percentage changes,M2,Original,6,Percent,primary,"https://data.api.abs.gov.au/rest/data/ABS,ANA_AGG,1.0.0/all?startPeriod=2000&format=csv",2026-08-25T13:07:06.254Z
2018-Q2,GDP per capita,GPM_PCA,Chain volume measures,M1,Trend,23798,Australian Dollars,primary,"https://data.api.abs.gov.au/rest/data/ABS,ANA_AGG,1.0.0/all?startPeriod=2000&format=csv",2026-08-25T13:07:06.254Z
2018-Q2,GDP per capita,GPM_PCA,Chain volume measures,M1,Seasonally Adjusted,23829,Australian Dollars,primary,"https://data.api.abs.gov.au/rest/data/ABS,ANA_AGG,1.0.0/all?startPeriod=2000&format=csv",2026-08-25T13:07:06.254Z
2018-Q2,GDP per capita,GPM_PCA,Chain volume measures,M1,Original,24031,Australian Dollars,primary,"https://data.api.abs.gov.au/rest/data/ABS,ANA_AGG,1.0.0/all?startPeriod=2000&format=csv",2026-08-25T13:07:06.254Z
2018-Q2,GDP per capita,GPM_PCA,Chain volume measures - Percentage changes,M2,Seasonally Adjusted,0.3,Percent,primary,"https://data.api.abs.gov.au/rest/data/ABS,ANA_AGG,1.0.0/all?startPeriod=2000&format=csv",2026-08-25T13:07:06.254Z
2018-Q2,GDP per capita,GPM_PCA,Chain volume measures - Percentage changes,M2,Original,5.6,Percent,primary,"https://data.api.abs.gov.au/rest/data/ABS,ANA_AGG,1.0.0/all?startPeriod=2000&format=csv",2026-08-25T13:07:06.254Z
2018-Q2,GDP per capita,GPM_PCA,Chain volume measures - Percentage changes,M2,Trend,0.3,Percent,primary,"https://data.api.abs.gov.au/rest/data/ABS,ANA_AGG,1.0.0/all?startPeriod=2000&format=csv",2026-08-25T13:07:06.254Z
2018-Q3,Gross domestic product,GPM,Chain volume measures,M1,Seasonally Adjusted,597020,Australian Dollars,primary,"https://data.api.abs.gov.au/rest/data/ABS,ANA_AGG,1.0.0/all?startPeriod=2000&format=csv",2026-08-25T13:07:06.254Z
2018-Q3,Gross domestic product,GPM,Chain volume measures,M1,Original,597624,Australian Dollars,primary,"https://data.api.abs.gov.au/rest/data/ABS,ANA_AGG,1.0.0/all?startPeriod=2000&format=csv",2026-08-25T13:07:06.254Z
2018-Q3,Gross domestic product,GPM,Chain volume measures,M1,Trend,597053,Australian Dollars,primary,"https://data.api.abs.gov.au/rest/data/ABS,ANA_AGG,1.0.0/all?startPeriod=2000&format=csv",2026-08-25T13:07:06.254Z
2018-Q3,Gross domestic product,GPM,Chain volume measures - Percentage changes,M2,Seasonally Adjusted,0.4,Percent,primary,"https://data.api.abs.gov.au/rest/data/ABS,ANA_AGG,1.0.0/all?startPeriod=2000&format=csv",2026-08-25T13:07:06.254Z
2018-Q3,Gross domestic product,GPM,Chain volume measures - Percentage changes,M2,Trend,0.5,Percent,primary,"https://data.api.abs.gov.au/rest/data/ABS,ANA_AGG,1.0.0/all?startPeriod=2000&format=csv",2026-08-25T13:07:06.254Z
2018-Q3,Gross domestic product,GPM,Chain volume measures - Percentage changes,M2,Original,-0.4,Percent,primary,"https://data.api.abs.gov.au/rest/data/ABS,ANA_AGG,1.0.0/all?startPeriod=2000&format=csv",2026-08-25T13:07:06.254Z
2018-Q3,GDP per capita,GPM_PCA,Chain volume measures,M1,Trend,23825,Australian Dollars,primary,"https://data.api.abs.gov.au/rest/data/ABS,ANA_AGG,1.0.0/all?startPeriod=2000&format=csv",2026-08-25T13:07:06.254Z
2018-Q3,GDP per capita,GPM_PCA,Chain volume measures,M1,Seasonally Adjusted,23820,Australian Dollars,primary,"https://data.api.abs.gov.au/rest/data/ABS,ANA_AGG,1.0.0/all?startPeriod=2000&format=csv",2026-08-25T13:07:06.254Z
2018-Q3,GDP per capita,GPM_PCA,Chain volume measures,M1,Original,23845,Australian Dollars,primary,"https://data.api.abs.gov.au/rest/data/ABS,ANA_AGG,1.0.0/all?startPeriod=2000&format=csv",2026-08-25T13:07:06.254Z
2018-Q3,GDP per capita,GPM_PCA,Chain volume measures - Percentage changes,M2,Seasonally Adjusted,0,Percent,primary,"https://data.api.abs.gov.au/rest/data/ABS,ANA_AGG,1.0.0/all?startPeriod=2000&format=csv",2026-08-25T13:07:06.254Z
2018-Q3,GDP per capita,GPM_PCA,Chain volume measures - Percentage changes,M2,Original,-0.8,Percent,primary,"https://data.api.abs.gov.au/rest/data/ABS,ANA_AGG,1.0.0/all?startPeriod=2000&format=csv",2026-08-25T13:07:06.254Z
2018-Q3,GDP per capita,GPM_PCA,Chain volume measures - Percentage changes,M2,Trend,0.1,Percent,primary,"https://data.api.abs.gov.au/rest/data/ABS,ANA_AGG,1.0.0/all?startPeriod=2000&format=csv",2026-08-25T13:07:06.254Z
2018-Q4,Gross domestic product,GPM,Chain volume measures,M1,Seasonally Adjusted,598542,Australian Dollars,primary,"https://data.api.abs.gov.au/rest/data/ABS,ANA_AGG,1.0.0/all?startPeriod=2000&format=csv",2026-08-25T13:07:06.254Z
2018-Q4,Gross domestic product,GPM,Chain volume measures,M1,Original,618991,Australian Dollars,primary,"https://data.api.abs.gov.au/rest/data/ABS,ANA_AGG,1.0.0/all?startPeriod=2000&format=csv",2026-08-25T13:07:06.254Z
2018-Q4,Gross domestic product,GPM,Chain volume measures,M1,Trend,599420,Australian Dollars,primary,"https://data.api.abs.gov.au/rest/data/ABS,ANA_AGG,1.0.0/all?startPeriod=2000&format=csv",2026-08-25T13:07:06.254Z
2018-Q4,Gross domestic product,GPM,Chain volume measures - Percentage changes,M2,Seasonally Adjusted,0.3,Percent,primary,"https://data.api.abs.gov.au/rest/data/ABS,ANA_AGG,1.0.0/all?startPeriod=2000&format=csv",2026-08-25T13:07:06.254Z
2018-Q4,Gross domestic product,GPM,Chain volume measures - Percentage changes,M2,Trend,0.4,Percent,primary,"https://data.api.abs.gov.au/rest/data/ABS,ANA_AGG,1.0.0/all?startPeriod=2000&format=csv",2026-08-25T13:07:06.254Z
2018-Q4,Gross domestic product,GPM,Chain volume measures - Percentage changes,M2,Original,3.6,Percent,primary,"https://data.api.abs.gov.au/rest/data/ABS,ANA_AGG,1.0.0/all?startPeriod=2000&format=csv",2026-08-25T13:07:06.254Z
2018-Q4,GDP per capita,GPM_PCA,Chain volume measures,M1,Trend,23830,Australian Dollars,primary,"https://data.api.abs.gov.au/rest/data/ABS,ANA_AGG,1.0.0/all?startPeriod=2000&format=csv",2026-08-25T13:07:06.254Z
2018-Q4,GDP per capita,GPM_PCA,Chain volume measures,M1,Seasonally Adjusted,23794,Australian Dollars,primary,"https://data.api.abs.gov.au/rest/data/ABS,ANA_AGG,1.0.0/all?startPeriod=2000&format=csv",2026-08-25T13:07:06.254Z
2018-Q4,GDP per capita,GPM_PCA,Chain volume measures,M1,Original,24620,Australian Dollars,primary,"https://data.api.abs.gov.au/rest/data/ABS,ANA_AGG,1.0.0/all?startPeriod=2000&format=csv",2026-08-25T13:07:06.254Z
2018-Q4,GDP per capita,GPM_PCA,Chain volume measures - Percentage changes,M2,Seasonally Adjusted,-0.1,Percent,primary,"https://data.api.abs.gov.au/rest/data/ABS,ANA_AGG,1.0.0/all?startPeriod=2000&format=csv",2026-08-25T13:07:06.254Z
2018-Q4,GDP per capita,GPM_PCA,Chain volume measures - Percentage changes,M2,Original,3.3,Percent,primary,"https://data.api.abs.gov.au/rest/data/ABS,ANA_AGG,1.0.0/all?startPeriod=2000&format=csv",2026-08-25T13:07:06.254Z
2018-Q4,GDP per capita,GPM_PCA,Chain volume measures - Percentage changes,M2,Trend,0,Percent,primary,"https://data.api.abs.gov.au/rest/data/ABS,ANA_AGG,1.0.0/all?startPeriod=2000&format=csv",2026-08-25T13:07:06.254Z
2019-Q1,Gross domestic product,GPM,Chain volume measures,M1,Seasonally Adjusted,602883,Australian Dollars,primary,"https://data.api.abs.gov.au/rest/data/ABS,ANA_AGG,1.0.0/all?startPeriod=2000&format=csv",2026-08-25T13:07:06.254Z
2019-Q1,Gross domestic product,GPM,Chain volume measures,M1,Original,578292,Australian Dollars,primary,"https://data.api.abs.gov.au/rest/data/ABS,ANA_AGG,1.0.0/all?startPeriod=2000&format=csv",2026-08-25T13:07:06.254Z
2019-Q1,Gross domestic product,GPM,Chain volume measures,M1,Trend,602070,Australian Dollars,primary,"https://data.api.abs.gov.au/rest/data/ABS,ANA_AGG,1.0.0/all?startPeriod=2000&format=csv",2026-08-25T13:07:06.254Z
2019-Q1,Gross domestic product,GPM,Chain volume measures - Percentage changes,M2,Seasonally Adjusted,0.7,Percent,primary,"https://data.api.abs.gov.au/rest/data/ABS,ANA_AGG,1.0.0/all?startPeriod=2000&format=csv",2026-08-25T13:07:06.254Z
2019-Q1,Gross domestic product,GPM,Chain volume measures - Percentage changes,M2,Trend,0.4,Percent,primary,"https://data.api.abs.gov.au/rest/data/ABS,ANA_AGG,1.0.0/all?startPeriod=2000&format=csv",2026-08-25T13:07:06.254Z
2019-Q1,Gross domestic product,GPM,Chain volume measures - Percentage changes,M2,Original,-6.6,Percent,primary,"https://data.api.abs.gov.au/rest/data/ABS,ANA_AGG,1.0.0/all?startPeriod=2000&format=csv",2026-08-25T13:07:06.254Z
2019-Q1,GDP per capita,GPM_PCA,Chain volume measures,M1,Trend,23850,Australian Dollars,primary,"https://data.api.abs.gov.au/rest/data/ABS,ANA_AGG,1.0.0/all?startPeriod=2000&format=csv",2026-08-25T13:07:06.254Z
2019-Q1,GDP per capita,GPM_PCA,Chain volume measures,M1,Seasonally Adjusted,23883,Australian Dollars,primary,"https://data.api.abs.gov.au/rest/data/ABS,ANA_AGG,1.0.0/all?startPeriod=2000&format=csv",2026-08-25T13:07:06.254Z
2019-Q1,GDP per capita,GPM_PCA,Chain volume measures,M1,Original,22893,Australian Dollars,primary,"https://data.api.abs.gov.au/rest/data/ABS,ANA_AGG,1.0.0/all?startPeriod=2000&format=csv",2026-08-25T13:07:06.254Z
2019-Q1,GDP per capita,GPM_PCA,Chain volume measures - Percentage changes,M2,Seasonally Adjusted,0.4,Percent,primary,"https://data.api.abs.gov.au/rest/data/ABS,ANA_AGG,1.0.0/all?startPeriod=2000&format=csv",2026-08-25T13:07:06.254Z
2019-Q1,GDP per capita,GPM_PCA,Chain volume measures - Percentage changes,M2,Original,-7,Percent,primary,"https://data.api.abs.gov.au/rest/data/ABS,ANA_AGG,1.0.0/all?startPeriod=2000&format=csv",2026-08-25T13:07:06.254Z
2019-Q1,GDP per capita,GPM_PCA,Chain volume measures - Percentage changes,M2,Trend,0.1,Percent,primary,"https://data.api.abs.gov.au/rest/data/ABS,ANA_AGG,1.0.0/all?startPeriod=2000&format=csv",2026-08-25T13:07:06.254Z
2019-Q2,Gross domestic product,GPM,Chain volume measures,M1,Seasonally Adjusted,604726,Australian Dollars,primary,"https://data.api.abs.gov.au/rest/data/ABS,ANA_AGG,1.0.0/all?startPeriod=2000&format=csv",2026-08-25T13:07:06.254Z
2019-Q2,Gross domestic product,GPM,Chain volume measures,M1,Original,608265,Australian Dollars,primary,"https://data.api.abs.gov.au/rest/data/ABS,ANA_AGG,1.0.0/all?startPeriod=2000&format=csv",2026-08-25T13:07:06.254Z
2019-Q2,Gross domestic product,GPM,Chain volume measures - Percentage changes,M2,Seasonally Adjusted,0.3,Percent,primary,"https://data.api.abs.gov.au/rest/data/ABS,ANA_AGG,1.0.0/all?startPeriod=2000&format=csv",2026-08-25T13:07:06.254Z
2019-Q2,Gross domestic product,GPM,Chain volume measures - Percentage changes,M2,Original,5.2,Percent,primary,"https://data.api.abs.gov.au/rest/data/ABS,ANA_AGG,1.0.0/all?startPeriod=2000&format=csv",2026-08-25T13:07:06.254Z
2019-Q2,GDP per capita,GPM_PCA,Chain volume measures,M1,Seasonally Adjusted,23872,Australian Dollars,primary,"https://data.api.abs.gov.au/rest/data/ABS,ANA_AGG,1.0.0/all?startPeriod=2000&format=csv",2026-08-25T13:07:06.254Z
2019-Q2,GDP per capita,GPM_PCA,Chain volume measures,M1,Original,24014,Australian Dollars,primary,"https://data.api.abs.gov.au/rest/data/ABS,ANA_AGG,1.0.0/all?startPeriod=2000&format=csv",2026-08-25T13:07:06.254Z
2019-Q2,GDP per capita,GPM_PCA,Chain volume measures - Percentage changes,M2,Seasonally Adjusted,0,Percent,primary,"https://data.api.abs.gov.au/rest/data/ABS,ANA_AGG,1.0.0/all?startPeriod=2000&format=csv",2026-08-25T13:07:06.254Z
2019-Q2,GDP per capita,GPM_PCA,Chain volume measures - Percentage changes,M2,Original,4.9,Percent,primary,"https://data.api.abs.gov.au/rest/data/ABS,ANA_AGG,1.0.0/all?startPeriod=2000&format=csv",2026-08-25T13:07:06.254Z
2019-Q3,Gross domestic product,GPM,Chain volume measures,M1,Seasonally Adjusted,608257,Australian Dollars,primary,"https://data.api.abs.gov.au/rest/data/ABS,ANA_AGG,1.0.0/all?startPeriod=2000&format=csv",2026-08-25T13:07:06.254Z
2019-Q3,Gross domestic product,GPM,Chain volume measures,M1,Original,608615,Australian Dollars,primary,"https://data.api.abs.gov.au/rest/data/ABS,ANA_AGG,1.0.0/all?startPeriod=2000&format=csv",2026-08-25T13:07:06.254Z
2019-Q3,Gross domestic product,GPM,Chain volume measures - Percentage changes,M2,Seasonally Adjusted,0.6,Percent,primary,"https://data.api.abs.gov.au/rest/data/ABS,ANA_AGG,1.0.0/all?startPeriod=2000&format=csv",2026-08-25T13:07:06.254Z
2019-Q3,Gross domestic product,GPM,Chain volume measures - Percentage changes,M2,Original,0.1,Percent,primary,"https://data.api.abs.gov.au/rest/data/ABS,ANA_AGG,1.0.0/all?startPeriod=2000&format=csv",2026-08-25T13:07:06.254Z
2019-Q3,GDP per capita,GPM_PCA,Chain volume measures,M1,Seasonally Adjusted,23913,Australian Dollars,primary,"https://data.api.abs.gov.au/rest/data/ABS,ANA_AGG,1.0.0/all?startPeriod=2000&format=csv",2026-08-25T13:07:06.254Z
2019-Q3,GDP per capita,GPM_PCA,Chain volume measures,M1,Original,23930,Australian Dollars,primary,"https://data.api.abs.gov.au/rest/data/ABS,ANA_AGG,1.0.0/all?startPeriod=2000&format=csv",2026-08-25T13:07:06.254Z
2019-Q3,GDP per capita,GPM_PCA,Chain volume measures - Percentage changes,M2,Seasonally Adjusted,0.2,Percent,primary,"https://data.api.abs.gov.au/rest/data/ABS,ANA_AGG,1.0.0/all?startPeriod=2000&format=csv",2026-08-25T13:07:06.254Z
2019-Q3,GDP per capita,GPM_PCA,Chain volume measures - Percentage changes,M2,Original,-0.3,Percent,primary,"https://data.api.abs.gov.au/rest/data/ABS,ANA_AGG,1.0.0/all?startPeriod=2000&format=csv",2026-08-25T13:07:06.254Z
2019-Q4,Gross domestic product,GPM,Chain volume measures,M1,Seasonally Adjusted,611850,Australian Dollars,primary,"https://data.api.abs.gov.au/rest/data/ABS,ANA_AGG,1.0.0/all?startPeriod=2000&format=csv",2026-08-25T13:07:06.254Z
2019-Q4,Gross domestic product,GPM,Chain volume measures,M1,Original,633631,Australian Dollars,primary,"https://data.api.abs.gov.au/rest/data/ABS,ANA_AGG,1.0.0/all?startPeriod=2000&format=csv",2026-08-25T13:07:06.254Z
2019-Q4,Gross domestic product,GPM,Chain volume measures - Percentage changes,M2,Seasonally Adjusted,0.6,Percent,primary,"https://data.api.abs.gov.au/rest/data/ABS,ANA_AGG,1.0.0/all?startPeriod=2000&format=csv",2026-08-25T13:07:06.254Z
2019-Q4,Gross domestic product,GPM,Chain volume measures - Percentage changes,M2,Original,4.1,Percent,primary,"https://data.api.abs.gov.au/rest/data/ABS,ANA_AGG,1.0.0/all?startPeriod=2000&format=csv",2026-08-25T13:07:06.254Z
2019-Q4,GDP per capita,GPM_PCA,Chain volume measures,M1,Seasonally Adjusted,23967,Australian Dollars,primary,"https://data.api.abs.gov.au/rest/data/ABS,ANA_AGG,1.0.0/all?startPeriod=2000&format=csv",2026-08-25T13:07:06.254Z
2019-Q4,GDP per capita,GPM_PCA,Chain volume measures,M1,Original,24833,Australian Dollars,primary,"https://data.api.abs.gov.au/rest/data/ABS,ANA_AGG,1.0.0/all?startPeriod=2000&format=csv",2026-08-25T13:07:06.254Z
2019-Q4,GDP per capita,GPM_PCA,Chain volume measures - Percentage changes,M2,Seasonally Adjusted,0.2,Percent,primary,"https://data.api.abs.gov.au/rest/data/ABS,ANA_AGG,1.0.0/all?startPeriod=2000&format=csv",2026-08-25T13:07:06.254Z
2019-Q4,GDP per capita,GPM_PCA,Chain volume measures - Percentage changes,M2,Original,3.8,Percent,primary,"https://data.api.abs.gov.au/rest/data/ABS,ANA_AGG,1.0.0/all?startPeriod=2000&format=csv",2026-08-25T13:07:06.254Z
2020-Q1,Gross domestic product,GPM,Chain volume measures,M1,Seasonally Adjusted,610510,Australian Dollars,primary,"https://data.api.abs.gov.au/rest/data/ABS,ANA_AGG,1.0.0/all?startPeriod=2000&format=csv",2026-08-25T13:07:06.254Z
2020-Q1,Gross domestic product,GPM,Chain volume measures,M1,Original,586887,Australian Dollars,primary,"https://data.api.abs.gov.au/rest/data/ABS,ANA_AGG,1.0.0/all?startPeriod=2000&format=csv",2026-08-25T13:07:06.254Z
2020-Q1,Gross domestic product,GPM,Chain volume measures - Percentage changes,M2,Seasonally Adjusted,-0.2,Percent,primary,"https://data.api.abs.gov.au/rest/data/ABS,ANA_AGG,1.0.0/all?startPeriod=2000&format=csv",2026-08-25T13:07:06.254Z
2020-Q1,Gross domestic product,GPM,Chain volume measures - Percentage changes,M2,Original,-7.4,Percent,primary,"https://data.api.abs.gov.au/rest/data/ABS,ANA_AGG,1.0.0/all?startPeriod=2000&format=csv",2026-08-25T13:07:06.254Z
2020-Q1,GDP per capita,GPM_PCA,Chain volume measures,M1,Seasonally Adjusted,23844,Australian Dollars,primary,"https://data.api.abs.gov.au/rest/data/ABS,ANA_AGG,1.0.0/all?startPeriod=2000&format=csv",2026-08-25T13:07:06.254Z
2020-Q1,GDP per capita,GPM_PCA,Chain volume measures,M1,Original,22905,Australian Dollars,primary,"https://data.api.abs.gov.au/rest/data/ABS,ANA_AGG,1.0.0/all?startPeriod=2000&format=csv",2026-08-25T13:07:06.254Z
2020-Q1,GDP per capita,GPM_PCA,Chain volume measures - Percentage changes,M2,Seasonally Adjusted,-0.5,Percent,primary,"https://data.api.abs.gov.au/rest/data/ABS,ANA_AGG,1.0.0/all?startPeriod=2000&format=csv",2026-08-25T13:07:06.254Z
2020-Q1,GDP per capita,GPM_PCA,Chain volume measures - Percentage changes,M2,Original,-7.8,Percent,primary,"https://data.api.abs.gov.au/rest/data/ABS,ANA_AGG,1.0.0/all?startPeriod=2000&format=csv",2026-08-25T13:07:06.254Z
2020-Q2,Gross domestic product,GPM,Chain volume measures,M1,Seasonally Adjusted,569344,Australian Dollars,primary,"https://data.api.abs.gov.au/rest/data/ABS,ANA_AGG,1.0.0/all?startPeriod=2000&format=csv",2026-08-25T13:07:06.254Z
2020-Q2,Gross domestic product,GPM,Chain volume measures,M1,Original,570829,Australian Dollars,primary,"https://data.api.abs.gov.au/rest/data/ABS,ANA_AGG,1.0.0/all?startPeriod=2000&format=csv",2026-08-25T13:07:06.254Z
2020-Q2,Gross domestic product,GPM,Chain volume measures - Percentage changes,M2,Seasonally Adjusted,-6.7,Percent,primary,"https://data.api.abs.gov.au/rest/data/ABS,ANA_AGG,1.0.0/all?startPeriod=2000&format=csv",2026-08-25T13:07:06.254Z
2020-Q2,Gross domestic product,GPM,Chain volume measures - Percentage changes,M2,Original,-2.7,Percent,primary,"https://data.api.abs.gov.au/rest/data/ABS,ANA_AGG,1.0.0/all?startPeriod=2000&format=csv",2026-08-25T13:07:06.254Z
2020-Q2,GDP per capita,GPM_PCA,Chain volume measures,M1,Seasonally Adjusted,22200,Australian Dollars,primary,"https://data.api.abs.gov.au/rest/data/ABS,ANA_AGG,1.0.0/all?startPeriod=2000&format=csv",2026-08-25T13:07:06.254Z
2020-Q2,GDP per capita,GPM_PCA,Chain volume measures,M1,Original,22259,Australian Dollars,primary,"https://data.api.abs.gov.au/rest/data/ABS,ANA_AGG,1.0.0/all?startPeriod=2000&format=csv",2026-08-25T13:07:06.254Z
2020-Q2,GDP per capita,GPM_PCA,Chain volume measures - Percentage changes,M2,Seasonally Adjusted,-6.9,Percent,primary,"https://data.api.abs.gov.au/rest/data/ABS,ANA_AGG,1.0.0/all?startPeriod=2000&format=csv",2026-08-25T13:07:06.254Z
2020-Q2,GDP per capita,GPM_PCA,Chain volume measures - Percentage changes,M2,Original,-2.8,Percent,primary,"https://data.api.abs.gov.au/rest/data/ABS,ANA_AGG,1.0.0/all?startPeriod=2000&format=csv",2026-08-25T13:07:06.254Z
2020-Q3,Gross domestic product,GPM,Chain volume measures,M1,Seasonally Adjusted,589128,Australian Dollars,primary,"https://data.api.abs.gov.au/rest/data/ABS,ANA_AGG,1.0.0/all?startPeriod=2000&format=csv",2026-08-25T13:07:06.254Z
2020-Q3,Gross domestic product,GPM,Chain volume measures,M1,Original,587893,Australian Dollars,primary,"https://data.api.abs.gov.au/rest/data/ABS,ANA_AGG,1.0.0/all?startPeriod=2000&format=csv",2026-08-25T13:07:06.254Z
2020-Q3,Gross domestic product,GPM,Chain volume measures - Percentage changes,M2,Seasonally Adjusted,3.5,Percent,primary,"https://data.api.abs.gov.au/rest/data/ABS,ANA_AGG,1.0.0/all?startPeriod=2000&format=csv",2026-08-25T13:07:06.254Z
2020-Q3,Gross domestic product,GPM,Chain volume measures - Percentage changes,M2,Original,3,Percent,primary,"https://data.api.abs.gov.au/rest/data/ABS,ANA_AGG,1.0.0/all?startPeriod=2000&format=csv",2026-08-25T13:07:06.254Z
2020-Q3,GDP per capita,GPM_PCA,Chain volume measures,M1,Seasonally Adjusted,22984,Australian Dollars,primary,"https://data.api.abs.gov.au/rest/data/ABS,ANA_AGG,1.0.0/all?startPeriod=2000&format=csv",2026-08-25T13:07:06.254Z
2020-Q3,GDP per capita,GPM_PCA,Chain volume measures,M1,Original,22939,Australian Dollars,primary,"https://data.api.abs.gov.au/rest/data/ABS,ANA_AGG,1.0.0/all?startPeriod=2000&format=csv",2026-08-25T13:07:06.254Z
2020-Q3,GDP per capita,GPM_PCA,Chain volume measures - Percentage changes,M2,Seasonally Adjusted,3.5,Percent,primary,"https://data.api.abs.gov.au/rest/data/ABS,ANA_AGG,1.0.0/all?startPeriod=2000&format=csv",2026-08-25T13:07:06.254Z
2020-Q3,GDP per capita,GPM_PCA,Chain volume measures - Percentage changes,M2,Original,3.1,Percent,primary,"https://data.api.abs.gov.au/rest/data/ABS,ANA_AGG,1.0.0/all?startPeriod=2000&format=csv",2026-08-25T13:07:06.254Z
2020-Q4,Gross domestic product,GPM,Chain volume measures,M1,Seasonally Adjusted,609184,Australian Dollars,primary,"https://data.api.abs.gov.au/rest/data/ABS,ANA_AGG,1.0.0/all?startPeriod=2000&format=csv",2026-08-25T13:07:06.254Z
2020-Q4,Gross domestic product,GPM,Chain volume measures,M1,Original,632120,Australian Dollars,primary,"https://data.api.abs.gov.au/rest/data/ABS,ANA_AGG,1.0.0/all?startPeriod=2000&format=csv",2026-08-25T13:07:06.254Z
2020-Q4,Gross domestic product,GPM,Chain volume measures - Percentage changes,M2,Seasonally Adjusted,3.4,Percent,primary,"https://data.api.abs.gov.au/rest/data/ABS,ANA_AGG,1.0.0/all?startPeriod=2000&format=csv",2026-08-25T13:07:06.254Z
2020-Q4,Gross domestic product,GPM,Chain volume measures - Percentage changes,M2,Original,7.5,Percent,primary,"https://data.api.abs.gov.au/rest/data/ABS,ANA_AGG,1.0.0/all?startPeriod=2000&format=csv",2026-08-25T13:07:06.254Z
2020-Q4,GDP per capita,GPM_PCA,Chain volume measures,M1,Seasonally Adjusted,23760,Australian Dollars,primary,"https://data.api.abs.gov.au/rest/data/ABS,ANA_AGG,1.0.0/all?startPeriod=2000&format=csv",2026-08-25T13:07:06.254Z
2020-Q4,GDP per capita,GPM_PCA,Chain volume measures,M1,Original,24667,Australian Dollars,primary,"https://data.api.abs.gov.au/rest/data/ABS,ANA_AGG,1.0.0/all?startPeriod=2000&format=csv",2026-08-25T13:07:06.254Z
2020-Q4,GDP per capita,GPM_PCA,Chain volume measures - Percentage changes,M2,Seasonally Adjusted,3.4,Percent,primary,"https://data.api.abs.gov.au/rest/data/ABS,ANA_AGG,1.0.0/all?startPeriod=2000&format=csv",2026-08-25T13:07:06.254Z
2020-Q4,GDP per capita,GPM_PCA,Chain volume measures - Percentage changes,M2,Original,7.5,Percent,primary,"https://data.api.abs.gov.au/rest/data/ABS,ANA_AGG,1.0.0/all?startPeriod=2000&format=csv",2026-08-25T13:07:06.254Z
2021-Q1,Gross domestic product,GPM,Chain volume measures,M1,Seasonally Adjusted,622355,Australian Dollars,primary,"https://data.api.abs.gov.au/rest/data/ABS,ANA_AGG,1.0.0/all?startPeriod=2000&format=csv",2026-08-25T13:07:06.254Z
2021-Q1,Gross domestic product,GPM,Chain volume measures,M1,Original,598244,Australian Dollars,primary,"https://data.api.abs.gov.au/rest/data/ABS,ANA_AGG,1.0.0/all?startPeriod=2000&format=csv",2026-08-25T13:07:06.254Z
2021-Q1,Gross domestic product,GPM,Chain volume measures - Percentage changes,M2,Seasonally Adjusted,2.2,Percent,primary,"https://data.api.abs.gov.au/rest/data/ABS,ANA_AGG,1.0.0/all?startPeriod=2000&format=csv",2026-08-25T13:07:06.254Z
2021-Q1,Gross domestic product,GPM,Chain volume measures - Percentage changes,M2,Original,-5.4,Percent,primary,"https://data.api.abs.gov.au/rest/data/ABS,ANA_AGG,1.0.0/all?startPeriod=2000&format=csv",2026-08-25T13:07:06.254Z
2021-Q1,GDP per capita,GPM_PCA,Chain volume measures,M1,Seasonally Adjusted,24283,Australian Dollars,primary,"https://data.api.abs.gov.au/rest/data/ABS,ANA_AGG,1.0.0/all?startPeriod=2000&format=csv",2026-08-25T13:07:06.254Z
2021-Q1,GDP per capita,GPM_PCA,Chain volume measures,M1,Original,23325,Australian Dollars,primary,"https://data.api.abs.gov.au/rest/data/ABS,ANA_AGG,1.0.0/all?startPeriod=2000&format=csv",2026-08-25T13:07:06.254Z
2021-Q1,GDP per capita,GPM_PCA,Chain volume measures - Percentage changes,M2,Seasonally Adjusted,2.2,Percent,primary,"https://data.api.abs.gov.au/rest/data/ABS,ANA_AGG,1.0.0/all?startPeriod=2000&format=csv",2026-08-25T13:07:06.254Z
2021-Q1,GDP per capita,GPM_PCA,Chain volume measures - Percentage changes,M2,Original,-5.4,Percent,primary,"https://data.api.abs.gov.au/rest/data/ABS,ANA_AGG,1.0.0/all?startPeriod=2000&format=csv",2026-08-25T13:07:06.254Z
2021-Q2,Gross domestic product,GPM,Chain volume measures,M1,Seasonally Adjusted,627461,Australian Dollars,primary,"https://data.api.abs.gov.au/rest/data/ABS,ANA_AGG,1.0.0/all?startPeriod=2000&format=csv",2026-08-25T13:07:06.254Z
2021-Q2,Gross domestic product,GPM,Chain volume measures,M1,Original,629871,Australian Dollars,primary,"https://data.api.abs.gov.au/rest/data/ABS,ANA_AGG,1.0.0/all?startPeriod=2000&format=csv",2026-08-25T13:07:06.254Z
2021-Q2,Gross domestic product,GPM,Chain volume measures - Percentage changes,M2,Seasonally Adjusted,0.8,Percent,primary,"https://data.api.abs.gov.au/rest/data/ABS,ANA_AGG,1.0.0/all?startPeriod=2000&format=csv",2026-08-25T13:07:06.254Z
2021-Q2,Gross domestic product,GPM,Chain volume measures - Percentage changes,M2,Original,5.3,Percent,primary,"https://data.api.abs.gov.au/rest/data/ABS,ANA_AGG,1.0.0/all?startPeriod=2000&format=csv",2026-08-25T13:07:06.254Z
2021-Q2,GDP per capita,GPM_PCA,Chain volume measures,M1,Seasonally Adjusted,24431,Australian Dollars,primary,"https://data.api.abs.gov.au/rest/data/ABS,ANA_AGG,1.0.0/all?startPeriod=2000&format=csv",2026-08-25T13:07:06.254Z
2021-Q2,GDP per capita,GPM_PCA,Chain volume measures,M1,Original,24527,Australian Dollars,primary,"https://data.api.abs.gov.au/rest/data/ABS,ANA_AGG,1.0.0/all?startPeriod=2000&format=csv",2026-08-25T13:07:06.254Z
2021-Q2,GDP per capita,GPM_PCA,Chain volume measures - Percentage changes,M2,Seasonally Adjusted,0.6,Percent,primary,"https://data.api.abs.gov.au/rest/data/ABS,ANA_AGG,1.0.0/all?startPeriod=2000&format=csv",2026-08-25T13:07:06.254Z
2021-Q2,GDP per capita,GPM_PCA,Chain volume measures - Percentage changes,M2,Original,5.2,Percent,primary,"https://data.api.abs.gov.au/rest/data/ABS,ANA_AGG,1.0.0/all?startPeriod=2000&format=csv",2026-08-25T13:07:06.254Z
2021-Q3,Gross domestic product,GPM,Chain volume measures,M1,Seasonally Adjusted,616714,Australian Dollars,primary,"https://data.api.abs.gov.au/rest/data/ABS,ANA_AGG,1.0.0/all?startPeriod=2000&format=csv",2026-08-25T13:07:06.254Z
2021-Q3,Gross domestic product,GPM,Chain volume measures,M1,Original,614467,Australian Dollars,primary,"https://data.api.abs.gov.au/rest/data/ABS,ANA_AGG,1.0.0/all?startPeriod=2000&format=csv",2026-08-25T13:07:06.254Z
2021-Q3,Gross domestic product,GPM,Chain volume measures - Percentage changes,M2,Seasonally Adjusted,-1.7,Percent,primary,"https://data.api.abs.gov.au/rest/data/ABS,ANA_AGG,1.0.0/all?startPeriod=2000&format=csv",2026-08-25T13:07:06.254Z
2021-Q3,Gross domestic product,GPM,Chain volume measures - Percentage changes,M2,Original,-2.4,Percent,primary,"https://data.api.abs.gov.au/rest/data/ABS,ANA_AGG,1.0.0/all?startPeriod=2000&format=csv",2026-08-25T13:07:06.254Z
2021-Q3,GDP per capita,GPM_PCA,Chain volume measures,M1,Seasonally Adjusted,23993,Australian Dollars,primary,"https://data.api.abs.gov.au/rest/data/ABS,ANA_AGG,1.0.0/all?startPeriod=2000&format=csv",2026-08-25T13:07:06.254Z
2021-Q3,GDP per capita,GPM_PCA,Chain volume measures,M1,Original,23909,Australian Dollars,primary,"https://data.api.abs.gov.au/rest/data/ABS,ANA_AGG,1.0.0/all?startPeriod=2000&format=csv",2026-08-25T13:07:06.254Z
2021-Q3,GDP per capita,GPM_PCA,Chain volume measures - Percentage changes,M2,Seasonally Adjusted,-1.8,Percent,primary,"https://data.api.abs.gov.au/rest/data/ABS,ANA_AGG,1.0.0/all?startPeriod=2000&format=csv",2026-08-25T13:07:06.254Z
2021-Q3,GDP per capita,GPM_PCA,Chain volume measures - Percentage changes,M2,Original,-2.5,Percent,primary,"https://data.api.abs.gov.au/rest/data/ABS,ANA_AGG,1.0.0/all?startPeriod=2000&format=csv",2026-08-25T13:07:06.254Z
2021-Q4,Gross domestic product,GPM,Chain volume measures,M1,Seasonally Adjusted,639091,Australian Dollars,primary,"https://data.api.abs.gov.au/rest/data/ABS,ANA_AGG,1.0.0/all?startPeriod=2000&format=csv",2026-08-25T13:07:06.254Z
2021-Q4,Gross domestic product,GPM,Chain volume measures,M1,Original,663254,Australian Dollars,primary,"https://data.api.abs.gov.au/rest/data/ABS,ANA_AGG,1.0.0/all?startPeriod=2000&format=csv",2026-08-25T13:07:06.254Z
2021-Q4,Gross domestic product,GPM,Chain volume measures - Percentage changes,M2,Seasonally Adjusted,3.6,Percent,primary,"https://data.api.abs.gov.au/rest/data/ABS,ANA_AGG,1.0.0/all?startPeriod=2000&format=csv",2026-08-25T13:07:06.254Z
2021-Q4,Gross domestic product,GPM,Chain volume measures - Percentage changes,M2,Original,7.9,Percent,primary,"https://data.api.abs.gov.au/rest/data/ABS,ANA_AGG,1.0.0/all?startPeriod=2000&format=csv",2026-08-25T13:07:06.254Z
2021-Q4,GDP per capita,GPM_PCA,Chain volume measures,M1,Seasonally Adjusted,24788,Australian Dollars,primary,"https://data.api.abs.gov.au/rest/data/ABS,ANA_AGG,1.0.0/all?startPeriod=2000&format=csv",2026-08-25T13:07:06.254Z
2021-Q4,GDP per capita,GPM_PCA,Chain volume measures,M1,Original,25739,Australian Dollars,primary,"https://data.api.abs.gov.au/rest/data/ABS,ANA_AGG,1.0.0/all?startPeriod=2000&format=csv",2026-08-25T13:07:06.254Z
2021-Q4,GDP per capita,GPM_PCA,Chain volume measures - Percentage changes,M2,Seasonally Adjusted,3.3,Percent,primary,"https://data.api.abs.gov.au/rest/data/ABS,ANA_AGG,1.0.0/all?startPeriod=2000&format=csv",2026-08-25T13:07:06.254Z
2021-Q4,GDP per capita,GPM_PCA,Chain volume measures - Percentage changes,M2,Original,7.7,Percent,primary,"https://data.api.abs.gov.au/rest/data/ABS,ANA_AGG,1.0.0/all?startPeriod=2000&format=csv",2026-08-25T13:07:06.254Z
2022-Q1,Gross domestic product,GPM,Chain volume measures,M1,Seasonally Adjusted,645027,Australian Dollars,primary,"https://data.api.abs.gov.au/rest/data/ABS,ANA_AGG,1.0.0/all?startPeriod=2000&format=csv",2026-08-25T13:07:06.254Z
2022-Q1,Gross domestic product,GPM,Chain volume measures,M1,Original,619851,Australian Dollars,primary,"https://data.api.abs.gov.au/rest/data/ABS,ANA_AGG,1.0.0/all?startPeriod=2000&format=csv",2026-08-25T13:07:06.254Z
2022-Q1,Gross domestic product,GPM,Chain volume measures - Percentage changes,M2,Seasonally Adjusted,0.9,Percent,primary,"https://data.api.abs.gov.au/rest/data/ABS,ANA_AGG,1.0.0/all?startPeriod=2000&format=csv",2026-08-25T13:07:06.254Z
2022-Q1,Gross domestic product,GPM,Chain volume measures - Percentage changes,M2,Original,-6.5,Percent,primary,"https://data.api.abs.gov.au/rest/data/ABS,ANA_AGG,1.0.0/all?startPeriod=2000&format=csv",2026-08-25T13:07:06.254Z
2022-Q1,GDP per capita,GPM_PCA,Chain volume measures,M1,Seasonally Adjusted,24915,Australian Dollars,primary,"https://data.api.abs.gov.au/rest/data/ABS,ANA_AGG,1.0.0/all?startPeriod=2000&format=csv",2026-08-25T13:07:06.254Z
2022-Q1,GDP per capita,GPM_PCA,Chain volume measures,M1,Original,23925,Australian Dollars,primary,"https://data.api.abs.gov.au/rest/data/ABS,ANA_AGG,1.0.0/all?startPeriod=2000&format=csv",2026-08-25T13:07:06.254Z
2022-Q1,GDP per capita,GPM_PCA,Chain volume measures - Percentage changes,M2,Seasonally Adjusted,0.5,Percent,primary,"https://data.api.abs.gov.au/rest/data/ABS,ANA_AGG,1.0.0/all?startPeriod=2000&format=csv",2026-08-25T13:07:06.254Z
2022-Q1,GDP per capita,GPM_PCA,Chain volume measures - Percentage changes,M2,Original,-7,Percent,primary,"https://data.api.abs.gov.au/rest/data/ABS,ANA_AGG,1.0.0/all?startPeriod=2000&format=csv",2026-08-25T13:07:06.254Z
2022-Q2,Gross domestic product,GPM,Chain volume measures,M1,Seasonally Adjusted,651417,Australian Dollars,primary,"https://data.api.abs.gov.au/rest/data/ABS,ANA_AGG,1.0.0/all?startPeriod=2000&format=csv",2026-08-25T13:07:06.254Z
2022-Q2,Gross domestic product,GPM,Chain volume measures,M1,Original,654676,Australian Dollars,primary,"https://data.api.abs.gov.au/rest/data/ABS,ANA_AGG,1.0.0/all?startPeriod=2000&format=csv",2026-08-25T13:07:06.254Z
2022-Q2,Gross domestic product,GPM,Chain volume measures - Percentage changes,M2,Seasonally Adjusted,1,Percent,primary,"https://data.api.abs.gov.au/rest/data/ABS,ANA_AGG,1.0.0/all?startPeriod=2000&format=csv",2026-08-25T13:07:06.254Z
2022-Q2,Gross domestic product,GPM,Chain volume measures - Percentage changes,M2,Original,5.6,Percent,primary,"https://data.api.abs.gov.au/rest/data/ABS,ANA_AGG,1.0.0/all?startPeriod=2000&format=csv",2026-08-25T13:07:06.254Z
2022-Q2,GDP per capita,GPM_PCA,Chain volume measures,M1,Seasonally Adjusted,25039,Australian Dollars,primary,"https://data.api.abs.gov.au/rest/data/ABS,ANA_AGG,1.0.0/all?startPeriod=2000&format=csv",2026-08-25T13:07:06.254Z
2022-Q2,GDP per capita,GPM_PCA,Chain volume measures,M1,Original,25166,Australian Dollars,primary,"https://data.api.abs.gov.au/rest/data/ABS,ANA_AGG,1.0.0/all?startPeriod=2000&format=csv",2026-08-25T13:07:06.254Z
2022-Q2,GDP per capita,GPM_PCA,Chain volume measures - Percentage changes,M2,Seasonally Adjusted,0.5,Percent,primary,"https://data.api.abs.gov.au/rest/data/ABS,ANA_AGG,1.0.0/all?startPeriod=2000&format=csv",2026-08-25T13:07:06.254Z
2022-Q2,GDP per capita,GPM_PCA,Chain volume measures - Percentage changes,M2,Original,5.2,Percent,primary,"https://data.api.abs.gov.au/rest/data/ABS,ANA_AGG,1.0.0/all?startPeriod=2000&format=csv",2026-08-25T13:07:06.254Z
2022-Q3,Gross domestic product,GPM,Chain volume measures,M1,Seasonally Adjusted,654547,Australian Dollars,primary,"https://data.api.abs.gov.au/rest/data/ABS,ANA_AGG,1.0.0/all?startPeriod=2000&format=csv",2026-08-25T13:07:06.254Z
2022-Q3,Gross domestic product,GPM,Chain volume measures,M1,Original,653121,Australian Dollars,primary,"https://data.api.abs.gov.au/rest/data/ABS,ANA_AGG,1.0.0/all?startPeriod=2000&format=csv",2026-08-25T13:07:06.254Z
2022-Q3,Gross domestic product,GPM,Chain volume measures - Percentage changes,M2,Seasonally Adjusted,0.5,Percent,primary,"https://data.api.abs.gov.au/rest/data/ABS,ANA_AGG,1.0.0/all?startPeriod=2000&format=csv",2026-08-25T13:07:06.254Z
2022-Q3,Gross domestic product,GPM,Chain volume measures - Percentage changes,M2,Original,-0.2,Percent,primary,"https://data.api.abs.gov.au/rest/data/ABS,ANA_AGG,1.0.0/all?startPeriod=2000&format=csv",2026-08-25T13:07:06.254Z
2022-Q3,GDP per capita,GPM_PCA,Chain volume measures,M1,Seasonally Adjusted,25014,Australian Dollars,primary,"https://data.api.abs.gov.au/rest/data/ABS,ANA_AGG,1.0.0/all?startPeriod=2000&format=csv",2026-08-25T13:07:06.254Z
2022-Q3,GDP per capita,GPM_PCA,Chain volume measures,M1,Original,24962,Australian Dollars,primary,"https://data.api.abs.gov.au/rest/data/ABS,ANA_AGG,1.0.0/all?startPeriod=2000&format=csv",2026-08-25T13:07:06.254Z
2022-Q3,GDP per capita,GPM_PCA,Chain volume measures - Percentage changes,M2,Seasonally Adjusted,-0.1,Percent,primary,"https://data.api.abs.gov.au/rest/data/ABS,ANA_AGG,1.0.0/all?startPeriod=2000&format=csv",2026-08-25T13:07:06.254Z
2022-Q3,GDP per capita,GPM_PCA,Chain volume measures - Percentage changes,M2,Original,-0.8,Percent,primary,"https://data.api.abs.gov.au/rest/data/ABS,ANA_AGG,1.0.0/all?startPeriod=2000&format=csv",2026-08-25T13:07:06.254Z
2022-Q4,Gross domestic product,GPM,Chain volume measures,M1,Seasonally Adjusted,659948,Australian Dollars,primary,"https://data.api.abs.gov.au/rest/data/ABS,ANA_AGG,1.0.0/all?startPeriod=2000&format=csv",2026-08-25T13:07:06.254Z
2022-Q4,Gross domestic product,GPM,Chain volume measures,M1,Original,683586,Australian Dollars,primary,"https://data.api.abs.gov.au/rest/data/ABS,ANA_AGG,1.0.0/all?startPeriod=2000&format=csv",2026-08-25T13:07:06.254Z
2022-Q4,Gross domestic product,GPM,Chain volume measures - Percentage changes,M2,Seasonally Adjusted,0.8,Percent,primary,"https://data.api.abs.gov.au/rest/data/ABS,ANA_AGG,1.0.0/all?startPeriod=2000&format=csv",2026-08-25T13:07:06.254Z
2022-Q4,Gross domestic product,GPM,Chain volume measures - Percentage changes,M2,Original,4.7,Percent,primary,"https://data.api.abs.gov.au/rest/data/ABS,ANA_AGG,1.0.0/all?startPeriod=2000&format=csv",2026-08-25T13:07:06.254Z
2022-Q4,GDP per capita,GPM_PCA,Chain volume measures,M1,Seasonally Adjusted,25065,Australian Dollars,primary,"https://data.api.abs.gov.au/rest/data/ABS,ANA_AGG,1.0.0/all?startPeriod=2000&format=csv",2026-08-25T13:07:06.254Z
2022-Q4,GDP per capita,GPM_PCA,Chain volume measures,M1,Original,25977,Australian Dollars,primary,"https://data.api.abs.gov.au/rest/data/ABS,ANA_AGG,1.0.0/all?startPeriod=2000&format=csv",2026-08-25T13:07:06.254Z
2022-Q4,GDP per capita,GPM_PCA,Chain volume measures - Percentage changes,M2,Seasonally Adjusted,0.2,Percent,primary,"https://data.api.abs.gov.au/rest/data/ABS,ANA_AGG,1.0.0/all?startPeriod=2000&format=csv",2026-08-25T13:07:06.254Z
2022-Q4,GDP per capita,GPM_PCA,Chain volume measures - Percentage changes,M2,Original,4.1,Percent,primary,"https://data.api.abs.gov.au/rest/data/ABS,ANA_AGG,1.0.0/all?startPeriod=2000&format=csv",2026-08-25T13:07:06.254Z
2023-Q1,Gross domestic product,GPM,Chain volume measures,M1,Seasonally Adjusted,663102,Australian Dollars,primary,"https://data.api.abs.gov.au/rest/data/ABS,ANA_AGG,1.0.0/all?startPeriod=2000&format=csv",2026-08-25T13:07:06.254Z
2023-Q1,Gross domestic product,GPM,Chain volume measures,M1,Original,638381,Australian Dollars,primary,"https://data.api.abs.gov.au/rest/data/ABS,ANA_AGG,1.0.0/all?startPeriod=2000&format=csv",2026-08-25T13:07:06.254Z
2023-Q1,Gross domestic product,GPM,Chain volume measures - Percentage changes,M2,Seasonally Adjusted,0.5,Percent,primary,"https://data.api.abs.gov.au/rest/data/ABS,ANA_AGG,1.0.0/all?startPeriod=2000&format=csv",2026-08-25T13:07:06.254Z
2023-Q1,Gross domestic product,GPM,Chain volume measures - Percentage changes,M2,Original,-6.6,Percent,primary,"https://data.api.abs.gov.au/rest/data/ABS,ANA_AGG,1.0.0/all?startPeriod=2000&format=csv",2026-08-25T13:07:06.254Z
2023-Q1,GDP per capita,GPM_PCA,Chain volume measures,M1,Seasonally Adjusted,25032,Australian Dollars,primary,"https://data.api.abs.gov.au/rest/data/ABS,ANA_AGG,1.0.0/all?startPeriod=2000&format=csv",2026-08-25T13:07:06.254Z
2023-Q1,GDP per capita,GPM_PCA,Chain volume measures,M1,Original,24081,Australian Dollars,primary,"https://data.api.abs.gov.au/rest/data/ABS,ANA_AGG,1.0.0/all?startPeriod=2000&format=csv",2026-08-25T13:07:06.254Z
2023-Q1,GDP per capita,GPM_PCA,Chain volume measures - Percentage changes,M2,Seasonally Adjusted,-0.1,Percent,primary,"https://data.api.abs.gov.au/rest/data/ABS,ANA_AGG,1.0.0/all?startPeriod=2000&format=csv",2026-08-25T13:07:06.254Z
2023-Q1,GDP per capita,GPM_PCA,Chain volume measures - Percentage changes,M2,Original,-7.3,Percent,primary,"https://data.api.abs.gov.au/rest/data/ABS,ANA_AGG,1.0.0/all?startPeriod=2000&format=csv",2026-08-25T13:07:06.254Z
2023-Q2,Gross domestic product,GPM,Chain volume measures,M1,Seasonally Adjusted,666120,Australian Dollars,primary,"https://data.api.abs.gov.au/rest/data/ABS,ANA_AGG,1.0.0/all?startPeriod=2000&format=csv",2026-08-25T13:07:06.254Z
2023-Q2,Gross domestic product,GPM,Chain volume measures,M1,Original,668628,Australian Dollars,primary,"https://data.api.abs.gov.au/rest/data/ABS,ANA_AGG,1.0.0/all?startPeriod=2000&format=csv",2026-08-25T13:07:06.254Z
2023-Q2,Gross domestic product,GPM,Chain volume measures - Percentage changes,M2,Seasonally Adjusted,0.5,Percent,primary,"https://data.api.abs.gov.au/rest/data/ABS,ANA_AGG,1.0.0/all?startPeriod=2000&format=csv",2026-08-25T13:07:06.254Z
2023-Q2,Gross domestic product,GPM,Chain volume measures - Percentage changes,M2,Original,4.7,Percent,primary,"https://data.api.abs.gov.au/rest/data/ABS,ANA_AGG,1.0.0/all?startPeriod=2000&format=csv",2026-08-25T13:07:06.254Z
2023-Q2,GDP per capita,GPM_PCA,Chain volume measures,M1,Seasonally Adjusted,24987,Australian Dollars,primary,"https://data.api.abs.gov.au/rest/data/ABS,ANA_AGG,1.0.0/all?startPeriod=2000&format=csv",2026-08-25T13:07:06.254Z
2023-Q2,GDP per capita,GPM_PCA,Chain volume measures,M1,Original,25085,Australian Dollars,primary,"https://data.api.abs.gov.au/rest/data/ABS,ANA_AGG,1.0.0/all?startPeriod=2000&format=csv",2026-08-25T13:07:06.254Z
2023-Q2,GDP per capita,GPM_PCA,Chain volume measures - Percentage changes,M2,Seasonally Adjusted,-0.2,Percent,primary,"https://data.api.abs.gov.au/rest/data/ABS,ANA_AGG,1.0.0/all?startPeriod=2000&format=csv",2026-08-25T13:07:06.254Z
2023-Q2,GDP per capita,GPM_PCA,Chain volume measures - Percentage changes,M2,Original,4.2,Percent,primary,"https://data.api.abs.gov.au/rest/data/ABS,ANA_AGG,1.0.0/all?startPeriod=2000&format=csv",2026-08-25T13:07:06.254Z
2023-Q3,Gross domestic product,GPM,Chain volume measures,M1,Seasonally Adjusted,668806,Australian Dollars,primary,"https://data.api.abs.gov.au/rest/data/ABS,ANA_AGG,1.0.0/all?startPeriod=2000&format=csv",2026-08-25T13:07:06.254Z
2023-Q3,Gross domestic product,GPM,Chain volume measures,M1,Original,667562,Australian Dollars,primary,"https://data.api.abs.gov.au/rest/data/ABS,ANA_AGG,1.0.0/all?startPeriod=2000&format=csv",2026-08-25T13:07:06.254Z
2023-Q3,Gross domestic product,GPM,Chain volume measures - Percentage changes,M2,Seasonally Adjusted,0.4,Percent,primary,"https://data.api.abs.gov.au/rest/data/ABS,ANA_AGG,1.0.0/all?startPeriod=2000&format=csv",2026-08-25T13:07:06.254Z
2023-Q3,Gross domestic product,GPM,Chain volume measures - Percentage changes,M2,Original,-0.2,Percent,primary,"https://data.api.abs.gov.au/rest/data/ABS,ANA_AGG,1.0.0/all?startPeriod=2000&format=csv",2026-08-25T13:07:06.254Z
2023-Q3,GDP per capita,GPM_PCA,Chain volume measures,M1,Seasonally Adjusted,24930,Australian Dollars,primary,"https://data.api.abs.gov.au/rest/data/ABS,ANA_AGG,1.0.0/all?startPeriod=2000&format=csv",2026-08-25T13:07:06.254Z
2023-Q3,GDP per capita,GPM_PCA,Chain volume measures,M1,Original,24885,Australian Dollars,primary,"https://data.api.abs.gov.au/rest/data/ABS,ANA_AGG,1.0.0/all?startPeriod=2000&format=csv",2026-08-25T13:07:06.254Z
2023-Q3,GDP per capita,GPM_PCA,Chain volume measures - Percentage changes,M2,Seasonally Adjusted,-0.2,Percent,primary,"https://data.api.abs.gov.au/rest/data/ABS,ANA_AGG,1.0.0/all?startPeriod=2000&format=csv",2026-08-25T13:07:06.254Z
2023-Q3,GDP per capita,GPM_PCA,Chain volume measures - Percentage changes,M2,Original,-0.8,Percent,primary,"https://data.api.abs.gov.au/rest/data/ABS,ANA_AGG,1.0.0/all?startPeriod=2000&format=csv",2026-08-25T13:07:06.254Z
2023-Q4,Gross domestic product,GPM,Chain volume measures,M1,Seasonally Adjusted,668754,Australian Dollars,primary,"https://data.api.abs.gov.au/rest/data/ABS,ANA_AGG,1.0.0/all?startPeriod=2000&format=csv",2026-08-25T13:07:06.254Z
2023-Q4,Gross domestic product,GPM,Chain volume measures,M1,Original,690625,Australian Dollars,primary,"https://data.api.abs.gov.au/rest/data/ABS,ANA_AGG,1.0.0/all?startPeriod=2000&format=csv",2026-08-25T13:07:06.254Z
2023-Q4,Gross domestic product,GPM,Chain volume measures - Percentage changes,M2,Seasonally Adjusted,0,Percent,primary,"https://data.api.abs.gov.au/rest/data/ABS,ANA_AGG,1.0.0/all?startPeriod=2000&format=csv",2026-08-25T13:07:06.254Z
2023-Q4,Gross domestic product,GPM,Chain volume measures - Percentage changes,M2,Original,3.5,Percent,primary,"https://data.api.abs.gov.au/rest/data/ABS,ANA_AGG,1.0.0/all?startPeriod=2000&format=csv",2026-08-25T13:07:06.254Z
2023-Q4,GDP per capita,GPM_PCA,Chain volume measures,M1,Seasonally Adjusted,24799,Australian Dollars,primary,"https://data.api.abs.gov.au/rest/data/ABS,ANA_AGG,1.0.0/all?startPeriod=2000&format=csv",2026-08-25T13:07:06.254Z
2023-Q4,GDP per capita,GPM_PCA,Chain volume measures,M1,Original,25625,Australian Dollars,primary,"https://data.api.abs.gov.au/rest/data/ABS,ANA_AGG,1.0.0/all?startPeriod=2000&format=csv",2026-08-25T13:07:06.254Z
2023-Q4,GDP per capita,GPM_PCA,Chain volume measures - Percentage changes,M2,Seasonally Adjusted,-0.5,Percent,primary,"https://data.api.abs.gov.au/rest/data/ABS,ANA_AGG,1.0.0/all?startPeriod=2000&format=csv",2026-08-25T13:07:06.254Z
2023-Q4,GDP per capita,GPM_PCA,Chain volume measures - Percentage changes,M2,Original,3,Percent,primary,"https://data.api.abs.gov.au/rest/data/ABS,ANA_AGG,1.0.0/all?startPeriod=2000&format=csv",2026-08-25T13:07:06.254Z
2024-Q1,Gross domestic product,GPM,Chain volume measures,M1,Seasonally Adjusted,670388,Australian Dollars,primary,"https://data.api.abs.gov.au/rest/data/ABS,ANA_AGG,1.0.0/all?startPeriod=2000&format=csv",2026-08-25T13:07:06.254Z
2024-Q1,Gross domestic product,GPM,Chain volume measures,M1,Original,646462,Australian Dollars,primary,"https://data.api.abs.gov.au/rest/data/ABS,ANA_AGG,1.0.0/all?startPeriod=2000&format=csv",2026-08-25T13:07:06.254Z
2024-Q1,Gross domestic product,GPM,Chain volume measures - Percentage changes,M2,Seasonally Adjusted,0.2,Percent,primary,"https://data.api.abs.gov.au/rest/data/ABS,ANA_AGG,1.0.0/all?startPeriod=2000&format=csv",2026-08-25T13:07:06.254Z
2024-Q1,Gross domestic product,GPM,Chain volume measures - Percentage changes,M2,Original,-6.4,Percent,primary,"https://data.api.abs.gov.au/rest/data/ABS,ANA_AGG,1.0.0/all?startPeriod=2000&format=csv",2026-08-25T13:07:06.254Z
2024-Q1,GDP per capita,GPM_PCA,Chain volume measures,M1,Seasonally Adjusted,24747,Australian Dollars,primary,"https://data.api.abs.gov.au/rest/data/ABS,ANA_AGG,1.0.0/all?startPeriod=2000&format=csv",2026-08-25T13:07:06.254Z
2024-Q1,GDP per capita,GPM_PCA,Chain volume measures,M1,Original,23847,Australian Dollars,primary,"https://data.api.abs.gov.au/rest/data/ABS,ANA_AGG,1.0.0/all?startPeriod=2000&format=csv",2026-08-25T13:07:06.254Z
2024-Q1,GDP per capita,GPM_PCA,Chain volume measures - Percentage changes,M2,Seasonally Adjusted,-0.2,Percent,primary,"https://data.api.abs.gov.au/rest/data/ABS,ANA_AGG,1.0.0/all?startPeriod=2000&format=csv",2026-08-25T13:07:06.254Z
2024-Q1,GDP per capita,GPM_PCA,Chain volume measures - Percentage changes,M2,Original,-6.9,Percent,primary,"https://data.api.abs.gov.au/rest/data/ABS,ANA_AGG,1.0.0/all?startPeriod=2000&format=csv",2026-08-25T13:07:06.254Z
2024-Q2,Gross domestic product,GPM,Chain volume measures,M1,Seasonally Adjusted,672076,Australian Dollars,primary,"https://data.api.abs.gov.au/rest/data/ABS,ANA_AGG,1.0.0/all?startPeriod=2000&format=csv",2026-08-25T13:07:06.254Z
2024-Q2,Gross domestic product,GPM,Chain volume measures,M1,Original,675376,Australian Dollars,primary,"https://data.api.abs.gov.au/rest/data/ABS,ANA_AGG,1.0.0/all?startPeriod=2000&format=csv",2026-08-25T13:07:06.254Z
2024-Q2,Gross domestic product,GPM,Chain volume measures - Percentage changes,M2,Seasonally Adjusted,0.3,Percent,primary,"https://data.api.abs.gov.au/rest/data/ABS,ANA_AGG,1.0.0/all?startPeriod=2000&format=csv",2026-08-25T13:07:06.254Z
2024-Q2,Gross domestic product,GPM,Chain volume measures - Percentage changes,M2,Original,4.5,Percent,primary,"https://data.api.abs.gov.au/rest/data/ABS,ANA_AGG,1.0.0/all?startPeriod=2000&format=csv",2026-08-25T13:07:06.254Z
2024-Q2,GDP per capita,GPM_PCA,Chain volume measures,M1,Seasonally Adjusted,24715,Australian Dollars,primary,"https://data.api.abs.gov.au/rest/data/ABS,ANA_AGG,1.0.0/all?startPeriod=2000&format=csv",2026-08-25T13:07:06.254Z
2024-Q2,GDP per capita,GPM_PCA,Chain volume measures,M1,Original,24840,Australian Dollars,primary,"https://data.api.abs.gov.au/rest/data/ABS,ANA_AGG,1.0.0/all?startPeriod=2000&format=csv",2026-08-25T13:07:06.254Z
2024-Q2,GDP per capita,GPM_PCA,Chain volume measures - Percentage changes,M2,Seasonally Adjusted,-0.1,Percent,primary,"https://data.api.abs.gov.au/rest/data/ABS,ANA_AGG,1.0.0/all?startPeriod=2000&format=csv",2026-08-25T13:07:06.254Z
2024-Q2,GDP per capita,GPM_PCA,Chain volume measures - Percentage changes,M2,Original,4.2,Percent,primary,"https://data.api.abs.gov.au/rest/data/ABS,ANA_AGG,1.0.0/all?startPeriod=2000&format=csv",2026-08-25T13:07:06.254Z
2024-Q3,Gross domestic product,GPM,Chain volume measures,M1,Seasonally Adjusted,674130,Australian Dollars,primary,"https://data.api.abs.gov.au/rest/data/ABS,ANA_AGG,1.0.0/all?startPeriod=2000&format=csv",2026-08-25T13:07:06.254Z
2024-Q3,Gross domestic product,GPM,Chain volume measures,M1,Original,673630,Australian Dollars,primary,"https://data.api.abs.gov.au/rest/data/ABS,ANA_AGG,1.0.0/all?startPeriod=2000&format=csv",2026-08-25T13:07:06.254Z
2024-Q3,Gross domestic product,GPM,Chain volume measures - Percentage changes,M2,Seasonally Adjusted,0.3,Percent,primary,"https://data.api.abs.gov.au/rest/data/ABS,ANA_AGG,1.0.0/all?startPeriod=2000&format=csv",2026-08-25T13:07:06.254Z
2024-Q3,Gross domestic product,GPM,Chain volume measures - Percentage changes,M2,Original,-0.3,Percent,primary,"https://data.api.abs.gov.au/rest/data/ABS,ANA_AGG,1.0.0/all?startPeriod=2000&format=csv",2026-08-25T13:07:06.254Z
2024-Q3,GDP per capita,GPM_PCA,Chain volume measures,M1,Seasonally Adjusted,24698,Australian Dollars,primary,"https://data.api.abs.gov.au/rest/data/ABS,ANA_AGG,1.0.0/all?startPeriod=2000&format=csv",2026-08-25T13:07:06.254Z
2024-Q3,GDP per capita,GPM_PCA,Chain volume measures,M1,Original,24679,Australian Dollars,primary,"https://data.api.abs.gov.au/rest/data/ABS,ANA_AGG,1.0.0/all?startPeriod=2000&format=csv",2026-08-25T13:07:06.254Z
2024-Q3,GDP per capita,GPM_PCA,Chain volume measures - Percentage changes,M2,Seasonally Adjusted,-0.1,Percent,primary,"https://data.api.abs.gov.au/rest/data/ABS,ANA_AGG,1.0.0/all?startPeriod=2000&format=csv",2026-08-25T13:07:06.254Z
2024-Q3,GDP per capita,GPM_PCA,Chain volume measures - Percentage changes,M2,Original,-0.6,Percent,primary,"https://data.api.abs.gov.au/rest/data/ABS,ANA_AGG,1.0.0/all?startPeriod=2000&format=csv",2026-08-25T13:07:06.254Z
2024-Q4,Gross domestic product,GPM,Chain volume measures,M1,Seasonally Adjusted,677077,Australian Dollars,primary,"https://data.api.abs.gov.au/rest/data/ABS,ANA_AGG,1.0.0/all?startPeriod=2000&format=csv",2026-08-25T13:07:06.254Z
2024-Q4,Gross domestic product,GPM,Chain volume measures,M1,Original,698141,Australian Dollars,primary,"https://data.api.abs.gov.au/rest/data/ABS,ANA_AGG,1.0.0/all?startPeriod=2000&format=csv",2026-08-25T13:07:06.254Z
2024-Q4,Gross domestic product,GPM,Chain volume measures - Percentage changes,M2,Seasonally Adjusted,0.4,Percent,primary,"https://data.api.abs.gov.au/rest/data/ABS,ANA_AGG,1.0.0/all?startPeriod=2000&format=csv",2026-08-25T13:07:06.254Z
2024-Q4,Gross domestic product,GPM,Chain volume measures - Percentage changes,M2,Original,3.6,Percent,primary,"https://data.api.abs.gov.au/rest/data/ABS,ANA_AGG,1.0.0/all?startPeriod=2000&format=csv",2026-08-25T13:07:06.254Z
2024-Q4,GDP per capita,GPM_PCA,Chain volume measures,M1,Seasonally Adjusted,24711,Australian Dollars,primary,"https://data.api.abs.gov.au/rest/data/ABS,ANA_AGG,1.0.0/all?startPeriod=2000&format=csv",2026-08-25T13:07:06.254Z
2024-Q4,GDP per capita,GPM_PCA,Chain volume measures,M1,Original,25495,Australian Dollars,primary,"https://data.api.abs.gov.au/rest/data/ABS,ANA_AGG,1.0.0/all?startPeriod=2000&format=csv",2026-08-25T13:07:06.254Z
2024-Q4,GDP per capita,GPM_PCA,Chain volume measures - Percentage changes,M2,Seasonally Adjusted,0.1,Percent,primary,"https://data.api.abs.gov.au/rest/data/ABS,ANA_AGG,1.0.0/all?startPeriod=2000&format=csv",2026-08-25T13:07:06.254Z
2024-Q4,GDP per capita,GPM_PCA,Chain volume measures - Percentage changes,M2,Original,3.3,Percent,primary,"https://data.api.abs.gov.au/rest/data/ABS,ANA_AGG,1.0.0/all?startPeriod=2000&format=csv",2026-08-25T13:07:06.254Z
2025-Q1,Gross domestic product,GPM,Chain volume measures,M1,Seasonally Adjusted,678840,Australian Dollars,primary,"https://data.api.abs.gov.au/rest/data/ABS,ANA_AGG,1.0.0/all?startPeriod=2000&format=csv",2026-08-25T13:07:06.254Z
2025-Q1,Gross domestic product,GPM,Chain volume measures,M1,Original,655337,Australian Dollars,primary,"https://data.api.abs.gov.au/rest/data/ABS,ANA_AGG,1.0.0/all?startPeriod=2000&format=csv",2026-08-25T13:07:06.254Z
2025-Q1,Gross domestic product,GPM,Chain volume measures - Percentage changes,M2,Seasonally Adjusted,0.3,Percent,primary,"https://data.api.abs.gov.au/rest/data/ABS,ANA_AGG,1.0.0/all?startPeriod=2000&format=csv",2026-08-25T13:07:06.254Z
2025-Q1,Gross domestic product,GPM,Chain volume measures - Percentage changes,M2,Original,-6.1,Percent,primary,"https://data.api.abs.gov.au/rest/data/ABS,ANA_AGG,1.0.0/all?startPeriod=2000&format=csv",2026-08-25T13:07:06.254Z
2025-Q1,GDP per capita,GPM_PCA,Chain volume measures,M1,Seasonally Adjusted,24679,Australian Dollars,primary,"https://data.api.abs.gov.au/rest/data/ABS,ANA_AGG,1.0.0/all?startPeriod=2000&format=csv",2026-08-25T13:07:06.254Z
2025-Q1,GDP per capita,GPM_PCA,Chain volume measures,M1,Original,23808,Australian Dollars,primary,"https://data.api.abs.gov.au/rest/data/ABS,ANA_AGG,1.0.0/all?startPeriod=2000&format=csv",2026-08-25T13:07:06.254Z
2025-Q1,GDP per capita,GPM_PCA,Chain volume measures - Percentage changes,M2,Seasonally Adjusted,-0.1,Percent,primary,"https://data.api.abs.gov.au/rest/data/ABS,ANA_AGG,1.0.0/all?startPeriod=2000&format=csv",2026-08-25T13:07:06.254Z
2025-Q1,GDP per capita,GPM_PCA,Chain volume measures - Percentage changes,M2,Original,-6.6,Percent,primary,"https://data.api.abs.gov.au/rest/data/ABS,ANA_AGG,1.0.0/all?startPeriod=2000&format=csv",2026-08-25T13:07:06.254Z
2025-Q2,Gross domestic product,GPM,Chain volume measures,M1,Seasonally Adjusted,685416,Australian Dollars,primary,"https://data.api.abs.gov.au/rest/data/ABS,ANA_AGG,1.0.0/all?startPeriod=2000&format=csv",2026-08-25T13:07:06.254Z
2025-Q2,Gross domestic product,GPM,Chain volume measures,M1,Original,688277,Australian Dollars,primary,"https://data.api.abs.gov.au/rest/data/ABS,ANA_AGG,1.0.0/all?startPeriod=2000&format=csv",2026-08-25T13:07:06.254Z
2025-Q2,Gross domestic product,GPM,Chain volume measures - Percentage changes,M2,Seasonally Adjusted,1,Percent,primary,"https://data.api.abs.gov.au/rest/data/ABS,ANA_AGG,1.0.0/all?startPeriod=2000&format=csv",2026-08-25T13:07:06.254Z
2025-Q2,Gross domestic product,GPM,Chain volume measures - Percentage changes,M2,Original,5,Percent,primary,"https://data.api.abs.gov.au/rest/data/ABS,ANA_AGG,1.0.0/all?startPeriod=2000&format=csv",2026-08-25T13:07:06.254Z
2025-Q2,GDP per capita,GPM_PCA,Chain volume measures,M1,Seasonally Adjusted,24823,Australian Dollars,primary,"https://data.api.abs.gov.au/rest/data/ABS,ANA_AGG,1.0.0/all?startPeriod=2000&format=csv",2026-08-25T13:07:06.254Z
2025-Q2,GDP per capita,GPM_PCA,Chain volume measures,M1,Original,24930,Australian Dollars,primary,"https://data.api.abs.gov.au/rest/data/ABS,ANA_AGG,1.0.0/all?startPeriod=2000&format=csv",2026-08-25T13:07:06.254Z
2025-Q2,GDP per capita,GPM_PCA,Chain volume measures - Percentage changes,M2,Seasonally Adjusted,0.6,Percent,primary,"https://data.api.abs.gov.au/rest/data/ABS,ANA_AGG,1.0.0/all?startPeriod=2000&format=csv",2026-08-25T13:07:06.254Z
2025-Q2,GDP per capita,GPM_PCA,Chain volume measures - Percentage changes,M2,Original,4.7,Percent,primary,"https://data.api.abs.gov.au/rest/data/ABS,ANA_AGG,1.0.0/all?startPeriod=2000&format=csv",2026-08-25T13:07:06.254Z
2025-Q3,Gross domestic product,GPM,Chain volume measures,M1,Seasonally Adjusted,688034,Australian Dollars,primary,"https://data.api.abs.gov.au/rest/data/ABS,ANA_AGG,1.0.0/all?startPeriod=2000&format=csv",2026-08-25T13:07:06.254Z
2025-Q3,Gross domestic product,GPM,Chain volume measures,M1,Original,686947,Australian Dollars,primary,"https://data.api.abs.gov.au/rest/data/ABS,ANA_AGG,1.0.0/all?startPeriod=2000&format=csv",2026-08-25T13:07:06.254Z
2025-Q3,Gross domestic product,GPM,Chain volume measures - Percentage changes,M2,Seasonally Adjusted,0.4,Percent,primary,"https://data.api.abs.gov.au/rest/data/ABS,ANA_AGG,1.0.0/all?startPeriod=2000&format=csv",2026-08-25T13:07:06.254Z
2025-Q3,Gross domestic product,GPM,Chain volume measures - Percentage changes,M2,Original,-0.2,Percent,primary,"https://data.api.abs.gov.au/rest/data/ABS,ANA_AGG,1.0.0/all?startPeriod=2000&format=csv",2026-08-25T13:07:06.254Z
2025-Q3,GDP per capita,GPM_PCA,Chain volume measures,M1,Seasonally Adjusted,24823,Australian Dollars,primary,"https://data.api.abs.gov.au/rest/data/ABS,ANA_AGG,1.0.0/all?startPeriod=2000&format=csv",2026-08-25T13:07:06.254Z
2025-Q3,GDP per capita,GPM_PCA,Chain volume measures,M1,Original,24782,Australian Dollars,primary,"https://data.api.abs.gov.au/rest/data/ABS,ANA_AGG,1.0.0/all?startPeriod=2000&format=csv",2026-08-25T13:07:06.254Z
2025-Q3,GDP per capita,GPM_PCA,Chain volume measures - Percentage changes,M2,Seasonally Adjusted,0,Percent,primary,"https://data.api.abs.gov.au/rest/data/ABS,ANA_AGG,1.0.0/all?startPeriod=2000&format=csv",2026-08-25T13:07:06.254Z
2025-Q3,GDP per capita,GPM_PCA,Chain volume measures - Percentage changes,M2,Original,-0.6,Percent,primary,"https://data.api.abs.gov.au/rest/data/ABS,ANA_AGG,1.0.0/all?startPeriod=2000&format=csv",2026-08-25T13:07:06.254Z
2025-Q4,Gross domestic product,GPM,Chain volume measures,M1,Seasonally Adjusted,694041,Australian Dollars,primary,"https://data.api.abs.gov.au/rest/data/ABS,ANA_AGG,1.0.0/all?startPeriod=2000&format=csv",2026-08-25T13:07:06.254Z
2025-Q4,Gross domestic product,GPM,Chain volume measures,M1,Original,715729,Australian Dollars,primary,"https://data.api.abs.gov.au/rest/data/ABS,ANA_AGG,1.0.0/all?startPeriod=2000&format=csv",2026-08-25T13:07:06.254Z
2025-Q4,Gross domestic product,GPM,Chain volume measures - Percentage changes,M2,Seasonally Adjusted,0.9,Percent,primary,"https://data.api.abs.gov.au/rest/data/ABS,ANA_AGG,1.0.0/all?startPeriod=2000&format=csv",2026-08-25T13:07:06.254Z
2025-Q4,Gross domestic product,GPM,Chain volume measures - Percentage changes,M2,Original,4.2,Percent,primary,"https://data.api.abs.gov.au/rest/data/ABS,ANA_AGG,1.0.0/all?startPeriod=2000&format=csv",2026-08-25T13:07:06.254Z
2025-Q4,GDP per capita,GPM_PCA,Chain volume measures,M1,Seasonally Adjusted,24949,Australian Dollars,primary,"https://data.api.abs.gov.au/rest/data/ABS,ANA_AGG,1.0.0/all?startPeriod=2000&format=csv",2026-08-25T13:07:06.254Z
2025-Q4,GDP per capita,GPM_PCA,Chain volume measures,M1,Original,25745,Australian Dollars,primary,"https://data.api.abs.gov.au/rest/data/ABS,ANA_AGG,1.0.0/all?startPeriod=2000&format=csv",2026-08-25T13:07:06.254Z
2025-Q4,GDP per capita,GPM_PCA,Chain volume measures - Percentage changes,M2,Seasonally Adjusted,0.5,Percent,primary,"https://data.api.abs.gov.au/rest/data/ABS,ANA_AGG,1.0.0/all?startPeriod=2000&format=csv",2026-08-25T13:07:06.254Z
2025-Q4,GDP per capita,GPM_PCA,Chain volume measures - Percentage changes,M2,Original,3.9,Percent,primary,"https://data.api.abs.gov.au/rest/data/ABS,ANA_AGG,1.0.0/all?startPeriod=2000&format=csv",2026-08-25T13:07:06.254Z
2026-Q1,Gross domestic product,GPM,Chain volume measures,M1,Seasonally Adjusted,695945,Australian Dollars,primary,"https://data.api.abs.gov.au/rest/data/ABS,ANA_AGG,1.0.0/all?startPeriod=2000&format=csv",2026-08-25T13:07:06.254Z
2026-Q1,Gross domestic product,GPM,Chain volume measures,M1,Original,672284,Australian Dollars,primary,"https://data.api.abs.gov.au/rest/data/ABS,ANA_AGG,1.0.0/all?startPeriod=2000&format=csv",2026-08-25T13:07:06.254Z
2026-Q1,Gross domestic product,GPM,Chain volume measures - Percentage changes,M2,Seasonally Adjusted,0.3,Percent,primary,"https://data.api.abs.gov.au/rest/data/ABS,ANA_AGG,1.0.0/all?startPeriod=2000&format=csv",2026-08-25T13:07:06.254Z
2026-Q1,Gross domestic product,GPM,Chain volume measures - Percentage changes,M2,Original,-6.1,Percent,primary,"https://data.api.abs.gov.au/rest/data/ABS,ANA_AGG,1.0.0/all?startPeriod=2000&format=csv",2026-08-25T13:07:06.254Z
2026-Q1,GDP per capita,GPM_PCA,Chain volume measures,M1,Seasonally Adjusted,24917,Australian Dollars,primary,"https://data.api.abs.gov.au/rest/data/ABS,ANA_AGG,1.0.0/all?startPeriod=2000&format=csv",2026-08-25T13:07:06.254Z
2026-Q1,GDP per capita,GPM_PCA,Chain volume measures,M1,Original,24053,Australian Dollars,primary,"https://data.api.abs.gov.au/rest/data/ABS,ANA_AGG,1.0.0/all?startPeriod=2000&format=csv",2026-08-25T13:07:06.254Z
2026-Q1,GDP per capita,GPM_PCA,Chain volume measures - Percentage changes,M2,Seasonally Adjusted,-0.1,Percent,primary,"https://data.api.abs.gov.au/rest/data/ABS,ANA_AGG,1.0.0/all?startPeriod=2000&format=csv",2026-08-25T13:07:06.254Z
2026-Q1,GDP per capita,GPM_PCA,Chain volume measures - Percentage changes,M2,Original,-6.6,Percent,primary,"https://data.api.abs.gov.au/rest/data/ABS,ANA_AGG,1.0.0/all?startPeriod=2000&format=csv",2026-08-25T13:07:06.254Z
