year,country_iso3,country_name,country_role,indicator,indicator_code,value,measure_note,source_tier,source_url,source_retrieved_at
1995,AFG,Afghanistan,origin,migrant_stock,SM.POP.TOTL,71522,"International migrant stock (foreign-born residents), UN Population Division estimate",primary,https://api.worldbank.org/v2/country/AFG/indicator/SM.POP.TOTL?format=json&date=1995:2024&per_page=200,2026-08-26T10:40:56.796Z
2000,AFG,Afghanistan,origin,migrant_stock,SM.POP.TOTL,75917,"International migrant stock (foreign-born residents), UN Population Division estimate",primary,https://api.worldbank.org/v2/country/AFG/indicator/SM.POP.TOTL?format=json&date=1995:2024&per_page=200,2026-08-26T10:40:56.796Z
2005,AFG,Afghanistan,origin,migrant_stock,SM.POP.TOTL,87314,"International migrant stock (foreign-born residents), UN Population Division estimate",primary,https://api.worldbank.org/v2/country/AFG/indicator/SM.POP.TOTL?format=json&date=1995:2024&per_page=200,2026-08-26T10:40:56.796Z
2010,AFG,Afghanistan,origin,migrant_stock,SM.POP.TOTL,102276,"International migrant stock (foreign-born residents), UN Population Division estimate",primary,https://api.worldbank.org/v2/country/AFG/indicator/SM.POP.TOTL?format=json&date=1995:2024&per_page=200,2026-08-26T10:40:56.796Z
2015,AFG,Afghanistan,origin,migrant_stock,SM.POP.TOTL,339432,"International migrant stock (foreign-born residents), UN Population Division estimate",primary,https://api.worldbank.org/v2/country/AFG/indicator/SM.POP.TOTL?format=json&date=1995:2024&per_page=200,2026-08-26T10:40:56.796Z
2020,AFG,Afghanistan,origin,migrant_stock,SM.POP.TOTL,144098,"International migrant stock (foreign-born residents), UN Population Division estimate",primary,https://api.worldbank.org/v2/country/AFG/indicator/SM.POP.TOTL?format=json&date=1995:2024&per_page=200,2026-08-26T10:40:56.796Z
2024,AFG,Afghanistan,origin,migrant_stock,SM.POP.TOTL,98110,"International migrant stock (foreign-born residents), UN Population Division estimate",primary,https://api.worldbank.org/v2/country/AFG/indicator/SM.POP.TOTL?format=json&date=1995:2024&per_page=200,2026-08-26T10:40:56.796Z
1995,AUS,Australia,reference,migrant_stock,SM.POP.TOTL,4215646,"International migrant stock (foreign-born residents), UN Population Division estimate",primary,https://api.worldbank.org/v2/country/AUS/indicator/SM.POP.TOTL?format=json&date=1995:2024&per_page=200,2026-08-26T10:40:56.796Z
2000,AUS,Australia,reference,migrant_stock,SM.POP.TOTL,4389847,"International migrant stock (foreign-born residents), UN Population Division estimate",primary,https://api.worldbank.org/v2/country/AUS/indicator/SM.POP.TOTL?format=json&date=1995:2024&per_page=200,2026-08-26T10:40:56.796Z
2005,AUS,Australia,reference,migrant_stock,SM.POP.TOTL,4880921,"International migrant stock (foreign-born residents), UN Population Division estimate",primary,https://api.worldbank.org/v2/country/AUS/indicator/SM.POP.TOTL?format=json&date=1995:2024&per_page=200,2026-08-26T10:40:56.796Z
2010,AUS,Australia,reference,migrant_stock,SM.POP.TOTL,5879802,"International migrant stock (foreign-born residents), UN Population Division estimate",primary,https://api.worldbank.org/v2/country/AUS/indicator/SM.POP.TOTL?format=json&date=1995:2024&per_page=200,2026-08-26T10:40:56.796Z
2015,AUS,Australia,reference,migrant_stock,SM.POP.TOTL,6733056,"International migrant stock (foreign-born residents), UN Population Division estimate",primary,https://api.worldbank.org/v2/country/AUS/indicator/SM.POP.TOTL?format=json&date=1995:2024&per_page=200,2026-08-26T10:40:56.796Z
2020,AUS,Australia,reference,migrant_stock,SM.POP.TOTL,7604850,"International migrant stock (foreign-born residents), UN Population Division estimate",primary,https://api.worldbank.org/v2/country/AUS/indicator/SM.POP.TOTL?format=json&date=1995:2024&per_page=200,2026-08-26T10:40:56.796Z
2024,AUS,Australia,reference,migrant_stock,SM.POP.TOTL,8111404,"International migrant stock (foreign-born residents), UN Population Division estimate",primary,https://api.worldbank.org/v2/country/AUS/indicator/SM.POP.TOTL?format=json&date=1995:2024&per_page=200,2026-08-26T10:40:56.796Z
1995,BGD,Bangladesh,origin,migrant_stock,SM.POP.TOTL,934735,"International migrant stock (foreign-born residents), UN Population Division estimate",primary,https://api.worldbank.org/v2/country/BGD/indicator/SM.POP.TOTL?format=json&date=1995:2024&per_page=200,2026-08-26T10:40:56.796Z
2000,BGD,Bangladesh,origin,migrant_stock,SM.POP.TOTL,987853,"International migrant stock (foreign-born residents), UN Population Division estimate",primary,https://api.worldbank.org/v2/country/BGD/indicator/SM.POP.TOTL?format=json&date=1995:2024&per_page=200,2026-08-26T10:40:56.796Z
2005,BGD,Bangladesh,origin,migrant_stock,SM.POP.TOTL,1062270,"International migrant stock (foreign-born residents), UN Population Division estimate",primary,https://api.worldbank.org/v2/country/BGD/indicator/SM.POP.TOTL?format=json&date=1995:2024&per_page=200,2026-08-26T10:40:56.796Z
2010,BGD,Bangladesh,origin,migrant_stock,SM.POP.TOTL,1345546,"International migrant stock (foreign-born residents), UN Population Division estimate",primary,https://api.worldbank.org/v2/country/BGD/indicator/SM.POP.TOTL?format=json&date=1995:2024&per_page=200,2026-08-26T10:40:56.796Z
2015,BGD,Bangladesh,origin,migrant_stock,SM.POP.TOTL,1422179,"International migrant stock (foreign-born residents), UN Population Division estimate",primary,https://api.worldbank.org/v2/country/BGD/indicator/SM.POP.TOTL?format=json&date=1995:2024&per_page=200,2026-08-26T10:40:56.796Z
2020,BGD,Bangladesh,origin,migrant_stock,SM.POP.TOTL,2115408,"International migrant stock (foreign-born residents), UN Population Division estimate",primary,https://api.worldbank.org/v2/country/BGD/indicator/SM.POP.TOTL?format=json&date=1995:2024&per_page=200,2026-08-26T10:40:56.796Z
2024,BGD,Bangladesh,origin,migrant_stock,SM.POP.TOTL,2906338,"International migrant stock (foreign-born residents), UN Population Division estimate",primary,https://api.worldbank.org/v2/country/BGD/indicator/SM.POP.TOTL?format=json&date=1995:2024&per_page=200,2026-08-26T10:40:56.796Z
1995,CAN,Canada,reference,migrant_stock,SM.POP.TOTL,4853738,"International migrant stock (foreign-born residents), UN Population Division estimate",primary,https://api.worldbank.org/v2/country/CAN/indicator/SM.POP.TOTL?format=json&date=1995:2024&per_page=200,2026-08-26T10:40:56.796Z
2000,CAN,Canada,reference,migrant_stock,SM.POP.TOTL,5525404,"International migrant stock (foreign-born residents), UN Population Division estimate",primary,https://api.worldbank.org/v2/country/CAN/indicator/SM.POP.TOTL?format=json&date=1995:2024&per_page=200,2026-08-26T10:40:56.796Z
2005,CAN,Canada,reference,migrant_stock,SM.POP.TOTL,6086976,"International migrant stock (foreign-born residents), UN Population Division estimate",primary,https://api.worldbank.org/v2/country/CAN/indicator/SM.POP.TOTL?format=json&date=1995:2024&per_page=200,2026-08-26T10:40:56.796Z
2010,CAN,Canada,reference,migrant_stock,SM.POP.TOTL,7035001,"International migrant stock (foreign-born residents), UN Population Division estimate",primary,https://api.worldbank.org/v2/country/CAN/indicator/SM.POP.TOTL?format=json&date=1995:2024&per_page=200,2026-08-26T10:40:56.796Z
2015,CAN,Canada,reference,migrant_stock,SM.POP.TOTL,8049874,"International migrant stock (foreign-born residents), UN Population Division estimate",primary,https://api.worldbank.org/v2/country/CAN/indicator/SM.POP.TOTL?format=json&date=1995:2024&per_page=200,2026-08-26T10:40:56.796Z
2020,CAN,Canada,reference,migrant_stock,SM.POP.TOTL,8332892,"International migrant stock (foreign-born residents), UN Population Division estimate",primary,https://api.worldbank.org/v2/country/CAN/indicator/SM.POP.TOTL?format=json&date=1995:2024&per_page=200,2026-08-26T10:40:56.796Z
2024,CAN,Canada,reference,migrant_stock,SM.POP.TOTL,8805839,"International migrant stock (foreign-born residents), UN Population Division estimate",primary,https://api.worldbank.org/v2/country/CAN/indicator/SM.POP.TOTL?format=json&date=1995:2024&per_page=200,2026-08-26T10:40:56.796Z
1995,CHN,China,origin,migrant_stock,SM.POP.TOTL,610608,"International migrant stock (foreign-born residents), UN Population Division estimate",primary,https://api.worldbank.org/v2/country/CHN/indicator/SM.POP.TOTL?format=json&date=1995:2024&per_page=200,2026-08-26T10:40:56.796Z
2000,CHN,China,origin,migrant_stock,SM.POP.TOTL,720915,"International migrant stock (foreign-born residents), UN Population Division estimate",primary,https://api.worldbank.org/v2/country/CHN/indicator/SM.POP.TOTL?format=json&date=1995:2024&per_page=200,2026-08-26T10:40:56.796Z
2005,CHN,China,origin,migrant_stock,SM.POP.TOTL,853360,"International migrant stock (foreign-born residents), UN Population Division estimate",primary,https://api.worldbank.org/v2/country/CHN/indicator/SM.POP.TOTL?format=json&date=1995:2024&per_page=200,2026-08-26T10:40:56.796Z
2010,CHN,China,origin,migrant_stock,SM.POP.TOTL,1010008,"International migrant stock (foreign-born residents), UN Population Division estimate",primary,https://api.worldbank.org/v2/country/CHN/indicator/SM.POP.TOTL?format=json&date=1995:2024&per_page=200,2026-08-26T10:40:56.796Z
2015,CHN,China,origin,migrant_stock,SM.POP.TOTL,1196007,"International migrant stock (foreign-born residents), UN Population Division estimate",primary,https://api.worldbank.org/v2/country/CHN/indicator/SM.POP.TOTL?format=json&date=1995:2024&per_page=200,2026-08-26T10:40:56.796Z
2020,CHN,China,origin,migrant_stock,SM.POP.TOTL,1415116,"International migrant stock (foreign-born residents), UN Population Division estimate",primary,https://api.worldbank.org/v2/country/CHN/indicator/SM.POP.TOTL?format=json&date=1995:2024&per_page=200,2026-08-26T10:40:56.796Z
2024,CHN,China,origin,migrant_stock,SM.POP.TOTL,1638718,"International migrant stock (foreign-born residents), UN Population Division estimate",primary,https://api.worldbank.org/v2/country/CHN/indicator/SM.POP.TOTL?format=json&date=1995:2024&per_page=200,2026-08-26T10:40:56.796Z
1995,EGY,"Egypt, Arab Rep.",origin,migrant_stock,SM.POP.TOTL,160802,"International migrant stock (foreign-born residents), UN Population Division estimate",primary,https://api.worldbank.org/v2/country/EGY/indicator/SM.POP.TOTL?format=json&date=1995:2024&per_page=200,2026-08-26T10:40:56.796Z
2000,EGY,"Egypt, Arab Rep.",origin,migrant_stock,SM.POP.TOTL,179364,"International migrant stock (foreign-born residents), UN Population Division estimate",primary,https://api.worldbank.org/v2/country/EGY/indicator/SM.POP.TOTL?format=json&date=1995:2024&per_page=200,2026-08-26T10:40:56.796Z
2005,EGY,"Egypt, Arab Rep.",origin,migrant_stock,SM.POP.TOTL,288944,"International migrant stock (foreign-born residents), UN Population Division estimate",primary,https://api.worldbank.org/v2/country/EGY/indicator/SM.POP.TOTL?format=json&date=1995:2024&per_page=200,2026-08-26T10:40:56.796Z
2010,EGY,"Egypt, Arab Rep.",origin,migrant_stock,SM.POP.TOTL,323177,"International migrant stock (foreign-born residents), UN Population Division estimate",primary,https://api.worldbank.org/v2/country/EGY/indicator/SM.POP.TOTL?format=json&date=1995:2024&per_page=200,2026-08-26T10:40:56.796Z
2015,EGY,"Egypt, Arab Rep.",origin,migrant_stock,SM.POP.TOTL,499292,"International migrant stock (foreign-born residents), UN Population Division estimate",primary,https://api.worldbank.org/v2/country/EGY/indicator/SM.POP.TOTL?format=json&date=1995:2024&per_page=200,2026-08-26T10:40:56.796Z
2020,EGY,"Egypt, Arab Rep.",origin,migrant_stock,SM.POP.TOTL,602472,"International migrant stock (foreign-born residents), UN Population Division estimate",primary,https://api.worldbank.org/v2/country/EGY/indicator/SM.POP.TOTL?format=json&date=1995:2024&per_page=200,2026-08-26T10:40:56.796Z
2024,EGY,"Egypt, Arab Rep.",origin,migrant_stock,SM.POP.TOTL,1139820,"International migrant stock (foreign-born residents), UN Population Division estimate",primary,https://api.worldbank.org/v2/country/EGY/indicator/SM.POP.TOTL?format=json&date=1995:2024&per_page=200,2026-08-26T10:40:56.796Z
1995,ETH,Ethiopia,origin,migrant_stock,SM.POP.TOTL,478712,"International migrant stock (foreign-born residents), UN Population Division estimate",primary,https://api.worldbank.org/v2/country/ETH/indicator/SM.POP.TOTL?format=json&date=1995:2024&per_page=200,2026-08-26T10:40:56.796Z
2000,ETH,Ethiopia,origin,migrant_stock,SM.POP.TOTL,311441,"International migrant stock (foreign-born residents), UN Population Division estimate",primary,https://api.worldbank.org/v2/country/ETH/indicator/SM.POP.TOTL?format=json&date=1995:2024&per_page=200,2026-08-26T10:40:56.796Z
2005,ETH,Ethiopia,origin,migrant_stock,SM.POP.TOTL,170773,"International migrant stock (foreign-born residents), UN Population Division estimate",primary,https://api.worldbank.org/v2/country/ETH/indicator/SM.POP.TOTL?format=json&date=1995:2024&per_page=200,2026-08-26T10:40:56.796Z
2010,ETH,Ethiopia,origin,migrant_stock,SM.POP.TOTL,227078,"International migrant stock (foreign-born residents), UN Population Division estimate",primary,https://api.worldbank.org/v2/country/ETH/indicator/SM.POP.TOTL?format=json&date=1995:2024&per_page=200,2026-08-26T10:40:56.796Z
2015,ETH,Ethiopia,origin,migrant_stock,SM.POP.TOTL,797374,"International migrant stock (foreign-born residents), UN Population Division estimate",primary,https://api.worldbank.org/v2/country/ETH/indicator/SM.POP.TOTL?format=json&date=1995:2024&per_page=200,2026-08-26T10:40:56.796Z
2020,ETH,Ethiopia,origin,migrant_stock,SM.POP.TOTL,875170,"International migrant stock (foreign-born residents), UN Population Division estimate",primary,https://api.worldbank.org/v2/country/ETH/indicator/SM.POP.TOTL?format=json&date=1995:2024&per_page=200,2026-08-26T10:40:56.796Z
2024,ETH,Ethiopia,origin,migrant_stock,SM.POP.TOTL,1168455,"International migrant stock (foreign-born residents), UN Population Division estimate",primary,https://api.worldbank.org/v2/country/ETH/indicator/SM.POP.TOTL?format=json&date=1995:2024&per_page=200,2026-08-26T10:40:56.796Z
1995,GBR,United Kingdom,reference,migrant_stock,SM.POP.TOTL,4173053,"International migrant stock (foreign-born residents), UN Population Division estimate",primary,https://api.worldbank.org/v2/country/GBR/indicator/SM.POP.TOTL?format=json&date=1995:2024&per_page=200,2026-08-26T10:40:56.796Z
2000,GBR,United Kingdom,reference,migrant_stock,SM.POP.TOTL,4747902,"International migrant stock (foreign-born residents), UN Population Division estimate",primary,https://api.worldbank.org/v2/country/GBR/indicator/SM.POP.TOTL?format=json&date=1995:2024&per_page=200,2026-08-26T10:40:56.796Z
2005,GBR,United Kingdom,reference,migrant_stock,SM.POP.TOTL,5989992,"International migrant stock (foreign-born residents), UN Population Division estimate",primary,https://api.worldbank.org/v2/country/GBR/indicator/SM.POP.TOTL?format=json&date=1995:2024&per_page=200,2026-08-26T10:40:56.796Z
2010,GBR,United Kingdom,reference,migrant_stock,SM.POP.TOTL,7713303,"International migrant stock (foreign-born residents), UN Population Division estimate",primary,https://api.worldbank.org/v2/country/GBR/indicator/SM.POP.TOTL?format=json&date=1995:2024&per_page=200,2026-08-26T10:40:56.796Z
2015,GBR,United Kingdom,reference,migrant_stock,SM.POP.TOTL,9071431,"International migrant stock (foreign-born residents), UN Population Division estimate",primary,https://api.worldbank.org/v2/country/GBR/indicator/SM.POP.TOTL?format=json&date=1995:2024&per_page=200,2026-08-26T10:40:56.796Z
2020,GBR,United Kingdom,reference,migrant_stock,SM.POP.TOTL,10520870,"International migrant stock (foreign-born residents), UN Population Division estimate",primary,https://api.worldbank.org/v2/country/GBR/indicator/SM.POP.TOTL?format=json&date=1995:2024&per_page=200,2026-08-26T10:40:56.796Z
2024,GBR,United Kingdom,reference,migrant_stock,SM.POP.TOTL,11845479,"International migrant stock (foreign-born residents), UN Population Division estimate",primary,https://api.worldbank.org/v2/country/GBR/indicator/SM.POP.TOTL?format=json&date=1995:2024&per_page=200,2026-08-26T10:40:56.796Z
1995,IDN,Indonesia,origin,migrant_stock,SM.POP.TOTL,114419,"International migrant stock (foreign-born residents), UN Population Division estimate",primary,https://api.worldbank.org/v2/country/IDN/indicator/SM.POP.TOTL?format=json&date=1995:2024&per_page=200,2026-08-26T10:40:56.796Z
2000,IDN,Indonesia,origin,migrant_stock,SM.POP.TOTL,287645,"International migrant stock (foreign-born residents), UN Population Division estimate",primary,https://api.worldbank.org/v2/country/IDN/indicator/SM.POP.TOTL?format=json&date=1995:2024&per_page=200,2026-08-26T10:40:56.796Z
2005,IDN,Indonesia,origin,migrant_stock,SM.POP.TOTL,87508,"International migrant stock (foreign-born residents), UN Population Division estimate",primary,https://api.worldbank.org/v2/country/IDN/indicator/SM.POP.TOTL?format=json&date=1995:2024&per_page=200,2026-08-26T10:40:56.796Z
2010,IDN,Indonesia,origin,migrant_stock,SM.POP.TOTL,113288,"International migrant stock (foreign-born residents), UN Population Division estimate",primary,https://api.worldbank.org/v2/country/IDN/indicator/SM.POP.TOTL?format=json&date=1995:2024&per_page=200,2026-08-26T10:40:56.796Z
2015,IDN,Indonesia,origin,migrant_stock,SM.POP.TOTL,192119,"International migrant stock (foreign-born residents), UN Population Division estimate",primary,https://api.worldbank.org/v2/country/IDN/indicator/SM.POP.TOTL?format=json&date=1995:2024&per_page=200,2026-08-26T10:40:56.796Z
2020,IDN,Indonesia,origin,migrant_stock,SM.POP.TOTL,306702,"International migrant stock (foreign-born residents), UN Population Division estimate",primary,https://api.worldbank.org/v2/country/IDN/indicator/SM.POP.TOTL?format=json&date=1995:2024&per_page=200,2026-08-26T10:40:56.796Z
2024,IDN,Indonesia,origin,migrant_stock,SM.POP.TOTL,445726,"International migrant stock (foreign-born residents), UN Population Division estimate",primary,https://api.worldbank.org/v2/country/IDN/indicator/SM.POP.TOTL?format=json&date=1995:2024&per_page=200,2026-08-26T10:40:56.796Z
1995,IND,India,origin,migrant_stock,SM.POP.TOTL,6836861,"International migrant stock (foreign-born residents), UN Population Division estimate",primary,https://api.worldbank.org/v2/country/IND/indicator/SM.POP.TOTL?format=json&date=1995:2024&per_page=200,2026-08-26T10:40:56.796Z
2000,IND,India,origin,migrant_stock,SM.POP.TOTL,6391543,"International migrant stock (foreign-born residents), UN Population Division estimate",primary,https://api.worldbank.org/v2/country/IND/indicator/SM.POP.TOTL?format=json&date=1995:2024&per_page=200,2026-08-26T10:40:56.796Z
2005,IND,India,origin,migrant_stock,SM.POP.TOTL,5954999,"International migrant stock (foreign-born residents), UN Population Division estimate",primary,https://api.worldbank.org/v2/country/IND/indicator/SM.POP.TOTL?format=json&date=1995:2024&per_page=200,2026-08-26T10:40:56.796Z
2010,IND,India,origin,migrant_stock,SM.POP.TOTL,5601237,"International migrant stock (foreign-born residents), UN Population Division estimate",primary,https://api.worldbank.org/v2/country/IND/indicator/SM.POP.TOTL?format=json&date=1995:2024&per_page=200,2026-08-26T10:40:56.796Z
2015,IND,India,origin,migrant_stock,SM.POP.TOTL,5252296,"International migrant stock (foreign-born residents), UN Population Division estimate",primary,https://api.worldbank.org/v2/country/IND/indicator/SM.POP.TOTL?format=json&date=1995:2024&per_page=200,2026-08-26T10:40:56.796Z
2020,IND,India,origin,migrant_stock,SM.POP.TOTL,4929816,"International migrant stock (foreign-born residents), UN Population Division estimate",primary,https://api.worldbank.org/v2/country/IND/indicator/SM.POP.TOTL?format=json&date=1995:2024&per_page=200,2026-08-26T10:40:56.796Z
2024,IND,India,origin,migrant_stock,SM.POP.TOTL,4796255,"International migrant stock (foreign-born residents), UN Population Division estimate",primary,https://api.worldbank.org/v2/country/IND/indicator/SM.POP.TOTL?format=json&date=1995:2024&per_page=200,2026-08-26T10:40:56.796Z
1995,IRN,"Iran, Islamic Rep.",origin,migrant_stock,SM.POP.TOTL,2937668,"International migrant stock (foreign-born residents), UN Population Division estimate",primary,https://api.worldbank.org/v2/country/IRN/indicator/SM.POP.TOTL?format=json&date=1995:2024&per_page=200,2026-08-26T10:40:56.796Z
2000,IRN,"Iran, Islamic Rep.",origin,migrant_stock,SM.POP.TOTL,2476469,"International migrant stock (foreign-born residents), UN Population Division estimate",primary,https://api.worldbank.org/v2/country/IRN/indicator/SM.POP.TOTL?format=json&date=1995:2024&per_page=200,2026-08-26T10:40:56.796Z
2005,IRN,"Iran, Islamic Rep.",origin,migrant_stock,SM.POP.TOTL,2552206,"International migrant stock (foreign-born residents), UN Population Division estimate",primary,https://api.worldbank.org/v2/country/IRN/indicator/SM.POP.TOTL?format=json&date=1995:2024&per_page=200,2026-08-26T10:40:56.796Z
2010,IRN,"Iran, Islamic Rep.",origin,migrant_stock,SM.POP.TOTL,2722397,"International migrant stock (foreign-born residents), UN Population Division estimate",primary,https://api.worldbank.org/v2/country/IRN/indicator/SM.POP.TOTL?format=json&date=1995:2024&per_page=200,2026-08-26T10:40:56.796Z
2015,IRN,"Iran, Islamic Rep.",origin,migrant_stock,SM.POP.TOTL,2729939,"International migrant stock (foreign-born residents), UN Population Division estimate",primary,https://api.worldbank.org/v2/country/IRN/indicator/SM.POP.TOTL?format=json&date=1995:2024&per_page=200,2026-08-26T10:40:56.796Z
2020,IRN,"Iran, Islamic Rep.",origin,migrant_stock,SM.POP.TOTL,2797235,"International migrant stock (foreign-born residents), UN Population Division estimate",primary,https://api.worldbank.org/v2/country/IRN/indicator/SM.POP.TOTL?format=json&date=1995:2024&per_page=200,2026-08-26T10:40:56.796Z
2024,IRN,"Iran, Islamic Rep.",origin,migrant_stock,SM.POP.TOTL,3840654,"International migrant stock (foreign-born residents), UN Population Division estimate",primary,https://api.worldbank.org/v2/country/IRN/indicator/SM.POP.TOTL?format=json&date=1995:2024&per_page=200,2026-08-26T10:40:56.796Z
1995,IRQ,Iraq,origin,migrant_stock,SM.POP.TOTL,199460,"International migrant stock (foreign-born residents), UN Population Division estimate",primary,https://api.worldbank.org/v2/country/IRQ/indicator/SM.POP.TOTL?format=json&date=1995:2024&per_page=200,2026-08-26T10:40:56.796Z
2000,IRQ,Iraq,origin,migrant_stock,SM.POP.TOTL,210525,"International migrant stock (foreign-born residents), UN Population Division estimate",primary,https://api.worldbank.org/v2/country/IRQ/indicator/SM.POP.TOTL?format=json&date=1995:2024&per_page=200,2026-08-26T10:40:56.796Z
2005,IRQ,Iraq,origin,migrant_stock,SM.POP.TOTL,134863,"International migrant stock (foreign-born residents), UN Population Division estimate",primary,https://api.worldbank.org/v2/country/IRQ/indicator/SM.POP.TOTL?format=json&date=1995:2024&per_page=200,2026-08-26T10:40:56.796Z
2010,IRQ,Iraq,origin,migrant_stock,SM.POP.TOTL,120466,"International migrant stock (foreign-born residents), UN Population Division estimate",primary,https://api.worldbank.org/v2/country/IRQ/indicator/SM.POP.TOTL?format=json&date=1995:2024&per_page=200,2026-08-26T10:40:56.796Z
2015,IRQ,Iraq,origin,migrant_stock,SM.POP.TOTL,359352,"International migrant stock (foreign-born residents), UN Population Division estimate",primary,https://api.worldbank.org/v2/country/IRQ/indicator/SM.POP.TOTL?format=json&date=1995:2024&per_page=200,2026-08-26T10:40:56.796Z
2020,IRQ,Iraq,origin,migrant_stock,SM.POP.TOTL,365766,"International migrant stock (foreign-born residents), UN Population Division estimate",primary,https://api.worldbank.org/v2/country/IRQ/indicator/SM.POP.TOTL?format=json&date=1995:2024&per_page=200,2026-08-26T10:40:56.796Z
2024,IRQ,Iraq,origin,migrant_stock,SM.POP.TOTL,370980,"International migrant stock (foreign-born residents), UN Population Division estimate",primary,https://api.worldbank.org/v2/country/IRQ/indicator/SM.POP.TOTL?format=json&date=1995:2024&per_page=200,2026-08-26T10:40:56.796Z
1995,KEN,Kenya,origin,migrant_stock,SM.POP.TOTL,618745,"International migrant stock (foreign-born residents), UN Population Division estimate",primary,https://api.worldbank.org/v2/country/KEN/indicator/SM.POP.TOTL?format=json&date=1995:2024&per_page=200,2026-08-26T10:40:56.796Z
2000,KEN,Kenya,origin,migrant_stock,SM.POP.TOTL,707852,"International migrant stock (foreign-born residents), UN Population Division estimate",primary,https://api.worldbank.org/v2/country/KEN/indicator/SM.POP.TOTL?format=json&date=1995:2024&per_page=200,2026-08-26T10:40:56.796Z
2005,KEN,Kenya,origin,migrant_stock,SM.POP.TOTL,773354,"International migrant stock (foreign-born residents), UN Population Division estimate",primary,https://api.worldbank.org/v2/country/KEN/indicator/SM.POP.TOTL?format=json&date=1995:2024&per_page=200,2026-08-26T10:40:56.796Z
2010,KEN,Kenya,origin,migrant_stock,SM.POP.TOTL,954925,"International migrant stock (foreign-born residents), UN Population Division estimate",primary,https://api.worldbank.org/v2/country/KEN/indicator/SM.POP.TOTL?format=json&date=1995:2024&per_page=200,2026-08-26T10:40:56.796Z
2015,KEN,Kenya,origin,migrant_stock,SM.POP.TOTL,1126886,"International migrant stock (foreign-born residents), UN Population Division estimate",primary,https://api.worldbank.org/v2/country/KEN/indicator/SM.POP.TOTL?format=json&date=1995:2024&per_page=200,2026-08-26T10:40:56.796Z
2020,KEN,Kenya,origin,migrant_stock,SM.POP.TOTL,1050147,"International migrant stock (foreign-born residents), UN Population Division estimate",primary,https://api.worldbank.org/v2/country/KEN/indicator/SM.POP.TOTL?format=json&date=1995:2024&per_page=200,2026-08-26T10:40:56.796Z
2024,KEN,Kenya,origin,migrant_stock,SM.POP.TOTL,992536,"International migrant stock (foreign-born residents), UN Population Division estimate",primary,https://api.worldbank.org/v2/country/KEN/indicator/SM.POP.TOTL?format=json&date=1995:2024&per_page=200,2026-08-26T10:40:56.796Z
1995,LBN,Lebanon,origin,migrant_stock,SM.POP.TOTL,466437,"International migrant stock (foreign-born residents), UN Population Division estimate",primary,https://api.worldbank.org/v2/country/LBN/indicator/SM.POP.TOTL?format=json&date=1995:2024&per_page=200,2026-08-26T10:40:56.796Z
2000,LBN,Lebanon,origin,migrant_stock,SM.POP.TOTL,514836,"International migrant stock (foreign-born residents), UN Population Division estimate",primary,https://api.worldbank.org/v2/country/LBN/indicator/SM.POP.TOTL?format=json&date=1995:2024&per_page=200,2026-08-26T10:40:56.796Z
2005,LBN,Lebanon,origin,migrant_stock,SM.POP.TOTL,553850,"International migrant stock (foreign-born residents), UN Population Division estimate",primary,https://api.worldbank.org/v2/country/LBN/indicator/SM.POP.TOTL?format=json&date=1995:2024&per_page=200,2026-08-26T10:40:56.796Z
2010,LBN,Lebanon,origin,migrant_stock,SM.POP.TOTL,625884,"International migrant stock (foreign-born residents), UN Population Division estimate",primary,https://api.worldbank.org/v2/country/LBN/indicator/SM.POP.TOTL?format=json&date=1995:2024&per_page=200,2026-08-26T10:40:56.796Z
2015,LBN,Lebanon,origin,migrant_stock,SM.POP.TOTL,1763717,"International migrant stock (foreign-born residents), UN Population Division estimate",primary,https://api.worldbank.org/v2/country/LBN/indicator/SM.POP.TOTL?format=json&date=1995:2024&per_page=200,2026-08-26T10:40:56.796Z
2020,LBN,Lebanon,origin,migrant_stock,SM.POP.TOTL,1586346,"International migrant stock (foreign-born residents), UN Population Division estimate",primary,https://api.worldbank.org/v2/country/LBN/indicator/SM.POP.TOTL?format=json&date=1995:2024&per_page=200,2026-08-26T10:40:56.796Z
2024,LBN,Lebanon,origin,migrant_stock,SM.POP.TOTL,1422583,"International migrant stock (foreign-born residents), UN Population Division estimate",primary,https://api.worldbank.org/v2/country/LBN/indicator/SM.POP.TOTL?format=json&date=1995:2024&per_page=200,2026-08-26T10:40:56.796Z
1995,LKA,Sri Lanka,origin,migrant_stock,SM.POP.TOTL,40841,"International migrant stock (foreign-born residents), UN Population Division estimate",primary,https://api.worldbank.org/v2/country/LKA/indicator/SM.POP.TOTL?format=json&date=1995:2024&per_page=200,2026-08-26T10:40:56.796Z
2000,LKA,Sri Lanka,origin,migrant_stock,SM.POP.TOTL,40132,"International migrant stock (foreign-born residents), UN Population Division estimate",primary,https://api.worldbank.org/v2/country/LKA/indicator/SM.POP.TOTL?format=json&date=1995:2024&per_page=200,2026-08-26T10:40:56.796Z
2005,LKA,Sri Lanka,origin,migrant_stock,SM.POP.TOTL,39526,"International migrant stock (foreign-born residents), UN Population Division estimate",primary,https://api.worldbank.org/v2/country/LKA/indicator/SM.POP.TOTL?format=json&date=1995:2024&per_page=200,2026-08-26T10:40:56.796Z
2010,LKA,Sri Lanka,origin,migrant_stock,SM.POP.TOTL,38959,"International migrant stock (foreign-born residents), UN Population Division estimate",primary,https://api.worldbank.org/v2/country/LKA/indicator/SM.POP.TOTL?format=json&date=1995:2024&per_page=200,2026-08-26T10:40:56.796Z
2015,LKA,Sri Lanka,origin,migrant_stock,SM.POP.TOTL,39706,"International migrant stock (foreign-born residents), UN Population Division estimate",primary,https://api.worldbank.org/v2/country/LKA/indicator/SM.POP.TOTL?format=json&date=1995:2024&per_page=200,2026-08-26T10:40:56.796Z
2020,LKA,Sri Lanka,origin,migrant_stock,SM.POP.TOTL,40254,"International migrant stock (foreign-born residents), UN Population Division estimate",primary,https://api.worldbank.org/v2/country/LKA/indicator/SM.POP.TOTL?format=json&date=1995:2024&per_page=200,2026-08-26T10:40:56.796Z
2024,LKA,Sri Lanka,origin,migrant_stock,SM.POP.TOTL,40698,"International migrant stock (foreign-born residents), UN Population Division estimate",primary,https://api.worldbank.org/v2/country/LKA/indicator/SM.POP.TOTL?format=json&date=1995:2024&per_page=200,2026-08-26T10:40:56.796Z
1995,MAR,Morocco,origin,migrant_stock,SM.POP.TOTL,50360,"International migrant stock (foreign-born residents), UN Population Division estimate",primary,https://api.worldbank.org/v2/country/MAR/indicator/SM.POP.TOTL?format=json&date=1995:2024&per_page=200,2026-08-26T10:40:56.796Z
2000,MAR,Morocco,origin,migrant_stock,SM.POP.TOTL,53034,"International migrant stock (foreign-born residents), UN Population Division estimate",primary,https://api.worldbank.org/v2/country/MAR/indicator/SM.POP.TOTL?format=json&date=1995:2024&per_page=200,2026-08-26T10:40:56.796Z
2005,MAR,Morocco,origin,migrant_stock,SM.POP.TOTL,56222,"International migrant stock (foreign-born residents), UN Population Division estimate",primary,https://api.worldbank.org/v2/country/MAR/indicator/SM.POP.TOTL?format=json&date=1995:2024&per_page=200,2026-08-26T10:40:56.796Z
2010,MAR,Morocco,origin,migrant_stock,SM.POP.TOTL,71189,"International migrant stock (foreign-born residents), UN Population Division estimate",primary,https://api.worldbank.org/v2/country/MAR/indicator/SM.POP.TOTL?format=json&date=1995:2024&per_page=200,2026-08-26T10:40:56.796Z
2015,MAR,Morocco,origin,migrant_stock,SM.POP.TOTL,92424,"International migrant stock (foreign-born residents), UN Population Division estimate",primary,https://api.worldbank.org/v2/country/MAR/indicator/SM.POP.TOTL?format=json&date=1995:2024&per_page=200,2026-08-26T10:40:56.796Z
2020,MAR,Morocco,origin,migrant_stock,SM.POP.TOTL,102358,"International migrant stock (foreign-born residents), UN Population Division estimate",primary,https://api.worldbank.org/v2/country/MAR/indicator/SM.POP.TOTL?format=json&date=1995:2024&per_page=200,2026-08-26T10:40:56.796Z
2024,MAR,Morocco,origin,migrant_stock,SM.POP.TOTL,111069,"International migrant stock (foreign-born residents), UN Population Division estimate",primary,https://api.worldbank.org/v2/country/MAR/indicator/SM.POP.TOTL?format=json&date=1995:2024&per_page=200,2026-08-26T10:40:56.796Z
1995,NGA,Nigeria,origin,migrant_stock,SM.POP.TOTL,462999,"International migrant stock (foreign-born residents), UN Population Division estimate",primary,https://api.worldbank.org/v2/country/NGA/indicator/SM.POP.TOTL?format=json&date=1995:2024&per_page=200,2026-08-26T10:40:56.796Z
2000,NGA,Nigeria,origin,migrant_stock,SM.POP.TOTL,487882,"International migrant stock (foreign-born residents), UN Population Division estimate",primary,https://api.worldbank.org/v2/country/NGA/indicator/SM.POP.TOTL?format=json&date=1995:2024&per_page=200,2026-08-26T10:40:56.796Z
2005,NGA,Nigeria,origin,migrant_stock,SM.POP.TOTL,969714,"International migrant stock (foreign-born residents), UN Population Division estimate",primary,https://api.worldbank.org/v2/country/NGA/indicator/SM.POP.TOTL?format=json&date=1995:2024&per_page=200,2026-08-26T10:40:56.796Z
2010,NGA,Nigeria,origin,migrant_stock,SM.POP.TOTL,990494,"International migrant stock (foreign-born residents), UN Population Division estimate",primary,https://api.worldbank.org/v2/country/NGA/indicator/SM.POP.TOTL?format=json&date=1995:2024&per_page=200,2026-08-26T10:40:56.796Z
2015,NGA,Nigeria,origin,migrant_stock,SM.POP.TOTL,1199115,"International migrant stock (foreign-born residents), UN Population Division estimate",primary,https://api.worldbank.org/v2/country/NGA/indicator/SM.POP.TOTL?format=json&date=1995:2024&per_page=200,2026-08-26T10:40:56.796Z
2020,NGA,Nigeria,origin,migrant_stock,SM.POP.TOTL,1308568,"International migrant stock (foreign-born residents), UN Population Division estimate",primary,https://api.worldbank.org/v2/country/NGA/indicator/SM.POP.TOTL?format=json&date=1995:2024&per_page=200,2026-08-26T10:40:56.796Z
2024,NGA,Nigeria,origin,migrant_stock,SM.POP.TOTL,1403281,"International migrant stock (foreign-born residents), UN Population Division estimate",primary,https://api.worldbank.org/v2/country/NGA/indicator/SM.POP.TOTL?format=json&date=1995:2024&per_page=200,2026-08-26T10:40:56.796Z
1995,NPL,Nepal,origin,migrant_stock,SM.POP.TOTL,690225,"International migrant stock (foreign-born residents), UN Population Division estimate",primary,https://api.worldbank.org/v2/country/NPL/indicator/SM.POP.TOTL?format=json&date=1995:2024&per_page=200,2026-08-26T10:40:56.796Z
2000,NPL,Nepal,origin,migrant_stock,SM.POP.TOTL,717900,"International migrant stock (foreign-born residents), UN Population Division estimate",primary,https://api.worldbank.org/v2/country/NPL/indicator/SM.POP.TOTL?format=json&date=1995:2024&per_page=200,2026-08-26T10:40:56.796Z
2005,NPL,Nepal,origin,migrant_stock,SM.POP.TOTL,680729,"International migrant stock (foreign-born residents), UN Population Division estimate",primary,https://api.worldbank.org/v2/country/NPL/indicator/SM.POP.TOTL?format=json&date=1995:2024&per_page=200,2026-08-26T10:40:56.796Z
2010,NPL,Nepal,origin,migrant_stock,SM.POP.TOTL,581889,"International migrant stock (foreign-born residents), UN Population Division estimate",primary,https://api.worldbank.org/v2/country/NPL/indicator/SM.POP.TOTL?format=json&date=1995:2024&per_page=200,2026-08-26T10:40:56.796Z
2015,NPL,Nepal,origin,migrant_stock,SM.POP.TOTL,509471,"International migrant stock (foreign-born residents), UN Population Division estimate",primary,https://api.worldbank.org/v2/country/NPL/indicator/SM.POP.TOTL?format=json&date=1995:2024&per_page=200,2026-08-26T10:40:56.796Z
2020,NPL,Nepal,origin,migrant_stock,SM.POP.TOTL,487564,"International migrant stock (foreign-born residents), UN Population Division estimate",primary,https://api.worldbank.org/v2/country/NPL/indicator/SM.POP.TOTL?format=json&date=1995:2024&per_page=200,2026-08-26T10:40:56.796Z
2024,NPL,Nepal,origin,migrant_stock,SM.POP.TOTL,470719,"International migrant stock (foreign-born residents), UN Population Division estimate",primary,https://api.worldbank.org/v2/country/NPL/indicator/SM.POP.TOTL?format=json&date=1995:2024&per_page=200,2026-08-26T10:40:56.796Z
1995,NZL,New Zealand,reference,migrant_stock,SM.POP.TOTL,594911,"International migrant stock (foreign-born residents), UN Population Division estimate",primary,https://api.worldbank.org/v2/country/NZL/indicator/SM.POP.TOTL?format=json&date=1995:2024&per_page=200,2026-08-26T10:40:56.796Z
2000,NZL,New Zealand,reference,migrant_stock,SM.POP.TOTL,685966,"International migrant stock (foreign-born residents), UN Population Division estimate",primary,https://api.worldbank.org/v2/country/NZL/indicator/SM.POP.TOTL?format=json&date=1995:2024&per_page=200,2026-08-26T10:40:56.796Z
2005,NZL,New Zealand,reference,migrant_stock,SM.POP.TOTL,855017,"International migrant stock (foreign-born residents), UN Population Division estimate",primary,https://api.worldbank.org/v2/country/NZL/indicator/SM.POP.TOTL?format=json&date=1995:2024&per_page=200,2026-08-26T10:40:56.796Z
2010,NZL,New Zealand,reference,migrant_stock,SM.POP.TOTL,956982,"International migrant stock (foreign-born residents), UN Population Division estimate",primary,https://api.worldbank.org/v2/country/NZL/indicator/SM.POP.TOTL?format=json&date=1995:2024&per_page=200,2026-08-26T10:40:56.796Z
2015,NZL,New Zealand,reference,migrant_stock,SM.POP.TOTL,1132201,"International migrant stock (foreign-born residents), UN Population Division estimate",primary,https://api.worldbank.org/v2/country/NZL/indicator/SM.POP.TOTL?format=json&date=1995:2024&per_page=200,2026-08-26T10:40:56.796Z
2020,NZL,New Zealand,reference,migrant_stock,SM.POP.TOTL,1343900,"International migrant stock (foreign-born residents), UN Population Division estimate",primary,https://api.worldbank.org/v2/country/NZL/indicator/SM.POP.TOTL?format=json&date=1995:2024&per_page=200,2026-08-26T10:40:56.796Z
2024,NZL,New Zealand,reference,migrant_stock,SM.POP.TOTL,1467989,"International migrant stock (foreign-born residents), UN Population Division estimate",primary,https://api.worldbank.org/v2/country/NZL/indicator/SM.POP.TOTL?format=json&date=1995:2024&per_page=200,2026-08-26T10:40:56.796Z
1995,PAK,Pakistan,origin,migrant_stock,SM.POP.TOTL,3669308,"International migrant stock (foreign-born residents), UN Population Division estimate",primary,https://api.worldbank.org/v2/country/PAK/indicator/SM.POP.TOTL?format=json&date=1995:2024&per_page=200,2026-08-26T10:40:56.796Z
2000,PAK,Pakistan,origin,migrant_stock,SM.POP.TOTL,4181912,"International migrant stock (foreign-born residents), UN Population Division estimate",primary,https://api.worldbank.org/v2/country/PAK/indicator/SM.POP.TOTL?format=json&date=1995:2024&per_page=200,2026-08-26T10:40:56.796Z
2005,PAK,Pakistan,origin,migrant_stock,SM.POP.TOTL,3174558,"International migrant stock (foreign-born residents), UN Population Division estimate",primary,https://api.worldbank.org/v2/country/PAK/indicator/SM.POP.TOTL?format=json&date=1995:2024&per_page=200,2026-08-26T10:40:56.796Z
2010,PAK,Pakistan,origin,migrant_stock,SM.POP.TOTL,3943681,"International migrant stock (foreign-born residents), UN Population Division estimate",primary,https://api.worldbank.org/v2/country/PAK/indicator/SM.POP.TOTL?format=json&date=1995:2024&per_page=200,2026-08-26T10:40:56.796Z
2015,PAK,Pakistan,origin,migrant_stock,SM.POP.TOTL,3506520,"International migrant stock (foreign-born residents), UN Population Division estimate",primary,https://api.worldbank.org/v2/country/PAK/indicator/SM.POP.TOTL?format=json&date=1995:2024&per_page=200,2026-08-26T10:40:56.796Z
2020,PAK,Pakistan,origin,migrant_stock,SM.POP.TOTL,3276580,"International migrant stock (foreign-born residents), UN Population Division estimate",primary,https://api.worldbank.org/v2/country/PAK/indicator/SM.POP.TOTL?format=json&date=1995:2024&per_page=200,2026-08-26T10:40:56.796Z
2024,PAK,Pakistan,origin,migrant_stock,SM.POP.TOTL,4175958,"International migrant stock (foreign-born residents), UN Population Division estimate",primary,https://api.worldbank.org/v2/country/PAK/indicator/SM.POP.TOTL?format=json&date=1995:2024&per_page=200,2026-08-26T10:40:56.796Z
1995,PHL,Philippines,origin,migrant_stock,SM.POP.TOTL,145980,"International migrant stock (foreign-born residents), UN Population Division estimate",primary,https://api.worldbank.org/v2/country/PHL/indicator/SM.POP.TOTL?format=json&date=1995:2024&per_page=200,2026-08-26T10:40:56.796Z
2000,PHL,Philippines,origin,migrant_stock,SM.POP.TOTL,157361,"International migrant stock (foreign-born residents), UN Population Division estimate",primary,https://api.worldbank.org/v2/country/PHL/indicator/SM.POP.TOTL?format=json&date=1995:2024&per_page=200,2026-08-26T10:40:56.796Z
2005,PHL,Philippines,origin,migrant_stock,SM.POP.TOTL,168741,"International migrant stock (foreign-born residents), UN Population Division estimate",primary,https://api.worldbank.org/v2/country/PHL/indicator/SM.POP.TOTL?format=json&date=1995:2024&per_page=200,2026-08-26T10:40:56.796Z
2010,PHL,Philippines,origin,migrant_stock,SM.POP.TOTL,178147,"International migrant stock (foreign-born residents), UN Population Division estimate",primary,https://api.worldbank.org/v2/country/PHL/indicator/SM.POP.TOTL?format=json&date=1995:2024&per_page=200,2026-08-26T10:40:56.796Z
2015,PHL,Philippines,origin,migrant_stock,SM.POP.TOTL,131897,"International migrant stock (foreign-born residents), UN Population Division estimate",primary,https://api.worldbank.org/v2/country/PHL/indicator/SM.POP.TOTL?format=json&date=1995:2024&per_page=200,2026-08-26T10:40:56.796Z
2020,PHL,Philippines,origin,migrant_stock,SM.POP.TOTL,87212,"International migrant stock (foreign-born residents), UN Population Division estimate",primary,https://api.worldbank.org/v2/country/PHL/indicator/SM.POP.TOTL?format=json&date=1995:2024&per_page=200,2026-08-26T10:40:56.796Z
2024,PHL,Philippines,origin,migrant_stock,SM.POP.TOTL,87212,"International migrant stock (foreign-born residents), UN Population Division estimate",primary,https://api.worldbank.org/v2/country/PHL/indicator/SM.POP.TOTL?format=json&date=1995:2024&per_page=200,2026-08-26T10:40:56.796Z
1995,SDN,Sudan,origin,migrant_stock,SM.POP.TOTL,1053396,"International migrant stock (foreign-born residents), UN Population Division estimate",primary,https://api.worldbank.org/v2/country/SDN/indicator/SM.POP.TOTL?format=json&date=1995:2024&per_page=200,2026-08-26T10:40:56.796Z
2000,SDN,Sudan,origin,migrant_stock,SM.POP.TOTL,805086,"International migrant stock (foreign-born residents), UN Population Division estimate",primary,https://api.worldbank.org/v2/country/SDN/indicator/SM.POP.TOTL?format=json&date=1995:2024&per_page=200,2026-08-26T10:40:56.796Z
2005,SDN,Sudan,origin,migrant_stock,SM.POP.TOTL,546419,"International migrant stock (foreign-born residents), UN Population Division estimate",primary,https://api.worldbank.org/v2/country/SDN/indicator/SM.POP.TOTL?format=json&date=1995:2024&per_page=200,2026-08-26T10:40:56.796Z
2010,SDN,Sudan,origin,migrant_stock,SM.POP.TOTL,618709,"International migrant stock (foreign-born residents), UN Population Division estimate",primary,https://api.worldbank.org/v2/country/SDN/indicator/SM.POP.TOTL?format=json&date=1995:2024&per_page=200,2026-08-26T10:40:56.796Z
2015,SDN,Sudan,origin,migrant_stock,SM.POP.TOTL,620523,"International migrant stock (foreign-born residents), UN Population Division estimate",primary,https://api.worldbank.org/v2/country/SDN/indicator/SM.POP.TOTL?format=json&date=1995:2024&per_page=200,2026-08-26T10:40:56.796Z
2020,SDN,Sudan,origin,migrant_stock,SM.POP.TOTL,1379147,"International migrant stock (foreign-born residents), UN Population Division estimate",primary,https://api.worldbank.org/v2/country/SDN/indicator/SM.POP.TOTL?format=json&date=1995:2024&per_page=200,2026-08-26T10:40:56.796Z
2024,SDN,Sudan,origin,migrant_stock,SM.POP.TOTL,2397113,"International migrant stock (foreign-born residents), UN Population Division estimate",primary,https://api.worldbank.org/v2/country/SDN/indicator/SM.POP.TOTL?format=json&date=1995:2024&per_page=200,2026-08-26T10:40:56.796Z
1995,SOM,Somalia,origin,migrant_stock,SM.POP.TOTL,19527,"International migrant stock (foreign-born residents), UN Population Division estimate",primary,https://api.worldbank.org/v2/country/SOM/indicator/SM.POP.TOTL?format=json&date=1995:2024&per_page=200,2026-08-26T10:40:56.796Z
2000,SOM,Somalia,origin,migrant_stock,SM.POP.TOTL,20097,"International migrant stock (foreign-born residents), UN Population Division estimate",primary,https://api.worldbank.org/v2/country/SOM/indicator/SM.POP.TOTL?format=json&date=1995:2024&per_page=200,2026-08-26T10:40:56.796Z
2005,SOM,Somalia,origin,migrant_stock,SM.POP.TOTL,20768,"International migrant stock (foreign-born residents), UN Population Division estimate",primary,https://api.worldbank.org/v2/country/SOM/indicator/SM.POP.TOTL?format=json&date=1995:2024&per_page=200,2026-08-26T10:40:56.796Z
2010,SOM,Somalia,origin,migrant_stock,SM.POP.TOTL,48106,"International migrant stock (foreign-born residents), UN Population Division estimate",primary,https://api.worldbank.org/v2/country/SOM/indicator/SM.POP.TOTL?format=json&date=1995:2024&per_page=200,2026-08-26T10:40:56.796Z
2015,SOM,Somalia,origin,migrant_stock,SM.POP.TOTL,40990,"International migrant stock (foreign-born residents), UN Population Division estimate",primary,https://api.worldbank.org/v2/country/SOM/indicator/SM.POP.TOTL?format=json&date=1995:2024&per_page=200,2026-08-26T10:40:56.796Z
2020,SOM,Somalia,origin,migrant_stock,SM.POP.TOTL,58590,"International migrant stock (foreign-born residents), UN Population Division estimate",primary,https://api.worldbank.org/v2/country/SOM/indicator/SM.POP.TOTL?format=json&date=1995:2024&per_page=200,2026-08-26T10:40:56.796Z
2024,SOM,Somalia,origin,migrant_stock,SM.POP.TOTL,77972,"International migrant stock (foreign-born residents), UN Population Division estimate",primary,https://api.worldbank.org/v2/country/SOM/indicator/SM.POP.TOTL?format=json&date=1995:2024&per_page=200,2026-08-26T10:40:56.796Z
1995,VNM,Viet Nam,origin,migrant_stock,SM.POP.TOTL,88376,"International migrant stock (foreign-born residents), UN Population Division estimate",primary,https://api.worldbank.org/v2/country/VNM/indicator/SM.POP.TOTL?format=json&date=1995:2024&per_page=200,2026-08-26T10:40:56.796Z
2000,VNM,Viet Nam,origin,migrant_stock,SM.POP.TOTL,86213,"International migrant stock (foreign-born residents), UN Population Division estimate",primary,https://api.worldbank.org/v2/country/VNM/indicator/SM.POP.TOTL?format=json&date=1995:2024&per_page=200,2026-08-26T10:40:56.796Z
2005,VNM,Viet Nam,origin,migrant_stock,SM.POP.TOTL,81997,"International migrant stock (foreign-born residents), UN Population Division estimate",primary,https://api.worldbank.org/v2/country/VNM/indicator/SM.POP.TOTL?format=json&date=1995:2024&per_page=200,2026-08-26T10:40:56.796Z
2010,VNM,Viet Nam,origin,migrant_stock,SM.POP.TOTL,84408,"International migrant stock (foreign-born residents), UN Population Division estimate",primary,https://api.worldbank.org/v2/country/VNM/indicator/SM.POP.TOTL?format=json&date=1995:2024&per_page=200,2026-08-26T10:40:56.796Z
2015,VNM,Viet Nam,origin,migrant_stock,SM.POP.TOTL,101386,"International migrant stock (foreign-born residents), UN Population Division estimate",primary,https://api.worldbank.org/v2/country/VNM/indicator/SM.POP.TOTL?format=json&date=1995:2024&per_page=200,2026-08-26T10:40:56.796Z
2020,VNM,Viet Nam,origin,migrant_stock,SM.POP.TOTL,200639,"International migrant stock (foreign-born residents), UN Population Division estimate",primary,https://api.worldbank.org/v2/country/VNM/indicator/SM.POP.TOTL?format=json&date=1995:2024&per_page=200,2026-08-26T10:40:56.796Z
2024,VNM,Viet Nam,origin,migrant_stock,SM.POP.TOTL,326418,"International migrant stock (foreign-born residents), UN Population Division estimate",primary,https://api.worldbank.org/v2/country/VNM/indicator/SM.POP.TOTL?format=json&date=1995:2024&per_page=200,2026-08-26T10:40:56.796Z
1995,ZAF,South Africa,origin,migrant_stock,SM.POP.TOTL,1006597,"International migrant stock (foreign-born residents), UN Population Division estimate",primary,https://api.worldbank.org/v2/country/ZAF/indicator/SM.POP.TOTL?format=json&date=1995:2024&per_page=200,2026-08-26T10:40:56.796Z
2000,ZAF,South Africa,origin,migrant_stock,SM.POP.TOTL,997703,"International migrant stock (foreign-born residents), UN Population Division estimate",primary,https://api.worldbank.org/v2/country/ZAF/indicator/SM.POP.TOTL?format=json&date=1995:2024&per_page=200,2026-08-26T10:40:56.796Z
2005,ZAF,South Africa,origin,migrant_stock,SM.POP.TOTL,1513855,"International migrant stock (foreign-born residents), UN Population Division estimate",primary,https://api.worldbank.org/v2/country/ZAF/indicator/SM.POP.TOTL?format=json&date=1995:2024&per_page=200,2026-08-26T10:40:56.796Z
2010,ZAF,South Africa,origin,migrant_stock,SM.POP.TOTL,2274466,"International migrant stock (foreign-born residents), UN Population Division estimate",primary,https://api.worldbank.org/v2/country/ZAF/indicator/SM.POP.TOTL?format=json&date=1995:2024&per_page=200,2026-08-26T10:40:56.796Z
2015,ZAF,South Africa,origin,migrant_stock,SM.POP.TOTL,3162564,"International migrant stock (foreign-born residents), UN Population Division estimate",primary,https://api.worldbank.org/v2/country/ZAF/indicator/SM.POP.TOTL?format=json&date=1995:2024&per_page=200,2026-08-26T10:40:56.796Z
2020,ZAF,South Africa,origin,migrant_stock,SM.POP.TOTL,2639076,"International migrant stock (foreign-born residents), UN Population Division estimate",primary,https://api.worldbank.org/v2/country/ZAF/indicator/SM.POP.TOTL?format=json&date=1995:2024&per_page=200,2026-08-26T10:40:56.796Z
2024,ZAF,South Africa,origin,migrant_stock,SM.POP.TOTL,2631100,"International migrant stock (foreign-born residents), UN Population Division estimate",primary,https://api.worldbank.org/v2/country/ZAF/indicator/SM.POP.TOTL?format=json&date=1995:2024&per_page=200,2026-08-26T10:40:56.796Z
1995,AFG,Afghanistan,origin,net_migration,SM.POP.NETM,52505,"Net migration (arrivals minus departures), UN Population Division estimate",primary,https://api.worldbank.org/v2/country/AFG/indicator/SM.POP.NETM?format=json&date=1995:2024&per_page=200,2026-08-26T10:40:56.796Z
1996,AFG,Afghanistan,origin,net_migration,SM.POP.NETM,4072,"Net migration (arrivals minus departures), UN Population Division estimate",primary,https://api.worldbank.org/v2/country/AFG/indicator/SM.POP.NETM?format=json&date=1995:2024&per_page=200,2026-08-26T10:40:56.796Z
1997,AFG,Afghanistan,origin,net_migration,SM.POP.NETM,-21215,"Net migration (arrivals minus departures), UN Population Division estimate",primary,https://api.worldbank.org/v2/country/AFG/indicator/SM.POP.NETM?format=json&date=1995:2024&per_page=200,2026-08-26T10:40:56.796Z
1998,AFG,Afghanistan,origin,net_migration,SM.POP.NETM,7380,"Net migration (arrivals minus departures), UN Population Division estimate",primary,https://api.worldbank.org/v2/country/AFG/indicator/SM.POP.NETM?format=json&date=1995:2024&per_page=200,2026-08-26T10:40:56.796Z
1999,AFG,Afghanistan,origin,net_migration,SM.POP.NETM,-32400,"Net migration (arrivals minus departures), UN Population Division estimate",primary,https://api.worldbank.org/v2/country/AFG/indicator/SM.POP.NETM?format=json&date=1995:2024&per_page=200,2026-08-26T10:40:56.796Z
2000,AFG,Afghanistan,origin,net_migration,SM.POP.NETM,-1025973,"Net migration (arrivals minus departures), UN Population Division estimate",primary,https://api.worldbank.org/v2/country/AFG/indicator/SM.POP.NETM?format=json&date=1995:2024&per_page=200,2026-08-26T10:40:56.796Z
2001,AFG,Afghanistan,origin,net_migration,SM.POP.NETM,-212872,"Net migration (arrivals minus departures), UN Population Division estimate",primary,https://api.worldbank.org/v2/country/AFG/indicator/SM.POP.NETM?format=json&date=1995:2024&per_page=200,2026-08-26T10:40:56.796Z
2002,AFG,Afghanistan,origin,net_migration,SM.POP.NETM,860349,"Net migration (arrivals minus departures), UN Population Division estimate",primary,https://api.worldbank.org/v2/country/AFG/indicator/SM.POP.NETM?format=json&date=1995:2024&per_page=200,2026-08-26T10:40:56.796Z
2003,AFG,Afghanistan,origin,net_migration,SM.POP.NETM,247317,"Net migration (arrivals minus departures), UN Population Division estimate",primary,https://api.worldbank.org/v2/country/AFG/indicator/SM.POP.NETM?format=json&date=1995:2024&per_page=200,2026-08-26T10:40:56.796Z
2004,AFG,Afghanistan,origin,net_migration,SM.POP.NETM,-269194,"Net migration (arrivals minus departures), UN Population Division estimate",primary,https://api.worldbank.org/v2/country/AFG/indicator/SM.POP.NETM?format=json&date=1995:2024&per_page=200,2026-08-26T10:40:56.796Z
2005,AFG,Afghanistan,origin,net_migration,SM.POP.NETM,250971,"Net migration (arrivals minus departures), UN Population Division estimate",primary,https://api.worldbank.org/v2/country/AFG/indicator/SM.POP.NETM?format=json&date=1995:2024&per_page=200,2026-08-26T10:40:56.796Z
2006,AFG,Afghanistan,origin,net_migration,SM.POP.NETM,57673,"Net migration (arrivals minus departures), UN Population Division estimate",primary,https://api.worldbank.org/v2/country/AFG/indicator/SM.POP.NETM?format=json&date=1995:2024&per_page=200,2026-08-26T10:40:56.796Z
2007,AFG,Afghanistan,origin,net_migration,SM.POP.NETM,-851298,"Net migration (arrivals minus departures), UN Population Division estimate",primary,https://api.worldbank.org/v2/country/AFG/indicator/SM.POP.NETM?format=json&date=1995:2024&per_page=200,2026-08-26T10:40:56.796Z
2008,AFG,Afghanistan,origin,net_migration,SM.POP.NETM,215753,"Net migration (arrivals minus departures), UN Population Division estimate",primary,https://api.worldbank.org/v2/country/AFG/indicator/SM.POP.NETM?format=json&date=1995:2024&per_page=200,2026-08-26T10:40:56.796Z
2009,AFG,Afghanistan,origin,net_migration,SM.POP.NETM,-60602,"Net migration (arrivals minus departures), UN Population Division estimate",primary,https://api.worldbank.org/v2/country/AFG/indicator/SM.POP.NETM?format=json&date=1995:2024&per_page=200,2026-08-26T10:40:56.796Z
2010,AFG,Afghanistan,origin,net_migration,SM.POP.NETM,-167460,"Net migration (arrivals minus departures), UN Population Division estimate",primary,https://api.worldbank.org/v2/country/AFG/indicator/SM.POP.NETM?format=json&date=1995:2024&per_page=200,2026-08-26T10:40:56.796Z
2011,AFG,Afghanistan,origin,net_migration,SM.POP.NETM,384486,"Net migration (arrivals minus departures), UN Population Division estimate",primary,https://api.worldbank.org/v2/country/AFG/indicator/SM.POP.NETM?format=json&date=1995:2024&per_page=200,2026-08-26T10:40:56.796Z
2012,AFG,Afghanistan,origin,net_migration,SM.POP.NETM,68628,"Net migration (arrivals minus departures), UN Population Division estimate",primary,https://api.worldbank.org/v2/country/AFG/indicator/SM.POP.NETM?format=json&date=1995:2024&per_page=200,2026-08-26T10:40:56.796Z
2013,AFG,Afghanistan,origin,net_migration,SM.POP.NETM,18119,"Net migration (arrivals minus departures), UN Population Division estimate",primary,https://api.worldbank.org/v2/country/AFG/indicator/SM.POP.NETM?format=json&date=1995:2024&per_page=200,2026-08-26T10:40:56.796Z
2014,AFG,Afghanistan,origin,net_migration,SM.POP.NETM,233913,"Net migration (arrivals minus departures), UN Population Division estimate",primary,https://api.worldbank.org/v2/country/AFG/indicator/SM.POP.NETM?format=json&date=1995:2024&per_page=200,2026-08-26T10:40:56.796Z
2015,AFG,Afghanistan,origin,net_migration,SM.POP.NETM,-286314,"Net migration (arrivals minus departures), UN Population Division estimate",primary,https://api.worldbank.org/v2/country/AFG/indicator/SM.POP.NETM?format=json&date=1995:2024&per_page=200,2026-08-26T10:40:56.796Z
2016,AFG,Afghanistan,origin,net_migration,SM.POP.NETM,-143049,"Net migration (arrivals minus departures), UN Population Division estimate",primary,https://api.worldbank.org/v2/country/AFG/indicator/SM.POP.NETM?format=json&date=1995:2024&per_page=200,2026-08-26T10:40:56.796Z
2017,AFG,Afghanistan,origin,net_migration,SM.POP.NETM,-71491,"Net migration (arrivals minus departures), UN Population Division estimate",primary,https://api.worldbank.org/v2/country/AFG/indicator/SM.POP.NETM?format=json&date=1995:2024&per_page=200,2026-08-26T10:40:56.796Z
2018,AFG,Afghanistan,origin,net_migration,SM.POP.NETM,-36753,"Net migration (arrivals minus departures), UN Population Division estimate",primary,https://api.worldbank.org/v2/country/AFG/indicator/SM.POP.NETM?format=json&date=1995:2024&per_page=200,2026-08-26T10:40:56.796Z
2019,AFG,Afghanistan,origin,net_migration,SM.POP.NETM,9159,"Net migration (arrivals minus departures), UN Population Division estimate",primary,https://api.worldbank.org/v2/country/AFG/indicator/SM.POP.NETM?format=json&date=1995:2024&per_page=200,2026-08-26T10:40:56.796Z
2020,AFG,Afghanistan,origin,net_migration,SM.POP.NETM,143634,"Net migration (arrivals minus departures), UN Population Division estimate",primary,https://api.worldbank.org/v2/country/AFG/indicator/SM.POP.NETM?format=json&date=1995:2024&per_page=200,2026-08-26T10:40:56.796Z
2021,AFG,Afghanistan,origin,net_migration,SM.POP.NETM,-548784,"Net migration (arrivals minus departures), UN Population Division estimate",primary,https://api.worldbank.org/v2/country/AFG/indicator/SM.POP.NETM?format=json&date=1995:2024&per_page=200,2026-08-26T10:40:56.796Z
2022,AFG,Afghanistan,origin,net_migration,SM.POP.NETM,-647402,"Net migration (arrivals minus departures), UN Population Division estimate",primary,https://api.worldbank.org/v2/country/AFG/indicator/SM.POP.NETM?format=json&date=1995:2024&per_page=200,2026-08-26T10:40:56.796Z
2023,AFG,Afghanistan,origin,net_migration,SM.POP.NETM,-48958,"Net migration (arrivals minus departures), UN Population Division estimate",primary,https://api.worldbank.org/v2/country/AFG/indicator/SM.POP.NETM?format=json&date=1995:2024&per_page=200,2026-08-26T10:40:56.796Z
2024,AFG,Afghanistan,origin,net_migration,SM.POP.NETM,-44089,"Net migration (arrivals minus departures), UN Population Division estimate",primary,https://api.worldbank.org/v2/country/AFG/indicator/SM.POP.NETM?format=json&date=1995:2024&per_page=200,2026-08-26T10:40:56.796Z
1995,AUS,Australia,reference,net_migration,SM.POP.NETM,80456,"Net migration (arrivals minus departures), UN Population Division estimate",primary,https://api.worldbank.org/v2/country/AUS/indicator/SM.POP.NETM?format=json&date=1995:2024&per_page=200,2026-08-26T10:40:56.796Z
1996,AUS,Australia,reference,net_migration,SM.POP.NETM,82965,"Net migration (arrivals minus departures), UN Population Division estimate",primary,https://api.worldbank.org/v2/country/AUS/indicator/SM.POP.NETM?format=json&date=1995:2024&per_page=200,2026-08-26T10:40:56.796Z
1997,AUS,Australia,reference,net_migration,SM.POP.NETM,67661,"Net migration (arrivals minus departures), UN Population Division estimate",primary,https://api.worldbank.org/v2/country/AUS/indicator/SM.POP.NETM?format=json&date=1995:2024&per_page=200,2026-08-26T10:40:56.796Z
1998,AUS,Australia,reference,net_migration,SM.POP.NETM,81310,"Net migration (arrivals minus departures), UN Population Division estimate",primary,https://api.worldbank.org/v2/country/AUS/indicator/SM.POP.NETM?format=json&date=1995:2024&per_page=200,2026-08-26T10:40:56.796Z
1999,AUS,Australia,reference,net_migration,SM.POP.NETM,92900,"Net migration (arrivals minus departures), UN Population Division estimate",primary,https://api.worldbank.org/v2/country/AUS/indicator/SM.POP.NETM?format=json&date=1995:2024&per_page=200,2026-08-26T10:40:56.796Z
2000,AUS,Australia,reference,net_migration,SM.POP.NETM,111186,"Net migration (arrivals minus departures), UN Population Division estimate",primary,https://api.worldbank.org/v2/country/AUS/indicator/SM.POP.NETM?format=json&date=1995:2024&per_page=200,2026-08-26T10:40:56.796Z
2001,AUS,Australia,reference,net_migration,SM.POP.NETM,117552,"Net migration (arrivals minus departures), UN Population Division estimate",primary,https://api.worldbank.org/v2/country/AUS/indicator/SM.POP.NETM?format=json&date=1995:2024&per_page=200,2026-08-26T10:40:56.796Z
2002,AUS,Australia,reference,net_migration,SM.POP.NETM,108852,"Net migration (arrivals minus departures), UN Population Division estimate",primary,https://api.worldbank.org/v2/country/AUS/indicator/SM.POP.NETM?format=json&date=1995:2024&per_page=200,2026-08-26T10:40:56.796Z
2003,AUS,Australia,reference,net_migration,SM.POP.NETM,104437,"Net migration (arrivals minus departures), UN Population Division estimate",primary,https://api.worldbank.org/v2/country/AUS/indicator/SM.POP.NETM?format=json&date=1995:2024&per_page=200,2026-08-26T10:40:56.796Z
2004,AUS,Australia,reference,net_migration,SM.POP.NETM,110072,"Net migration (arrivals minus departures), UN Population Division estimate",primary,https://api.worldbank.org/v2/country/AUS/indicator/SM.POP.NETM?format=json&date=1995:2024&per_page=200,2026-08-26T10:40:56.796Z
2005,AUS,Australia,reference,net_migration,SM.POP.NETM,131371,"Net migration (arrivals minus departures), UN Population Division estimate",primary,https://api.worldbank.org/v2/country/AUS/indicator/SM.POP.NETM?format=json&date=1995:2024&per_page=200,2026-08-26T10:40:56.796Z
2006,AUS,Australia,reference,net_migration,SM.POP.NETM,191985,"Net migration (arrivals minus departures), UN Population Division estimate",primary,https://api.worldbank.org/v2/country/AUS/indicator/SM.POP.NETM?format=json&date=1995:2024&per_page=200,2026-08-26T10:40:56.796Z
2007,AUS,Australia,reference,net_migration,SM.POP.NETM,249873,"Net migration (arrivals minus departures), UN Population Division estimate",primary,https://api.worldbank.org/v2/country/AUS/indicator/SM.POP.NETM?format=json&date=1995:2024&per_page=200,2026-08-26T10:40:56.796Z
2008,AUS,Australia,reference,net_migration,SM.POP.NETM,275773,"Net migration (arrivals minus departures), UN Population Division estimate",primary,https://api.worldbank.org/v2/country/AUS/indicator/SM.POP.NETM?format=json&date=1995:2024&per_page=200,2026-08-26T10:40:56.796Z
2009,AUS,Australia,reference,net_migration,SM.POP.NETM,235628,"Net migration (arrivals minus departures), UN Population Division estimate",primary,https://api.worldbank.org/v2/country/AUS/indicator/SM.POP.NETM?format=json&date=1995:2024&per_page=200,2026-08-26T10:40:56.796Z
2010,AUS,Australia,reference,net_migration,SM.POP.NETM,166752,"Net migration (arrivals minus departures), UN Population Division estimate",primary,https://api.worldbank.org/v2/country/AUS/indicator/SM.POP.NETM?format=json&date=1995:2024&per_page=200,2026-08-26T10:40:56.796Z
2011,AUS,Australia,reference,net_migration,SM.POP.NETM,197657,"Net migration (arrivals minus departures), UN Population Division estimate",primary,https://api.worldbank.org/v2/country/AUS/indicator/SM.POP.NETM?format=json&date=1995:2024&per_page=200,2026-08-26T10:40:56.796Z
2012,AUS,Australia,reference,net_migration,SM.POP.NETM,235776,"Net migration (arrivals minus departures), UN Population Division estimate",primary,https://api.worldbank.org/v2/country/AUS/indicator/SM.POP.NETM?format=json&date=1995:2024&per_page=200,2026-08-26T10:40:56.796Z
2013,AUS,Australia,reference,net_migration,SM.POP.NETM,215823,"Net migration (arrivals minus departures), UN Population Division estimate",primary,https://api.worldbank.org/v2/country/AUS/indicator/SM.POP.NETM?format=json&date=1995:2024&per_page=200,2026-08-26T10:40:56.796Z
2014,AUS,Australia,reference,net_migration,SM.POP.NETM,200177,"Net migration (arrivals minus departures), UN Population Division estimate",primary,https://api.worldbank.org/v2/country/AUS/indicator/SM.POP.NETM?format=json&date=1995:2024&per_page=200,2026-08-26T10:40:56.796Z
2015,AUS,Australia,reference,net_migration,SM.POP.NETM,212350,"Net migration (arrivals minus departures), UN Population Division estimate",primary,https://api.worldbank.org/v2/country/AUS/indicator/SM.POP.NETM?format=json&date=1995:2024&per_page=200,2026-08-26T10:40:56.796Z
2016,AUS,Australia,reference,net_migration,SM.POP.NETM,254648,"Net migration (arrivals minus departures), UN Population Division estimate",primary,https://api.worldbank.org/v2/country/AUS/indicator/SM.POP.NETM?format=json&date=1995:2024&per_page=200,2026-08-26T10:40:56.796Z
2017,AUS,Australia,reference,net_migration,SM.POP.NETM,255023,"Net migration (arrivals minus departures), UN Population Division estimate",primary,https://api.worldbank.org/v2/country/AUS/indicator/SM.POP.NETM?format=json&date=1995:2024&per_page=200,2026-08-26T10:40:56.796Z
2018,AUS,Australia,reference,net_migration,SM.POP.NETM,226412,"Net migration (arrivals minus departures), UN Population Division estimate",primary,https://api.worldbank.org/v2/country/AUS/indicator/SM.POP.NETM?format=json&date=1995:2024&per_page=200,2026-08-26T10:40:56.796Z
2019,AUS,Australia,reference,net_migration,SM.POP.NETM,207142,"Net migration (arrivals minus departures), UN Population Division estimate",primary,https://api.worldbank.org/v2/country/AUS/indicator/SM.POP.NETM?format=json&date=1995:2024&per_page=200,2026-08-26T10:40:56.796Z
2020,AUS,Australia,reference,net_migration,SM.POP.NETM,44447,"Net migration (arrivals minus departures), UN Population Division estimate",primary,https://api.worldbank.org/v2/country/AUS/indicator/SM.POP.NETM?format=json&date=1995:2024&per_page=200,2026-08-26T10:40:56.796Z
2021,AUS,Australia,reference,net_migration,SM.POP.NETM,116768,"Net migration (arrivals minus departures), UN Population Division estimate",primary,https://api.worldbank.org/v2/country/AUS/indicator/SM.POP.NETM?format=json&date=1995:2024&per_page=200,2026-08-26T10:40:56.796Z
2022,AUS,Australia,reference,net_migration,SM.POP.NETM,140972,"Net migration (arrivals minus departures), UN Population Division estimate",primary,https://api.worldbank.org/v2/country/AUS/indicator/SM.POP.NETM?format=json&date=1995:2024&per_page=200,2026-08-26T10:40:56.796Z
2023,AUS,Australia,reference,net_migration,SM.POP.NETM,140232,"Net migration (arrivals minus departures), UN Population Division estimate",primary,https://api.worldbank.org/v2/country/AUS/indicator/SM.POP.NETM?format=json&date=1995:2024&per_page=200,2026-08-26T10:40:56.796Z
2024,AUS,Australia,reference,net_migration,SM.POP.NETM,138510,"Net migration (arrivals minus departures), UN Population Division estimate",primary,https://api.worldbank.org/v2/country/AUS/indicator/SM.POP.NETM?format=json&date=1995:2024&per_page=200,2026-08-26T10:40:56.796Z
1995,BGD,Bangladesh,origin,net_migration,SM.POP.NETM,-231304,"Net migration (arrivals minus departures), UN Population Division estimate",primary,https://api.worldbank.org/v2/country/BGD/indicator/SM.POP.NETM?format=json&date=1995:2024&per_page=200,2026-08-26T10:40:56.796Z
1996,BGD,Bangladesh,origin,net_migration,SM.POP.NETM,-254239,"Net migration (arrivals minus departures), UN Population Division estimate",primary,https://api.worldbank.org/v2/country/BGD/indicator/SM.POP.NETM?format=json&date=1995:2024&per_page=200,2026-08-26T10:40:56.796Z
1997,BGD,Bangladesh,origin,net_migration,SM.POP.NETM,-273442,"Net migration (arrivals minus departures), UN Population Division estimate",primary,https://api.worldbank.org/v2/country/BGD/indicator/SM.POP.NETM?format=json&date=1995:2024&per_page=200,2026-08-26T10:40:56.796Z
1998,BGD,Bangladesh,origin,net_migration,SM.POP.NETM,-286966,"Net migration (arrivals minus departures), UN Population Division estimate",primary,https://api.worldbank.org/v2/country/BGD/indicator/SM.POP.NETM?format=json&date=1995:2024&per_page=200,2026-08-26T10:40:56.796Z
1999,BGD,Bangladesh,origin,net_migration,SM.POP.NETM,-286256,"Net migration (arrivals minus departures), UN Population Division estimate",primary,https://api.worldbank.org/v2/country/BGD/indicator/SM.POP.NETM?format=json&date=1995:2024&per_page=200,2026-08-26T10:40:56.796Z
2000,BGD,Bangladesh,origin,net_migration,SM.POP.NETM,-512422,"Net migration (arrivals minus departures), UN Population Division estimate",primary,https://api.worldbank.org/v2/country/BGD/indicator/SM.POP.NETM?format=json&date=1995:2024&per_page=200,2026-08-26T10:40:56.796Z
2001,BGD,Bangladesh,origin,net_migration,SM.POP.NETM,-737740,"Net migration (arrivals minus departures), UN Population Division estimate",primary,https://api.worldbank.org/v2/country/BGD/indicator/SM.POP.NETM?format=json&date=1995:2024&per_page=200,2026-08-26T10:40:56.796Z
2002,BGD,Bangladesh,origin,net_migration,SM.POP.NETM,-819909,"Net migration (arrivals minus departures), UN Population Division estimate",primary,https://api.worldbank.org/v2/country/BGD/indicator/SM.POP.NETM?format=json&date=1995:2024&per_page=200,2026-08-26T10:40:56.796Z
2003,BGD,Bangladesh,origin,net_migration,SM.POP.NETM,-896335,"Net migration (arrivals minus departures), UN Population Division estimate",primary,https://api.worldbank.org/v2/country/BGD/indicator/SM.POP.NETM?format=json&date=1995:2024&per_page=200,2026-08-26T10:40:56.796Z
2004,BGD,Bangladesh,origin,net_migration,SM.POP.NETM,-970264,"Net migration (arrivals minus departures), UN Population Division estimate",primary,https://api.worldbank.org/v2/country/BGD/indicator/SM.POP.NETM?format=json&date=1995:2024&per_page=200,2026-08-26T10:40:56.796Z
2005,BGD,Bangladesh,origin,net_migration,SM.POP.NETM,-1036635,"Net migration (arrivals minus departures), UN Population Division estimate",primary,https://api.worldbank.org/v2/country/BGD/indicator/SM.POP.NETM?format=json&date=1995:2024&per_page=200,2026-08-26T10:40:56.796Z
2006,BGD,Bangladesh,origin,net_migration,SM.POP.NETM,-1091865,"Net migration (arrivals minus departures), UN Population Division estimate",primary,https://api.worldbank.org/v2/country/BGD/indicator/SM.POP.NETM?format=json&date=1995:2024&per_page=200,2026-08-26T10:40:56.796Z
2007,BGD,Bangladesh,origin,net_migration,SM.POP.NETM,-1133553,"Net migration (arrivals minus departures), UN Population Division estimate",primary,https://api.worldbank.org/v2/country/BGD/indicator/SM.POP.NETM?format=json&date=1995:2024&per_page=200,2026-08-26T10:40:56.796Z
2008,BGD,Bangladesh,origin,net_migration,SM.POP.NETM,-1158420,"Net migration (arrivals minus departures), UN Population Division estimate",primary,https://api.worldbank.org/v2/country/BGD/indicator/SM.POP.NETM?format=json&date=1995:2024&per_page=200,2026-08-26T10:40:56.796Z
2009,BGD,Bangladesh,origin,net_migration,SM.POP.NETM,-1150194,"Net migration (arrivals minus departures), UN Population Division estimate",primary,https://api.worldbank.org/v2/country/BGD/indicator/SM.POP.NETM?format=json&date=1995:2024&per_page=200,2026-08-26T10:40:56.796Z
2010,BGD,Bangladesh,origin,net_migration,SM.POP.NETM,-1113727,"Net migration (arrivals minus departures), UN Population Division estimate",primary,https://api.worldbank.org/v2/country/BGD/indicator/SM.POP.NETM?format=json&date=1995:2024&per_page=200,2026-08-26T10:40:56.796Z
2011,BGD,Bangladesh,origin,net_migration,SM.POP.NETM,-848910,"Net migration (arrivals minus departures), UN Population Division estimate",primary,https://api.worldbank.org/v2/country/BGD/indicator/SM.POP.NETM?format=json&date=1995:2024&per_page=200,2026-08-26T10:40:56.796Z
2012,BGD,Bangladesh,origin,net_migration,SM.POP.NETM,-829875,"Net migration (arrivals minus departures), UN Population Division estimate",primary,https://api.worldbank.org/v2/country/BGD/indicator/SM.POP.NETM?format=json&date=1995:2024&per_page=200,2026-08-26T10:40:56.796Z
2013,BGD,Bangladesh,origin,net_migration,SM.POP.NETM,-862944,"Net migration (arrivals minus departures), UN Population Division estimate",primary,https://api.worldbank.org/v2/country/BGD/indicator/SM.POP.NETM?format=json&date=1995:2024&per_page=200,2026-08-26T10:40:56.796Z
2014,BGD,Bangladesh,origin,net_migration,SM.POP.NETM,-889222,"Net migration (arrivals minus departures), UN Population Division estimate",primary,https://api.worldbank.org/v2/country/BGD/indicator/SM.POP.NETM?format=json&date=1995:2024&per_page=200,2026-08-26T10:40:56.796Z
2015,BGD,Bangladesh,origin,net_migration,SM.POP.NETM,-909223,"Net migration (arrivals minus departures), UN Population Division estimate",primary,https://api.worldbank.org/v2/country/BGD/indicator/SM.POP.NETM?format=json&date=1995:2024&per_page=200,2026-08-26T10:40:56.796Z
2016,BGD,Bangladesh,origin,net_migration,SM.POP.NETM,-918770,"Net migration (arrivals minus departures), UN Population Division estimate",primary,https://api.worldbank.org/v2/country/BGD/indicator/SM.POP.NETM?format=json&date=1995:2024&per_page=200,2026-08-26T10:40:56.796Z
2017,BGD,Bangladesh,origin,net_migration,SM.POP.NETM,-1037176,"Net migration (arrivals minus departures), UN Population Division estimate",primary,https://api.worldbank.org/v2/country/BGD/indicator/SM.POP.NETM?format=json&date=1995:2024&per_page=200,2026-08-26T10:40:56.796Z
2018,BGD,Bangladesh,origin,net_migration,SM.POP.NETM,-1029069,"Net migration (arrivals minus departures), UN Population Division estimate",primary,https://api.worldbank.org/v2/country/BGD/indicator/SM.POP.NETM?format=json&date=1995:2024&per_page=200,2026-08-26T10:40:56.796Z
2019,BGD,Bangladesh,origin,net_migration,SM.POP.NETM,-1016796,"Net migration (arrivals minus departures), UN Population Division estimate",primary,https://api.worldbank.org/v2/country/BGD/indicator/SM.POP.NETM?format=json&date=1995:2024&per_page=200,2026-08-26T10:40:56.796Z
2020,BGD,Bangladesh,origin,net_migration,SM.POP.NETM,-1002522,"Net migration (arrivals minus departures), UN Population Division estimate",primary,https://api.worldbank.org/v2/country/BGD/indicator/SM.POP.NETM?format=json&date=1995:2024&per_page=200,2026-08-26T10:40:56.796Z
2021,BGD,Bangladesh,origin,net_migration,SM.POP.NETM,-994722,"Net migration (arrivals minus departures), UN Population Division estimate",primary,https://api.worldbank.org/v2/country/BGD/indicator/SM.POP.NETM?format=json&date=1995:2024&per_page=200,2026-08-26T10:40:56.796Z
2022,BGD,Bangladesh,origin,net_migration,SM.POP.NETM,-549990,"Net migration (arrivals minus departures), UN Population Division estimate",primary,https://api.worldbank.org/v2/country/BGD/indicator/SM.POP.NETM?format=json&date=1995:2024&per_page=200,2026-08-26T10:40:56.796Z
2023,BGD,Bangladesh,origin,net_migration,SM.POP.NETM,-549918,"Net migration (arrivals minus departures), UN Population Division estimate",primary,https://api.worldbank.org/v2/country/BGD/indicator/SM.POP.NETM?format=json&date=1995:2024&per_page=200,2026-08-26T10:40:56.796Z
2024,BGD,Bangladesh,origin,net_migration,SM.POP.NETM,-473362,"Net migration (arrivals minus departures), UN Population Division estimate",primary,https://api.worldbank.org/v2/country/BGD/indicator/SM.POP.NETM?format=json&date=1995:2024&per_page=200,2026-08-26T10:40:56.796Z
1995,CAN,Canada,reference,net_migration,SM.POP.NETM,141818,"Net migration (arrivals minus departures), UN Population Division estimate",primary,https://api.worldbank.org/v2/country/CAN/indicator/SM.POP.NETM?format=json&date=1995:2024&per_page=200,2026-08-26T10:40:56.796Z
1996,CAN,Canada,reference,net_migration,SM.POP.NETM,154553,"Net migration (arrivals minus departures), UN Population Division estimate",primary,https://api.worldbank.org/v2/country/CAN/indicator/SM.POP.NETM?format=json&date=1995:2024&per_page=200,2026-08-26T10:40:56.796Z
1997,CAN,Canada,reference,net_migration,SM.POP.NETM,144678,"Net migration (arrivals minus departures), UN Population Division estimate",primary,https://api.worldbank.org/v2/country/CAN/indicator/SM.POP.NETM?format=json&date=1995:2024&per_page=200,2026-08-26T10:40:56.796Z
1998,CAN,Canada,reference,net_migration,SM.POP.NETM,142346,"Net migration (arrivals minus departures), UN Population Division estimate",primary,https://api.worldbank.org/v2/country/CAN/indicator/SM.POP.NETM?format=json&date=1995:2024&per_page=200,2026-08-26T10:40:56.796Z
1999,CAN,Canada,reference,net_migration,SM.POP.NETM,158342,"Net migration (arrivals minus departures), UN Population Division estimate",primary,https://api.worldbank.org/v2/country/CAN/indicator/SM.POP.NETM?format=json&date=1995:2024&per_page=200,2026-08-26T10:40:56.796Z
2000,CAN,Canada,reference,net_migration,SM.POP.NETM,201727,"Net migration (arrivals minus departures), UN Population Division estimate",primary,https://api.worldbank.org/v2/country/CAN/indicator/SM.POP.NETM?format=json&date=1995:2024&per_page=200,2026-08-26T10:40:56.796Z
2001,CAN,Canada,reference,net_migration,SM.POP.NETM,222100,"Net migration (arrivals minus departures), UN Population Division estimate",primary,https://api.worldbank.org/v2/country/CAN/indicator/SM.POP.NETM?format=json&date=1995:2024&per_page=200,2026-08-26T10:40:56.796Z
2002,CAN,Canada,reference,net_migration,SM.POP.NETM,208060,"Net migration (arrivals minus departures), UN Population Division estimate",primary,https://api.worldbank.org/v2/country/CAN/indicator/SM.POP.NETM?format=json&date=1995:2024&per_page=200,2026-08-26T10:40:56.796Z
2003,CAN,Canada,reference,net_migration,SM.POP.NETM,185643,"Net migration (arrivals minus departures), UN Population Division estimate",primary,https://api.worldbank.org/v2/country/CAN/indicator/SM.POP.NETM?format=json&date=1995:2024&per_page=200,2026-08-26T10:40:56.796Z
2004,CAN,Canada,reference,net_migration,SM.POP.NETM,194611,"Net migration (arrivals minus departures), UN Population Division estimate",primary,https://api.worldbank.org/v2/country/CAN/indicator/SM.POP.NETM?format=json&date=1995:2024&per_page=200,2026-08-26T10:40:56.796Z
2005,CAN,Canada,reference,net_migration,SM.POP.NETM,204526,"Net migration (arrivals minus departures), UN Population Division estimate",primary,https://api.worldbank.org/v2/country/CAN/indicator/SM.POP.NETM?format=json&date=1995:2024&per_page=200,2026-08-26T10:40:56.796Z
2006,CAN,Canada,reference,net_migration,SM.POP.NETM,202175,"Net migration (arrivals minus departures), UN Population Division estimate",primary,https://api.worldbank.org/v2/country/CAN/indicator/SM.POP.NETM?format=json&date=1995:2024&per_page=200,2026-08-26T10:40:56.796Z
2007,CAN,Canada,reference,net_migration,SM.POP.NETM,213801,"Net migration (arrivals minus departures), UN Population Division estimate",primary,https://api.worldbank.org/v2/country/CAN/indicator/SM.POP.NETM?format=json&date=1995:2024&per_page=200,2026-08-26T10:40:56.796Z
2008,CAN,Canada,reference,net_migration,SM.POP.NETM,238083,"Net migration (arrivals minus departures), UN Population Division estimate",primary,https://api.worldbank.org/v2/country/CAN/indicator/SM.POP.NETM?format=json&date=1995:2024&per_page=200,2026-08-26T10:40:56.796Z
2009,CAN,Canada,reference,net_migration,SM.POP.NETM,244463,"Net migration (arrivals minus departures), UN Population Division estimate",primary,https://api.worldbank.org/v2/country/CAN/indicator/SM.POP.NETM?format=json&date=1995:2024&per_page=200,2026-08-26T10:40:56.796Z
2010,CAN,Canada,reference,net_migration,SM.POP.NETM,225369,"Net migration (arrivals minus departures), UN Population Division estimate",primary,https://api.worldbank.org/v2/country/CAN/indicator/SM.POP.NETM?format=json&date=1995:2024&per_page=200,2026-08-26T10:40:56.796Z
2011,CAN,Canada,reference,net_migration,SM.POP.NETM,227075,"Net migration (arrivals minus departures), UN Population Division estimate",primary,https://api.worldbank.org/v2/country/CAN/indicator/SM.POP.NETM?format=json&date=1995:2024&per_page=200,2026-08-26T10:40:56.796Z
2012,CAN,Canada,reference,net_migration,SM.POP.NETM,243748,"Net migration (arrivals minus departures), UN Population Division estimate",primary,https://api.worldbank.org/v2/country/CAN/indicator/SM.POP.NETM?format=json&date=1995:2024&per_page=200,2026-08-26T10:40:56.796Z
2013,CAN,Canada,reference,net_migration,SM.POP.NETM,239813,"Net migration (arrivals minus departures), UN Population Division estimate",primary,https://api.worldbank.org/v2/country/CAN/indicator/SM.POP.NETM?format=json&date=1995:2024&per_page=200,2026-08-26T10:40:56.796Z
2014,CAN,Canada,reference,net_migration,SM.POP.NETM,192884,"Net migration (arrivals minus departures), UN Population Division estimate",primary,https://api.worldbank.org/v2/country/CAN/indicator/SM.POP.NETM?format=json&date=1995:2024&per_page=200,2026-08-26T10:40:56.796Z
2015,CAN,Canada,reference,net_migration,SM.POP.NETM,224332,"Net migration (arrivals minus departures), UN Population Division estimate",primary,https://api.worldbank.org/v2/country/CAN/indicator/SM.POP.NETM?format=json&date=1995:2024&per_page=200,2026-08-26T10:40:56.796Z
2016,CAN,Canada,reference,net_migration,SM.POP.NETM,329455,"Net migration (arrivals minus departures), UN Population Division estimate",primary,https://api.worldbank.org/v2/country/CAN/indicator/SM.POP.NETM?format=json&date=1995:2024&per_page=200,2026-08-26T10:40:56.796Z
2017,CAN,Canada,reference,net_migration,SM.POP.NETM,372685,"Net migration (arrivals minus departures), UN Population Division estimate",primary,https://api.worldbank.org/v2/country/CAN/indicator/SM.POP.NETM?format=json&date=1995:2024&per_page=200,2026-08-26T10:40:56.796Z
2018,CAN,Canada,reference,net_migration,SM.POP.NETM,420224,"Net migration (arrivals minus departures), UN Population Division estimate",primary,https://api.worldbank.org/v2/country/CAN/indicator/SM.POP.NETM?format=json&date=1995:2024&per_page=200,2026-08-26T10:40:56.796Z
2019,CAN,Canada,reference,net_migration,SM.POP.NETM,387685,"Net migration (arrivals minus departures), UN Population Division estimate",primary,https://api.worldbank.org/v2/country/CAN/indicator/SM.POP.NETM?format=json&date=1995:2024&per_page=200,2026-08-26T10:40:56.796Z
2020,CAN,Canada,reference,net_migration,SM.POP.NETM,256592,"Net migration (arrivals minus departures), UN Population Division estimate",primary,https://api.worldbank.org/v2/country/CAN/indicator/SM.POP.NETM?format=json&date=1995:2024&per_page=200,2026-08-26T10:40:56.796Z
2021,CAN,Canada,reference,net_migration,SM.POP.NETM,198867,"Net migration (arrivals minus departures), UN Population Division estimate",primary,https://api.worldbank.org/v2/country/CAN/indicator/SM.POP.NETM?format=json&date=1995:2024&per_page=200,2026-08-26T10:40:56.796Z
2022,CAN,Canada,reference,net_migration,SM.POP.NETM,459988,"Net migration (arrivals minus departures), UN Population Division estimate",primary,https://api.worldbank.org/v2/country/CAN/indicator/SM.POP.NETM?format=json&date=1995:2024&per_page=200,2026-08-26T10:40:56.796Z
2023,CAN,Canada,reference,net_migration,SM.POP.NETM,433842,"Net migration (arrivals minus departures), UN Population Division estimate",primary,https://api.worldbank.org/v2/country/CAN/indicator/SM.POP.NETM?format=json&date=1995:2024&per_page=200,2026-08-26T10:40:56.796Z
2024,CAN,Canada,reference,net_migration,SM.POP.NETM,368599,"Net migration (arrivals minus departures), UN Population Division estimate",primary,https://api.worldbank.org/v2/country/CAN/indicator/SM.POP.NETM?format=json&date=1995:2024&per_page=200,2026-08-26T10:40:56.796Z
1995,CHN,China,origin,net_migration,SM.POP.NETM,-365986,"Net migration (arrivals minus departures), UN Population Division estimate",primary,https://api.worldbank.org/v2/country/CHN/indicator/SM.POP.NETM?format=json&date=1995:2024&per_page=200,2026-08-26T10:40:56.796Z
1996,CHN,China,origin,net_migration,SM.POP.NETM,-250750,"Net migration (arrivals minus departures), UN Population Division estimate",primary,https://api.worldbank.org/v2/country/CHN/indicator/SM.POP.NETM?format=json&date=1995:2024&per_page=200,2026-08-26T10:40:56.796Z
1997,CHN,China,origin,net_migration,SM.POP.NETM,-279251,"Net migration (arrivals minus departures), UN Population Division estimate",primary,https://api.worldbank.org/v2/country/CHN/indicator/SM.POP.NETM?format=json&date=1995:2024&per_page=200,2026-08-26T10:40:56.796Z
1998,CHN,China,origin,net_migration,SM.POP.NETM,-40472,"Net migration (arrivals minus departures), UN Population Division estimate",primary,https://api.worldbank.org/v2/country/CHN/indicator/SM.POP.NETM?format=json&date=1995:2024&per_page=200,2026-08-26T10:40:56.796Z
1999,CHN,China,origin,net_migration,SM.POP.NETM,-96102,"Net migration (arrivals minus departures), UN Population Division estimate",primary,https://api.worldbank.org/v2/country/CHN/indicator/SM.POP.NETM?format=json&date=1995:2024&per_page=200,2026-08-26T10:40:56.796Z
2000,CHN,China,origin,net_migration,SM.POP.NETM,-62622,"Net migration (arrivals minus departures), UN Population Division estimate",primary,https://api.worldbank.org/v2/country/CHN/indicator/SM.POP.NETM?format=json&date=1995:2024&per_page=200,2026-08-26T10:40:56.796Z
2001,CHN,China,origin,net_migration,SM.POP.NETM,-176419,"Net migration (arrivals minus departures), UN Population Division estimate",primary,https://api.worldbank.org/v2/country/CHN/indicator/SM.POP.NETM?format=json&date=1995:2024&per_page=200,2026-08-26T10:40:56.796Z
2002,CHN,China,origin,net_migration,SM.POP.NETM,-761291,"Net migration (arrivals minus departures), UN Population Division estimate",primary,https://api.worldbank.org/v2/country/CHN/indicator/SM.POP.NETM?format=json&date=1995:2024&per_page=200,2026-08-26T10:40:56.796Z
2003,CHN,China,origin,net_migration,SM.POP.NETM,-613223,"Net migration (arrivals minus departures), UN Population Division estimate",primary,https://api.worldbank.org/v2/country/CHN/indicator/SM.POP.NETM?format=json&date=1995:2024&per_page=200,2026-08-26T10:40:56.796Z
2004,CHN,China,origin,net_migration,SM.POP.NETM,-770977,"Net migration (arrivals minus departures), UN Population Division estimate",primary,https://api.worldbank.org/v2/country/CHN/indicator/SM.POP.NETM?format=json&date=1995:2024&per_page=200,2026-08-26T10:40:56.796Z
2005,CHN,China,origin,net_migration,SM.POP.NETM,-103701,"Net migration (arrivals minus departures), UN Population Division estimate",primary,https://api.worldbank.org/v2/country/CHN/indicator/SM.POP.NETM?format=json&date=1995:2024&per_page=200,2026-08-26T10:40:56.796Z
2006,CHN,China,origin,net_migration,SM.POP.NETM,-759559,"Net migration (arrivals minus departures), UN Population Division estimate",primary,https://api.worldbank.org/v2/country/CHN/indicator/SM.POP.NETM?format=json&date=1995:2024&per_page=200,2026-08-26T10:40:56.796Z
2007,CHN,China,origin,net_migration,SM.POP.NETM,-1042019,"Net migration (arrivals minus departures), UN Population Division estimate",primary,https://api.worldbank.org/v2/country/CHN/indicator/SM.POP.NETM?format=json&date=1995:2024&per_page=200,2026-08-26T10:40:56.796Z
2008,CHN,China,origin,net_migration,SM.POP.NETM,-764370,"Net migration (arrivals minus departures), UN Population Division estimate",primary,https://api.worldbank.org/v2/country/CHN/indicator/SM.POP.NETM?format=json&date=1995:2024&per_page=200,2026-08-26T10:40:56.796Z
2009,CHN,China,origin,net_migration,SM.POP.NETM,-177135,"Net migration (arrivals minus departures), UN Population Division estimate",primary,https://api.worldbank.org/v2/country/CHN/indicator/SM.POP.NETM?format=json&date=1995:2024&per_page=200,2026-08-26T10:40:56.796Z
2010,CHN,China,origin,net_migration,SM.POP.NETM,-184144,"Net migration (arrivals minus departures), UN Population Division estimate",primary,https://api.worldbank.org/v2/country/CHN/indicator/SM.POP.NETM?format=json&date=1995:2024&per_page=200,2026-08-26T10:40:56.796Z
2011,CHN,China,origin,net_migration,SM.POP.NETM,-416189,"Net migration (arrivals minus departures), UN Population Division estimate",primary,https://api.worldbank.org/v2/country/CHN/indicator/SM.POP.NETM?format=json&date=1995:2024&per_page=200,2026-08-26T10:40:56.796Z
2012,CHN,China,origin,net_migration,SM.POP.NETM,-58864,"Net migration (arrivals minus departures), UN Population Division estimate",primary,https://api.worldbank.org/v2/country/CHN/indicator/SM.POP.NETM?format=json&date=1995:2024&per_page=200,2026-08-26T10:40:56.796Z
2013,CHN,China,origin,net_migration,SM.POP.NETM,-188951,"Net migration (arrivals minus departures), UN Population Division estimate",primary,https://api.worldbank.org/v2/country/CHN/indicator/SM.POP.NETM?format=json&date=1995:2024&per_page=200,2026-08-26T10:40:56.796Z
2014,CHN,China,origin,net_migration,SM.POP.NETM,-371108,"Net migration (arrivals minus departures), UN Population Division estimate",primary,https://api.worldbank.org/v2/country/CHN/indicator/SM.POP.NETM?format=json&date=1995:2024&per_page=200,2026-08-26T10:40:56.796Z
2015,CHN,China,origin,net_migration,SM.POP.NETM,-646941,"Net migration (arrivals minus departures), UN Population Division estimate",primary,https://api.worldbank.org/v2/country/CHN/indicator/SM.POP.NETM?format=json&date=1995:2024&per_page=200,2026-08-26T10:40:56.796Z
2016,CHN,China,origin,net_migration,SM.POP.NETM,-153056,"Net migration (arrivals minus departures), UN Population Division estimate",primary,https://api.worldbank.org/v2/country/CHN/indicator/SM.POP.NETM?format=json&date=1995:2024&per_page=200,2026-08-26T10:40:56.796Z
2017,CHN,China,origin,net_migration,SM.POP.NETM,-94625,"Net migration (arrivals minus departures), UN Population Division estimate",primary,https://api.worldbank.org/v2/country/CHN/indicator/SM.POP.NETM?format=json&date=1995:2024&per_page=200,2026-08-26T10:40:56.796Z
2018,CHN,China,origin,net_migration,SM.POP.NETM,-198206,"Net migration (arrivals minus departures), UN Population Division estimate",primary,https://api.worldbank.org/v2/country/CHN/indicator/SM.POP.NETM?format=json&date=1995:2024&per_page=200,2026-08-26T10:40:56.796Z
2019,CHN,China,origin,net_migration,SM.POP.NETM,-656091,"Net migration (arrivals minus departures), UN Population Division estimate",primary,https://api.worldbank.org/v2/country/CHN/indicator/SM.POP.NETM?format=json&date=1995:2024&per_page=200,2026-08-26T10:40:56.796Z
2020,CHN,China,origin,net_migration,SM.POP.NETM,-91577,"Net migration (arrivals minus departures), UN Population Division estimate",primary,https://api.worldbank.org/v2/country/CHN/indicator/SM.POP.NETM?format=json&date=1995:2024&per_page=200,2026-08-26T10:40:56.796Z
2021,CHN,China,origin,net_migration,SM.POP.NETM,-379749,"Net migration (arrivals minus departures), UN Population Division estimate",primary,https://api.worldbank.org/v2/country/CHN/indicator/SM.POP.NETM?format=json&date=1995:2024&per_page=200,2026-08-26T10:40:56.796Z
2022,CHN,China,origin,net_migration,SM.POP.NETM,-293846,"Net migration (arrivals minus departures), UN Population Division estimate",primary,https://api.worldbank.org/v2/country/CHN/indicator/SM.POP.NETM?format=json&date=1995:2024&per_page=200,2026-08-26T10:40:56.796Z
2023,CHN,China,origin,net_migration,SM.POP.NETM,-567724,"Net migration (arrivals minus departures), UN Population Division estimate",primary,https://api.worldbank.org/v2/country/CHN/indicator/SM.POP.NETM?format=json&date=1995:2024&per_page=200,2026-08-26T10:40:56.796Z
2024,CHN,China,origin,net_migration,SM.POP.NETM,-318992,"Net migration (arrivals minus departures), UN Population Division estimate",primary,https://api.worldbank.org/v2/country/CHN/indicator/SM.POP.NETM?format=json&date=1995:2024&per_page=200,2026-08-26T10:40:56.796Z
1995,EGY,"Egypt, Arab Rep.",origin,net_migration,SM.POP.NETM,-38920,"Net migration (arrivals minus departures), UN Population Division estimate",primary,https://api.worldbank.org/v2/country/EGY/indicator/SM.POP.NETM?format=json&date=1995:2024&per_page=200,2026-08-26T10:40:56.796Z
1996,EGY,"Egypt, Arab Rep.",origin,net_migration,SM.POP.NETM,-44272,"Net migration (arrivals minus departures), UN Population Division estimate",primary,https://api.worldbank.org/v2/country/EGY/indicator/SM.POP.NETM?format=json&date=1995:2024&per_page=200,2026-08-26T10:40:56.796Z
1997,EGY,"Egypt, Arab Rep.",origin,net_migration,SM.POP.NETM,-45599,"Net migration (arrivals minus departures), UN Population Division estimate",primary,https://api.worldbank.org/v2/country/EGY/indicator/SM.POP.NETM?format=json&date=1995:2024&per_page=200,2026-08-26T10:40:56.796Z
1998,EGY,"Egypt, Arab Rep.",origin,net_migration,SM.POP.NETM,78858,"Net migration (arrivals minus departures), UN Population Division estimate",primary,https://api.worldbank.org/v2/country/EGY/indicator/SM.POP.NETM?format=json&date=1995:2024&per_page=200,2026-08-26T10:40:56.796Z
1999,EGY,"Egypt, Arab Rep.",origin,net_migration,SM.POP.NETM,22026,"Net migration (arrivals minus departures), UN Population Division estimate",primary,https://api.worldbank.org/v2/country/EGY/indicator/SM.POP.NETM?format=json&date=1995:2024&per_page=200,2026-08-26T10:40:56.796Z
2000,EGY,"Egypt, Arab Rep.",origin,net_migration,SM.POP.NETM,27873,"Net migration (arrivals minus departures), UN Population Division estimate",primary,https://api.worldbank.org/v2/country/EGY/indicator/SM.POP.NETM?format=json&date=1995:2024&per_page=200,2026-08-26T10:40:56.796Z
2001,EGY,"Egypt, Arab Rep.",origin,net_migration,SM.POP.NETM,556,"Net migration (arrivals minus departures), UN Population Division estimate",primary,https://api.worldbank.org/v2/country/EGY/indicator/SM.POP.NETM?format=json&date=1995:2024&per_page=200,2026-08-26T10:40:56.796Z
2002,EGY,"Egypt, Arab Rep.",origin,net_migration,SM.POP.NETM,11205,"Net migration (arrivals minus departures), UN Population Division estimate",primary,https://api.worldbank.org/v2/country/EGY/indicator/SM.POP.NETM?format=json&date=1995:2024&per_page=200,2026-08-26T10:40:56.796Z
2003,EGY,"Egypt, Arab Rep.",origin,net_migration,SM.POP.NETM,9854,"Net migration (arrivals minus departures), UN Population Division estimate",primary,https://api.worldbank.org/v2/country/EGY/indicator/SM.POP.NETM?format=json&date=1995:2024&per_page=200,2026-08-26T10:40:56.796Z
2004,EGY,"Egypt, Arab Rep.",origin,net_migration,SM.POP.NETM,-3044,"Net migration (arrivals minus departures), UN Population Division estimate",primary,https://api.worldbank.org/v2/country/EGY/indicator/SM.POP.NETM?format=json&date=1995:2024&per_page=200,2026-08-26T10:40:56.796Z
2005,EGY,"Egypt, Arab Rep.",origin,net_migration,SM.POP.NETM,-37129,"Net migration (arrivals minus departures), UN Population Division estimate",primary,https://api.worldbank.org/v2/country/EGY/indicator/SM.POP.NETM?format=json&date=1995:2024&per_page=200,2026-08-26T10:40:56.796Z
2006,EGY,"Egypt, Arab Rep.",origin,net_migration,SM.POP.NETM,-118055,"Net migration (arrivals minus departures), UN Population Division estimate",primary,https://api.worldbank.org/v2/country/EGY/indicator/SM.POP.NETM?format=json&date=1995:2024&per_page=200,2026-08-26T10:40:56.796Z
2007,EGY,"Egypt, Arab Rep.",origin,net_migration,SM.POP.NETM,-173021,"Net migration (arrivals minus departures), UN Population Division estimate",primary,https://api.worldbank.org/v2/country/EGY/indicator/SM.POP.NETM?format=json&date=1995:2024&per_page=200,2026-08-26T10:40:56.796Z
2008,EGY,"Egypt, Arab Rep.",origin,net_migration,SM.POP.NETM,-192199,"Net migration (arrivals minus departures), UN Population Division estimate",primary,https://api.worldbank.org/v2/country/EGY/indicator/SM.POP.NETM?format=json&date=1995:2024&per_page=200,2026-08-26T10:40:56.796Z
2009,EGY,"Egypt, Arab Rep.",origin,net_migration,SM.POP.NETM,-175191,"Net migration (arrivals minus departures), UN Population Division estimate",primary,https://api.worldbank.org/v2/country/EGY/indicator/SM.POP.NETM?format=json&date=1995:2024&per_page=200,2026-08-26T10:40:56.796Z
2010,EGY,"Egypt, Arab Rep.",origin,net_migration,SM.POP.NETM,-194100,"Net migration (arrivals minus departures), UN Population Division estimate",primary,https://api.worldbank.org/v2/country/EGY/indicator/SM.POP.NETM?format=json&date=1995:2024&per_page=200,2026-08-26T10:40:56.796Z
2011,EGY,"Egypt, Arab Rep.",origin,net_migration,SM.POP.NETM,126170,"Net migration (arrivals minus departures), UN Population Division estimate",primary,https://api.worldbank.org/v2/country/EGY/indicator/SM.POP.NETM?format=json&date=1995:2024&per_page=200,2026-08-26T10:40:56.796Z
2012,EGY,"Egypt, Arab Rep.",origin,net_migration,SM.POP.NETM,-2626,"Net migration (arrivals minus departures), UN Population Division estimate",primary,https://api.worldbank.org/v2/country/EGY/indicator/SM.POP.NETM?format=json&date=1995:2024&per_page=200,2026-08-26T10:40:56.796Z
2013,EGY,"Egypt, Arab Rep.",origin,net_migration,SM.POP.NETM,130305,"Net migration (arrivals minus departures), UN Population Division estimate",primary,https://api.worldbank.org/v2/country/EGY/indicator/SM.POP.NETM?format=json&date=1995:2024&per_page=200,2026-08-26T10:40:56.796Z
2014,EGY,"Egypt, Arab Rep.",origin,net_migration,SM.POP.NETM,-92801,"Net migration (arrivals minus departures), UN Population Division estimate",primary,https://api.worldbank.org/v2/country/EGY/indicator/SM.POP.NETM?format=json&date=1995:2024&per_page=200,2026-08-26T10:40:56.796Z
2015,EGY,"Egypt, Arab Rep.",origin,net_migration,SM.POP.NETM,-193298,"Net migration (arrivals minus departures), UN Population Division estimate",primary,https://api.worldbank.org/v2/country/EGY/indicator/SM.POP.NETM?format=json&date=1995:2024&per_page=200,2026-08-26T10:40:56.796Z
2016,EGY,"Egypt, Arab Rep.",origin,net_migration,SM.POP.NETM,-71604,"Net migration (arrivals minus departures), UN Population Division estimate",primary,https://api.worldbank.org/v2/country/EGY/indicator/SM.POP.NETM?format=json&date=1995:2024&per_page=200,2026-08-26T10:40:56.796Z
2017,EGY,"Egypt, Arab Rep.",origin,net_migration,SM.POP.NETM,-80000,"Net migration (arrivals minus departures), UN Population Division estimate",primary,https://api.worldbank.org/v2/country/EGY/indicator/SM.POP.NETM?format=json&date=1995:2024&per_page=200,2026-08-26T10:40:56.796Z
2018,EGY,"Egypt, Arab Rep.",origin,net_migration,SM.POP.NETM,20788,"Net migration (arrivals minus departures), UN Population Division estimate",primary,https://api.worldbank.org/v2/country/EGY/indicator/SM.POP.NETM?format=json&date=1995:2024&per_page=200,2026-08-26T10:40:56.796Z
2019,EGY,"Egypt, Arab Rep.",origin,net_migration,SM.POP.NETM,7050,"Net migration (arrivals minus departures), UN Population Division estimate",primary,https://api.worldbank.org/v2/country/EGY/indicator/SM.POP.NETM?format=json&date=1995:2024&per_page=200,2026-08-26T10:40:56.796Z
2020,EGY,"Egypt, Arab Rep.",origin,net_migration,SM.POP.NETM,6016,"Net migration (arrivals minus departures), UN Population Division estimate",primary,https://api.worldbank.org/v2/country/EGY/indicator/SM.POP.NETM?format=json&date=1995:2024&per_page=200,2026-08-26T10:40:56.796Z
2021,EGY,"Egypt, Arab Rep.",origin,net_migration,SM.POP.NETM,6161,"Net migration (arrivals minus departures), UN Population Division estimate",primary,https://api.worldbank.org/v2/country/EGY/indicator/SM.POP.NETM?format=json&date=1995:2024&per_page=200,2026-08-26T10:40:56.796Z
2022,EGY,"Egypt, Arab Rep.",origin,net_migration,SM.POP.NETM,13707,"Net migration (arrivals minus departures), UN Population Division estimate",primary,https://api.worldbank.org/v2/country/EGY/indicator/SM.POP.NETM?format=json&date=1995:2024&per_page=200,2026-08-26T10:40:56.796Z
2023,EGY,"Egypt, Arab Rep.",origin,net_migration,SM.POP.NETM,305006,"Net migration (arrivals minus departures), UN Population Division estimate",primary,https://api.worldbank.org/v2/country/EGY/indicator/SM.POP.NETM?format=json&date=1995:2024&per_page=200,2026-08-26T10:40:56.796Z
2024,EGY,"Egypt, Arab Rep.",origin,net_migration,SM.POP.NETM,123884,"Net migration (arrivals minus departures), UN Population Division estimate",primary,https://api.worldbank.org/v2/country/EGY/indicator/SM.POP.NETM?format=json&date=1995:2024&per_page=200,2026-08-26T10:40:56.796Z
1995,ETH,Ethiopia,origin,net_migration,SM.POP.NETM,91727,"Net migration (arrivals minus departures), UN Population Division estimate",primary,https://api.worldbank.org/v2/country/ETH/indicator/SM.POP.NETM?format=json&date=1995:2024&per_page=200,2026-08-26T10:40:56.796Z
1996,ETH,Ethiopia,origin,net_migration,SM.POP.NETM,41456,"Net migration (arrivals minus departures), UN Population Division estimate",primary,https://api.worldbank.org/v2/country/ETH/indicator/SM.POP.NETM?format=json&date=1995:2024&per_page=200,2026-08-26T10:40:56.796Z
1997,ETH,Ethiopia,origin,net_migration,SM.POP.NETM,-9119,"Net migration (arrivals minus departures), UN Population Division estimate",primary,https://api.worldbank.org/v2/country/ETH/indicator/SM.POP.NETM?format=json&date=1995:2024&per_page=200,2026-08-26T10:40:56.796Z
1998,ETH,Ethiopia,origin,net_migration,SM.POP.NETM,-3011,"Net migration (arrivals minus departures), UN Population Division estimate",primary,https://api.worldbank.org/v2/country/ETH/indicator/SM.POP.NETM?format=json&date=1995:2024&per_page=200,2026-08-26T10:40:56.796Z
1999,ETH,Ethiopia,origin,net_migration,SM.POP.NETM,29142,"Net migration (arrivals minus departures), UN Population Division estimate",primary,https://api.worldbank.org/v2/country/ETH/indicator/SM.POP.NETM?format=json&date=1995:2024&per_page=200,2026-08-26T10:40:56.796Z
2000,ETH,Ethiopia,origin,net_migration,SM.POP.NETM,-49891,"Net migration (arrivals minus departures), UN Population Division estimate",primary,https://api.worldbank.org/v2/country/ETH/indicator/SM.POP.NETM?format=json&date=1995:2024&per_page=200,2026-08-26T10:40:56.796Z
2001,ETH,Ethiopia,origin,net_migration,SM.POP.NETM,-19063,"Net migration (arrivals minus departures), UN Population Division estimate",primary,https://api.worldbank.org/v2/country/ETH/indicator/SM.POP.NETM?format=json&date=1995:2024&per_page=200,2026-08-26T10:40:56.796Z
2002,ETH,Ethiopia,origin,net_migration,SM.POP.NETM,-12925,"Net migration (arrivals minus departures), UN Population Division estimate",primary,https://api.worldbank.org/v2/country/ETH/indicator/SM.POP.NETM?format=json&date=1995:2024&per_page=200,2026-08-26T10:40:56.796Z
2003,ETH,Ethiopia,origin,net_migration,SM.POP.NETM,-13744,"Net migration (arrivals minus departures), UN Population Division estimate",primary,https://api.worldbank.org/v2/country/ETH/indicator/SM.POP.NETM?format=json&date=1995:2024&per_page=200,2026-08-26T10:40:56.796Z
2004,ETH,Ethiopia,origin,net_migration,SM.POP.NETM,-25430,"Net migration (arrivals minus departures), UN Population Division estimate",primary,https://api.worldbank.org/v2/country/ETH/indicator/SM.POP.NETM?format=json&date=1995:2024&per_page=200,2026-08-26T10:40:56.796Z
2005,ETH,Ethiopia,origin,net_migration,SM.POP.NETM,-44421,"Net migration (arrivals minus departures), UN Population Division estimate",primary,https://api.worldbank.org/v2/country/ETH/indicator/SM.POP.NETM?format=json&date=1995:2024&per_page=200,2026-08-26T10:40:56.796Z
2006,ETH,Ethiopia,origin,net_migration,SM.POP.NETM,-30512,"Net migration (arrivals minus departures), UN Population Division estimate",primary,https://api.worldbank.org/v2/country/ETH/indicator/SM.POP.NETM?format=json&date=1995:2024&per_page=200,2026-08-26T10:40:56.796Z
2007,ETH,Ethiopia,origin,net_migration,SM.POP.NETM,-381,"Net migration (arrivals minus departures), UN Population Division estimate",primary,https://api.worldbank.org/v2/country/ETH/indicator/SM.POP.NETM?format=json&date=1995:2024&per_page=200,2026-08-26T10:40:56.796Z
2008,ETH,Ethiopia,origin,net_migration,SM.POP.NETM,-20780,"Net migration (arrivals minus departures), UN Population Division estimate",primary,https://api.worldbank.org/v2/country/ETH/indicator/SM.POP.NETM?format=json&date=1995:2024&per_page=200,2026-08-26T10:40:56.796Z
2009,ETH,Ethiopia,origin,net_migration,SM.POP.NETM,16315,"Net migration (arrivals minus departures), UN Population Division estimate",primary,https://api.worldbank.org/v2/country/ETH/indicator/SM.POP.NETM?format=json&date=1995:2024&per_page=200,2026-08-26T10:40:56.796Z
2010,ETH,Ethiopia,origin,net_migration,SM.POP.NETM,80213,"Net migration (arrivals minus departures), UN Population Division estimate",primary,https://api.worldbank.org/v2/country/ETH/indicator/SM.POP.NETM?format=json&date=1995:2024&per_page=200,2026-08-26T10:40:56.796Z
2011,ETH,Ethiopia,origin,net_migration,SM.POP.NETM,116793,"Net migration (arrivals minus departures), UN Population Division estimate",primary,https://api.worldbank.org/v2/country/ETH/indicator/SM.POP.NETM?format=json&date=1995:2024&per_page=200,2026-08-26T10:40:56.796Z
2012,ETH,Ethiopia,origin,net_migration,SM.POP.NETM,119517,"Net migration (arrivals minus departures), UN Population Division estimate",primary,https://api.worldbank.org/v2/country/ETH/indicator/SM.POP.NETM?format=json&date=1995:2024&per_page=200,2026-08-26T10:40:56.796Z
2013,ETH,Ethiopia,origin,net_migration,SM.POP.NETM,80955,"Net migration (arrivals minus departures), UN Population Division estimate",primary,https://api.worldbank.org/v2/country/ETH/indicator/SM.POP.NETM?format=json&date=1995:2024&per_page=200,2026-08-26T10:40:56.796Z
2014,ETH,Ethiopia,origin,net_migration,SM.POP.NETM,103122,"Net migration (arrivals minus departures), UN Population Division estimate",primary,https://api.worldbank.org/v2/country/ETH/indicator/SM.POP.NETM?format=json&date=1995:2024&per_page=200,2026-08-26T10:40:56.796Z
2015,ETH,Ethiopia,origin,net_migration,SM.POP.NETM,62785,"Net migration (arrivals minus departures), UN Population Division estimate",primary,https://api.worldbank.org/v2/country/ETH/indicator/SM.POP.NETM?format=json&date=1995:2024&per_page=200,2026-08-26T10:40:56.796Z
2016,ETH,Ethiopia,origin,net_migration,SM.POP.NETM,115823,"Net migration (arrivals minus departures), UN Population Division estimate",primary,https://api.worldbank.org/v2/country/ETH/indicator/SM.POP.NETM?format=json&date=1995:2024&per_page=200,2026-08-26T10:40:56.796Z
2017,ETH,Ethiopia,origin,net_migration,SM.POP.NETM,71766,"Net migration (arrivals minus departures), UN Population Division estimate",primary,https://api.worldbank.org/v2/country/ETH/indicator/SM.POP.NETM?format=json&date=1995:2024&per_page=200,2026-08-26T10:40:56.796Z
2018,ETH,Ethiopia,origin,net_migration,SM.POP.NETM,9302,"Net migration (arrivals minus departures), UN Population Division estimate",primary,https://api.worldbank.org/v2/country/ETH/indicator/SM.POP.NETM?format=json&date=1995:2024&per_page=200,2026-08-26T10:40:56.796Z
2019,ETH,Ethiopia,origin,net_migration,SM.POP.NETM,-10807,"Net migration (arrivals minus departures), UN Population Division estimate",primary,https://api.worldbank.org/v2/country/ETH/indicator/SM.POP.NETM?format=json&date=1995:2024&per_page=200,2026-08-26T10:40:56.796Z
2020,ETH,Ethiopia,origin,net_migration,SM.POP.NETM,38866,"Net migration (arrivals minus departures), UN Population Division estimate",primary,https://api.worldbank.org/v2/country/ETH/indicator/SM.POP.NETM?format=json&date=1995:2024&per_page=200,2026-08-26T10:40:56.796Z
2021,ETH,Ethiopia,origin,net_migration,SM.POP.NETM,-1377,"Net migration (arrivals minus departures), UN Population Division estimate",primary,https://api.worldbank.org/v2/country/ETH/indicator/SM.POP.NETM?format=json&date=1995:2024&per_page=200,2026-08-26T10:40:56.796Z
2022,ETH,Ethiopia,origin,net_migration,SM.POP.NETM,-11996,"Net migration (arrivals minus departures), UN Population Division estimate",primary,https://api.worldbank.org/v2/country/ETH/indicator/SM.POP.NETM?format=json&date=1995:2024&per_page=200,2026-08-26T10:40:56.796Z
2023,ETH,Ethiopia,origin,net_migration,SM.POP.NETM,-11996,"Net migration (arrivals minus departures), UN Population Division estimate",primary,https://api.worldbank.org/v2/country/ETH/indicator/SM.POP.NETM?format=json&date=1995:2024&per_page=200,2026-08-26T10:40:56.796Z
2024,ETH,Ethiopia,origin,net_migration,SM.POP.NETM,30069,"Net migration (arrivals minus departures), UN Population Division estimate",primary,https://api.worldbank.org/v2/country/ETH/indicator/SM.POP.NETM?format=json&date=1995:2024&per_page=200,2026-08-26T10:40:56.796Z
1995,GBR,United Kingdom,reference,net_migration,SM.POP.NETM,61385,"Net migration (arrivals minus departures), UN Population Division estimate",primary,https://api.worldbank.org/v2/country/GBR/indicator/SM.POP.NETM?format=json&date=1995:2024&per_page=200,2026-08-26T10:40:56.796Z
1996,GBR,United Kingdom,reference,net_migration,SM.POP.NETM,54964,"Net migration (arrivals minus departures), UN Population Division estimate",primary,https://api.worldbank.org/v2/country/GBR/indicator/SM.POP.NETM?format=json&date=1995:2024&per_page=200,2026-08-26T10:40:56.796Z
1997,GBR,United Kingdom,reference,net_migration,SM.POP.NETM,59723,"Net migration (arrivals minus departures), UN Population Division estimate",primary,https://api.worldbank.org/v2/country/GBR/indicator/SM.POP.NETM?format=json&date=1995:2024&per_page=200,2026-08-26T10:40:56.796Z
1998,GBR,United Kingdom,reference,net_migration,SM.POP.NETM,125541,"Net migration (arrivals minus departures), UN Population Division estimate",primary,https://api.worldbank.org/v2/country/GBR/indicator/SM.POP.NETM?format=json&date=1995:2024&per_page=200,2026-08-26T10:40:56.796Z
1999,GBR,United Kingdom,reference,net_migration,SM.POP.NETM,152653,"Net migration (arrivals minus departures), UN Population Division estimate",primary,https://api.worldbank.org/v2/country/GBR/indicator/SM.POP.NETM?format=json&date=1995:2024&per_page=200,2026-08-26T10:40:56.796Z
2000,GBR,United Kingdom,reference,net_migration,SM.POP.NETM,153917,"Net migration (arrivals minus departures), UN Population Division estimate",primary,https://api.worldbank.org/v2/country/GBR/indicator/SM.POP.NETM?format=json&date=1995:2024&per_page=200,2026-08-26T10:40:56.796Z
2001,GBR,United Kingdom,reference,net_migration,SM.POP.NETM,175133,"Net migration (arrivals minus departures), UN Population Division estimate",primary,https://api.worldbank.org/v2/country/GBR/indicator/SM.POP.NETM?format=json&date=1995:2024&per_page=200,2026-08-26T10:40:56.796Z
2002,GBR,United Kingdom,reference,net_migration,SM.POP.NETM,203577,"Net migration (arrivals minus departures), UN Population Division estimate",primary,https://api.worldbank.org/v2/country/GBR/indicator/SM.POP.NETM?format=json&date=1995:2024&per_page=200,2026-08-26T10:40:56.796Z
2003,GBR,United Kingdom,reference,net_migration,SM.POP.NETM,211846,"Net migration (arrivals minus departures), UN Population Division estimate",primary,https://api.worldbank.org/v2/country/GBR/indicator/SM.POP.NETM?format=json&date=1995:2024&per_page=200,2026-08-26T10:40:56.796Z
2004,GBR,United Kingdom,reference,net_migration,SM.POP.NETM,276077,"Net migration (arrivals minus departures), UN Population Division estimate",primary,https://api.worldbank.org/v2/country/GBR/indicator/SM.POP.NETM?format=json&date=1995:2024&per_page=200,2026-08-26T10:40:56.796Z
2005,GBR,United Kingdom,reference,net_migration,SM.POP.NETM,308279,"Net migration (arrivals minus departures), UN Population Division estimate",primary,https://api.worldbank.org/v2/country/GBR/indicator/SM.POP.NETM?format=json&date=1995:2024&per_page=200,2026-08-26T10:40:56.796Z
2006,GBR,United Kingdom,reference,net_migration,SM.POP.NETM,288923,"Net migration (arrivals minus departures), UN Population Division estimate",primary,https://api.worldbank.org/v2/country/GBR/indicator/SM.POP.NETM?format=json&date=1995:2024&per_page=200,2026-08-26T10:40:56.796Z
2007,GBR,United Kingdom,reference,net_migration,SM.POP.NETM,309385,"Net migration (arrivals minus departures), UN Population Division estimate",primary,https://api.worldbank.org/v2/country/GBR/indicator/SM.POP.NETM?format=json&date=1995:2024&per_page=200,2026-08-26T10:40:56.796Z
2008,GBR,United Kingdom,reference,net_migration,SM.POP.NETM,263390,"Net migration (arrivals minus departures), UN Population Division estimate",primary,https://api.worldbank.org/v2/country/GBR/indicator/SM.POP.NETM?format=json&date=1995:2024&per_page=200,2026-08-26T10:40:56.796Z
2009,GBR,United Kingdom,reference,net_migration,SM.POP.NETM,249639,"Net migration (arrivals minus departures), UN Population Division estimate",primary,https://api.worldbank.org/v2/country/GBR/indicator/SM.POP.NETM?format=json&date=1995:2024&per_page=200,2026-08-26T10:40:56.796Z
2010,GBR,United Kingdom,reference,net_migration,SM.POP.NETM,274811,"Net migration (arrivals minus departures), UN Population Division estimate",primary,https://api.worldbank.org/v2/country/GBR/indicator/SM.POP.NETM?format=json&date=1995:2024&per_page=200,2026-08-26T10:40:56.796Z
2011,GBR,United Kingdom,reference,net_migration,SM.POP.NETM,228773,"Net migration (arrivals minus departures), UN Population Division estimate",primary,https://api.worldbank.org/v2/country/GBR/indicator/SM.POP.NETM?format=json&date=1995:2024&per_page=200,2026-08-26T10:40:56.796Z
2012,GBR,United Kingdom,reference,net_migration,SM.POP.NETM,172088,"Net migration (arrivals minus departures), UN Population Division estimate",primary,https://api.worldbank.org/v2/country/GBR/indicator/SM.POP.NETM?format=json&date=1995:2024&per_page=200,2026-08-26T10:40:56.796Z
2013,GBR,United Kingdom,reference,net_migration,SM.POP.NETM,237272,"Net migration (arrivals minus departures), UN Population Division estimate",primary,https://api.worldbank.org/v2/country/GBR/indicator/SM.POP.NETM?format=json&date=1995:2024&per_page=200,2026-08-26T10:40:56.796Z
2014,GBR,United Kingdom,reference,net_migration,SM.POP.NETM,306091,"Net migration (arrivals minus departures), UN Population Division estimate",primary,https://api.worldbank.org/v2/country/GBR/indicator/SM.POP.NETM?format=json&date=1995:2024&per_page=200,2026-08-26T10:40:56.796Z
2015,GBR,United Kingdom,reference,net_migration,SM.POP.NETM,347839,"Net migration (arrivals minus departures), UN Population Division estimate",primary,https://api.worldbank.org/v2/country/GBR/indicator/SM.POP.NETM?format=json&date=1995:2024&per_page=200,2026-08-26T10:40:56.796Z
2016,GBR,United Kingdom,reference,net_migration,SM.POP.NETM,324649,"Net migration (arrivals minus departures), UN Population Division estimate",primary,https://api.worldbank.org/v2/country/GBR/indicator/SM.POP.NETM?format=json&date=1995:2024&per_page=200,2026-08-26T10:40:56.796Z
2017,GBR,United Kingdom,reference,net_migration,SM.POP.NETM,272311,"Net migration (arrivals minus departures), UN Population Division estimate",primary,https://api.worldbank.org/v2/country/GBR/indicator/SM.POP.NETM?format=json&date=1995:2024&per_page=200,2026-08-26T10:40:56.796Z
2018,GBR,United Kingdom,reference,net_migration,SM.POP.NETM,259744,"Net migration (arrivals minus departures), UN Population Division estimate",primary,https://api.worldbank.org/v2/country/GBR/indicator/SM.POP.NETM?format=json&date=1995:2024&per_page=200,2026-08-26T10:40:56.796Z
2019,GBR,United Kingdom,reference,net_migration,SM.POP.NETM,232727,"Net migration (arrivals minus departures), UN Population Division estimate",primary,https://api.worldbank.org/v2/country/GBR/indicator/SM.POP.NETM?format=json&date=1995:2024&per_page=200,2026-08-26T10:40:56.796Z
2020,GBR,United Kingdom,reference,net_migration,SM.POP.NETM,144221,"Net migration (arrivals minus departures), UN Population Division estimate",primary,https://api.worldbank.org/v2/country/GBR/indicator/SM.POP.NETM?format=json&date=1995:2024&per_page=200,2026-08-26T10:40:56.796Z
2021,GBR,United Kingdom,reference,net_migration,SM.POP.NETM,462967,"Net migration (arrivals minus departures), UN Population Division estimate",primary,https://api.worldbank.org/v2/country/GBR/indicator/SM.POP.NETM?format=json&date=1995:2024&per_page=200,2026-08-26T10:40:56.796Z
2022,GBR,United Kingdom,reference,net_migration,SM.POP.NETM,487029,"Net migration (arrivals minus departures), UN Population Division estimate",primary,https://api.worldbank.org/v2/country/GBR/indicator/SM.POP.NETM?format=json&date=1995:2024&per_page=200,2026-08-26T10:40:56.796Z
2023,GBR,United Kingdom,reference,net_migration,SM.POP.NETM,445523,"Net migration (arrivals minus departures), UN Population Division estimate",primary,https://api.worldbank.org/v2/country/GBR/indicator/SM.POP.NETM?format=json&date=1995:2024&per_page=200,2026-08-26T10:40:56.796Z
2024,GBR,United Kingdom,reference,net_migration,SM.POP.NETM,417114,"Net migration (arrivals minus departures), UN Population Division estimate",primary,https://api.worldbank.org/v2/country/GBR/indicator/SM.POP.NETM?format=json&date=1995:2024&per_page=200,2026-08-26T10:40:56.796Z
1995,IDN,Indonesia,origin,net_migration,SM.POP.NETM,-1643,"Net migration (arrivals minus departures), UN Population Division estimate",primary,https://api.worldbank.org/v2/country/IDN/indicator/SM.POP.NETM?format=json&date=1995:2024&per_page=200,2026-08-26T10:40:56.796Z
1996,IDN,Indonesia,origin,net_migration,SM.POP.NETM,-1854,"Net migration (arrivals minus departures), UN Population Division estimate",primary,https://api.worldbank.org/v2/country/IDN/indicator/SM.POP.NETM?format=json&date=1995:2024&per_page=200,2026-08-26T10:40:56.796Z
1997,IDN,Indonesia,origin,net_migration,SM.POP.NETM,-4334,"Net migration (arrivals minus departures), UN Population Division estimate",primary,https://api.worldbank.org/v2/country/IDN/indicator/SM.POP.NETM?format=json&date=1995:2024&per_page=200,2026-08-26T10:40:56.796Z
1998,IDN,Indonesia,origin,net_migration,SM.POP.NETM,-11356,"Net migration (arrivals minus departures), UN Population Division estimate",primary,https://api.worldbank.org/v2/country/IDN/indicator/SM.POP.NETM?format=json&date=1995:2024&per_page=200,2026-08-26T10:40:56.796Z
1999,IDN,Indonesia,origin,net_migration,SM.POP.NETM,-28799,"Net migration (arrivals minus departures), UN Population Division estimate",primary,https://api.worldbank.org/v2/country/IDN/indicator/SM.POP.NETM?format=json&date=1995:2024&per_page=200,2026-08-26T10:40:56.796Z
2000,IDN,Indonesia,origin,net_migration,SM.POP.NETM,-42697,"Net migration (arrivals minus departures), UN Population Division estimate",primary,https://api.worldbank.org/v2/country/IDN/indicator/SM.POP.NETM?format=json&date=1995:2024&per_page=200,2026-08-26T10:40:56.796Z
2001,IDN,Indonesia,origin,net_migration,SM.POP.NETM,-64255,"Net migration (arrivals minus departures), UN Population Division estimate",primary,https://api.worldbank.org/v2/country/IDN/indicator/SM.POP.NETM?format=json&date=1995:2024&per_page=200,2026-08-26T10:40:56.796Z
2002,IDN,Indonesia,origin,net_migration,SM.POP.NETM,-83985,"Net migration (arrivals minus departures), UN Population Division estimate",primary,https://api.worldbank.org/v2/country/IDN/indicator/SM.POP.NETM?format=json&date=1995:2024&per_page=200,2026-08-26T10:40:56.796Z
2003,IDN,Indonesia,origin,net_migration,SM.POP.NETM,-97732,"Net migration (arrivals minus departures), UN Population Division estimate",primary,https://api.worldbank.org/v2/country/IDN/indicator/SM.POP.NETM?format=json&date=1995:2024&per_page=200,2026-08-26T10:40:56.796Z
2004,IDN,Indonesia,origin,net_migration,SM.POP.NETM,-77002,"Net migration (arrivals minus departures), UN Population Division estimate",primary,https://api.worldbank.org/v2/country/IDN/indicator/SM.POP.NETM?format=json&date=1995:2024&per_page=200,2026-08-26T10:40:56.796Z
2005,IDN,Indonesia,origin,net_migration,SM.POP.NETM,-76784,"Net migration (arrivals minus departures), UN Population Division estimate",primary,https://api.worldbank.org/v2/country/IDN/indicator/SM.POP.NETM?format=json&date=1995:2024&per_page=200,2026-08-26T10:40:56.796Z
2006,IDN,Indonesia,origin,net_migration,SM.POP.NETM,-75829,"Net migration (arrivals minus departures), UN Population Division estimate",primary,https://api.worldbank.org/v2/country/IDN/indicator/SM.POP.NETM?format=json&date=1995:2024&per_page=200,2026-08-26T10:40:56.796Z
2007,IDN,Indonesia,origin,net_migration,SM.POP.NETM,-77338,"Net migration (arrivals minus departures), UN Population Division estimate",primary,https://api.worldbank.org/v2/country/IDN/indicator/SM.POP.NETM?format=json&date=1995:2024&per_page=200,2026-08-26T10:40:56.796Z
2008,IDN,Indonesia,origin,net_migration,SM.POP.NETM,-81364,"Net migration (arrivals minus departures), UN Population Division estimate",primary,https://api.worldbank.org/v2/country/IDN/indicator/SM.POP.NETM?format=json&date=1995:2024&per_page=200,2026-08-26T10:40:56.796Z
2009,IDN,Indonesia,origin,net_migration,SM.POP.NETM,-73655,"Net migration (arrivals minus departures), UN Population Division estimate",primary,https://api.worldbank.org/v2/country/IDN/indicator/SM.POP.NETM?format=json&date=1995:2024&per_page=200,2026-08-26T10:40:56.796Z
2010,IDN,Indonesia,origin,net_migration,SM.POP.NETM,-57752,"Net migration (arrivals minus departures), UN Population Division estimate",primary,https://api.worldbank.org/v2/country/IDN/indicator/SM.POP.NETM?format=json&date=1995:2024&per_page=200,2026-08-26T10:40:56.796Z
2011,IDN,Indonesia,origin,net_migration,SM.POP.NETM,-40543,"Net migration (arrivals minus departures), UN Population Division estimate",primary,https://api.worldbank.org/v2/country/IDN/indicator/SM.POP.NETM?format=json&date=1995:2024&per_page=200,2026-08-26T10:40:56.796Z
2012,IDN,Indonesia,origin,net_migration,SM.POP.NETM,-28869,"Net migration (arrivals minus departures), UN Population Division estimate",primary,https://api.worldbank.org/v2/country/IDN/indicator/SM.POP.NETM?format=json&date=1995:2024&per_page=200,2026-08-26T10:40:56.796Z
2013,IDN,Indonesia,origin,net_migration,SM.POP.NETM,-27507,"Net migration (arrivals minus departures), UN Population Division estimate",primary,https://api.worldbank.org/v2/country/IDN/indicator/SM.POP.NETM?format=json&date=1995:2024&per_page=200,2026-08-26T10:40:56.796Z
2014,IDN,Indonesia,origin,net_migration,SM.POP.NETM,-27988,"Net migration (arrivals minus departures), UN Population Division estimate",primary,https://api.worldbank.org/v2/country/IDN/indicator/SM.POP.NETM?format=json&date=1995:2024&per_page=200,2026-08-26T10:40:56.796Z
2015,IDN,Indonesia,origin,net_migration,SM.POP.NETM,-28487,"Net migration (arrivals minus departures), UN Population Division estimate",primary,https://api.worldbank.org/v2/country/IDN/indicator/SM.POP.NETM?format=json&date=1995:2024&per_page=200,2026-08-26T10:40:56.796Z
2016,IDN,Indonesia,origin,net_migration,SM.POP.NETM,-28991,"Net migration (arrivals minus departures), UN Population Division estimate",primary,https://api.worldbank.org/v2/country/IDN/indicator/SM.POP.NETM?format=json&date=1995:2024&per_page=200,2026-08-26T10:40:56.796Z
2017,IDN,Indonesia,origin,net_migration,SM.POP.NETM,-29467,"Net migration (arrivals minus departures), UN Population Division estimate",primary,https://api.worldbank.org/v2/country/IDN/indicator/SM.POP.NETM?format=json&date=1995:2024&per_page=200,2026-08-26T10:40:56.796Z
2018,IDN,Indonesia,origin,net_migration,SM.POP.NETM,-29911,"Net migration (arrivals minus departures), UN Population Division estimate",primary,https://api.worldbank.org/v2/country/IDN/indicator/SM.POP.NETM?format=json&date=1995:2024&per_page=200,2026-08-26T10:40:56.796Z
2019,IDN,Indonesia,origin,net_migration,SM.POP.NETM,-30421,"Net migration (arrivals minus departures), UN Population Division estimate",primary,https://api.worldbank.org/v2/country/IDN/indicator/SM.POP.NETM?format=json&date=1995:2024&per_page=200,2026-08-26T10:40:56.796Z
2020,IDN,Indonesia,origin,net_migration,SM.POP.NETM,-18743,"Net migration (arrivals minus departures), UN Population Division estimate",primary,https://api.worldbank.org/v2/country/IDN/indicator/SM.POP.NETM?format=json&date=1995:2024&per_page=200,2026-08-26T10:40:56.796Z
2021,IDN,Indonesia,origin,net_migration,SM.POP.NETM,-11248,"Net migration (arrivals minus departures), UN Population Division estimate",primary,https://api.worldbank.org/v2/country/IDN/indicator/SM.POP.NETM?format=json&date=1995:2024&per_page=200,2026-08-26T10:40:56.796Z
2022,IDN,Indonesia,origin,net_migration,SM.POP.NETM,-37501,"Net migration (arrivals minus departures), UN Population Division estimate",primary,https://api.worldbank.org/v2/country/IDN/indicator/SM.POP.NETM?format=json&date=1995:2024&per_page=200,2026-08-26T10:40:56.796Z
2023,IDN,Indonesia,origin,net_migration,SM.POP.NETM,-37501,"Net migration (arrivals minus departures), UN Population Division estimate",primary,https://api.worldbank.org/v2/country/IDN/indicator/SM.POP.NETM?format=json&date=1995:2024&per_page=200,2026-08-26T10:40:56.796Z
2024,IDN,Indonesia,origin,net_migration,SM.POP.NETM,-38469,"Net migration (arrivals minus departures), UN Population Division estimate",primary,https://api.worldbank.org/v2/country/IDN/indicator/SM.POP.NETM?format=json&date=1995:2024&per_page=200,2026-08-26T10:40:56.796Z
1995,IND,India,origin,net_migration,SM.POP.NETM,-57297,"Net migration (arrivals minus departures), UN Population Division estimate",primary,https://api.worldbank.org/v2/country/IND/indicator/SM.POP.NETM?format=json&date=1995:2024&per_page=200,2026-08-26T10:40:56.796Z
1996,IND,India,origin,net_migration,SM.POP.NETM,-26388,"Net migration (arrivals minus departures), UN Population Division estimate",primary,https://api.worldbank.org/v2/country/IND/indicator/SM.POP.NETM?format=json&date=1995:2024&per_page=200,2026-08-26T10:40:56.796Z
1997,IND,India,origin,net_migration,SM.POP.NETM,880,"Net migration (arrivals minus departures), UN Population Division estimate",primary,https://api.worldbank.org/v2/country/IND/indicator/SM.POP.NETM?format=json&date=1995:2024&per_page=200,2026-08-26T10:40:56.796Z
1998,IND,India,origin,net_migration,SM.POP.NETM,-1049,"Net migration (arrivals minus departures), UN Population Division estimate",primary,https://api.worldbank.org/v2/country/IND/indicator/SM.POP.NETM?format=json&date=1995:2024&per_page=200,2026-08-26T10:40:56.796Z
1999,IND,India,origin,net_migration,SM.POP.NETM,-95320,"Net migration (arrivals minus departures), UN Population Division estimate",primary,https://api.worldbank.org/v2/country/IND/indicator/SM.POP.NETM?format=json&date=1995:2024&per_page=200,2026-08-26T10:40:56.796Z
2000,IND,India,origin,net_migration,SM.POP.NETM,-143960,"Net migration (arrivals minus departures), UN Population Division estimate",primary,https://api.worldbank.org/v2/country/IND/indicator/SM.POP.NETM?format=json&date=1995:2024&per_page=200,2026-08-26T10:40:56.796Z
2001,IND,India,origin,net_migration,SM.POP.NETM,-70346,"Net migration (arrivals minus departures), UN Population Division estimate",primary,https://api.worldbank.org/v2/country/IND/indicator/SM.POP.NETM?format=json&date=1995:2024&per_page=200,2026-08-26T10:40:56.796Z
2002,IND,India,origin,net_migration,SM.POP.NETM,-732419,"Net migration (arrivals minus departures), UN Population Division estimate",primary,https://api.worldbank.org/v2/country/IND/indicator/SM.POP.NETM?format=json&date=1995:2024&per_page=200,2026-08-26T10:40:56.796Z
2003,IND,India,origin,net_migration,SM.POP.NETM,-606970,"Net migration (arrivals minus departures), UN Population Division estimate",primary,https://api.worldbank.org/v2/country/IND/indicator/SM.POP.NETM?format=json&date=1995:2024&per_page=200,2026-08-26T10:40:56.796Z
2004,IND,India,origin,net_migration,SM.POP.NETM,-206660,"Net migration (arrivals minus departures), UN Population Division estimate",primary,https://api.worldbank.org/v2/country/IND/indicator/SM.POP.NETM?format=json&date=1995:2024&per_page=200,2026-08-26T10:40:56.796Z
2005,IND,India,origin,net_migration,SM.POP.NETM,-929454,"Net migration (arrivals minus departures), UN Population Division estimate",primary,https://api.worldbank.org/v2/country/IND/indicator/SM.POP.NETM?format=json&date=1995:2024&per_page=200,2026-08-26T10:40:56.796Z
2006,IND,India,origin,net_migration,SM.POP.NETM,-342177,"Net migration (arrivals minus departures), UN Population Division estimate",primary,https://api.worldbank.org/v2/country/IND/indicator/SM.POP.NETM?format=json&date=1995:2024&per_page=200,2026-08-26T10:40:56.796Z
2007,IND,India,origin,net_migration,SM.POP.NETM,-1037200,"Net migration (arrivals minus departures), UN Population Division estimate",primary,https://api.worldbank.org/v2/country/IND/indicator/SM.POP.NETM?format=json&date=1995:2024&per_page=200,2026-08-26T10:40:56.796Z
2008,IND,India,origin,net_migration,SM.POP.NETM,-1020047,"Net migration (arrivals minus departures), UN Population Division estimate",primary,https://api.worldbank.org/v2/country/IND/indicator/SM.POP.NETM?format=json&date=1995:2024&per_page=200,2026-08-26T10:40:56.796Z
2009,IND,India,origin,net_migration,SM.POP.NETM,-312905,"Net migration (arrivals minus departures), UN Population Division estimate",primary,https://api.worldbank.org/v2/country/IND/indicator/SM.POP.NETM?format=json&date=1995:2024&per_page=200,2026-08-26T10:40:56.796Z
2010,IND,India,origin,net_migration,SM.POP.NETM,-50905,"Net migration (arrivals minus departures), UN Population Division estimate",primary,https://api.worldbank.org/v2/country/IND/indicator/SM.POP.NETM?format=json&date=1995:2024&per_page=200,2026-08-26T10:40:56.796Z
2011,IND,India,origin,net_migration,SM.POP.NETM,-247017,"Net migration (arrivals minus departures), UN Population Division estimate",primary,https://api.worldbank.org/v2/country/IND/indicator/SM.POP.NETM?format=json&date=1995:2024&per_page=200,2026-08-26T10:40:56.796Z
2012,IND,India,origin,net_migration,SM.POP.NETM,-198935,"Net migration (arrivals minus departures), UN Population Division estimate",primary,https://api.worldbank.org/v2/country/IND/indicator/SM.POP.NETM?format=json&date=1995:2024&per_page=200,2026-08-26T10:40:56.796Z
2013,IND,India,origin,net_migration,SM.POP.NETM,-151372,"Net migration (arrivals minus departures), UN Population Division estimate",primary,https://api.worldbank.org/v2/country/IND/indicator/SM.POP.NETM?format=json&date=1995:2024&per_page=200,2026-08-26T10:40:56.796Z
2014,IND,India,origin,net_migration,SM.POP.NETM,-227263,"Net migration (arrivals minus departures), UN Population Division estimate",primary,https://api.worldbank.org/v2/country/IND/indicator/SM.POP.NETM?format=json&date=1995:2024&per_page=200,2026-08-26T10:40:56.796Z
2015,IND,India,origin,net_migration,SM.POP.NETM,-655085,"Net migration (arrivals minus departures), UN Population Division estimate",primary,https://api.worldbank.org/v2/country/IND/indicator/SM.POP.NETM?format=json&date=1995:2024&per_page=200,2026-08-26T10:40:56.796Z
2016,IND,India,origin,net_migration,SM.POP.NETM,81248,"Net migration (arrivals minus departures), UN Population Division estimate",primary,https://api.worldbank.org/v2/country/IND/indicator/SM.POP.NETM?format=json&date=1995:2024&per_page=200,2026-08-26T10:40:56.796Z
2017,IND,India,origin,net_migration,SM.POP.NETM,-251642,"Net migration (arrivals minus departures), UN Population Division estimate",primary,https://api.worldbank.org/v2/country/IND/indicator/SM.POP.NETM?format=json&date=1995:2024&per_page=200,2026-08-26T10:40:56.796Z
2018,IND,India,origin,net_migration,SM.POP.NETM,-589794,"Net migration (arrivals minus departures), UN Population Division estimate",primary,https://api.worldbank.org/v2/country/IND/indicator/SM.POP.NETM?format=json&date=1995:2024&per_page=200,2026-08-26T10:40:56.796Z
2019,IND,India,origin,net_migration,SM.POP.NETM,-978969,"Net migration (arrivals minus departures), UN Population Division estimate",primary,https://api.worldbank.org/v2/country/IND/indicator/SM.POP.NETM?format=json&date=1995:2024&per_page=200,2026-08-26T10:40:56.796Z
2020,IND,India,origin,net_migration,SM.POP.NETM,-73806,"Net migration (arrivals minus departures), UN Population Division estimate",primary,https://api.worldbank.org/v2/country/IND/indicator/SM.POP.NETM?format=json&date=1995:2024&per_page=200,2026-08-26T10:40:56.796Z
2021,IND,India,origin,net_migration,SM.POP.NETM,-348916,"Net migration (arrivals minus departures), UN Population Division estimate",primary,https://api.worldbank.org/v2/country/IND/indicator/SM.POP.NETM?format=json&date=1995:2024&per_page=200,2026-08-26T10:40:56.796Z
2022,IND,India,origin,net_migration,SM.POP.NETM,-1353478,"Net migration (arrivals minus departures), UN Population Division estimate",primary,https://api.worldbank.org/v2/country/IND/indicator/SM.POP.NETM?format=json&date=1995:2024&per_page=200,2026-08-26T10:40:56.796Z
2023,IND,India,origin,net_migration,SM.POP.NETM,-979179,"Net migration (arrivals minus departures), UN Population Division estimate",primary,https://api.worldbank.org/v2/country/IND/indicator/SM.POP.NETM?format=json&date=1995:2024&per_page=200,2026-08-26T10:40:56.796Z
2024,IND,India,origin,net_migration,SM.POP.NETM,-630830,"Net migration (arrivals minus departures), UN Population Division estimate",primary,https://api.worldbank.org/v2/country/IND/indicator/SM.POP.NETM?format=json&date=1995:2024&per_page=200,2026-08-26T10:40:56.796Z
1995,IRN,"Iran, Islamic Rep.",origin,net_migration,SM.POP.NETM,-220258,"Net migration (arrivals minus departures), UN Population Division estimate",primary,https://api.worldbank.org/v2/country/IRN/indicator/SM.POP.NETM?format=json&date=1995:2024&per_page=200,2026-08-26T10:40:56.796Z
1996,IRN,"Iran, Islamic Rep.",origin,net_migration,SM.POP.NETM,-92435,"Net migration (arrivals minus departures), UN Population Division estimate",primary,https://api.worldbank.org/v2/country/IRN/indicator/SM.POP.NETM?format=json&date=1995:2024&per_page=200,2026-08-26T10:40:56.796Z
1997,IRN,"Iran, Islamic Rep.",origin,net_migration,SM.POP.NETM,98009,"Net migration (arrivals minus departures), UN Population Division estimate",primary,https://api.worldbank.org/v2/country/IRN/indicator/SM.POP.NETM?format=json&date=1995:2024&per_page=200,2026-08-26T10:40:56.796Z
1998,IRN,"Iran, Islamic Rep.",origin,net_migration,SM.POP.NETM,218171,"Net migration (arrivals minus departures), UN Population Division estimate",primary,https://api.worldbank.org/v2/country/IRN/indicator/SM.POP.NETM?format=json&date=1995:2024&per_page=200,2026-08-26T10:40:56.796Z
1999,IRN,"Iran, Islamic Rep.",origin,net_migration,SM.POP.NETM,191988,"Net migration (arrivals minus departures), UN Population Division estimate",primary,https://api.worldbank.org/v2/country/IRN/indicator/SM.POP.NETM?format=json&date=1995:2024&per_page=200,2026-08-26T10:40:56.796Z
2000,IRN,"Iran, Islamic Rep.",origin,net_migration,SM.POP.NETM,300133,"Net migration (arrivals minus departures), UN Population Division estimate",primary,https://api.worldbank.org/v2/country/IRN/indicator/SM.POP.NETM?format=json&date=1995:2024&per_page=200,2026-08-26T10:40:56.796Z
2001,IRN,"Iran, Islamic Rep.",origin,net_migration,SM.POP.NETM,291692,"Net migration (arrivals minus departures), UN Population Division estimate",primary,https://api.worldbank.org/v2/country/IRN/indicator/SM.POP.NETM?format=json&date=1995:2024&per_page=200,2026-08-26T10:40:56.796Z
2002,IRN,"Iran, Islamic Rep.",origin,net_migration,SM.POP.NETM,-668962,"Net migration (arrivals minus departures), UN Population Division estimate",primary,https://api.worldbank.org/v2/country/IRN/indicator/SM.POP.NETM?format=json&date=1995:2024&per_page=200,2026-08-26T10:40:56.796Z
2003,IRN,"Iran, Islamic Rep.",origin,net_migration,SM.POP.NETM,700222,"Net migration (arrivals minus departures), UN Population Division estimate",primary,https://api.worldbank.org/v2/country/IRN/indicator/SM.POP.NETM?format=json&date=1995:2024&per_page=200,2026-08-26T10:40:56.796Z
2004,IRN,"Iran, Islamic Rep.",origin,net_migration,SM.POP.NETM,739996,"Net migration (arrivals minus departures), UN Population Division estimate",primary,https://api.worldbank.org/v2/country/IRN/indicator/SM.POP.NETM?format=json&date=1995:2024&per_page=200,2026-08-26T10:40:56.796Z
2005,IRN,"Iran, Islamic Rep.",origin,net_migration,SM.POP.NETM,765873,"Net migration (arrivals minus departures), UN Population Division estimate",primary,https://api.worldbank.org/v2/country/IRN/indicator/SM.POP.NETM?format=json&date=1995:2024&per_page=200,2026-08-26T10:40:56.796Z
2006,IRN,"Iran, Islamic Rep.",origin,net_migration,SM.POP.NETM,640932,"Net migration (arrivals minus departures), UN Population Division estimate",primary,https://api.worldbank.org/v2/country/IRN/indicator/SM.POP.NETM?format=json&date=1995:2024&per_page=200,2026-08-26T10:40:56.796Z
2007,IRN,"Iran, Islamic Rep.",origin,net_migration,SM.POP.NETM,-24950,"Net migration (arrivals minus departures), UN Population Division estimate",primary,https://api.worldbank.org/v2/country/IRN/indicator/SM.POP.NETM?format=json&date=1995:2024&per_page=200,2026-08-26T10:40:56.796Z
2008,IRN,"Iran, Islamic Rep.",origin,net_migration,SM.POP.NETM,-12184,"Net migration (arrivals minus departures), UN Population Division estimate",primary,https://api.worldbank.org/v2/country/IRN/indicator/SM.POP.NETM?format=json&date=1995:2024&per_page=200,2026-08-26T10:40:56.796Z
2009,IRN,"Iran, Islamic Rep.",origin,net_migration,SM.POP.NETM,211,"Net migration (arrivals minus departures), UN Population Division estimate",primary,https://api.worldbank.org/v2/country/IRN/indicator/SM.POP.NETM?format=json&date=1995:2024&per_page=200,2026-08-26T10:40:56.796Z
2010,IRN,"Iran, Islamic Rep.",origin,net_migration,SM.POP.NETM,-12849,"Net migration (arrivals minus departures), UN Population Division estimate",primary,https://api.worldbank.org/v2/country/IRN/indicator/SM.POP.NETM?format=json&date=1995:2024&per_page=200,2026-08-26T10:40:56.796Z
2011,IRN,"Iran, Islamic Rep.",origin,net_migration,SM.POP.NETM,-65924,"Net migration (arrivals minus departures), UN Population Division estimate",primary,https://api.worldbank.org/v2/country/IRN/indicator/SM.POP.NETM?format=json&date=1995:2024&per_page=200,2026-08-26T10:40:56.796Z
2012,IRN,"Iran, Islamic Rep.",origin,net_migration,SM.POP.NETM,-57823,"Net migration (arrivals minus departures), UN Population Division estimate",primary,https://api.worldbank.org/v2/country/IRN/indicator/SM.POP.NETM?format=json&date=1995:2024&per_page=200,2026-08-26T10:40:56.796Z
2013,IRN,"Iran, Islamic Rep.",origin,net_migration,SM.POP.NETM,-47322,"Net migration (arrivals minus departures), UN Population Division estimate",primary,https://api.worldbank.org/v2/country/IRN/indicator/SM.POP.NETM?format=json&date=1995:2024&per_page=200,2026-08-26T10:40:56.796Z
2014,IRN,"Iran, Islamic Rep.",origin,net_migration,SM.POP.NETM,-56042,"Net migration (arrivals minus departures), UN Population Division estimate",primary,https://api.worldbank.org/v2/country/IRN/indicator/SM.POP.NETM?format=json&date=1995:2024&per_page=200,2026-08-26T10:40:56.796Z
2015,IRN,"Iran, Islamic Rep.",origin,net_migration,SM.POP.NETM,-46239,"Net migration (arrivals minus departures), UN Population Division estimate",primary,https://api.worldbank.org/v2/country/IRN/indicator/SM.POP.NETM?format=json&date=1995:2024&per_page=200,2026-08-26T10:40:56.796Z
2016,IRN,"Iran, Islamic Rep.",origin,net_migration,SM.POP.NETM,66630,"Net migration (arrivals minus departures), UN Population Division estimate",primary,https://api.worldbank.org/v2/country/IRN/indicator/SM.POP.NETM?format=json&date=1995:2024&per_page=200,2026-08-26T10:40:56.796Z
2017,IRN,"Iran, Islamic Rep.",origin,net_migration,SM.POP.NETM,34849,"Net migration (arrivals minus departures), UN Population Division estimate",primary,https://api.worldbank.org/v2/country/IRN/indicator/SM.POP.NETM?format=json&date=1995:2024&per_page=200,2026-08-26T10:40:56.796Z
2018,IRN,"Iran, Islamic Rep.",origin,net_migration,SM.POP.NETM,-27946,"Net migration (arrivals minus departures), UN Population Division estimate",primary,https://api.worldbank.org/v2/country/IRN/indicator/SM.POP.NETM?format=json&date=1995:2024&per_page=200,2026-08-26T10:40:56.796Z
2019,IRN,"Iran, Islamic Rep.",origin,net_migration,SM.POP.NETM,-32794,"Net migration (arrivals minus departures), UN Population Division estimate",primary,https://api.worldbank.org/v2/country/IRN/indicator/SM.POP.NETM?format=json&date=1995:2024&per_page=200,2026-08-26T10:40:56.796Z
2020,IRN,"Iran, Islamic Rep.",origin,net_migration,SM.POP.NETM,-180680,"Net migration (arrivals minus departures), UN Population Division estimate",primary,https://api.worldbank.org/v2/country/IRN/indicator/SM.POP.NETM?format=json&date=1995:2024&per_page=200,2026-08-26T10:40:56.796Z
2021,IRN,"Iran, Islamic Rep.",origin,net_migration,SM.POP.NETM,334967,"Net migration (arrivals minus departures), UN Population Division estimate",primary,https://api.worldbank.org/v2/country/IRN/indicator/SM.POP.NETM?format=json&date=1995:2024&per_page=200,2026-08-26T10:40:56.796Z
2022,IRN,"Iran, Islamic Rep.",origin,net_migration,SM.POP.NETM,403190,"Net migration (arrivals minus departures), UN Population Division estimate",primary,https://api.worldbank.org/v2/country/IRN/indicator/SM.POP.NETM?format=json&date=1995:2024&per_page=200,2026-08-26T10:40:56.796Z
2023,IRN,"Iran, Islamic Rep.",origin,net_migration,SM.POP.NETM,262044,"Net migration (arrivals minus departures), UN Population Division estimate",primary,https://api.worldbank.org/v2/country/IRN/indicator/SM.POP.NETM?format=json&date=1995:2024&per_page=200,2026-08-26T10:40:56.796Z
2024,IRN,"Iran, Islamic Rep.",origin,net_migration,SM.POP.NETM,190156,"Net migration (arrivals minus departures), UN Population Division estimate",primary,https://api.worldbank.org/v2/country/IRN/indicator/SM.POP.NETM?format=json&date=1995:2024&per_page=200,2026-08-26T10:40:56.796Z
1995,IRQ,Iraq,origin,net_migration,SM.POP.NETM,40424,"Net migration (arrivals minus departures), UN Population Division estimate",primary,https://api.worldbank.org/v2/country/IRQ/indicator/SM.POP.NETM?format=json&date=1995:2024&per_page=200,2026-08-26T10:40:56.796Z
1996,IRQ,Iraq,origin,net_migration,SM.POP.NETM,14652,"Net migration (arrivals minus departures), UN Population Division estimate",primary,https://api.worldbank.org/v2/country/IRQ/indicator/SM.POP.NETM?format=json&date=1995:2024&per_page=200,2026-08-26T10:40:56.796Z
1997,IRQ,Iraq,origin,net_migration,SM.POP.NETM,15429,"Net migration (arrivals minus departures), UN Population Division estimate",primary,https://api.worldbank.org/v2/country/IRQ/indicator/SM.POP.NETM?format=json&date=1995:2024&per_page=200,2026-08-26T10:40:56.796Z
1998,IRQ,Iraq,origin,net_migration,SM.POP.NETM,48446,"Net migration (arrivals minus departures), UN Population Division estimate",primary,https://api.worldbank.org/v2/country/IRQ/indicator/SM.POP.NETM?format=json&date=1995:2024&per_page=200,2026-08-26T10:40:56.796Z
1999,IRQ,Iraq,origin,net_migration,SM.POP.NETM,69491,"Net migration (arrivals minus departures), UN Population Division estimate",primary,https://api.worldbank.org/v2/country/IRQ/indicator/SM.POP.NETM?format=json&date=1995:2024&per_page=200,2026-08-26T10:40:56.796Z
2000,IRQ,Iraq,origin,net_migration,SM.POP.NETM,87624,"Net migration (arrivals minus departures), UN Population Division estimate",primary,https://api.worldbank.org/v2/country/IRQ/indicator/SM.POP.NETM?format=json&date=1995:2024&per_page=200,2026-08-26T10:40:56.796Z
2001,IRQ,Iraq,origin,net_migration,SM.POP.NETM,14451,"Net migration (arrivals minus departures), UN Population Division estimate",primary,https://api.worldbank.org/v2/country/IRQ/indicator/SM.POP.NETM?format=json&date=1995:2024&per_page=200,2026-08-26T10:40:56.796Z
2002,IRQ,Iraq,origin,net_migration,SM.POP.NETM,133839,"Net migration (arrivals minus departures), UN Population Division estimate",primary,https://api.worldbank.org/v2/country/IRQ/indicator/SM.POP.NETM?format=json&date=1995:2024&per_page=200,2026-08-26T10:40:56.796Z
2003,IRQ,Iraq,origin,net_migration,SM.POP.NETM,-27236,"Net migration (arrivals minus departures), UN Population Division estimate",primary,https://api.worldbank.org/v2/country/IRQ/indicator/SM.POP.NETM?format=json&date=1995:2024&per_page=200,2026-08-26T10:40:56.796Z
2004,IRQ,Iraq,origin,net_migration,SM.POP.NETM,69948,"Net migration (arrivals minus departures), UN Population Division estimate",primary,https://api.worldbank.org/v2/country/IRQ/indicator/SM.POP.NETM?format=json&date=1995:2024&per_page=200,2026-08-26T10:40:56.796Z
2005,IRQ,Iraq,origin,net_migration,SM.POP.NETM,51019,"Net migration (arrivals minus departures), UN Population Division estimate",primary,https://api.worldbank.org/v2/country/IRQ/indicator/SM.POP.NETM?format=json&date=1995:2024&per_page=200,2026-08-26T10:40:56.796Z
2006,IRQ,Iraq,origin,net_migration,SM.POP.NETM,-1206850,"Net migration (arrivals minus departures), UN Population Division estimate",primary,https://api.worldbank.org/v2/country/IRQ/indicator/SM.POP.NETM?format=json&date=1995:2024&per_page=200,2026-08-26T10:40:56.796Z
2007,IRQ,Iraq,origin,net_migration,SM.POP.NETM,-824428,"Net migration (arrivals minus departures), UN Population Division estimate",primary,https://api.worldbank.org/v2/country/IRQ/indicator/SM.POP.NETM?format=json&date=1995:2024&per_page=200,2026-08-26T10:40:56.796Z
2008,IRQ,Iraq,origin,net_migration,SM.POP.NETM,396792,"Net migration (arrivals minus departures), UN Population Division estimate",primary,https://api.worldbank.org/v2/country/IRQ/indicator/SM.POP.NETM?format=json&date=1995:2024&per_page=200,2026-08-26T10:40:56.796Z
2009,IRQ,Iraq,origin,net_migration,SM.POP.NETM,120092,"Net migration (arrivals minus departures), UN Population Division estimate",primary,https://api.worldbank.org/v2/country/IRQ/indicator/SM.POP.NETM?format=json&date=1995:2024&per_page=200,2026-08-26T10:40:56.796Z
2010,IRQ,Iraq,origin,net_migration,SM.POP.NETM,92779,"Net migration (arrivals minus departures), UN Population Division estimate",primary,https://api.worldbank.org/v2/country/IRQ/indicator/SM.POP.NETM?format=json&date=1995:2024&per_page=200,2026-08-26T10:40:56.796Z
2011,IRQ,Iraq,origin,net_migration,SM.POP.NETM,261880,"Net migration (arrivals minus departures), UN Population Division estimate",primary,https://api.worldbank.org/v2/country/IRQ/indicator/SM.POP.NETM?format=json&date=1995:2024&per_page=200,2026-08-26T10:40:56.796Z
2012,IRQ,Iraq,origin,net_migration,SM.POP.NETM,753907,"Net migration (arrivals minus departures), UN Population Division estimate",primary,https://api.worldbank.org/v2/country/IRQ/indicator/SM.POP.NETM?format=json&date=1995:2024&per_page=200,2026-08-26T10:40:56.796Z
2013,IRQ,Iraq,origin,net_migration,SM.POP.NETM,474379,"Net migration (arrivals minus departures), UN Population Division estimate",primary,https://api.worldbank.org/v2/country/IRQ/indicator/SM.POP.NETM?format=json&date=1995:2024&per_page=200,2026-08-26T10:40:56.796Z
2014,IRQ,Iraq,origin,net_migration,SM.POP.NETM,-5033,"Net migration (arrivals minus departures), UN Population Division estimate",primary,https://api.worldbank.org/v2/country/IRQ/indicator/SM.POP.NETM?format=json&date=1995:2024&per_page=200,2026-08-26T10:40:56.796Z
2015,IRQ,Iraq,origin,net_migration,SM.POP.NETM,-22338,"Net migration (arrivals minus departures), UN Population Division estimate",primary,https://api.worldbank.org/v2/country/IRQ/indicator/SM.POP.NETM?format=json&date=1995:2024&per_page=200,2026-08-26T10:40:56.796Z
2016,IRQ,Iraq,origin,net_migration,SM.POP.NETM,-113980,"Net migration (arrivals minus departures), UN Population Division estimate",primary,https://api.worldbank.org/v2/country/IRQ/indicator/SM.POP.NETM?format=json&date=1995:2024&per_page=200,2026-08-26T10:40:56.796Z
2017,IRQ,Iraq,origin,net_migration,SM.POP.NETM,-21998,"Net migration (arrivals minus departures), UN Population Division estimate",primary,https://api.worldbank.org/v2/country/IRQ/indicator/SM.POP.NETM?format=json&date=1995:2024&per_page=200,2026-08-26T10:40:56.796Z
2018,IRQ,Iraq,origin,net_migration,SM.POP.NETM,15775,"Net migration (arrivals minus departures), UN Population Division estimate",primary,https://api.worldbank.org/v2/country/IRQ/indicator/SM.POP.NETM?format=json&date=1995:2024&per_page=200,2026-08-26T10:40:56.796Z
2019,IRQ,Iraq,origin,net_migration,SM.POP.NETM,-43919,"Net migration (arrivals minus departures), UN Population Division estimate",primary,https://api.worldbank.org/v2/country/IRQ/indicator/SM.POP.NETM?format=json&date=1995:2024&per_page=200,2026-08-26T10:40:56.796Z
2020,IRQ,Iraq,origin,net_migration,SM.POP.NETM,29858,"Net migration (arrivals minus departures), UN Population Division estimate",primary,https://api.worldbank.org/v2/country/IRQ/indicator/SM.POP.NETM?format=json&date=1995:2024&per_page=200,2026-08-26T10:40:56.796Z
2021,IRQ,Iraq,origin,net_migration,SM.POP.NETM,17474,"Net migration (arrivals minus departures), UN Population Division estimate",primary,https://api.worldbank.org/v2/country/IRQ/indicator/SM.POP.NETM?format=json&date=1995:2024&per_page=200,2026-08-26T10:40:56.796Z
2022,IRQ,Iraq,origin,net_migration,SM.POP.NETM,76821,"Net migration (arrivals minus departures), UN Population Division estimate",primary,https://api.worldbank.org/v2/country/IRQ/indicator/SM.POP.NETM?format=json&date=1995:2024&per_page=200,2026-08-26T10:40:56.796Z
2023,IRQ,Iraq,origin,net_migration,SM.POP.NETM,-5710,"Net migration (arrivals minus departures), UN Population Division estimate",primary,https://api.worldbank.org/v2/country/IRQ/indicator/SM.POP.NETM?format=json&date=1995:2024&per_page=200,2026-08-26T10:40:56.796Z
2024,IRQ,Iraq,origin,net_migration,SM.POP.NETM,-17735,"Net migration (arrivals minus departures), UN Population Division estimate",primary,https://api.worldbank.org/v2/country/IRQ/indicator/SM.POP.NETM?format=json&date=1995:2024&per_page=200,2026-08-26T10:40:56.796Z
1995,KEN,Kenya,origin,net_migration,SM.POP.NETM,-75506,"Net migration (arrivals minus departures), UN Population Division estimate",primary,https://api.worldbank.org/v2/country/KEN/indicator/SM.POP.NETM?format=json&date=1995:2024&per_page=200,2026-08-26T10:40:56.796Z
1996,KEN,Kenya,origin,net_migration,SM.POP.NETM,-79276,"Net migration (arrivals minus departures), UN Population Division estimate",primary,https://api.worldbank.org/v2/country/KEN/indicator/SM.POP.NETM?format=json&date=1995:2024&per_page=200,2026-08-26T10:40:56.796Z
1997,KEN,Kenya,origin,net_migration,SM.POP.NETM,-80443,"Net migration (arrivals minus departures), UN Population Division estimate",primary,https://api.worldbank.org/v2/country/KEN/indicator/SM.POP.NETM?format=json&date=1995:2024&per_page=200,2026-08-26T10:40:56.796Z
1998,KEN,Kenya,origin,net_migration,SM.POP.NETM,-70023,"Net migration (arrivals minus departures), UN Population Division estimate",primary,https://api.worldbank.org/v2/country/KEN/indicator/SM.POP.NETM?format=json&date=1995:2024&per_page=200,2026-08-26T10:40:56.796Z
1999,KEN,Kenya,origin,net_migration,SM.POP.NETM,-13257,"Net migration (arrivals minus departures), UN Population Division estimate",primary,https://api.worldbank.org/v2/country/KEN/indicator/SM.POP.NETM?format=json&date=1995:2024&per_page=200,2026-08-26T10:40:56.796Z
2000,KEN,Kenya,origin,net_migration,SM.POP.NETM,5407,"Net migration (arrivals minus departures), UN Population Division estimate",primary,https://api.worldbank.org/v2/country/KEN/indicator/SM.POP.NETM?format=json&date=1995:2024&per_page=200,2026-08-26T10:40:56.796Z
2001,KEN,Kenya,origin,net_migration,SM.POP.NETM,55052,"Net migration (arrivals minus departures), UN Population Division estimate",primary,https://api.worldbank.org/v2/country/KEN/indicator/SM.POP.NETM?format=json&date=1995:2024&per_page=200,2026-08-26T10:40:56.796Z
2002,KEN,Kenya,origin,net_migration,SM.POP.NETM,10431,"Net migration (arrivals minus departures), UN Population Division estimate",primary,https://api.worldbank.org/v2/country/KEN/indicator/SM.POP.NETM?format=json&date=1995:2024&per_page=200,2026-08-26T10:40:56.796Z
2003,KEN,Kenya,origin,net_migration,SM.POP.NETM,24175,"Net migration (arrivals minus departures), UN Population Division estimate",primary,https://api.worldbank.org/v2/country/KEN/indicator/SM.POP.NETM?format=json&date=1995:2024&per_page=200,2026-08-26T10:40:56.796Z
2004,KEN,Kenya,origin,net_migration,SM.POP.NETM,31525,"Net migration (arrivals minus departures), UN Population Division estimate",primary,https://api.worldbank.org/v2/country/KEN/indicator/SM.POP.NETM?format=json&date=1995:2024&per_page=200,2026-08-26T10:40:56.796Z
2005,KEN,Kenya,origin,net_migration,SM.POP.NETM,5501,"Net migration (arrivals minus departures), UN Population Division estimate",primary,https://api.worldbank.org/v2/country/KEN/indicator/SM.POP.NETM?format=json&date=1995:2024&per_page=200,2026-08-26T10:40:56.796Z
2006,KEN,Kenya,origin,net_migration,SM.POP.NETM,15767,"Net migration (arrivals minus departures), UN Population Division estimate",primary,https://api.worldbank.org/v2/country/KEN/indicator/SM.POP.NETM?format=json&date=1995:2024&per_page=200,2026-08-26T10:40:56.796Z
2007,KEN,Kenya,origin,net_migration,SM.POP.NETM,-11495,"Net migration (arrivals minus departures), UN Population Division estimate",primary,https://api.worldbank.org/v2/country/KEN/indicator/SM.POP.NETM?format=json&date=1995:2024&per_page=200,2026-08-26T10:40:56.796Z
2008,KEN,Kenya,origin,net_migration,SM.POP.NETM,29612,"Net migration (arrivals minus departures), UN Population Division estimate",primary,https://api.worldbank.org/v2/country/KEN/indicator/SM.POP.NETM?format=json&date=1995:2024&per_page=200,2026-08-26T10:40:56.796Z
2009,KEN,Kenya,origin,net_migration,SM.POP.NETM,7096,"Net migration (arrivals minus departures), UN Population Division estimate",primary,https://api.worldbank.org/v2/country/KEN/indicator/SM.POP.NETM?format=json&date=1995:2024&per_page=200,2026-08-26T10:40:56.796Z
2010,KEN,Kenya,origin,net_migration,SM.POP.NETM,-21069,"Net migration (arrivals minus departures), UN Population Division estimate",primary,https://api.worldbank.org/v2/country/KEN/indicator/SM.POP.NETM?format=json&date=1995:2024&per_page=200,2026-08-26T10:40:56.796Z
2011,KEN,Kenya,origin,net_migration,SM.POP.NETM,-44795,"Net migration (arrivals minus departures), UN Population Division estimate",primary,https://api.worldbank.org/v2/country/KEN/indicator/SM.POP.NETM?format=json&date=1995:2024&per_page=200,2026-08-26T10:40:56.796Z
2012,KEN,Kenya,origin,net_migration,SM.POP.NETM,-42928,"Net migration (arrivals minus departures), UN Population Division estimate",primary,https://api.worldbank.org/v2/country/KEN/indicator/SM.POP.NETM?format=json&date=1995:2024&per_page=200,2026-08-26T10:40:56.796Z
2013,KEN,Kenya,origin,net_migration,SM.POP.NETM,-57634,"Net migration (arrivals minus departures), UN Population Division estimate",primary,https://api.worldbank.org/v2/country/KEN/indicator/SM.POP.NETM?format=json&date=1995:2024&per_page=200,2026-08-26T10:40:56.796Z
2014,KEN,Kenya,origin,net_migration,SM.POP.NETM,-72415,"Net migration (arrivals minus departures), UN Population Division estimate",primary,https://api.worldbank.org/v2/country/KEN/indicator/SM.POP.NETM?format=json&date=1995:2024&per_page=200,2026-08-26T10:40:56.796Z
2015,KEN,Kenya,origin,net_migration,SM.POP.NETM,-95977,"Net migration (arrivals minus departures), UN Population Division estimate",primary,https://api.worldbank.org/v2/country/KEN/indicator/SM.POP.NETM?format=json&date=1995:2024&per_page=200,2026-08-26T10:40:56.796Z
2016,KEN,Kenya,origin,net_migration,SM.POP.NETM,-29728,"Net migration (arrivals minus departures), UN Population Division estimate",primary,https://api.worldbank.org/v2/country/KEN/indicator/SM.POP.NETM?format=json&date=1995:2024&per_page=200,2026-08-26T10:40:56.796Z
2017,KEN,Kenya,origin,net_migration,SM.POP.NETM,-68702,"Net migration (arrivals minus departures), UN Population Division estimate",primary,https://api.worldbank.org/v2/country/KEN/indicator/SM.POP.NETM?format=json&date=1995:2024&per_page=200,2026-08-26T10:40:56.796Z
2018,KEN,Kenya,origin,net_migration,SM.POP.NETM,-115436,"Net migration (arrivals minus departures), UN Population Division estimate",primary,https://api.worldbank.org/v2/country/KEN/indicator/SM.POP.NETM?format=json&date=1995:2024&per_page=200,2026-08-26T10:40:56.796Z
2019,KEN,Kenya,origin,net_migration,SM.POP.NETM,-61949,"Net migration (arrivals minus departures), UN Population Division estimate",primary,https://api.worldbank.org/v2/country/KEN/indicator/SM.POP.NETM?format=json&date=1995:2024&per_page=200,2026-08-26T10:40:56.796Z
2020,KEN,Kenya,origin,net_migration,SM.POP.NETM,-17111,"Net migration (arrivals minus departures), UN Population Division estimate",primary,https://api.worldbank.org/v2/country/KEN/indicator/SM.POP.NETM?format=json&date=1995:2024&per_page=200,2026-08-26T10:40:56.796Z
2021,KEN,Kenya,origin,net_migration,SM.POP.NETM,-52552,"Net migration (arrivals minus departures), UN Population Division estimate",primary,https://api.worldbank.org/v2/country/KEN/indicator/SM.POP.NETM?format=json&date=1995:2024&per_page=200,2026-08-26T10:40:56.796Z
2022,KEN,Kenya,origin,net_migration,SM.POP.NETM,-10003,"Net migration (arrivals minus departures), UN Population Division estimate",primary,https://api.worldbank.org/v2/country/KEN/indicator/SM.POP.NETM?format=json&date=1995:2024&per_page=200,2026-08-26T10:40:56.796Z
2023,KEN,Kenya,origin,net_migration,SM.POP.NETM,-10003,"Net migration (arrivals minus departures), UN Population Division estimate",primary,https://api.worldbank.org/v2/country/KEN/indicator/SM.POP.NETM?format=json&date=1995:2024&per_page=200,2026-08-26T10:40:56.796Z
2024,KEN,Kenya,origin,net_migration,SM.POP.NETM,-19781,"Net migration (arrivals minus departures), UN Population Division estimate",primary,https://api.worldbank.org/v2/country/KEN/indicator/SM.POP.NETM?format=json&date=1995:2024&per_page=200,2026-08-26T10:40:56.796Z
1995,LBN,Lebanon,origin,net_migration,SM.POP.NETM,2634,"Net migration (arrivals minus departures), UN Population Division estimate",primary,https://api.worldbank.org/v2/country/LBN/indicator/SM.POP.NETM?format=json&date=1995:2024&per_page=200,2026-08-26T10:40:56.796Z
1996,LBN,Lebanon,origin,net_migration,SM.POP.NETM,3164,"Net migration (arrivals minus departures), UN Population Division estimate",primary,https://api.worldbank.org/v2/country/LBN/indicator/SM.POP.NETM?format=json&date=1995:2024&per_page=200,2026-08-26T10:40:56.796Z
1997,LBN,Lebanon,origin,net_migration,SM.POP.NETM,1313,"Net migration (arrivals minus departures), UN Population Division estimate",primary,https://api.worldbank.org/v2/country/LBN/indicator/SM.POP.NETM?format=json&date=1995:2024&per_page=200,2026-08-26T10:40:56.796Z
1998,LBN,Lebanon,origin,net_migration,SM.POP.NETM,1062,"Net migration (arrivals minus departures), UN Population Division estimate",primary,https://api.worldbank.org/v2/country/LBN/indicator/SM.POP.NETM?format=json&date=1995:2024&per_page=200,2026-08-26T10:40:56.796Z
1999,LBN,Lebanon,origin,net_migration,SM.POP.NETM,2589,"Net migration (arrivals minus departures), UN Population Division estimate",primary,https://api.worldbank.org/v2/country/LBN/indicator/SM.POP.NETM?format=json&date=1995:2024&per_page=200,2026-08-26T10:40:56.796Z
2000,LBN,Lebanon,origin,net_migration,SM.POP.NETM,455,"Net migration (arrivals minus departures), UN Population Division estimate",primary,https://api.worldbank.org/v2/country/LBN/indicator/SM.POP.NETM?format=json&date=1995:2024&per_page=200,2026-08-26T10:40:56.796Z
2001,LBN,Lebanon,origin,net_migration,SM.POP.NETM,-1094,"Net migration (arrivals minus departures), UN Population Division estimate",primary,https://api.worldbank.org/v2/country/LBN/indicator/SM.POP.NETM?format=json&date=1995:2024&per_page=200,2026-08-26T10:40:56.796Z
2002,LBN,Lebanon,origin,net_migration,SM.POP.NETM,-21543,"Net migration (arrivals minus departures), UN Population Division estimate",primary,https://api.worldbank.org/v2/country/LBN/indicator/SM.POP.NETM?format=json&date=1995:2024&per_page=200,2026-08-26T10:40:56.796Z
2003,LBN,Lebanon,origin,net_migration,SM.POP.NETM,1674,"Net migration (arrivals minus departures), UN Population Division estimate",primary,https://api.worldbank.org/v2/country/LBN/indicator/SM.POP.NETM?format=json&date=1995:2024&per_page=200,2026-08-26T10:40:56.796Z
2004,LBN,Lebanon,origin,net_migration,SM.POP.NETM,4974,"Net migration (arrivals minus departures), UN Population Division estimate",primary,https://api.worldbank.org/v2/country/LBN/indicator/SM.POP.NETM?format=json&date=1995:2024&per_page=200,2026-08-26T10:40:56.796Z
2005,LBN,Lebanon,origin,net_migration,SM.POP.NETM,1224,"Net migration (arrivals minus departures), UN Population Division estimate",primary,https://api.worldbank.org/v2/country/LBN/indicator/SM.POP.NETM?format=json&date=1995:2024&per_page=200,2026-08-26T10:40:56.796Z
2006,LBN,Lebanon,origin,net_migration,SM.POP.NETM,25126,"Net migration (arrivals minus departures), UN Population Division estimate",primary,https://api.worldbank.org/v2/country/LBN/indicator/SM.POP.NETM?format=json&date=1995:2024&per_page=200,2026-08-26T10:40:56.796Z
2007,LBN,Lebanon,origin,net_migration,SM.POP.NETM,27944,"Net migration (arrivals minus departures), UN Population Division estimate",primary,https://api.worldbank.org/v2/country/LBN/indicator/SM.POP.NETM?format=json&date=1995:2024&per_page=200,2026-08-26T10:40:56.796Z
2008,LBN,Lebanon,origin,net_migration,SM.POP.NETM,430,"Net migration (arrivals minus departures), UN Population Division estimate",primary,https://api.worldbank.org/v2/country/LBN/indicator/SM.POP.NETM?format=json&date=1995:2024&per_page=200,2026-08-26T10:40:56.796Z
2009,LBN,Lebanon,origin,net_migration,SM.POP.NETM,-2700,"Net migration (arrivals minus departures), UN Population Division estimate",primary,https://api.worldbank.org/v2/country/LBN/indicator/SM.POP.NETM?format=json&date=1995:2024&per_page=200,2026-08-26T10:40:56.796Z
2010,LBN,Lebanon,origin,net_migration,SM.POP.NETM,-40915,"Net migration (arrivals minus departures), UN Population Division estimate",primary,https://api.worldbank.org/v2/country/LBN/indicator/SM.POP.NETM?format=json&date=1995:2024&per_page=200,2026-08-26T10:40:56.796Z
2011,LBN,Lebanon,origin,net_migration,SM.POP.NETM,2246,"Net migration (arrivals minus departures), UN Population Division estimate",primary,https://api.worldbank.org/v2/country/LBN/indicator/SM.POP.NETM?format=json&date=1995:2024&per_page=200,2026-08-26T10:40:56.796Z
2012,LBN,Lebanon,origin,net_migration,SM.POP.NETM,124427,"Net migration (arrivals minus departures), UN Population Division estimate",primary,https://api.worldbank.org/v2/country/LBN/indicator/SM.POP.NETM?format=json&date=1995:2024&per_page=200,2026-08-26T10:40:56.796Z
2013,LBN,Lebanon,origin,net_migration,SM.POP.NETM,733500,"Net migration (arrivals minus departures), UN Population Division estimate",primary,https://api.worldbank.org/v2/country/LBN/indicator/SM.POP.NETM?format=json&date=1995:2024&per_page=200,2026-08-26T10:40:56.796Z
2014,LBN,Lebanon,origin,net_migration,SM.POP.NETM,301111,"Net migration (arrivals minus departures), UN Population Division estimate",primary,https://api.worldbank.org/v2/country/LBN/indicator/SM.POP.NETM?format=json&date=1995:2024&per_page=200,2026-08-26T10:40:56.796Z
2015,LBN,Lebanon,origin,net_migration,SM.POP.NETM,-239829,"Net migration (arrivals minus departures), UN Population Division estimate",primary,https://api.worldbank.org/v2/country/LBN/indicator/SM.POP.NETM?format=json&date=1995:2024&per_page=200,2026-08-26T10:40:56.796Z
2016,LBN,Lebanon,origin,net_migration,SM.POP.NETM,-247921,"Net migration (arrivals minus departures), UN Population Division estimate",primary,https://api.worldbank.org/v2/country/LBN/indicator/SM.POP.NETM?format=json&date=1995:2024&per_page=200,2026-08-26T10:40:56.796Z
2017,LBN,Lebanon,origin,net_migration,SM.POP.NETM,-253664,"Net migration (arrivals minus departures), UN Population Division estimate",primary,https://api.worldbank.org/v2/country/LBN/indicator/SM.POP.NETM?format=json&date=1995:2024&per_page=200,2026-08-26T10:40:56.796Z
2018,LBN,Lebanon,origin,net_migration,SM.POP.NETM,-259700,"Net migration (arrivals minus departures), UN Population Division estimate",primary,https://api.worldbank.org/v2/country/LBN/indicator/SM.POP.NETM?format=json&date=1995:2024&per_page=200,2026-08-26T10:40:56.796Z
2019,LBN,Lebanon,origin,net_migration,SM.POP.NETM,-266992,"Net migration (arrivals minus departures), UN Population Division estimate",primary,https://api.worldbank.org/v2/country/LBN/indicator/SM.POP.NETM?format=json&date=1995:2024&per_page=200,2026-08-26T10:40:56.796Z
2020,LBN,Lebanon,origin,net_migration,SM.POP.NETM,-47787,"Net migration (arrivals minus departures), UN Population Division estimate",primary,https://api.worldbank.org/v2/country/LBN/indicator/SM.POP.NETM?format=json&date=1995:2024&per_page=200,2026-08-26T10:40:56.796Z
2021,LBN,Lebanon,origin,net_migration,SM.POP.NETM,-27290,"Net migration (arrivals minus departures), UN Population Division estimate",primary,https://api.worldbank.org/v2/country/LBN/indicator/SM.POP.NETM?format=json&date=1995:2024&per_page=200,2026-08-26T10:40:56.796Z
2022,LBN,Lebanon,origin,net_migration,SM.POP.NETM,-27507,"Net migration (arrivals minus departures), UN Population Division estimate",primary,https://api.worldbank.org/v2/country/LBN/indicator/SM.POP.NETM?format=json&date=1995:2024&per_page=200,2026-08-26T10:40:56.796Z
2023,LBN,Lebanon,origin,net_migration,SM.POP.NETM,-34193,"Net migration (arrivals minus departures), UN Population Division estimate",primary,https://api.worldbank.org/v2/country/LBN/indicator/SM.POP.NETM?format=json&date=1995:2024&per_page=200,2026-08-26T10:40:56.796Z
2024,LBN,Lebanon,origin,net_migration,SM.POP.NETM,-17267,"Net migration (arrivals minus departures), UN Population Division estimate",primary,https://api.worldbank.org/v2/country/LBN/indicator/SM.POP.NETM?format=json&date=1995:2024&per_page=200,2026-08-26T10:40:56.796Z
1995,LKA,Sri Lanka,origin,net_migration,SM.POP.NETM,117416,"Net migration (arrivals minus departures), UN Population Division estimate",primary,https://api.worldbank.org/v2/country/LKA/indicator/SM.POP.NETM?format=json&date=1995:2024&per_page=200,2026-08-26T10:40:56.796Z
1996,LKA,Sri Lanka,origin,net_migration,SM.POP.NETM,127236,"Net migration (arrivals minus departures), UN Population Division estimate",primary,https://api.worldbank.org/v2/country/LKA/indicator/SM.POP.NETM?format=json&date=1995:2024&per_page=200,2026-08-26T10:40:56.796Z
1997,LKA,Sri Lanka,origin,net_migration,SM.POP.NETM,135636,"Net migration (arrivals minus departures), UN Population Division estimate",primary,https://api.worldbank.org/v2/country/LKA/indicator/SM.POP.NETM?format=json&date=1995:2024&per_page=200,2026-08-26T10:40:56.796Z
1998,LKA,Sri Lanka,origin,net_migration,SM.POP.NETM,150724,"Net migration (arrivals minus departures), UN Population Division estimate",primary,https://api.worldbank.org/v2/country/LKA/indicator/SM.POP.NETM?format=json&date=1995:2024&per_page=200,2026-08-26T10:40:56.796Z
1999,LKA,Sri Lanka,origin,net_migration,SM.POP.NETM,138799,"Net migration (arrivals minus departures), UN Population Division estimate",primary,https://api.worldbank.org/v2/country/LKA/indicator/SM.POP.NETM?format=json&date=1995:2024&per_page=200,2026-08-26T10:40:56.796Z
2000,LKA,Sri Lanka,origin,net_migration,SM.POP.NETM,123894,"Net migration (arrivals minus departures), UN Population Division estimate",primary,https://api.worldbank.org/v2/country/LKA/indicator/SM.POP.NETM?format=json&date=1995:2024&per_page=200,2026-08-26T10:40:56.796Z
2001,LKA,Sri Lanka,origin,net_migration,SM.POP.NETM,19273,"Net migration (arrivals minus departures), UN Population Division estimate",primary,https://api.worldbank.org/v2/country/LKA/indicator/SM.POP.NETM?format=json&date=1995:2024&per_page=200,2026-08-26T10:40:56.796Z
2002,LKA,Sri Lanka,origin,net_migration,SM.POP.NETM,-105718,"Net migration (arrivals minus departures), UN Population Division estimate",primary,https://api.worldbank.org/v2/country/LKA/indicator/SM.POP.NETM?format=json&date=1995:2024&per_page=200,2026-08-26T10:40:56.796Z
2003,LKA,Sri Lanka,origin,net_migration,SM.POP.NETM,-107573,"Net migration (arrivals minus departures), UN Population Division estimate",primary,https://api.worldbank.org/v2/country/LKA/indicator/SM.POP.NETM?format=json&date=1995:2024&per_page=200,2026-08-26T10:40:56.796Z
2004,LKA,Sri Lanka,origin,net_migration,SM.POP.NETM,-84795,"Net migration (arrivals minus departures), UN Population Division estimate",primary,https://api.worldbank.org/v2/country/LKA/indicator/SM.POP.NETM?format=json&date=1995:2024&per_page=200,2026-08-26T10:40:56.796Z
2005,LKA,Sri Lanka,origin,net_migration,SM.POP.NETM,-118594,"Net migration (arrivals minus departures), UN Population Division estimate",primary,https://api.worldbank.org/v2/country/LKA/indicator/SM.POP.NETM?format=json&date=1995:2024&per_page=200,2026-08-26T10:40:56.796Z
2006,LKA,Sri Lanka,origin,net_migration,SM.POP.NETM,-107045,"Net migration (arrivals minus departures), UN Population Division estimate",primary,https://api.worldbank.org/v2/country/LKA/indicator/SM.POP.NETM?format=json&date=1995:2024&per_page=200,2026-08-26T10:40:56.796Z
2007,LKA,Sri Lanka,origin,net_migration,SM.POP.NETM,-109695,"Net migration (arrivals minus departures), UN Population Division estimate",primary,https://api.worldbank.org/v2/country/LKA/indicator/SM.POP.NETM?format=json&date=1995:2024&per_page=200,2026-08-26T10:40:56.796Z
2008,LKA,Sri Lanka,origin,net_migration,SM.POP.NETM,-97144,"Net migration (arrivals minus departures), UN Population Division estimate",primary,https://api.worldbank.org/v2/country/LKA/indicator/SM.POP.NETM?format=json&date=1995:2024&per_page=200,2026-08-26T10:40:56.796Z
2009,LKA,Sri Lanka,origin,net_migration,SM.POP.NETM,-81130,"Net migration (arrivals minus departures), UN Population Division estimate",primary,https://api.worldbank.org/v2/country/LKA/indicator/SM.POP.NETM?format=json&date=1995:2024&per_page=200,2026-08-26T10:40:56.796Z
2010,LKA,Sri Lanka,origin,net_migration,SM.POP.NETM,-98060,"Net migration (arrivals minus departures), UN Population Division estimate",primary,https://api.worldbank.org/v2/country/LKA/indicator/SM.POP.NETM?format=json&date=1995:2024&per_page=200,2026-08-26T10:40:56.796Z
2011,LKA,Sri Lanka,origin,net_migration,SM.POP.NETM,-90839,"Net migration (arrivals minus departures), UN Population Division estimate",primary,https://api.worldbank.org/v2/country/LKA/indicator/SM.POP.NETM?format=json&date=1995:2024&per_page=200,2026-08-26T10:40:56.796Z
2012,LKA,Sri Lanka,origin,net_migration,SM.POP.NETM,-41955,"Net migration (arrivals minus departures), UN Population Division estimate",primary,https://api.worldbank.org/v2/country/LKA/indicator/SM.POP.NETM?format=json&date=1995:2024&per_page=200,2026-08-26T10:40:56.796Z
2013,LKA,Sri Lanka,origin,net_migration,SM.POP.NETM,-37754,"Net migration (arrivals minus departures), UN Population Division estimate",primary,https://api.worldbank.org/v2/country/LKA/indicator/SM.POP.NETM?format=json&date=1995:2024&per_page=200,2026-08-26T10:40:56.796Z
2014,LKA,Sri Lanka,origin,net_migration,SM.POP.NETM,-33672,"Net migration (arrivals minus departures), UN Population Division estimate",primary,https://api.worldbank.org/v2/country/LKA/indicator/SM.POP.NETM?format=json&date=1995:2024&per_page=200,2026-08-26T10:40:56.796Z
2015,LKA,Sri Lanka,origin,net_migration,SM.POP.NETM,-29797,"Net migration (arrivals minus departures), UN Population Division estimate",primary,https://api.worldbank.org/v2/country/LKA/indicator/SM.POP.NETM?format=json&date=1995:2024&per_page=200,2026-08-26T10:40:56.796Z
2016,LKA,Sri Lanka,origin,net_migration,SM.POP.NETM,-18388,"Net migration (arrivals minus departures), UN Population Division estimate",primary,https://api.worldbank.org/v2/country/LKA/indicator/SM.POP.NETM?format=json&date=1995:2024&per_page=200,2026-08-26T10:40:56.796Z
2017,LKA,Sri Lanka,origin,net_migration,SM.POP.NETM,-22324,"Net migration (arrivals minus departures), UN Population Division estimate",primary,https://api.worldbank.org/v2/country/LKA/indicator/SM.POP.NETM?format=json&date=1995:2024&per_page=200,2026-08-26T10:40:56.796Z
2018,LKA,Sri Lanka,origin,net_migration,SM.POP.NETM,-28607,"Net migration (arrivals minus departures), UN Population Division estimate",primary,https://api.worldbank.org/v2/country/LKA/indicator/SM.POP.NETM?format=json&date=1995:2024&per_page=200,2026-08-26T10:40:56.796Z
2019,LKA,Sri Lanka,origin,net_migration,SM.POP.NETM,-28426,"Net migration (arrivals minus departures), UN Population Division estimate",primary,https://api.worldbank.org/v2/country/LKA/indicator/SM.POP.NETM?format=json&date=1995:2024&per_page=200,2026-08-26T10:40:56.796Z
2020,LKA,Sri Lanka,origin,net_migration,SM.POP.NETM,-29875,"Net migration (arrivals minus departures), UN Population Division estimate",primary,https://api.worldbank.org/v2/country/LKA/indicator/SM.POP.NETM?format=json&date=1995:2024&per_page=200,2026-08-26T10:40:56.796Z
2021,LKA,Sri Lanka,origin,net_migration,SM.POP.NETM,-29586,"Net migration (arrivals minus departures), UN Population Division estimate",primary,https://api.worldbank.org/v2/country/LKA/indicator/SM.POP.NETM?format=json&date=1995:2024&per_page=200,2026-08-26T10:40:56.796Z
2022,LKA,Sri Lanka,origin,net_migration,SM.POP.NETM,-27435,"Net migration (arrivals minus departures), UN Population Division estimate",primary,https://api.worldbank.org/v2/country/LKA/indicator/SM.POP.NETM?format=json&date=1995:2024&per_page=200,2026-08-26T10:40:56.796Z
2023,LKA,Sri Lanka,origin,net_migration,SM.POP.NETM,-28011,"Net migration (arrivals minus departures), UN Population Division estimate",primary,https://api.worldbank.org/v2/country/LKA/indicator/SM.POP.NETM?format=json&date=1995:2024&per_page=200,2026-08-26T10:40:56.796Z
2024,LKA,Sri Lanka,origin,net_migration,SM.POP.NETM,-27245,"Net migration (arrivals minus departures), UN Population Division estimate",primary,https://api.worldbank.org/v2/country/LKA/indicator/SM.POP.NETM?format=json&date=1995:2024&per_page=200,2026-08-26T10:40:56.796Z
1995,MAR,Morocco,origin,net_migration,SM.POP.NETM,-85386,"Net migration (arrivals minus departures), UN Population Division estimate",primary,https://api.worldbank.org/v2/country/MAR/indicator/SM.POP.NETM?format=json&date=1995:2024&per_page=200,2026-08-26T10:40:56.796Z
1996,MAR,Morocco,origin,net_migration,SM.POP.NETM,-95331,"Net migration (arrivals minus departures), UN Population Division estimate",primary,https://api.worldbank.org/v2/country/MAR/indicator/SM.POP.NETM?format=json&date=1995:2024&per_page=200,2026-08-26T10:40:56.796Z
1997,MAR,Morocco,origin,net_migration,SM.POP.NETM,-96502,"Net migration (arrivals minus departures), UN Population Division estimate",primary,https://api.worldbank.org/v2/country/MAR/indicator/SM.POP.NETM?format=json&date=1995:2024&per_page=200,2026-08-26T10:40:56.796Z
1998,MAR,Morocco,origin,net_migration,SM.POP.NETM,-80286,"Net migration (arrivals minus departures), UN Population Division estimate",primary,https://api.worldbank.org/v2/country/MAR/indicator/SM.POP.NETM?format=json&date=1995:2024&per_page=200,2026-08-26T10:40:56.796Z
1999,MAR,Morocco,origin,net_migration,SM.POP.NETM,-74343,"Net migration (arrivals minus departures), UN Population Division estimate",primary,https://api.worldbank.org/v2/country/MAR/indicator/SM.POP.NETM?format=json&date=1995:2024&per_page=200,2026-08-26T10:40:56.796Z
2000,MAR,Morocco,origin,net_migration,SM.POP.NETM,-67569,"Net migration (arrivals minus departures), UN Population Division estimate",primary,https://api.worldbank.org/v2/country/MAR/indicator/SM.POP.NETM?format=json&date=1995:2024&per_page=200,2026-08-26T10:40:56.796Z
2001,MAR,Morocco,origin,net_migration,SM.POP.NETM,-63967,"Net migration (arrivals minus departures), UN Population Division estimate",primary,https://api.worldbank.org/v2/country/MAR/indicator/SM.POP.NETM?format=json&date=1995:2024&per_page=200,2026-08-26T10:40:56.796Z
2002,MAR,Morocco,origin,net_migration,SM.POP.NETM,-67802,"Net migration (arrivals minus departures), UN Population Division estimate",primary,https://api.worldbank.org/v2/country/MAR/indicator/SM.POP.NETM?format=json&date=1995:2024&per_page=200,2026-08-26T10:40:56.796Z
2003,MAR,Morocco,origin,net_migration,SM.POP.NETM,-84460,"Net migration (arrivals minus departures), UN Population Division estimate",primary,https://api.worldbank.org/v2/country/MAR/indicator/SM.POP.NETM?format=json&date=1995:2024&per_page=200,2026-08-26T10:40:56.796Z
2004,MAR,Morocco,origin,net_migration,SM.POP.NETM,-66749,"Net migration (arrivals minus departures), UN Population Division estimate",primary,https://api.worldbank.org/v2/country/MAR/indicator/SM.POP.NETM?format=json&date=1995:2024&per_page=200,2026-08-26T10:40:56.796Z
2005,MAR,Morocco,origin,net_migration,SM.POP.NETM,-59024,"Net migration (arrivals minus departures), UN Population Division estimate",primary,https://api.worldbank.org/v2/country/MAR/indicator/SM.POP.NETM?format=json&date=1995:2024&per_page=200,2026-08-26T10:40:56.796Z
2006,MAR,Morocco,origin,net_migration,SM.POP.NETM,-72364,"Net migration (arrivals minus departures), UN Population Division estimate",primary,https://api.worldbank.org/v2/country/MAR/indicator/SM.POP.NETM?format=json&date=1995:2024&per_page=200,2026-08-26T10:40:56.796Z
2007,MAR,Morocco,origin,net_migration,SM.POP.NETM,-73759,"Net migration (arrivals minus departures), UN Population Division estimate",primary,https://api.worldbank.org/v2/country/MAR/indicator/SM.POP.NETM?format=json&date=1995:2024&per_page=200,2026-08-26T10:40:56.796Z
2008,MAR,Morocco,origin,net_migration,SM.POP.NETM,-78912,"Net migration (arrivals minus departures), UN Population Division estimate",primary,https://api.worldbank.org/v2/country/MAR/indicator/SM.POP.NETM?format=json&date=1995:2024&per_page=200,2026-08-26T10:40:56.796Z
2009,MAR,Morocco,origin,net_migration,SM.POP.NETM,-82203,"Net migration (arrivals minus departures), UN Population Division estimate",primary,https://api.worldbank.org/v2/country/MAR/indicator/SM.POP.NETM?format=json&date=1995:2024&per_page=200,2026-08-26T10:40:56.796Z
2010,MAR,Morocco,origin,net_migration,SM.POP.NETM,-70510,"Net migration (arrivals minus departures), UN Population Division estimate",primary,https://api.worldbank.org/v2/country/MAR/indicator/SM.POP.NETM?format=json&date=1995:2024&per_page=200,2026-08-26T10:40:56.796Z
2011,MAR,Morocco,origin,net_migration,SM.POP.NETM,-67447,"Net migration (arrivals minus departures), UN Population Division estimate",primary,https://api.worldbank.org/v2/country/MAR/indicator/SM.POP.NETM?format=json&date=1995:2024&per_page=200,2026-08-26T10:40:56.796Z
2012,MAR,Morocco,origin,net_migration,SM.POP.NETM,-65251,"Net migration (arrivals minus departures), UN Population Division estimate",primary,https://api.worldbank.org/v2/country/MAR/indicator/SM.POP.NETM?format=json&date=1995:2024&per_page=200,2026-08-26T10:40:56.796Z
2013,MAR,Morocco,origin,net_migration,SM.POP.NETM,-67096,"Net migration (arrivals minus departures), UN Population Division estimate",primary,https://api.worldbank.org/v2/country/MAR/indicator/SM.POP.NETM?format=json&date=1995:2024&per_page=200,2026-08-26T10:40:56.796Z
2014,MAR,Morocco,origin,net_migration,SM.POP.NETM,-72065,"Net migration (arrivals minus departures), UN Population Division estimate",primary,https://api.worldbank.org/v2/country/MAR/indicator/SM.POP.NETM?format=json&date=1995:2024&per_page=200,2026-08-26T10:40:56.796Z
2015,MAR,Morocco,origin,net_migration,SM.POP.NETM,-81248,"Net migration (arrivals minus departures), UN Population Division estimate",primary,https://api.worldbank.org/v2/country/MAR/indicator/SM.POP.NETM?format=json&date=1995:2024&per_page=200,2026-08-26T10:40:56.796Z
2016,MAR,Morocco,origin,net_migration,SM.POP.NETM,-39302,"Net migration (arrivals minus departures), UN Population Division estimate",primary,https://api.worldbank.org/v2/country/MAR/indicator/SM.POP.NETM?format=json&date=1995:2024&per_page=200,2026-08-26T10:40:56.796Z
2017,MAR,Morocco,origin,net_migration,SM.POP.NETM,-60472,"Net migration (arrivals minus departures), UN Population Division estimate",primary,https://api.worldbank.org/v2/country/MAR/indicator/SM.POP.NETM?format=json&date=1995:2024&per_page=200,2026-08-26T10:40:56.796Z
2018,MAR,Morocco,origin,net_migration,SM.POP.NETM,-88159,"Net migration (arrivals minus departures), UN Population Division estimate",primary,https://api.worldbank.org/v2/country/MAR/indicator/SM.POP.NETM?format=json&date=1995:2024&per_page=200,2026-08-26T10:40:56.796Z
2019,MAR,Morocco,origin,net_migration,SM.POP.NETM,-91217,"Net migration (arrivals minus departures), UN Population Division estimate",primary,https://api.worldbank.org/v2/country/MAR/indicator/SM.POP.NETM?format=json&date=1995:2024&per_page=200,2026-08-26T10:40:56.796Z
2020,MAR,Morocco,origin,net_migration,SM.POP.NETM,-35474,"Net migration (arrivals minus departures), UN Population Division estimate",primary,https://api.worldbank.org/v2/country/MAR/indicator/SM.POP.NETM?format=json&date=1995:2024&per_page=200,2026-08-26T10:40:56.796Z
2021,MAR,Morocco,origin,net_migration,SM.POP.NETM,-47902,"Net migration (arrivals minus departures), UN Population Division estimate",primary,https://api.worldbank.org/v2/country/MAR/indicator/SM.POP.NETM?format=json&date=1995:2024&per_page=200,2026-08-26T10:40:56.796Z
2022,MAR,Morocco,origin,net_migration,SM.POP.NETM,-38594,"Net migration (arrivals minus departures), UN Population Division estimate",primary,https://api.worldbank.org/v2/country/MAR/indicator/SM.POP.NETM?format=json&date=1995:2024&per_page=200,2026-08-26T10:40:56.796Z
2023,MAR,Morocco,origin,net_migration,SM.POP.NETM,-39650,"Net migration (arrivals minus departures), UN Population Division estimate",primary,https://api.worldbank.org/v2/country/MAR/indicator/SM.POP.NETM?format=json&date=1995:2024&per_page=200,2026-08-26T10:40:56.796Z
2024,MAR,Morocco,origin,net_migration,SM.POP.NETM,-46802,"Net migration (arrivals minus departures), UN Population Division estimate",primary,https://api.worldbank.org/v2/country/MAR/indicator/SM.POP.NETM?format=json&date=1995:2024&per_page=200,2026-08-26T10:40:56.796Z
1995,NGA,Nigeria,origin,net_migration,SM.POP.NETM,73243,"Net migration (arrivals minus departures), UN Population Division estimate",primary,https://api.worldbank.org/v2/country/NGA/indicator/SM.POP.NETM?format=json&date=1995:2024&per_page=200,2026-08-26T10:40:56.796Z
1996,NGA,Nigeria,origin,net_migration,SM.POP.NETM,84448,"Net migration (arrivals minus departures), UN Population Division estimate",primary,https://api.worldbank.org/v2/country/NGA/indicator/SM.POP.NETM?format=json&date=1995:2024&per_page=200,2026-08-26T10:40:56.796Z
1997,NGA,Nigeria,origin,net_migration,SM.POP.NETM,96885,"Net migration (arrivals minus departures), UN Population Division estimate",primary,https://api.worldbank.org/v2/country/NGA/indicator/SM.POP.NETM?format=json&date=1995:2024&per_page=200,2026-08-26T10:40:56.796Z
1998,NGA,Nigeria,origin,net_migration,SM.POP.NETM,145575,"Net migration (arrivals minus departures), UN Population Division estimate",primary,https://api.worldbank.org/v2/country/NGA/indicator/SM.POP.NETM?format=json&date=1995:2024&per_page=200,2026-08-26T10:40:56.796Z
1999,NGA,Nigeria,origin,net_migration,SM.POP.NETM,97195,"Net migration (arrivals minus departures), UN Population Division estimate",primary,https://api.worldbank.org/v2/country/NGA/indicator/SM.POP.NETM?format=json&date=1995:2024&per_page=200,2026-08-26T10:40:56.796Z
2000,NGA,Nigeria,origin,net_migration,SM.POP.NETM,74535,"Net migration (arrivals minus departures), UN Population Division estimate",primary,https://api.worldbank.org/v2/country/NGA/indicator/SM.POP.NETM?format=json&date=1995:2024&per_page=200,2026-08-26T10:40:56.796Z
2001,NGA,Nigeria,origin,net_migration,SM.POP.NETM,64163,"Net migration (arrivals minus departures), UN Population Division estimate",primary,https://api.worldbank.org/v2/country/NGA/indicator/SM.POP.NETM?format=json&date=1995:2024&per_page=200,2026-08-26T10:40:56.796Z
2002,NGA,Nigeria,origin,net_migration,SM.POP.NETM,69594,"Net migration (arrivals minus departures), UN Population Division estimate",primary,https://api.worldbank.org/v2/country/NGA/indicator/SM.POP.NETM?format=json&date=1995:2024&per_page=200,2026-08-26T10:40:56.796Z
2003,NGA,Nigeria,origin,net_migration,SM.POP.NETM,33857,"Net migration (arrivals minus departures), UN Population Division estimate",primary,https://api.worldbank.org/v2/country/NGA/indicator/SM.POP.NETM?format=json&date=1995:2024&per_page=200,2026-08-26T10:40:56.796Z
2004,NGA,Nigeria,origin,net_migration,SM.POP.NETM,46370,"Net migration (arrivals minus departures), UN Population Division estimate",primary,https://api.worldbank.org/v2/country/NGA/indicator/SM.POP.NETM?format=json&date=1995:2024&per_page=200,2026-08-26T10:40:56.796Z
2005,NGA,Nigeria,origin,net_migration,SM.POP.NETM,-17146,"Net migration (arrivals minus departures), UN Population Division estimate",primary,https://api.worldbank.org/v2/country/NGA/indicator/SM.POP.NETM?format=json&date=1995:2024&per_page=200,2026-08-26T10:40:56.796Z
2006,NGA,Nigeria,origin,net_migration,SM.POP.NETM,-12093,"Net migration (arrivals minus departures), UN Population Division estimate",primary,https://api.worldbank.org/v2/country/NGA/indicator/SM.POP.NETM?format=json&date=1995:2024&per_page=200,2026-08-26T10:40:56.796Z
2007,NGA,Nigeria,origin,net_migration,SM.POP.NETM,-9162,"Net migration (arrivals minus departures), UN Population Division estimate",primary,https://api.worldbank.org/v2/country/NGA/indicator/SM.POP.NETM?format=json&date=1995:2024&per_page=200,2026-08-26T10:40:56.796Z
2008,NGA,Nigeria,origin,net_migration,SM.POP.NETM,-13646,"Net migration (arrivals minus departures), UN Population Division estimate",primary,https://api.worldbank.org/v2/country/NGA/indicator/SM.POP.NETM?format=json&date=1995:2024&per_page=200,2026-08-26T10:40:56.796Z
2009,NGA,Nigeria,origin,net_migration,SM.POP.NETM,-18422,"Net migration (arrivals minus departures), UN Population Division estimate",primary,https://api.worldbank.org/v2/country/NGA/indicator/SM.POP.NETM?format=json&date=1995:2024&per_page=200,2026-08-26T10:40:56.796Z
2010,NGA,Nigeria,origin,net_migration,SM.POP.NETM,47966,"Net migration (arrivals minus departures), UN Population Division estimate",primary,https://api.worldbank.org/v2/country/NGA/indicator/SM.POP.NETM?format=json&date=1995:2024&per_page=200,2026-08-26T10:40:56.796Z
2011,NGA,Nigeria,origin,net_migration,SM.POP.NETM,67808,"Net migration (arrivals minus departures), UN Population Division estimate",primary,https://api.worldbank.org/v2/country/NGA/indicator/SM.POP.NETM?format=json&date=1995:2024&per_page=200,2026-08-26T10:40:56.796Z
2012,NGA,Nigeria,origin,net_migration,SM.POP.NETM,71138,"Net migration (arrivals minus departures), UN Population Division estimate",primary,https://api.worldbank.org/v2/country/NGA/indicator/SM.POP.NETM?format=json&date=1995:2024&per_page=200,2026-08-26T10:40:56.796Z
2013,NGA,Nigeria,origin,net_migration,SM.POP.NETM,40201,"Net migration (arrivals minus departures), UN Population Division estimate",primary,https://api.worldbank.org/v2/country/NGA/indicator/SM.POP.NETM?format=json&date=1995:2024&per_page=200,2026-08-26T10:40:56.796Z
2014,NGA,Nigeria,origin,net_migration,SM.POP.NETM,-19376,"Net migration (arrivals minus departures), UN Population Division estimate",primary,https://api.worldbank.org/v2/country/NGA/indicator/SM.POP.NETM?format=json&date=1995:2024&per_page=200,2026-08-26T10:40:56.796Z
2015,NGA,Nigeria,origin,net_migration,SM.POP.NETM,-116162,"Net migration (arrivals minus departures), UN Population Division estimate",primary,https://api.worldbank.org/v2/country/NGA/indicator/SM.POP.NETM?format=json&date=1995:2024&per_page=200,2026-08-26T10:40:56.796Z
2016,NGA,Nigeria,origin,net_migration,SM.POP.NETM,75265,"Net migration (arrivals minus departures), UN Population Division estimate",primary,https://api.worldbank.org/v2/country/NGA/indicator/SM.POP.NETM?format=json&date=1995:2024&per_page=200,2026-08-26T10:40:56.796Z
2017,NGA,Nigeria,origin,net_migration,SM.POP.NETM,78685,"Net migration (arrivals minus departures), UN Population Division estimate",primary,https://api.worldbank.org/v2/country/NGA/indicator/SM.POP.NETM?format=json&date=1995:2024&per_page=200,2026-08-26T10:40:56.796Z
2018,NGA,Nigeria,origin,net_migration,SM.POP.NETM,-76565,"Net migration (arrivals minus departures), UN Population Division estimate",primary,https://api.worldbank.org/v2/country/NGA/indicator/SM.POP.NETM?format=json&date=1995:2024&per_page=200,2026-08-26T10:40:56.796Z
2019,NGA,Nigeria,origin,net_migration,SM.POP.NETM,-99722,"Net migration (arrivals minus departures), UN Population Division estimate",primary,https://api.worldbank.org/v2/country/NGA/indicator/SM.POP.NETM?format=json&date=1995:2024&per_page=200,2026-08-26T10:40:56.796Z
2020,NGA,Nigeria,origin,net_migration,SM.POP.NETM,-14497,"Net migration (arrivals minus departures), UN Population Division estimate",primary,https://api.worldbank.org/v2/country/NGA/indicator/SM.POP.NETM?format=json&date=1995:2024&per_page=200,2026-08-26T10:40:56.796Z
2021,NGA,Nigeria,origin,net_migration,SM.POP.NETM,-86115,"Net migration (arrivals minus departures), UN Population Division estimate",primary,https://api.worldbank.org/v2/country/NGA/indicator/SM.POP.NETM?format=json&date=1995:2024&per_page=200,2026-08-26T10:40:56.796Z
2022,NGA,Nigeria,origin,net_migration,SM.POP.NETM,-51680,"Net migration (arrivals minus departures), UN Population Division estimate",primary,https://api.worldbank.org/v2/country/NGA/indicator/SM.POP.NETM?format=json&date=1995:2024&per_page=200,2026-08-26T10:40:56.796Z
2023,NGA,Nigeria,origin,net_migration,SM.POP.NETM,-57936,"Net migration (arrivals minus departures), UN Population Division estimate",primary,https://api.worldbank.org/v2/country/NGA/indicator/SM.POP.NETM?format=json&date=1995:2024&per_page=200,2026-08-26T10:40:56.796Z
2024,NGA,Nigeria,origin,net_migration,SM.POP.NETM,-35202,"Net migration (arrivals minus departures), UN Population Division estimate",primary,https://api.worldbank.org/v2/country/NGA/indicator/SM.POP.NETM?format=json&date=1995:2024&per_page=200,2026-08-26T10:40:56.796Z
1995,NPL,Nepal,origin,net_migration,SM.POP.NETM,-86232,"Net migration (arrivals minus departures), UN Population Division estimate",primary,https://api.worldbank.org/v2/country/NPL/indicator/SM.POP.NETM?format=json&date=1995:2024&per_page=200,2026-08-26T10:40:56.796Z
1996,NPL,Nepal,origin,net_migration,SM.POP.NETM,-92307,"Net migration (arrivals minus departures), UN Population Division estimate",primary,https://api.worldbank.org/v2/country/NPL/indicator/SM.POP.NETM?format=json&date=1995:2024&per_page=200,2026-08-26T10:40:56.796Z
1997,NPL,Nepal,origin,net_migration,SM.POP.NETM,-98454,"Net migration (arrivals minus departures), UN Population Division estimate",primary,https://api.worldbank.org/v2/country/NPL/indicator/SM.POP.NETM?format=json&date=1995:2024&per_page=200,2026-08-26T10:40:56.796Z
1998,NPL,Nepal,origin,net_migration,SM.POP.NETM,-108400,"Net migration (arrivals minus departures), UN Population Division estimate",primary,https://api.worldbank.org/v2/country/NPL/indicator/SM.POP.NETM?format=json&date=1995:2024&per_page=200,2026-08-26T10:40:56.796Z
1999,NPL,Nepal,origin,net_migration,SM.POP.NETM,-122551,"Net migration (arrivals minus departures), UN Population Division estimate",primary,https://api.worldbank.org/v2/country/NPL/indicator/SM.POP.NETM?format=json&date=1995:2024&per_page=200,2026-08-26T10:40:56.796Z
2000,NPL,Nepal,origin,net_migration,SM.POP.NETM,-147193,"Net migration (arrivals minus departures), UN Population Division estimate",primary,https://api.worldbank.org/v2/country/NPL/indicator/SM.POP.NETM?format=json&date=1995:2024&per_page=200,2026-08-26T10:40:56.796Z
2001,NPL,Nepal,origin,net_migration,SM.POP.NETM,-148973,"Net migration (arrivals minus departures), UN Population Division estimate",primary,https://api.worldbank.org/v2/country/NPL/indicator/SM.POP.NETM?format=json&date=1995:2024&per_page=200,2026-08-26T10:40:56.796Z
2002,NPL,Nepal,origin,net_migration,SM.POP.NETM,-153730,"Net migration (arrivals minus departures), UN Population Division estimate",primary,https://api.worldbank.org/v2/country/NPL/indicator/SM.POP.NETM?format=json&date=1995:2024&per_page=200,2026-08-26T10:40:56.796Z
2003,NPL,Nepal,origin,net_migration,SM.POP.NETM,-168314,"Net migration (arrivals minus departures), UN Population Division estimate",primary,https://api.worldbank.org/v2/country/NPL/indicator/SM.POP.NETM?format=json&date=1995:2024&per_page=200,2026-08-26T10:40:56.796Z
2004,NPL,Nepal,origin,net_migration,SM.POP.NETM,-197336,"Net migration (arrivals minus departures), UN Population Division estimate",primary,https://api.worldbank.org/v2/country/NPL/indicator/SM.POP.NETM?format=json&date=1995:2024&per_page=200,2026-08-26T10:40:56.796Z
2005,NPL,Nepal,origin,net_migration,SM.POP.NETM,-211024,"Net migration (arrivals minus departures), UN Population Division estimate",primary,https://api.worldbank.org/v2/country/NPL/indicator/SM.POP.NETM?format=json&date=1995:2024&per_page=200,2026-08-26T10:40:56.796Z
2006,NPL,Nepal,origin,net_migration,SM.POP.NETM,-241455,"Net migration (arrivals minus departures), UN Population Division estimate",primary,https://api.worldbank.org/v2/country/NPL/indicator/SM.POP.NETM?format=json&date=1995:2024&per_page=200,2026-08-26T10:40:56.796Z
2007,NPL,Nepal,origin,net_migration,SM.POP.NETM,-252526,"Net migration (arrivals minus departures), UN Population Division estimate",primary,https://api.worldbank.org/v2/country/NPL/indicator/SM.POP.NETM?format=json&date=1995:2024&per_page=200,2026-08-26T10:40:56.796Z
2008,NPL,Nepal,origin,net_migration,SM.POP.NETM,-261540,"Net migration (arrivals minus departures), UN Population Division estimate",primary,https://api.worldbank.org/v2/country/NPL/indicator/SM.POP.NETM?format=json&date=1995:2024&per_page=200,2026-08-26T10:40:56.796Z
2009,NPL,Nepal,origin,net_migration,SM.POP.NETM,-266144,"Net migration (arrivals minus departures), UN Population Division estimate",primary,https://api.worldbank.org/v2/country/NPL/indicator/SM.POP.NETM?format=json&date=1995:2024&per_page=200,2026-08-26T10:40:56.796Z
2010,NPL,Nepal,origin,net_migration,SM.POP.NETM,-269963,"Net migration (arrivals minus departures), UN Population Division estimate",primary,https://api.worldbank.org/v2/country/NPL/indicator/SM.POP.NETM?format=json&date=1995:2024&per_page=200,2026-08-26T10:40:56.796Z
2011,NPL,Nepal,origin,net_migration,SM.POP.NETM,-347552,"Net migration (arrivals minus departures), UN Population Division estimate",primary,https://api.worldbank.org/v2/country/NPL/indicator/SM.POP.NETM?format=json&date=1995:2024&per_page=200,2026-08-26T10:40:56.796Z
2012,NPL,Nepal,origin,net_migration,SM.POP.NETM,-371707,"Net migration (arrivals minus departures), UN Population Division estimate",primary,https://api.worldbank.org/v2/country/NPL/indicator/SM.POP.NETM?format=json&date=1995:2024&per_page=200,2026-08-26T10:40:56.796Z
2013,NPL,Nepal,origin,net_migration,SM.POP.NETM,-373064,"Net migration (arrivals minus departures), UN Population Division estimate",primary,https://api.worldbank.org/v2/country/NPL/indicator/SM.POP.NETM?format=json&date=1995:2024&per_page=200,2026-08-26T10:40:56.796Z
2014,NPL,Nepal,origin,net_migration,SM.POP.NETM,-310156,"Net migration (arrivals minus departures), UN Population Division estimate",primary,https://api.worldbank.org/v2/country/NPL/indicator/SM.POP.NETM?format=json&date=1995:2024&per_page=200,2026-08-26T10:40:56.796Z
2015,NPL,Nepal,origin,net_migration,SM.POP.NETM,-221062,"Net migration (arrivals minus departures), UN Population Division estimate",primary,https://api.worldbank.org/v2/country/NPL/indicator/SM.POP.NETM?format=json&date=1995:2024&per_page=200,2026-08-26T10:40:56.796Z
2016,NPL,Nepal,origin,net_migration,SM.POP.NETM,-341748,"Net migration (arrivals minus departures), UN Population Division estimate",primary,https://api.worldbank.org/v2/country/NPL/indicator/SM.POP.NETM?format=json&date=1995:2024&per_page=200,2026-08-26T10:40:56.796Z
2017,NPL,Nepal,origin,net_migration,SM.POP.NETM,-368787,"Net migration (arrivals minus departures), UN Population Division estimate",primary,https://api.worldbank.org/v2/country/NPL/indicator/SM.POP.NETM?format=json&date=1995:2024&per_page=200,2026-08-26T10:40:56.796Z
2018,NPL,Nepal,origin,net_migration,SM.POP.NETM,-295151,"Net migration (arrivals minus departures), UN Population Division estimate",primary,https://api.worldbank.org/v2/country/NPL/indicator/SM.POP.NETM?format=json&date=1995:2024&per_page=200,2026-08-26T10:40:56.796Z
2019,NPL,Nepal,origin,net_migration,SM.POP.NETM,182203,"Net migration (arrivals minus departures), UN Population Division estimate",primary,https://api.worldbank.org/v2/country/NPL/indicator/SM.POP.NETM?format=json&date=1995:2024&per_page=200,2026-08-26T10:40:56.796Z
2020,NPL,Nepal,origin,net_migration,SM.POP.NETM,162139,"Net migration (arrivals minus departures), UN Population Division estimate",primary,https://api.worldbank.org/v2/country/NPL/indicator/SM.POP.NETM?format=json&date=1995:2024&per_page=200,2026-08-26T10:40:56.796Z
2021,NPL,Nepal,origin,net_migration,SM.POP.NETM,130001,"Net migration (arrivals minus departures), UN Population Division estimate",primary,https://api.worldbank.org/v2/country/NPL/indicator/SM.POP.NETM?format=json&date=1995:2024&per_page=200,2026-08-26T10:40:56.796Z
2022,NPL,Nepal,origin,net_migration,SM.POP.NETM,-379321,"Net migration (arrivals minus departures), UN Population Division estimate",primary,https://api.worldbank.org/v2/country/NPL/indicator/SM.POP.NETM?format=json&date=1995:2024&per_page=200,2026-08-26T10:40:56.796Z
2023,NPL,Nepal,origin,net_migration,SM.POP.NETM,-409782,"Net migration (arrivals minus departures), UN Population Division estimate",primary,https://api.worldbank.org/v2/country/NPL/indicator/SM.POP.NETM?format=json&date=1995:2024&per_page=200,2026-08-26T10:40:56.796Z
2024,NPL,Nepal,origin,net_migration,SM.POP.NETM,-401282,"Net migration (arrivals minus departures), UN Population Division estimate",primary,https://api.worldbank.org/v2/country/NPL/indicator/SM.POP.NETM?format=json&date=1995:2024&per_page=200,2026-08-26T10:40:56.796Z
1995,NZL,New Zealand,reference,net_migration,SM.POP.NETM,26743,"Net migration (arrivals minus departures), UN Population Division estimate",primary,https://api.worldbank.org/v2/country/NZL/indicator/SM.POP.NETM?format=json&date=1995:2024&per_page=200,2026-08-26T10:40:56.796Z
1996,NZL,New Zealand,reference,net_migration,SM.POP.NETM,25169,"Net migration (arrivals minus departures), UN Population Division estimate",primary,https://api.worldbank.org/v2/country/NZL/indicator/SM.POP.NETM?format=json&date=1995:2024&per_page=200,2026-08-26T10:40:56.796Z
1997,NZL,New Zealand,reference,net_migration,SM.POP.NETM,12040,"Net migration (arrivals minus departures), UN Population Division estimate",primary,https://api.worldbank.org/v2/country/NZL/indicator/SM.POP.NETM?format=json&date=1995:2024&per_page=200,2026-08-26T10:40:56.796Z
1998,NZL,New Zealand,reference,net_migration,SM.POP.NETM,-1387,"Net migration (arrivals minus departures), UN Population Division estimate",primary,https://api.worldbank.org/v2/country/NZL/indicator/SM.POP.NETM?format=json&date=1995:2024&per_page=200,2026-08-26T10:40:56.796Z
1999,NZL,New Zealand,reference,net_migration,SM.POP.NETM,-7634,"Net migration (arrivals minus departures), UN Population Division estimate",primary,https://api.worldbank.org/v2/country/NZL/indicator/SM.POP.NETM?format=json&date=1995:2024&per_page=200,2026-08-26T10:40:56.796Z
2000,NZL,New Zealand,reference,net_migration,SM.POP.NETM,-6604,"Net migration (arrivals minus departures), UN Population Division estimate",primary,https://api.worldbank.org/v2/country/NZL/indicator/SM.POP.NETM?format=json&date=1995:2024&per_page=200,2026-08-26T10:40:56.796Z
2001,NZL,New Zealand,reference,net_migration,SM.POP.NETM,17793,"Net migration (arrivals minus departures), UN Population Division estimate",primary,https://api.worldbank.org/v2/country/NZL/indicator/SM.POP.NETM?format=json&date=1995:2024&per_page=200,2026-08-26T10:40:56.796Z
2002,NZL,New Zealand,reference,net_migration,SM.POP.NETM,48195,"Net migration (arrivals minus departures), UN Population Division estimate",primary,https://api.worldbank.org/v2/country/NZL/indicator/SM.POP.NETM?format=json&date=1995:2024&per_page=200,2026-08-26T10:40:56.796Z
2003,NZL,New Zealand,reference,net_migration,SM.POP.NETM,42456,"Net migration (arrivals minus departures), UN Population Division estimate",primary,https://api.worldbank.org/v2/country/NZL/indicator/SM.POP.NETM?format=json&date=1995:2024&per_page=200,2026-08-26T10:40:56.796Z
2004,NZL,New Zealand,reference,net_migration,SM.POP.NETM,24521,"Net migration (arrivals minus departures), UN Population Division estimate",primary,https://api.worldbank.org/v2/country/NZL/indicator/SM.POP.NETM?format=json&date=1995:2024&per_page=200,2026-08-26T10:40:56.796Z
2005,NZL,New Zealand,reference,net_migration,SM.POP.NETM,19212,"Net migration (arrivals minus departures), UN Population Division estimate",primary,https://api.worldbank.org/v2/country/NZL/indicator/SM.POP.NETM?format=json&date=1995:2024&per_page=200,2026-08-26T10:40:56.796Z
2006,NZL,New Zealand,reference,net_migration,SM.POP.NETM,14542,"Net migration (arrivals minus departures), UN Population Division estimate",primary,https://api.worldbank.org/v2/country/NZL/indicator/SM.POP.NETM?format=json&date=1995:2024&per_page=200,2026-08-26T10:40:56.796Z
2007,NZL,New Zealand,reference,net_migration,SM.POP.NETM,3053,"Net migration (arrivals minus departures), UN Population Division estimate",primary,https://api.worldbank.org/v2/country/NZL/indicator/SM.POP.NETM?format=json&date=1995:2024&per_page=200,2026-08-26T10:40:56.796Z
2008,NZL,New Zealand,reference,net_migration,SM.POP.NETM,4804,"Net migration (arrivals minus departures), UN Population Division estimate",primary,https://api.worldbank.org/v2/country/NZL/indicator/SM.POP.NETM?format=json&date=1995:2024&per_page=200,2026-08-26T10:40:56.796Z
2009,NZL,New Zealand,reference,net_migration,SM.POP.NETM,12700,"Net migration (arrivals minus departures), UN Population Division estimate",primary,https://api.worldbank.org/v2/country/NZL/indicator/SM.POP.NETM?format=json&date=1995:2024&per_page=200,2026-08-26T10:40:56.796Z
2010,NZL,New Zealand,reference,net_migration,SM.POP.NETM,6722,"Net migration (arrivals minus departures), UN Population Division estimate",primary,https://api.worldbank.org/v2/country/NZL/indicator/SM.POP.NETM?format=json&date=1995:2024&per_page=200,2026-08-26T10:40:56.796Z
2011,NZL,New Zealand,reference,net_migration,SM.POP.NETM,-2196,"Net migration (arrivals minus departures), UN Population Division estimate",primary,https://api.worldbank.org/v2/country/NZL/indicator/SM.POP.NETM?format=json&date=1995:2024&per_page=200,2026-08-26T10:40:56.796Z
2012,NZL,New Zealand,reference,net_migration,SM.POP.NETM,-1015,"Net migration (arrivals minus departures), UN Population Division estimate",primary,https://api.worldbank.org/v2/country/NZL/indicator/SM.POP.NETM?format=json&date=1995:2024&per_page=200,2026-08-26T10:40:56.796Z
2013,NZL,New Zealand,reference,net_migration,SM.POP.NETM,26385,"Net migration (arrivals minus departures), UN Population Division estimate",primary,https://api.worldbank.org/v2/country/NZL/indicator/SM.POP.NETM?format=json&date=1995:2024&per_page=200,2026-08-26T10:40:56.796Z
2014,NZL,New Zealand,reference,net_migration,SM.POP.NETM,57974,"Net migration (arrivals minus departures), UN Population Division estimate",primary,https://api.worldbank.org/v2/country/NZL/indicator/SM.POP.NETM?format=json&date=1995:2024&per_page=200,2026-08-26T10:40:56.796Z
2015,NZL,New Zealand,reference,net_migration,SM.POP.NETM,70870,"Net migration (arrivals minus departures), UN Population Division estimate",primary,https://api.worldbank.org/v2/country/NZL/indicator/SM.POP.NETM?format=json&date=1995:2024&per_page=200,2026-08-26T10:40:56.796Z
2016,NZL,New Zealand,reference,net_migration,SM.POP.NETM,75512,"Net migration (arrivals minus departures), UN Population Division estimate",primary,https://api.worldbank.org/v2/country/NZL/indicator/SM.POP.NETM?format=json&date=1995:2024&per_page=200,2026-08-26T10:40:56.796Z
2017,NZL,New Zealand,reference,net_migration,SM.POP.NETM,68349,"Net migration (arrivals minus departures), UN Population Division estimate",primary,https://api.worldbank.org/v2/country/NZL/indicator/SM.POP.NETM?format=json&date=1995:2024&per_page=200,2026-08-26T10:40:56.796Z
2018,NZL,New Zealand,reference,net_migration,SM.POP.NETM,59139,"Net migration (arrivals minus departures), UN Population Division estimate",primary,https://api.worldbank.org/v2/country/NZL/indicator/SM.POP.NETM?format=json&date=1995:2024&per_page=200,2026-08-26T10:40:56.796Z
2019,NZL,New Zealand,reference,net_migration,SM.POP.NETM,69770,"Net migration (arrivals minus departures), UN Population Division estimate",primary,https://api.worldbank.org/v2/country/NZL/indicator/SM.POP.NETM?format=json&date=1995:2024&per_page=200,2026-08-26T10:40:56.796Z
2020,NZL,New Zealand,reference,net_migration,SM.POP.NETM,42124,"Net migration (arrivals minus departures), UN Population Division estimate",primary,https://api.worldbank.org/v2/country/NZL/indicator/SM.POP.NETM?format=json&date=1995:2024&per_page=200,2026-08-26T10:40:56.796Z
2021,NZL,New Zealand,reference,net_migration,SM.POP.NETM,-14944,"Net migration (arrivals minus departures), UN Population Division estimate",primary,https://api.worldbank.org/v2/country/NZL/indicator/SM.POP.NETM?format=json&date=1995:2024&per_page=200,2026-08-26T10:40:56.796Z
2022,NZL,New Zealand,reference,net_migration,SM.POP.NETM,21404,"Net migration (arrivals minus departures), UN Population Division estimate",primary,https://api.worldbank.org/v2/country/NZL/indicator/SM.POP.NETM?format=json&date=1995:2024&per_page=200,2026-08-26T10:40:56.796Z
2023,NZL,New Zealand,reference,net_migration,SM.POP.NETM,21404,"Net migration (arrivals minus departures), UN Population Division estimate",primary,https://api.worldbank.org/v2/country/NZL/indicator/SM.POP.NETM?format=json&date=1995:2024&per_page=200,2026-08-26T10:40:56.796Z
2024,NZL,New Zealand,reference,net_migration,SM.POP.NETM,18766,"Net migration (arrivals minus departures), UN Population Division estimate",primary,https://api.worldbank.org/v2/country/NZL/indicator/SM.POP.NETM?format=json&date=1995:2024&per_page=200,2026-08-26T10:40:56.796Z
1995,PAK,Pakistan,origin,net_migration,SM.POP.NETM,11534,"Net migration (arrivals minus departures), UN Population Division estimate",primary,https://api.worldbank.org/v2/country/PAK/indicator/SM.POP.NETM?format=json&date=1995:2024&per_page=200,2026-08-26T10:40:56.796Z
1996,PAK,Pakistan,origin,net_migration,SM.POP.NETM,-60855,"Net migration (arrivals minus departures), UN Population Division estimate",primary,https://api.worldbank.org/v2/country/PAK/indicator/SM.POP.NETM?format=json&date=1995:2024&per_page=200,2026-08-26T10:40:56.796Z
1997,PAK,Pakistan,origin,net_migration,SM.POP.NETM,-55539,"Net migration (arrivals minus departures), UN Population Division estimate",primary,https://api.worldbank.org/v2/country/PAK/indicator/SM.POP.NETM?format=json&date=1995:2024&per_page=200,2026-08-26T10:40:56.796Z
1998,PAK,Pakistan,origin,net_migration,SM.POP.NETM,-112191,"Net migration (arrivals minus departures), UN Population Division estimate",primary,https://api.worldbank.org/v2/country/PAK/indicator/SM.POP.NETM?format=json&date=1995:2024&per_page=200,2026-08-26T10:40:56.796Z
1999,PAK,Pakistan,origin,net_migration,SM.POP.NETM,-134510,"Net migration (arrivals minus departures), UN Population Division estimate",primary,https://api.worldbank.org/v2/country/PAK/indicator/SM.POP.NETM?format=json&date=1995:2024&per_page=200,2026-08-26T10:40:56.796Z
2000,PAK,Pakistan,origin,net_migration,SM.POP.NETM,252869,"Net migration (arrivals minus departures), UN Population Division estimate",primary,https://api.worldbank.org/v2/country/PAK/indicator/SM.POP.NETM?format=json&date=1995:2024&per_page=200,2026-08-26T10:40:56.796Z
2001,PAK,Pakistan,origin,net_migration,SM.POP.NETM,-54727,"Net migration (arrivals minus departures), UN Population Division estimate",primary,https://api.worldbank.org/v2/country/PAK/indicator/SM.POP.NETM?format=json&date=1995:2024&per_page=200,2026-08-26T10:40:56.796Z
2002,PAK,Pakistan,origin,net_migration,SM.POP.NETM,-653758,"Net migration (arrivals minus departures), UN Population Division estimate",primary,https://api.worldbank.org/v2/country/PAK/indicator/SM.POP.NETM?format=json&date=1995:2024&per_page=200,2026-08-26T10:40:56.796Z
2003,PAK,Pakistan,origin,net_migration,SM.POP.NETM,-219118,"Net migration (arrivals minus departures), UN Population Division estimate",primary,https://api.worldbank.org/v2/country/PAK/indicator/SM.POP.NETM?format=json&date=1995:2024&per_page=200,2026-08-26T10:40:56.796Z
2004,PAK,Pakistan,origin,net_migration,SM.POP.NETM,-64669,"Net migration (arrivals minus departures), UN Population Division estimate",primary,https://api.worldbank.org/v2/country/PAK/indicator/SM.POP.NETM?format=json&date=1995:2024&per_page=200,2026-08-26T10:40:56.796Z
2005,PAK,Pakistan,origin,net_migration,SM.POP.NETM,-189899,"Net migration (arrivals minus departures), UN Population Division estimate",primary,https://api.worldbank.org/v2/country/PAK/indicator/SM.POP.NETM?format=json&date=1995:2024&per_page=200,2026-08-26T10:40:56.796Z
2006,PAK,Pakistan,origin,net_migration,SM.POP.NETM,-183933,"Net migration (arrivals minus departures), UN Population Division estimate",primary,https://api.worldbank.org/v2/country/PAK/indicator/SM.POP.NETM?format=json&date=1995:2024&per_page=200,2026-08-26T10:40:56.796Z
2007,PAK,Pakistan,origin,net_migration,SM.POP.NETM,576349,"Net migration (arrivals minus departures), UN Population Division estimate",primary,https://api.worldbank.org/v2/country/PAK/indicator/SM.POP.NETM?format=json&date=1995:2024&per_page=200,2026-08-26T10:40:56.796Z
2008,PAK,Pakistan,origin,net_migration,SM.POP.NETM,-140746,"Net migration (arrivals minus departures), UN Population Division estimate",primary,https://api.worldbank.org/v2/country/PAK/indicator/SM.POP.NETM?format=json&date=1995:2024&per_page=200,2026-08-26T10:40:56.796Z
2009,PAK,Pakistan,origin,net_migration,SM.POP.NETM,-18298,"Net migration (arrivals minus departures), UN Population Division estimate",primary,https://api.worldbank.org/v2/country/PAK/indicator/SM.POP.NETM?format=json&date=1995:2024&per_page=200,2026-08-26T10:40:56.796Z
2010,PAK,Pakistan,origin,net_migration,SM.POP.NETM,-431902,"Net migration (arrivals minus departures), UN Population Division estimate",primary,https://api.worldbank.org/v2/country/PAK/indicator/SM.POP.NETM?format=json&date=1995:2024&per_page=200,2026-08-26T10:40:56.796Z
2011,PAK,Pakistan,origin,net_migration,SM.POP.NETM,-890633,"Net migration (arrivals minus departures), UN Population Division estimate",primary,https://api.worldbank.org/v2/country/PAK/indicator/SM.POP.NETM?format=json&date=1995:2024&per_page=200,2026-08-26T10:40:56.796Z
2012,PAK,Pakistan,origin,net_migration,SM.POP.NETM,-1647989,"Net migration (arrivals minus departures), UN Population Division estimate",primary,https://api.worldbank.org/v2/country/PAK/indicator/SM.POP.NETM?format=json&date=1995:2024&per_page=200,2026-08-26T10:40:56.796Z
2013,PAK,Pakistan,origin,net_migration,SM.POP.NETM,-1906319,"Net migration (arrivals minus departures), UN Population Division estimate",primary,https://api.worldbank.org/v2/country/PAK/indicator/SM.POP.NETM?format=json&date=1995:2024&per_page=200,2026-08-26T10:40:56.796Z
2014,PAK,Pakistan,origin,net_migration,SM.POP.NETM,-2037920,"Net migration (arrivals minus departures), UN Population Division estimate",primary,https://api.worldbank.org/v2/country/PAK/indicator/SM.POP.NETM?format=json&date=1995:2024&per_page=200,2026-08-26T10:40:56.796Z
2015,PAK,Pakistan,origin,net_migration,SM.POP.NETM,-2172162,"Net migration (arrivals minus departures), UN Population Division estimate",primary,https://api.worldbank.org/v2/country/PAK/indicator/SM.POP.NETM?format=json&date=1995:2024&per_page=200,2026-08-26T10:40:56.796Z
2016,PAK,Pakistan,origin,net_migration,SM.POP.NETM,-2290411,"Net migration (arrivals minus departures), UN Population Division estimate",primary,https://api.worldbank.org/v2/country/PAK/indicator/SM.POP.NETM?format=json&date=1995:2024&per_page=200,2026-08-26T10:40:56.796Z
2017,PAK,Pakistan,origin,net_migration,SM.POP.NETM,-1574585,"Net migration (arrivals minus departures), UN Population Division estimate",primary,https://api.worldbank.org/v2/country/PAK/indicator/SM.POP.NETM?format=json&date=1995:2024&per_page=200,2026-08-26T10:40:56.796Z
2018,PAK,Pakistan,origin,net_migration,SM.POP.NETM,-1309611,"Net migration (arrivals minus departures), UN Population Division estimate",primary,https://api.worldbank.org/v2/country/PAK/indicator/SM.POP.NETM?format=json&date=1995:2024&per_page=200,2026-08-26T10:40:56.796Z
2019,PAK,Pakistan,origin,net_migration,SM.POP.NETM,-1177220,"Net migration (arrivals minus departures), UN Population Division estimate",primary,https://api.worldbank.org/v2/country/PAK/indicator/SM.POP.NETM?format=json&date=1995:2024&per_page=200,2026-08-26T10:40:56.796Z
2020,PAK,Pakistan,origin,net_migration,SM.POP.NETM,-559291,"Net migration (arrivals minus departures), UN Population Division estimate",primary,https://api.worldbank.org/v2/country/PAK/indicator/SM.POP.NETM?format=json&date=1995:2024&per_page=200,2026-08-26T10:40:56.796Z
2021,PAK,Pakistan,origin,net_migration,SM.POP.NETM,-565673,"Net migration (arrivals minus departures), UN Population Division estimate",primary,https://api.worldbank.org/v2/country/PAK/indicator/SM.POP.NETM?format=json&date=1995:2024&per_page=200,2026-08-26T10:40:56.796Z
2022,PAK,Pakistan,origin,net_migration,SM.POP.NETM,-1322625,"Net migration (arrivals minus departures), UN Population Division estimate",primary,https://api.worldbank.org/v2/country/PAK/indicator/SM.POP.NETM?format=json&date=1995:2024&per_page=200,2026-08-26T10:40:56.796Z
2023,PAK,Pakistan,origin,net_migration,SM.POP.NETM,-1619557,"Net migration (arrivals minus departures), UN Population Division estimate",primary,https://api.worldbank.org/v2/country/PAK/indicator/SM.POP.NETM?format=json&date=1995:2024&per_page=200,2026-08-26T10:40:56.796Z
2024,PAK,Pakistan,origin,net_migration,SM.POP.NETM,-1401173,"Net migration (arrivals minus departures), UN Population Division estimate",primary,https://api.worldbank.org/v2/country/PAK/indicator/SM.POP.NETM?format=json&date=1995:2024&per_page=200,2026-08-26T10:40:56.796Z
1995,PHL,Philippines,origin,net_migration,SM.POP.NETM,-280327,"Net migration (arrivals minus departures), UN Population Division estimate",primary,https://api.worldbank.org/v2/country/PHL/indicator/SM.POP.NETM?format=json&date=1995:2024&per_page=200,2026-08-26T10:40:56.796Z
1996,PHL,Philippines,origin,net_migration,SM.POP.NETM,-128251,"Net migration (arrivals minus departures), UN Population Division estimate",primary,https://api.worldbank.org/v2/country/PHL/indicator/SM.POP.NETM?format=json&date=1995:2024&per_page=200,2026-08-26T10:40:56.796Z
1997,PHL,Philippines,origin,net_migration,SM.POP.NETM,-145334,"Net migration (arrivals minus departures), UN Population Division estimate",primary,https://api.worldbank.org/v2/country/PHL/indicator/SM.POP.NETM?format=json&date=1995:2024&per_page=200,2026-08-26T10:40:56.796Z
1998,PHL,Philippines,origin,net_migration,SM.POP.NETM,178274,"Net migration (arrivals minus departures), UN Population Division estimate",primary,https://api.worldbank.org/v2/country/PHL/indicator/SM.POP.NETM?format=json&date=1995:2024&per_page=200,2026-08-26T10:40:56.796Z
1999,PHL,Philippines,origin,net_migration,SM.POP.NETM,-18323,"Net migration (arrivals minus departures), UN Population Division estimate",primary,https://api.worldbank.org/v2/country/PHL/indicator/SM.POP.NETM?format=json&date=1995:2024&per_page=200,2026-08-26T10:40:56.796Z
2000,PHL,Philippines,origin,net_migration,SM.POP.NETM,-33868,"Net migration (arrivals minus departures), UN Population Division estimate",primary,https://api.worldbank.org/v2/country/PHL/indicator/SM.POP.NETM?format=json&date=1995:2024&per_page=200,2026-08-26T10:40:56.796Z
2001,PHL,Philippines,origin,net_migration,SM.POP.NETM,-247496,"Net migration (arrivals minus departures), UN Population Division estimate",primary,https://api.worldbank.org/v2/country/PHL/indicator/SM.POP.NETM?format=json&date=1995:2024&per_page=200,2026-08-26T10:40:56.796Z
2002,PHL,Philippines,origin,net_migration,SM.POP.NETM,-268520,"Net migration (arrivals minus departures), UN Population Division estimate",primary,https://api.worldbank.org/v2/country/PHL/indicator/SM.POP.NETM?format=json&date=1995:2024&per_page=200,2026-08-26T10:40:56.796Z
2003,PHL,Philippines,origin,net_migration,SM.POP.NETM,-248066,"Net migration (arrivals minus departures), UN Population Division estimate",primary,https://api.worldbank.org/v2/country/PHL/indicator/SM.POP.NETM?format=json&date=1995:2024&per_page=200,2026-08-26T10:40:56.796Z
2004,PHL,Philippines,origin,net_migration,SM.POP.NETM,-273743,"Net migration (arrivals minus departures), UN Population Division estimate",primary,https://api.worldbank.org/v2/country/PHL/indicator/SM.POP.NETM?format=json&date=1995:2024&per_page=200,2026-08-26T10:40:56.796Z
2005,PHL,Philippines,origin,net_migration,SM.POP.NETM,-326063,"Net migration (arrivals minus departures), UN Population Division estimate",primary,https://api.worldbank.org/v2/country/PHL/indicator/SM.POP.NETM?format=json&date=1995:2024&per_page=200,2026-08-26T10:40:56.796Z
2006,PHL,Philippines,origin,net_migration,SM.POP.NETM,-566647,"Net migration (arrivals minus departures), UN Population Division estimate",primary,https://api.worldbank.org/v2/country/PHL/indicator/SM.POP.NETM?format=json&date=1995:2024&per_page=200,2026-08-26T10:40:56.796Z
2007,PHL,Philippines,origin,net_migration,SM.POP.NETM,-225977,"Net migration (arrivals minus departures), UN Population Division estimate",primary,https://api.worldbank.org/v2/country/PHL/indicator/SM.POP.NETM?format=json&date=1995:2024&per_page=200,2026-08-26T10:40:56.796Z
2008,PHL,Philippines,origin,net_migration,SM.POP.NETM,-498480,"Net migration (arrivals minus departures), UN Population Division estimate",primary,https://api.worldbank.org/v2/country/PHL/indicator/SM.POP.NETM?format=json&date=1995:2024&per_page=200,2026-08-26T10:40:56.796Z
2009,PHL,Philippines,origin,net_migration,SM.POP.NETM,-164411,"Net migration (arrivals minus departures), UN Population Division estimate",primary,https://api.worldbank.org/v2/country/PHL/indicator/SM.POP.NETM?format=json&date=1995:2024&per_page=200,2026-08-26T10:40:56.796Z
2010,PHL,Philippines,origin,net_migration,SM.POP.NETM,13556,"Net migration (arrivals minus departures), UN Population Division estimate",primary,https://api.worldbank.org/v2/country/PHL/indicator/SM.POP.NETM?format=json&date=1995:2024&per_page=200,2026-08-26T10:40:56.796Z
2011,PHL,Philippines,origin,net_migration,SM.POP.NETM,-240005,"Net migration (arrivals minus departures), UN Population Division estimate",primary,https://api.worldbank.org/v2/country/PHL/indicator/SM.POP.NETM?format=json&date=1995:2024&per_page=200,2026-08-26T10:40:56.796Z
2012,PHL,Philippines,origin,net_migration,SM.POP.NETM,95702,"Net migration (arrivals minus departures), UN Population Division estimate",primary,https://api.worldbank.org/v2/country/PHL/indicator/SM.POP.NETM?format=json&date=1995:2024&per_page=200,2026-08-26T10:40:56.796Z
2013,PHL,Philippines,origin,net_migration,SM.POP.NETM,-218439,"Net migration (arrivals minus departures), UN Population Division estimate",primary,https://api.worldbank.org/v2/country/PHL/indicator/SM.POP.NETM?format=json&date=1995:2024&per_page=200,2026-08-26T10:40:56.796Z
2014,PHL,Philippines,origin,net_migration,SM.POP.NETM,-196524,"Net migration (arrivals minus departures), UN Population Division estimate",primary,https://api.worldbank.org/v2/country/PHL/indicator/SM.POP.NETM?format=json&date=1995:2024&per_page=200,2026-08-26T10:40:56.796Z
2015,PHL,Philippines,origin,net_migration,SM.POP.NETM,-390702,"Net migration (arrivals minus departures), UN Population Division estimate",primary,https://api.worldbank.org/v2/country/PHL/indicator/SM.POP.NETM?format=json&date=1995:2024&per_page=200,2026-08-26T10:40:56.796Z
2016,PHL,Philippines,origin,net_migration,SM.POP.NETM,-309251,"Net migration (arrivals minus departures), UN Population Division estimate",primary,https://api.worldbank.org/v2/country/PHL/indicator/SM.POP.NETM?format=json&date=1995:2024&per_page=200,2026-08-26T10:40:56.796Z
2017,PHL,Philippines,origin,net_migration,SM.POP.NETM,-263593,"Net migration (arrivals minus departures), UN Population Division estimate",primary,https://api.worldbank.org/v2/country/PHL/indicator/SM.POP.NETM?format=json&date=1995:2024&per_page=200,2026-08-26T10:40:56.796Z
2018,PHL,Philippines,origin,net_migration,SM.POP.NETM,-163602,"Net migration (arrivals minus departures), UN Population Division estimate",primary,https://api.worldbank.org/v2/country/PHL/indicator/SM.POP.NETM?format=json&date=1995:2024&per_page=200,2026-08-26T10:40:56.796Z
2019,PHL,Philippines,origin,net_migration,SM.POP.NETM,-6208,"Net migration (arrivals minus departures), UN Population Division estimate",primary,https://api.worldbank.org/v2/country/PHL/indicator/SM.POP.NETM?format=json&date=1995:2024&per_page=200,2026-08-26T10:40:56.796Z
2020,PHL,Philippines,origin,net_migration,SM.POP.NETM,-47014,"Net migration (arrivals minus departures), UN Population Division estimate",primary,https://api.worldbank.org/v2/country/PHL/indicator/SM.POP.NETM?format=json&date=1995:2024&per_page=200,2026-08-26T10:40:56.796Z
2021,PHL,Philippines,origin,net_migration,SM.POP.NETM,-85185,"Net migration (arrivals minus departures), UN Population Division estimate",primary,https://api.worldbank.org/v2/country/PHL/indicator/SM.POP.NETM?format=json&date=1995:2024&per_page=200,2026-08-26T10:40:56.796Z
2022,PHL,Philippines,origin,net_migration,SM.POP.NETM,-221754,"Net migration (arrivals minus departures), UN Population Division estimate",primary,https://api.worldbank.org/v2/country/PHL/indicator/SM.POP.NETM?format=json&date=1995:2024&per_page=200,2026-08-26T10:40:56.796Z
2023,PHL,Philippines,origin,net_migration,SM.POP.NETM,-164284,"Net migration (arrivals minus departures), UN Population Division estimate",primary,https://api.worldbank.org/v2/country/PHL/indicator/SM.POP.NETM?format=json&date=1995:2024&per_page=200,2026-08-26T10:40:56.796Z
2024,PHL,Philippines,origin,net_migration,SM.POP.NETM,-160373,"Net migration (arrivals minus departures), UN Population Division estimate",primary,https://api.worldbank.org/v2/country/PHL/indicator/SM.POP.NETM?format=json&date=1995:2024&per_page=200,2026-08-26T10:40:56.796Z
1995,SDN,Sudan,origin,net_migration,SM.POP.NETM,-144670,"Net migration (arrivals minus departures), UN Population Division estimate",primary,https://api.worldbank.org/v2/country/SDN/indicator/SM.POP.NETM?format=json&date=1995:2024&per_page=200,2026-08-26T10:40:56.796Z
1996,SDN,Sudan,origin,net_migration,SM.POP.NETM,-310221,"Net migration (arrivals minus departures), UN Population Division estimate",primary,https://api.worldbank.org/v2/country/SDN/indicator/SM.POP.NETM?format=json&date=1995:2024&per_page=200,2026-08-26T10:40:56.796Z
1997,SDN,Sudan,origin,net_migration,SM.POP.NETM,-148368,"Net migration (arrivals minus departures), UN Population Division estimate",primary,https://api.worldbank.org/v2/country/SDN/indicator/SM.POP.NETM?format=json&date=1995:2024&per_page=200,2026-08-26T10:40:56.796Z
1998,SDN,Sudan,origin,net_migration,SM.POP.NETM,-150271,"Net migration (arrivals minus departures), UN Population Division estimate",primary,https://api.worldbank.org/v2/country/SDN/indicator/SM.POP.NETM?format=json&date=1995:2024&per_page=200,2026-08-26T10:40:56.796Z
1999,SDN,Sudan,origin,net_migration,SM.POP.NETM,-157090,"Net migration (arrivals minus departures), UN Population Division estimate",primary,https://api.worldbank.org/v2/country/SDN/indicator/SM.POP.NETM?format=json&date=1995:2024&per_page=200,2026-08-26T10:40:56.796Z
2000,SDN,Sudan,origin,net_migration,SM.POP.NETM,-165030,"Net migration (arrivals minus departures), UN Population Division estimate",primary,https://api.worldbank.org/v2/country/SDN/indicator/SM.POP.NETM?format=json&date=1995:2024&per_page=200,2026-08-26T10:40:56.796Z
2001,SDN,Sudan,origin,net_migration,SM.POP.NETM,-173745,"Net migration (arrivals minus departures), UN Population Division estimate",primary,https://api.worldbank.org/v2/country/SDN/indicator/SM.POP.NETM?format=json&date=1995:2024&per_page=200,2026-08-26T10:40:56.796Z
2002,SDN,Sudan,origin,net_migration,SM.POP.NETM,-180603,"Net migration (arrivals minus departures), UN Population Division estimate",primary,https://api.worldbank.org/v2/country/SDN/indicator/SM.POP.NETM?format=json&date=1995:2024&per_page=200,2026-08-26T10:40:56.796Z
2003,SDN,Sudan,origin,net_migration,SM.POP.NETM,-281001,"Net migration (arrivals minus departures), UN Population Division estimate",primary,https://api.worldbank.org/v2/country/SDN/indicator/SM.POP.NETM?format=json&date=1995:2024&per_page=200,2026-08-26T10:40:56.796Z
2004,SDN,Sudan,origin,net_migration,SM.POP.NETM,-185392,"Net migration (arrivals minus departures), UN Population Division estimate",primary,https://api.worldbank.org/v2/country/SDN/indicator/SM.POP.NETM?format=json&date=1995:2024&per_page=200,2026-08-26T10:40:56.796Z
2005,SDN,Sudan,origin,net_migration,SM.POP.NETM,-199378,"Net migration (arrivals minus departures), UN Population Division estimate",primary,https://api.worldbank.org/v2/country/SDN/indicator/SM.POP.NETM?format=json&date=1995:2024&per_page=200,2026-08-26T10:40:56.796Z
2006,SDN,Sudan,origin,net_migration,SM.POP.NETM,-211387,"Net migration (arrivals minus departures), UN Population Division estimate",primary,https://api.worldbank.org/v2/country/SDN/indicator/SM.POP.NETM?format=json&date=1995:2024&per_page=200,2026-08-26T10:40:56.796Z
2007,SDN,Sudan,origin,net_migration,SM.POP.NETM,-201769,"Net migration (arrivals minus departures), UN Population Division estimate",primary,https://api.worldbank.org/v2/country/SDN/indicator/SM.POP.NETM?format=json&date=1995:2024&per_page=200,2026-08-26T10:40:56.796Z
2008,SDN,Sudan,origin,net_migration,SM.POP.NETM,-73188,"Net migration (arrivals minus departures), UN Population Division estimate",primary,https://api.worldbank.org/v2/country/SDN/indicator/SM.POP.NETM?format=json&date=1995:2024&per_page=200,2026-08-26T10:40:56.796Z
2009,SDN,Sudan,origin,net_migration,SM.POP.NETM,-80159,"Net migration (arrivals minus departures), UN Population Division estimate",primary,https://api.worldbank.org/v2/country/SDN/indicator/SM.POP.NETM?format=json&date=1995:2024&per_page=200,2026-08-26T10:40:56.796Z
2010,SDN,Sudan,origin,net_migration,SM.POP.NETM,-339466,"Net migration (arrivals minus departures), UN Population Division estimate",primary,https://api.worldbank.org/v2/country/SDN/indicator/SM.POP.NETM?format=json&date=1995:2024&per_page=200,2026-08-26T10:40:56.796Z
2011,SDN,Sudan,origin,net_migration,SM.POP.NETM,-347024,"Net migration (arrivals minus departures), UN Population Division estimate",primary,https://api.worldbank.org/v2/country/SDN/indicator/SM.POP.NETM?format=json&date=1995:2024&per_page=200,2026-08-26T10:40:56.796Z
2012,SDN,Sudan,origin,net_migration,SM.POP.NETM,-232196,"Net migration (arrivals minus departures), UN Population Division estimate",primary,https://api.worldbank.org/v2/country/SDN/indicator/SM.POP.NETM?format=json&date=1995:2024&per_page=200,2026-08-26T10:40:56.796Z
2013,SDN,Sudan,origin,net_migration,SM.POP.NETM,-194001,"Net migration (arrivals minus departures), UN Population Division estimate",primary,https://api.worldbank.org/v2/country/SDN/indicator/SM.POP.NETM?format=json&date=1995:2024&per_page=200,2026-08-26T10:40:56.796Z
2014,SDN,Sudan,origin,net_migration,SM.POP.NETM,92504,"Net migration (arrivals minus departures), UN Population Division estimate",primary,https://api.worldbank.org/v2/country/SDN/indicator/SM.POP.NETM?format=json&date=1995:2024&per_page=200,2026-08-26T10:40:56.796Z
2015,SDN,Sudan,origin,net_migration,SM.POP.NETM,66476,"Net migration (arrivals minus departures), UN Population Division estimate",primary,https://api.worldbank.org/v2/country/SDN/indicator/SM.POP.NETM?format=json&date=1995:2024&per_page=200,2026-08-26T10:40:56.796Z
2016,SDN,Sudan,origin,net_migration,SM.POP.NETM,84728,"Net migration (arrivals minus departures), UN Population Division estimate",primary,https://api.worldbank.org/v2/country/SDN/indicator/SM.POP.NETM?format=json&date=1995:2024&per_page=200,2026-08-26T10:40:56.796Z
2017,SDN,Sudan,origin,net_migration,SM.POP.NETM,441623,"Net migration (arrivals minus departures), UN Population Division estimate",primary,https://api.worldbank.org/v2/country/SDN/indicator/SM.POP.NETM?format=json&date=1995:2024&per_page=200,2026-08-26T10:40:56.796Z
2018,SDN,Sudan,origin,net_migration,SM.POP.NETM,125499,"Net migration (arrivals minus departures), UN Population Division estimate",primary,https://api.worldbank.org/v2/country/SDN/indicator/SM.POP.NETM?format=json&date=1995:2024&per_page=200,2026-08-26T10:40:56.796Z
2019,SDN,Sudan,origin,net_migration,SM.POP.NETM,-39491,"Net migration (arrivals minus departures), UN Population Division estimate",primary,https://api.worldbank.org/v2/country/SDN/indicator/SM.POP.NETM?format=json&date=1995:2024&per_page=200,2026-08-26T10:40:56.796Z
2020,SDN,Sudan,origin,net_migration,SM.POP.NETM,-65933,"Net migration (arrivals minus departures), UN Population Division estimate",primary,https://api.worldbank.org/v2/country/SDN/indicator/SM.POP.NETM?format=json&date=1995:2024&per_page=200,2026-08-26T10:40:56.796Z
2021,SDN,Sudan,origin,net_migration,SM.POP.NETM,31664,"Net migration (arrivals minus departures), UN Population Division estimate",primary,https://api.worldbank.org/v2/country/SDN/indicator/SM.POP.NETM?format=json&date=1995:2024&per_page=200,2026-08-26T10:40:56.796Z
2022,SDN,Sudan,origin,net_migration,SM.POP.NETM,-26668,"Net migration (arrivals minus departures), UN Population Division estimate",primary,https://api.worldbank.org/v2/country/SDN/indicator/SM.POP.NETM?format=json&date=1995:2024&per_page=200,2026-08-26T10:40:56.796Z
2023,SDN,Sudan,origin,net_migration,SM.POP.NETM,-1349998,"Net migration (arrivals minus departures), UN Population Division estimate",primary,https://api.worldbank.org/v2/country/SDN/indicator/SM.POP.NETM?format=json&date=1995:2024&per_page=200,2026-08-26T10:40:56.796Z
2024,SDN,Sudan,origin,net_migration,SM.POP.NETM,-544257,"Net migration (arrivals minus departures), UN Population Division estimate",primary,https://api.worldbank.org/v2/country/SDN/indicator/SM.POP.NETM?format=json&date=1995:2024&per_page=200,2026-08-26T10:40:56.796Z
1995,SOM,Somalia,origin,net_migration,SM.POP.NETM,65888,"Net migration (arrivals minus departures), UN Population Division estimate",primary,https://api.worldbank.org/v2/country/SOM/indicator/SM.POP.NETM?format=json&date=1995:2024&per_page=200,2026-08-26T10:40:56.796Z
1996,SOM,Somalia,origin,net_migration,SM.POP.NETM,-46291,"Net migration (arrivals minus departures), UN Population Division estimate",primary,https://api.worldbank.org/v2/country/SOM/indicator/SM.POP.NETM?format=json&date=1995:2024&per_page=200,2026-08-26T10:40:56.796Z
1997,SOM,Somalia,origin,net_migration,SM.POP.NETM,49692,"Net migration (arrivals minus departures), UN Population Division estimate",primary,https://api.worldbank.org/v2/country/SOM/indicator/SM.POP.NETM?format=json&date=1995:2024&per_page=200,2026-08-26T10:40:56.796Z
1998,SOM,Somalia,origin,net_migration,SM.POP.NETM,55426,"Net migration (arrivals minus departures), UN Population Division estimate",primary,https://api.worldbank.org/v2/country/SOM/indicator/SM.POP.NETM?format=json&date=1995:2024&per_page=200,2026-08-26T10:40:56.796Z
1999,SOM,Somalia,origin,net_migration,SM.POP.NETM,37548,"Net migration (arrivals minus departures), UN Population Division estimate",primary,https://api.worldbank.org/v2/country/SOM/indicator/SM.POP.NETM?format=json&date=1995:2024&per_page=200,2026-08-26T10:40:56.796Z
2000,SOM,Somalia,origin,net_migration,SM.POP.NETM,53580,"Net migration (arrivals minus departures), UN Population Division estimate",primary,https://api.worldbank.org/v2/country/SOM/indicator/SM.POP.NETM?format=json&date=1995:2024&per_page=200,2026-08-26T10:40:56.796Z
2001,SOM,Somalia,origin,net_migration,SM.POP.NETM,40274,"Net migration (arrivals minus departures), UN Population Division estimate",primary,https://api.worldbank.org/v2/country/SOM/indicator/SM.POP.NETM?format=json&date=1995:2024&per_page=200,2026-08-26T10:40:56.796Z
2002,SOM,Somalia,origin,net_migration,SM.POP.NETM,12603,"Net migration (arrivals minus departures), UN Population Division estimate",primary,https://api.worldbank.org/v2/country/SOM/indicator/SM.POP.NETM?format=json&date=1995:2024&per_page=200,2026-08-26T10:40:56.796Z
2003,SOM,Somalia,origin,net_migration,SM.POP.NETM,33174,"Net migration (arrivals minus departures), UN Population Division estimate",primary,https://api.worldbank.org/v2/country/SOM/indicator/SM.POP.NETM?format=json&date=1995:2024&per_page=200,2026-08-26T10:40:56.796Z
2004,SOM,Somalia,origin,net_migration,SM.POP.NETM,17353,"Net migration (arrivals minus departures), UN Population Division estimate",primary,https://api.worldbank.org/v2/country/SOM/indicator/SM.POP.NETM?format=json&date=1995:2024&per_page=200,2026-08-26T10:40:56.796Z
2005,SOM,Somalia,origin,net_migration,SM.POP.NETM,-5955,"Net migration (arrivals minus departures), UN Population Division estimate",primary,https://api.worldbank.org/v2/country/SOM/indicator/SM.POP.NETM?format=json&date=1995:2024&per_page=200,2026-08-26T10:40:56.796Z
2006,SOM,Somalia,origin,net_migration,SM.POP.NETM,-67200,"Net migration (arrivals minus departures), UN Population Division estimate",primary,https://api.worldbank.org/v2/country/SOM/indicator/SM.POP.NETM?format=json&date=1995:2024&per_page=200,2026-08-26T10:40:56.796Z
2007,SOM,Somalia,origin,net_migration,SM.POP.NETM,8476,"Net migration (arrivals minus departures), UN Population Division estimate",primary,https://api.worldbank.org/v2/country/SOM/indicator/SM.POP.NETM?format=json&date=1995:2024&per_page=200,2026-08-26T10:40:56.796Z
2008,SOM,Somalia,origin,net_migration,SM.POP.NETM,-102035,"Net migration (arrivals minus departures), UN Population Division estimate",primary,https://api.worldbank.org/v2/country/SOM/indicator/SM.POP.NETM?format=json&date=1995:2024&per_page=200,2026-08-26T10:40:56.796Z
2009,SOM,Somalia,origin,net_migration,SM.POP.NETM,-101795,"Net migration (arrivals minus departures), UN Population Division estimate",primary,https://api.worldbank.org/v2/country/SOM/indicator/SM.POP.NETM?format=json&date=1995:2024&per_page=200,2026-08-26T10:40:56.796Z
2010,SOM,Somalia,origin,net_migration,SM.POP.NETM,-88448,"Net migration (arrivals minus departures), UN Population Division estimate",primary,https://api.worldbank.org/v2/country/SOM/indicator/SM.POP.NETM?format=json&date=1995:2024&per_page=200,2026-08-26T10:40:56.796Z
2011,SOM,Somalia,origin,net_migration,SM.POP.NETM,-326192,"Net migration (arrivals minus departures), UN Population Division estimate",primary,https://api.worldbank.org/v2/country/SOM/indicator/SM.POP.NETM?format=json&date=1995:2024&per_page=200,2026-08-26T10:40:56.796Z
2012,SOM,Somalia,origin,net_migration,SM.POP.NETM,-51833,"Net migration (arrivals minus departures), UN Population Division estimate",primary,https://api.worldbank.org/v2/country/SOM/indicator/SM.POP.NETM?format=json&date=1995:2024&per_page=200,2026-08-26T10:40:56.796Z
2013,SOM,Somalia,origin,net_migration,SM.POP.NETM,20723,"Net migration (arrivals minus departures), UN Population Division estimate",primary,https://api.worldbank.org/v2/country/SOM/indicator/SM.POP.NETM?format=json&date=1995:2024&per_page=200,2026-08-26T10:40:56.796Z
2014,SOM,Somalia,origin,net_migration,SM.POP.NETM,6065,"Net migration (arrivals minus departures), UN Population Division estimate",primary,https://api.worldbank.org/v2/country/SOM/indicator/SM.POP.NETM?format=json&date=1995:2024&per_page=200,2026-08-26T10:40:56.796Z
2015,SOM,Somalia,origin,net_migration,SM.POP.NETM,-17178,"Net migration (arrivals minus departures), UN Population Division estimate",primary,https://api.worldbank.org/v2/country/SOM/indicator/SM.POP.NETM?format=json&date=1995:2024&per_page=200,2026-08-26T10:40:56.796Z
2016,SOM,Somalia,origin,net_migration,SM.POP.NETM,124017,"Net migration (arrivals minus departures), UN Population Division estimate",primary,https://api.worldbank.org/v2/country/SOM/indicator/SM.POP.NETM?format=json&date=1995:2024&per_page=200,2026-08-26T10:40:56.796Z
2017,SOM,Somalia,origin,net_migration,SM.POP.NETM,38067,"Net migration (arrivals minus departures), UN Population Division estimate",primary,https://api.worldbank.org/v2/country/SOM/indicator/SM.POP.NETM?format=json&date=1995:2024&per_page=200,2026-08-26T10:40:56.796Z
2018,SOM,Somalia,origin,net_migration,SM.POP.NETM,40844,"Net migration (arrivals minus departures), UN Population Division estimate",primary,https://api.worldbank.org/v2/country/SOM/indicator/SM.POP.NETM?format=json&date=1995:2024&per_page=200,2026-08-26T10:40:56.796Z
2019,SOM,Somalia,origin,net_migration,SM.POP.NETM,53124,"Net migration (arrivals minus departures), UN Population Division estimate",primary,https://api.worldbank.org/v2/country/SOM/indicator/SM.POP.NETM?format=json&date=1995:2024&per_page=200,2026-08-26T10:40:56.796Z
2020,SOM,Somalia,origin,net_migration,SM.POP.NETM,77259,"Net migration (arrivals minus departures), UN Population Division estimate",primary,https://api.worldbank.org/v2/country/SOM/indicator/SM.POP.NETM?format=json&date=1995:2024&per_page=200,2026-08-26T10:40:56.796Z
2021,SOM,Somalia,origin,net_migration,SM.POP.NETM,35506,"Net migration (arrivals minus departures), UN Population Division estimate",primary,https://api.worldbank.org/v2/country/SOM/indicator/SM.POP.NETM?format=json&date=1995:2024&per_page=200,2026-08-26T10:40:56.796Z
2022,SOM,Somalia,origin,net_migration,SM.POP.NETM,-92434,"Net migration (arrivals minus departures), UN Population Division estimate",primary,https://api.worldbank.org/v2/country/SOM/indicator/SM.POP.NETM?format=json&date=1995:2024&per_page=200,2026-08-26T10:40:56.796Z
2023,SOM,Somalia,origin,net_migration,SM.POP.NETM,46217,"Net migration (arrivals minus departures), UN Population Division estimate",primary,https://api.worldbank.org/v2/country/SOM/indicator/SM.POP.NETM?format=json&date=1995:2024&per_page=200,2026-08-26T10:40:56.796Z
2024,SOM,Somalia,origin,net_migration,SM.POP.NETM,26859,"Net migration (arrivals minus departures), UN Population Division estimate",primary,https://api.worldbank.org/v2/country/SOM/indicator/SM.POP.NETM?format=json&date=1995:2024&per_page=200,2026-08-26T10:40:56.796Z
1995,VNM,Viet Nam,origin,net_migration,SM.POP.NETM,-51147,"Net migration (arrivals minus departures), UN Population Division estimate",primary,https://api.worldbank.org/v2/country/VNM/indicator/SM.POP.NETM?format=json&date=1995:2024&per_page=200,2026-08-26T10:40:56.796Z
1996,VNM,Viet Nam,origin,net_migration,SM.POP.NETM,-48235,"Net migration (arrivals minus departures), UN Population Division estimate",primary,https://api.worldbank.org/v2/country/VNM/indicator/SM.POP.NETM?format=json&date=1995:2024&per_page=200,2026-08-26T10:40:56.796Z
1997,VNM,Viet Nam,origin,net_migration,SM.POP.NETM,52382,"Net migration (arrivals minus departures), UN Population Division estimate",primary,https://api.worldbank.org/v2/country/VNM/indicator/SM.POP.NETM?format=json&date=1995:2024&per_page=200,2026-08-26T10:40:56.796Z
1998,VNM,Viet Nam,origin,net_migration,SM.POP.NETM,106091,"Net migration (arrivals minus departures), UN Population Division estimate",primary,https://api.worldbank.org/v2/country/VNM/indicator/SM.POP.NETM?format=json&date=1995:2024&per_page=200,2026-08-26T10:40:56.796Z
1999,VNM,Viet Nam,origin,net_migration,SM.POP.NETM,-15010,"Net migration (arrivals minus departures), UN Population Division estimate",primary,https://api.worldbank.org/v2/country/VNM/indicator/SM.POP.NETM?format=json&date=1995:2024&per_page=200,2026-08-26T10:40:56.796Z
2000,VNM,Viet Nam,origin,net_migration,SM.POP.NETM,-144298,"Net migration (arrivals minus departures), UN Population Division estimate",primary,https://api.worldbank.org/v2/country/VNM/indicator/SM.POP.NETM?format=json&date=1995:2024&per_page=200,2026-08-26T10:40:56.796Z
2001,VNM,Viet Nam,origin,net_migration,SM.POP.NETM,-177586,"Net migration (arrivals minus departures), UN Population Division estimate",primary,https://api.worldbank.org/v2/country/VNM/indicator/SM.POP.NETM?format=json&date=1995:2024&per_page=200,2026-08-26T10:40:56.796Z
2002,VNM,Viet Nam,origin,net_migration,SM.POP.NETM,-193766,"Net migration (arrivals minus departures), UN Population Division estimate",primary,https://api.worldbank.org/v2/country/VNM/indicator/SM.POP.NETM?format=json&date=1995:2024&per_page=200,2026-08-26T10:40:56.796Z
2003,VNM,Viet Nam,origin,net_migration,SM.POP.NETM,-216062,"Net migration (arrivals minus departures), UN Population Division estimate",primary,https://api.worldbank.org/v2/country/VNM/indicator/SM.POP.NETM?format=json&date=1995:2024&per_page=200,2026-08-26T10:40:56.796Z
2004,VNM,Viet Nam,origin,net_migration,SM.POP.NETM,-220458,"Net migration (arrivals minus departures), UN Population Division estimate",primary,https://api.worldbank.org/v2/country/VNM/indicator/SM.POP.NETM?format=json&date=1995:2024&per_page=200,2026-08-26T10:40:56.796Z
2005,VNM,Viet Nam,origin,net_migration,SM.POP.NETM,-208337,"Net migration (arrivals minus departures), UN Population Division estimate",primary,https://api.worldbank.org/v2/country/VNM/indicator/SM.POP.NETM?format=json&date=1995:2024&per_page=200,2026-08-26T10:40:56.796Z
2006,VNM,Viet Nam,origin,net_migration,SM.POP.NETM,482399,"Net migration (arrivals minus departures), UN Population Division estimate",primary,https://api.worldbank.org/v2/country/VNM/indicator/SM.POP.NETM?format=json&date=1995:2024&per_page=200,2026-08-26T10:40:56.796Z
2007,VNM,Viet Nam,origin,net_migration,SM.POP.NETM,523784,"Net migration (arrivals minus departures), UN Population Division estimate",primary,https://api.worldbank.org/v2/country/VNM/indicator/SM.POP.NETM?format=json&date=1995:2024&per_page=200,2026-08-26T10:40:56.796Z
2008,VNM,Viet Nam,origin,net_migration,SM.POP.NETM,571113,"Net migration (arrivals minus departures), UN Population Division estimate",primary,https://api.worldbank.org/v2/country/VNM/indicator/SM.POP.NETM?format=json&date=1995:2024&per_page=200,2026-08-26T10:40:56.796Z
2009,VNM,Viet Nam,origin,net_migration,SM.POP.NETM,-18560,"Net migration (arrivals minus departures), UN Population Division estimate",primary,https://api.worldbank.org/v2/country/VNM/indicator/SM.POP.NETM?format=json&date=1995:2024&per_page=200,2026-08-26T10:40:56.796Z
2010,VNM,Viet Nam,origin,net_migration,SM.POP.NETM,-4443,"Net migration (arrivals minus departures), UN Population Division estimate",primary,https://api.worldbank.org/v2/country/VNM/indicator/SM.POP.NETM?format=json&date=1995:2024&per_page=200,2026-08-26T10:40:56.796Z
2011,VNM,Viet Nam,origin,net_migration,SM.POP.NETM,-4602,"Net migration (arrivals minus departures), UN Population Division estimate",primary,https://api.worldbank.org/v2/country/VNM/indicator/SM.POP.NETM?format=json&date=1995:2024&per_page=200,2026-08-26T10:40:56.796Z
2012,VNM,Viet Nam,origin,net_migration,SM.POP.NETM,-4851,"Net migration (arrivals minus departures), UN Population Division estimate",primary,https://api.worldbank.org/v2/country/VNM/indicator/SM.POP.NETM?format=json&date=1995:2024&per_page=200,2026-08-26T10:40:56.796Z
2013,VNM,Viet Nam,origin,net_migration,SM.POP.NETM,-4979,"Net migration (arrivals minus departures), UN Population Division estimate",primary,https://api.worldbank.org/v2/country/VNM/indicator/SM.POP.NETM?format=json&date=1995:2024&per_page=200,2026-08-26T10:40:56.796Z
2014,VNM,Viet Nam,origin,net_migration,SM.POP.NETM,-4894,"Net migration (arrivals minus departures), UN Population Division estimate",primary,https://api.worldbank.org/v2/country/VNM/indicator/SM.POP.NETM?format=json&date=1995:2024&per_page=200,2026-08-26T10:40:56.796Z
2015,VNM,Viet Nam,origin,net_migration,SM.POP.NETM,-4888,"Net migration (arrivals minus departures), UN Population Division estimate",primary,https://api.worldbank.org/v2/country/VNM/indicator/SM.POP.NETM?format=json&date=1995:2024&per_page=200,2026-08-26T10:40:56.796Z
2016,VNM,Viet Nam,origin,net_migration,SM.POP.NETM,167652,"Net migration (arrivals minus departures), UN Population Division estimate",primary,https://api.worldbank.org/v2/country/VNM/indicator/SM.POP.NETM?format=json&date=1995:2024&per_page=200,2026-08-26T10:40:56.796Z
2017,VNM,Viet Nam,origin,net_migration,SM.POP.NETM,139245,"Net migration (arrivals minus departures), UN Population Division estimate",primary,https://api.worldbank.org/v2/country/VNM/indicator/SM.POP.NETM?format=json&date=1995:2024&per_page=200,2026-08-26T10:40:56.796Z
2018,VNM,Viet Nam,origin,net_migration,SM.POP.NETM,96650,"Net migration (arrivals minus departures), UN Population Division estimate",primary,https://api.worldbank.org/v2/country/VNM/indicator/SM.POP.NETM?format=json&date=1995:2024&per_page=200,2026-08-26T10:40:56.796Z
2019,VNM,Viet Nam,origin,net_migration,SM.POP.NETM,-2051,"Net migration (arrivals minus departures), UN Population Division estimate",primary,https://api.worldbank.org/v2/country/VNM/indicator/SM.POP.NETM?format=json&date=1995:2024&per_page=200,2026-08-26T10:40:56.796Z
2020,VNM,Viet Nam,origin,net_migration,SM.POP.NETM,-6457,"Net migration (arrivals minus departures), UN Population Division estimate",primary,https://api.worldbank.org/v2/country/VNM/indicator/SM.POP.NETM?format=json&date=1995:2024&per_page=200,2026-08-26T10:40:56.796Z
2021,VNM,Viet Nam,origin,net_migration,SM.POP.NETM,-5418,"Net migration (arrivals minus departures), UN Population Division estimate",primary,https://api.worldbank.org/v2/country/VNM/indicator/SM.POP.NETM?format=json&date=1995:2024&per_page=200,2026-08-26T10:40:56.796Z
2022,VNM,Viet Nam,origin,net_migration,SM.POP.NETM,-78977,"Net migration (arrivals minus departures), UN Population Division estimate",primary,https://api.worldbank.org/v2/country/VNM/indicator/SM.POP.NETM?format=json&date=1995:2024&per_page=200,2026-08-26T10:40:56.796Z
2023,VNM,Viet Nam,origin,net_migration,SM.POP.NETM,-81789,"Net migration (arrivals minus departures), UN Population Division estimate",primary,https://api.worldbank.org/v2/country/VNM/indicator/SM.POP.NETM?format=json&date=1995:2024&per_page=200,2026-08-26T10:40:56.796Z
2024,VNM,Viet Nam,origin,net_migration,SM.POP.NETM,-59645,"Net migration (arrivals minus departures), UN Population Division estimate",primary,https://api.worldbank.org/v2/country/VNM/indicator/SM.POP.NETM?format=json&date=1995:2024&per_page=200,2026-08-26T10:40:56.796Z
1995,ZAF,South Africa,origin,net_migration,SM.POP.NETM,-98403,"Net migration (arrivals minus departures), UN Population Division estimate",primary,https://api.worldbank.org/v2/country/ZAF/indicator/SM.POP.NETM?format=json&date=1995:2024&per_page=200,2026-08-26T10:40:56.796Z
1996,ZAF,South Africa,origin,net_migration,SM.POP.NETM,-193007,"Net migration (arrivals minus departures), UN Population Division estimate",primary,https://api.worldbank.org/v2/country/ZAF/indicator/SM.POP.NETM?format=json&date=1995:2024&per_page=200,2026-08-26T10:40:56.796Z
1997,ZAF,South Africa,origin,net_migration,SM.POP.NETM,-98181,"Net migration (arrivals minus departures), UN Population Division estimate",primary,https://api.worldbank.org/v2/country/ZAF/indicator/SM.POP.NETM?format=json&date=1995:2024&per_page=200,2026-08-26T10:40:56.796Z
1998,ZAF,South Africa,origin,net_migration,SM.POP.NETM,-82722,"Net migration (arrivals minus departures), UN Population Division estimate",primary,https://api.worldbank.org/v2/country/ZAF/indicator/SM.POP.NETM?format=json&date=1995:2024&per_page=200,2026-08-26T10:40:56.796Z
1999,ZAF,South Africa,origin,net_migration,SM.POP.NETM,-126011,"Net migration (arrivals minus departures), UN Population Division estimate",primary,https://api.worldbank.org/v2/country/ZAF/indicator/SM.POP.NETM?format=json&date=1995:2024&per_page=200,2026-08-26T10:40:56.796Z
2000,ZAF,South Africa,origin,net_migration,SM.POP.NETM,-136794,"Net migration (arrivals minus departures), UN Population Division estimate",primary,https://api.worldbank.org/v2/country/ZAF/indicator/SM.POP.NETM?format=json&date=1995:2024&per_page=200,2026-08-26T10:40:56.796Z
2001,ZAF,South Africa,origin,net_migration,SM.POP.NETM,-60793,"Net migration (arrivals minus departures), UN Population Division estimate",primary,https://api.worldbank.org/v2/country/ZAF/indicator/SM.POP.NETM?format=json&date=1995:2024&per_page=200,2026-08-26T10:40:56.796Z
2002,ZAF,South Africa,origin,net_migration,SM.POP.NETM,50313,"Net migration (arrivals minus departures), UN Population Division estimate",primary,https://api.worldbank.org/v2/country/ZAF/indicator/SM.POP.NETM?format=json&date=1995:2024&per_page=200,2026-08-26T10:40:56.796Z
2003,ZAF,South Africa,origin,net_migration,SM.POP.NETM,65604,"Net migration (arrivals minus departures), UN Population Division estimate",primary,https://api.worldbank.org/v2/country/ZAF/indicator/SM.POP.NETM?format=json&date=1995:2024&per_page=200,2026-08-26T10:40:56.796Z
2004,ZAF,South Africa,origin,net_migration,SM.POP.NETM,58924,"Net migration (arrivals minus departures), UN Population Division estimate",primary,https://api.worldbank.org/v2/country/ZAF/indicator/SM.POP.NETM?format=json&date=1995:2024&per_page=200,2026-08-26T10:40:56.796Z
2005,ZAF,South Africa,origin,net_migration,SM.POP.NETM,31286,"Net migration (arrivals minus departures), UN Population Division estimate",primary,https://api.worldbank.org/v2/country/ZAF/indicator/SM.POP.NETM?format=json&date=1995:2024&per_page=200,2026-08-26T10:40:56.796Z
2006,ZAF,South Africa,origin,net_migration,SM.POP.NETM,33159,"Net migration (arrivals minus departures), UN Population Division estimate",primary,https://api.worldbank.org/v2/country/ZAF/indicator/SM.POP.NETM?format=json&date=1995:2024&per_page=200,2026-08-26T10:40:56.796Z
2007,ZAF,South Africa,origin,net_migration,SM.POP.NETM,36339,"Net migration (arrivals minus departures), UN Population Division estimate",primary,https://api.worldbank.org/v2/country/ZAF/indicator/SM.POP.NETM?format=json&date=1995:2024&per_page=200,2026-08-26T10:40:56.796Z
2008,ZAF,South Africa,origin,net_migration,SM.POP.NETM,36869,"Net migration (arrivals minus departures), UN Population Division estimate",primary,https://api.worldbank.org/v2/country/ZAF/indicator/SM.POP.NETM?format=json&date=1995:2024&per_page=200,2026-08-26T10:40:56.796Z
2009,ZAF,South Africa,origin,net_migration,SM.POP.NETM,41528,"Net migration (arrivals minus departures), UN Population Division estimate",primary,https://api.worldbank.org/v2/country/ZAF/indicator/SM.POP.NETM?format=json&date=1995:2024&per_page=200,2026-08-26T10:40:56.796Z
2010,ZAF,South Africa,origin,net_migration,SM.POP.NETM,68563,"Net migration (arrivals minus departures), UN Population Division estimate",primary,https://api.worldbank.org/v2/country/ZAF/indicator/SM.POP.NETM?format=json&date=1995:2024&per_page=200,2026-08-26T10:40:56.796Z
2011,ZAF,South Africa,origin,net_migration,SM.POP.NETM,65166,"Net migration (arrivals minus departures), UN Population Division estimate",primary,https://api.worldbank.org/v2/country/ZAF/indicator/SM.POP.NETM?format=json&date=1995:2024&per_page=200,2026-08-26T10:40:56.796Z
2012,ZAF,South Africa,origin,net_migration,SM.POP.NETM,264091,"Net migration (arrivals minus departures), UN Population Division estimate",primary,https://api.worldbank.org/v2/country/ZAF/indicator/SM.POP.NETM?format=json&date=1995:2024&per_page=200,2026-08-26T10:40:56.796Z
2013,ZAF,South Africa,origin,net_migration,SM.POP.NETM,232230,"Net migration (arrivals minus departures), UN Population Division estimate",primary,https://api.worldbank.org/v2/country/ZAF/indicator/SM.POP.NETM?format=json&date=1995:2024&per_page=200,2026-08-26T10:40:56.796Z
2014,ZAF,South Africa,origin,net_migration,SM.POP.NETM,272697,"Net migration (arrivals minus departures), UN Population Division estimate",primary,https://api.worldbank.org/v2/country/ZAF/indicator/SM.POP.NETM?format=json&date=1995:2024&per_page=200,2026-08-26T10:40:56.796Z
2015,ZAF,South Africa,origin,net_migration,SM.POP.NETM,641150,"Net migration (arrivals minus departures), UN Population Division estimate",primary,https://api.worldbank.org/v2/country/ZAF/indicator/SM.POP.NETM?format=json&date=1995:2024&per_page=200,2026-08-26T10:40:56.796Z
2016,ZAF,South Africa,origin,net_migration,SM.POP.NETM,-879235,"Net migration (arrivals minus departures), UN Population Division estimate",primary,https://api.worldbank.org/v2/country/ZAF/indicator/SM.POP.NETM?format=json&date=1995:2024&per_page=200,2026-08-26T10:40:56.796Z
2017,ZAF,South Africa,origin,net_migration,SM.POP.NETM,343146,"Net migration (arrivals minus departures), UN Population Division estimate",primary,https://api.worldbank.org/v2/country/ZAF/indicator/SM.POP.NETM?format=json&date=1995:2024&per_page=200,2026-08-26T10:40:56.796Z
2018,ZAF,South Africa,origin,net_migration,SM.POP.NETM,318260,"Net migration (arrivals minus departures), UN Population Division estimate",primary,https://api.worldbank.org/v2/country/ZAF/indicator/SM.POP.NETM?format=json&date=1995:2024&per_page=200,2026-08-26T10:40:56.796Z
2019,ZAF,South Africa,origin,net_migration,SM.POP.NETM,331124,"Net migration (arrivals minus departures), UN Population Division estimate",primary,https://api.worldbank.org/v2/country/ZAF/indicator/SM.POP.NETM?format=json&date=1995:2024&per_page=200,2026-08-26T10:40:56.796Z
2020,ZAF,South Africa,origin,net_migration,SM.POP.NETM,369901,"Net migration (arrivals minus departures), UN Population Division estimate",primary,https://api.worldbank.org/v2/country/ZAF/indicator/SM.POP.NETM?format=json&date=1995:2024&per_page=200,2026-08-26T10:40:56.796Z
2021,ZAF,South Africa,origin,net_migration,SM.POP.NETM,458246,"Net migration (arrivals minus departures), UN Population Division estimate",primary,https://api.worldbank.org/v2/country/ZAF/indicator/SM.POP.NETM?format=json&date=1995:2024&per_page=200,2026-08-26T10:40:56.796Z
2022,ZAF,South Africa,origin,net_migration,SM.POP.NETM,233284,"Net migration (arrivals minus departures), UN Population Division estimate",primary,https://api.worldbank.org/v2/country/ZAF/indicator/SM.POP.NETM?format=json&date=1995:2024&per_page=200,2026-08-26T10:40:56.796Z
2023,ZAF,South Africa,origin,net_migration,SM.POP.NETM,228222,"Net migration (arrivals minus departures), UN Population Division estimate",primary,https://api.worldbank.org/v2/country/ZAF/indicator/SM.POP.NETM?format=json&date=1995:2024&per_page=200,2026-08-26T10:40:56.796Z
2024,ZAF,South Africa,origin,net_migration,SM.POP.NETM,166972,"Net migration (arrivals minus departures), UN Population Division estimate",primary,https://api.worldbank.org/v2/country/ZAF/indicator/SM.POP.NETM?format=json&date=1995:2024&per_page=200,2026-08-26T10:40:56.796Z
