financial_year_ending,visa_group,visa_group_code,migration_type,region,persons,unit,source_tier,source_url,source_retrieved_at
2015,Australian Citizen,14,NOM arrivals,Australia,71680,Persons,primary,"https://data.api.abs.gov.au/rest/data/ABS,ABS_NOM_VISA_FY,1.0.0/all?startPeriod=2015&format=csv",2026-08-25T07:40:28.773Z
2015,New Zealand Citizen (subclass 444),13,NOM arrivals,Australia,31750,Persons,primary,"https://data.api.abs.gov.au/rest/data/ABS,ABS_NOM_VISA_FY,1.0.0/all?startPeriod=2015&format=csv",2026-08-25T07:40:28.773Z
2015,Other Visas,17,NOM arrivals,Australia,7400,Persons,primary,"https://data.api.abs.gov.au/rest/data/ABS,ABS_NOM_VISA_FY,1.0.0/all?startPeriod=2015&format=csv",2026-08-25T07:40:28.773Z
2015,Permanent visa - Family,10,NOM arrivals,Australia,32050,Persons,primary,"https://data.api.abs.gov.au/rest/data/ABS,ABS_NOM_VISA_FY,1.0.0/all?startPeriod=2015&format=csv",2026-08-25T07:40:28.773Z
2015,Permanent visa - Other permanent visas,15,NOM arrivals,Australia,5510,Persons,primary,"https://data.api.abs.gov.au/rest/data/ABS,ABS_NOM_VISA_FY,1.0.0/all?startPeriod=2015&format=csv",2026-08-25T07:40:28.773Z
2015,Permanent visa - Skill,11,NOM arrivals,Australia,42240,Persons,primary,"https://data.api.abs.gov.au/rest/data/ABS,ABS_NOM_VISA_FY,1.0.0/all?startPeriod=2015&format=csv",2026-08-25T07:40:28.773Z
2015,Permanent visa - Special Eligibility and humanitarian,12,NOM arrivals,Australia,11690,Persons,primary,"https://data.api.abs.gov.au/rest/data/ABS,ABS_NOM_VISA_FY,1.0.0/all?startPeriod=2015&format=csv",2026-08-25T07:40:28.773Z
2015,Permanent visa - Total,9,NOM arrivals,Australia,91490,Persons,primary,"https://data.api.abs.gov.au/rest/data/ABS,ABS_NOM_VISA_FY,1.0.0/all?startPeriod=2015&format=csv",2026-08-25T07:40:28.773Z
2015,Temporary visa - Higher education sector,3,NOM arrivals,Australia,85070,Persons,primary,"https://data.api.abs.gov.au/rest/data/ABS,ABS_NOM_VISA_FY,1.0.0/all?startPeriod=2015&format=csv",2026-08-25T07:40:28.773Z
2015,Temporary visa - Other temporary visas,8,NOM arrivals,Australia,7480,Persons,primary,"https://data.api.abs.gov.au/rest/data/ABS,ABS_NOM_VISA_FY,1.0.0/all?startPeriod=2015&format=csv",2026-08-25T07:40:28.773Z
2015,Temporary visa - Student other,4,NOM arrivals,Australia,25870,Persons,primary,"https://data.api.abs.gov.au/rest/data/ABS,ABS_NOM_VISA_FY,1.0.0/all?startPeriod=2015&format=csv",2026-08-25T07:40:28.773Z
2015,Temporary visa - Temporary work (skilled),5,NOM arrivals,Australia,31490,Persons,primary,"https://data.api.abs.gov.au/rest/data/ABS,ABS_NOM_VISA_FY,1.0.0/all?startPeriod=2015&format=csv",2026-08-25T07:40:28.773Z
2015,Temporary visa - Total,1,NOM arrivals,Australia,262930,Persons,primary,"https://data.api.abs.gov.au/rest/data/ABS,ABS_NOM_VISA_FY,1.0.0/all?startPeriod=2015&format=csv",2026-08-25T07:40:28.773Z
2015,Temporary visa - Visitor,6,NOM arrivals,Australia,50240,Persons,primary,"https://data.api.abs.gov.au/rest/data/ABS,ABS_NOM_VISA_FY,1.0.0/all?startPeriod=2015&format=csv",2026-08-25T07:40:28.773Z
2015,Temporary visa - Vocational Education and Training sector,2,NOM arrivals,Australia,11180,Persons,primary,"https://data.api.abs.gov.au/rest/data/ABS,ABS_NOM_VISA_FY,1.0.0/all?startPeriod=2015&format=csv",2026-08-25T07:40:28.773Z
2015,Temporary visa - Working Holiday,7,NOM arrivals,Australia,51600,Persons,primary,"https://data.api.abs.gov.au/rest/data/ABS,ABS_NOM_VISA_FY,1.0.0/all?startPeriod=2015&format=csv",2026-08-25T07:40:28.773Z
2015,Total,16,NOM arrivals,Australia,465250,Persons,primary,"https://data.api.abs.gov.au/rest/data/ABS,ABS_NOM_VISA_FY,1.0.0/all?startPeriod=2015&format=csv",2026-08-25T07:40:28.773Z
2015,Australian Citizen,14,NOM departures,Australia,97570,Persons,primary,"https://data.api.abs.gov.au/rest/data/ABS,ABS_NOM_VISA_FY,1.0.0/all?startPeriod=2015&format=csv",2026-08-25T07:40:28.773Z
2015,New Zealand Citizen (subclass 444),13,NOM departures,Australia,27080,Persons,primary,"https://data.api.abs.gov.au/rest/data/ABS,ABS_NOM_VISA_FY,1.0.0/all?startPeriod=2015&format=csv",2026-08-25T07:40:28.773Z
2015,Other Visas,17,NOM departures,Australia,7230,Persons,primary,"https://data.api.abs.gov.au/rest/data/ABS,ABS_NOM_VISA_FY,1.0.0/all?startPeriod=2015&format=csv",2026-08-25T07:40:28.773Z
2015,Permanent visa - Family,10,NOM departures,Australia,6150,Persons,primary,"https://data.api.abs.gov.au/rest/data/ABS,ABS_NOM_VISA_FY,1.0.0/all?startPeriod=2015&format=csv",2026-08-25T07:40:28.773Z
2015,Permanent visa - Other permanent visas,15,NOM departures,Australia,6350,Persons,primary,"https://data.api.abs.gov.au/rest/data/ABS,ABS_NOM_VISA_FY,1.0.0/all?startPeriod=2015&format=csv",2026-08-25T07:40:28.773Z
2015,Permanent visa - Skill,11,NOM departures,Australia,8640,Persons,primary,"https://data.api.abs.gov.au/rest/data/ABS,ABS_NOM_VISA_FY,1.0.0/all?startPeriod=2015&format=csv",2026-08-25T07:40:28.773Z
2015,Permanent visa - Special Eligibility and humanitarian,12,NOM departures,Australia,140,Persons,primary,"https://data.api.abs.gov.au/rest/data/ABS,ABS_NOM_VISA_FY,1.0.0/all?startPeriod=2015&format=csv",2026-08-25T07:40:28.773Z
2015,Permanent visa - Total,9,NOM departures,Australia,21280,Persons,primary,"https://data.api.abs.gov.au/rest/data/ABS,ABS_NOM_VISA_FY,1.0.0/all?startPeriod=2015&format=csv",2026-08-25T07:40:28.773Z
2015,Temporary visa - Higher education sector,3,NOM departures,Australia,25330,Persons,primary,"https://data.api.abs.gov.au/rest/data/ABS,ABS_NOM_VISA_FY,1.0.0/all?startPeriod=2015&format=csv",2026-08-25T07:40:28.773Z
2015,Temporary visa - Other temporary visas,8,NOM departures,Australia,20900,Persons,primary,"https://data.api.abs.gov.au/rest/data/ABS,ABS_NOM_VISA_FY,1.0.0/all?startPeriod=2015&format=csv",2026-08-25T07:40:28.773Z
2015,Temporary visa - Student other,4,NOM departures,Australia,10990,Persons,primary,"https://data.api.abs.gov.au/rest/data/ABS,ABS_NOM_VISA_FY,1.0.0/all?startPeriod=2015&format=csv",2026-08-25T07:40:28.773Z
2015,Temporary visa - Temporary work (skilled),5,NOM departures,Australia,21410,Persons,primary,"https://data.api.abs.gov.au/rest/data/ABS,ABS_NOM_VISA_FY,1.0.0/all?startPeriod=2015&format=csv",2026-08-25T07:40:28.773Z
2015,Temporary visa - Total,1,NOM departures,Australia,128060,Persons,primary,"https://data.api.abs.gov.au/rest/data/ABS,ABS_NOM_VISA_FY,1.0.0/all?startPeriod=2015&format=csv",2026-08-25T07:40:28.773Z
2015,Temporary visa - Visitor,6,NOM departures,Australia,12200,Persons,primary,"https://data.api.abs.gov.au/rest/data/ABS,ABS_NOM_VISA_FY,1.0.0/all?startPeriod=2015&format=csv",2026-08-25T07:40:28.773Z
2015,Temporary visa - Vocational Education and Training sector,2,NOM departures,Australia,8720,Persons,primary,"https://data.api.abs.gov.au/rest/data/ABS,ABS_NOM_VISA_FY,1.0.0/all?startPeriod=2015&format=csv",2026-08-25T07:40:28.773Z
2015,Temporary visa - Working Holiday,7,NOM departures,Australia,28510,Persons,primary,"https://data.api.abs.gov.au/rest/data/ABS,ABS_NOM_VISA_FY,1.0.0/all?startPeriod=2015&format=csv",2026-08-25T07:40:28.773Z
2015,Total,16,NOM departures,Australia,281220,Persons,primary,"https://data.api.abs.gov.au/rest/data/ABS,ABS_NOM_VISA_FY,1.0.0/all?startPeriod=2015&format=csv",2026-08-25T07:40:28.773Z
2015,Australian Citizen,14,NOM arrivals,Australian Capital Territory,2140,Persons,primary,"https://data.api.abs.gov.au/rest/data/ABS,ABS_NOM_VISA_FY,1.0.0/all?startPeriod=2015&format=csv",2026-08-25T07:40:28.773Z
2015,New Zealand Citizen (subclass 444),13,NOM arrivals,Australian Capital Territory,290,Persons,primary,"https://data.api.abs.gov.au/rest/data/ABS,ABS_NOM_VISA_FY,1.0.0/all?startPeriod=2015&format=csv",2026-08-25T07:40:28.773Z
2015,Other Visas,17,NOM arrivals,Australian Capital Territory,160,Persons,primary,"https://data.api.abs.gov.au/rest/data/ABS,ABS_NOM_VISA_FY,1.0.0/all?startPeriod=2015&format=csv",2026-08-25T07:40:28.773Z
2015,Permanent visa - Family,10,NOM arrivals,Australian Capital Territory,520,Persons,primary,"https://data.api.abs.gov.au/rest/data/ABS,ABS_NOM_VISA_FY,1.0.0/all?startPeriod=2015&format=csv",2026-08-25T07:40:28.773Z
2015,Permanent visa - Other permanent visas,15,NOM arrivals,Australian Capital Territory,70,Persons,primary,"https://data.api.abs.gov.au/rest/data/ABS,ABS_NOM_VISA_FY,1.0.0/all?startPeriod=2015&format=csv",2026-08-25T07:40:28.773Z
2015,Permanent visa - Skill,11,NOM arrivals,Australian Capital Territory,1110,Persons,primary,"https://data.api.abs.gov.au/rest/data/ABS,ABS_NOM_VISA_FY,1.0.0/all?startPeriod=2015&format=csv",2026-08-25T07:40:28.773Z
2015,Permanent visa - Special Eligibility and humanitarian,12,NOM arrivals,Australian Capital Territory,120,Persons,primary,"https://data.api.abs.gov.au/rest/data/ABS,ABS_NOM_VISA_FY,1.0.0/all?startPeriod=2015&format=csv",2026-08-25T07:40:28.773Z
2015,Permanent visa - Total,9,NOM arrivals,Australian Capital Territory,1810,Persons,primary,"https://data.api.abs.gov.au/rest/data/ABS,ABS_NOM_VISA_FY,1.0.0/all?startPeriod=2015&format=csv",2026-08-25T07:40:28.773Z
2015,Temporary visa - Higher education sector,3,NOM arrivals,Australian Capital Territory,2310,Persons,primary,"https://data.api.abs.gov.au/rest/data/ABS,ABS_NOM_VISA_FY,1.0.0/all?startPeriod=2015&format=csv",2026-08-25T07:40:28.773Z
2015,Temporary visa - Other temporary visas,8,NOM arrivals,Australian Capital Territory,280,Persons,primary,"https://data.api.abs.gov.au/rest/data/ABS,ABS_NOM_VISA_FY,1.0.0/all?startPeriod=2015&format=csv",2026-08-25T07:40:28.773Z
2015,Temporary visa - Student other,4,NOM arrivals,Australian Capital Territory,860,Persons,primary,"https://data.api.abs.gov.au/rest/data/ABS,ABS_NOM_VISA_FY,1.0.0/all?startPeriod=2015&format=csv",2026-08-25T07:40:28.773Z
2015,Temporary visa - Temporary work (skilled),5,NOM arrivals,Australian Capital Territory,580,Persons,primary,"https://data.api.abs.gov.au/rest/data/ABS,ABS_NOM_VISA_FY,1.0.0/all?startPeriod=2015&format=csv",2026-08-25T07:40:28.773Z
2015,Temporary visa - Total,1,NOM arrivals,Australian Capital Territory,5120,Persons,primary,"https://data.api.abs.gov.au/rest/data/ABS,ABS_NOM_VISA_FY,1.0.0/all?startPeriod=2015&format=csv",2026-08-25T07:40:28.773Z
2015,Temporary visa - Visitor,6,NOM arrivals,Australian Capital Territory,670,Persons,primary,"https://data.api.abs.gov.au/rest/data/ABS,ABS_NOM_VISA_FY,1.0.0/all?startPeriod=2015&format=csv",2026-08-25T07:40:28.773Z
2015,Temporary visa - Vocational Education and Training sector,2,NOM arrivals,Australian Capital Territory,150,Persons,primary,"https://data.api.abs.gov.au/rest/data/ABS,ABS_NOM_VISA_FY,1.0.0/all?startPeriod=2015&format=csv",2026-08-25T07:40:28.773Z
2015,Temporary visa - Working Holiday,7,NOM arrivals,Australian Capital Territory,270,Persons,primary,"https://data.api.abs.gov.au/rest/data/ABS,ABS_NOM_VISA_FY,1.0.0/all?startPeriod=2015&format=csv",2026-08-25T07:40:28.773Z
2015,Total,16,NOM arrivals,Australian Capital Territory,9520,Persons,primary,"https://data.api.abs.gov.au/rest/data/ABS,ABS_NOM_VISA_FY,1.0.0/all?startPeriod=2015&format=csv",2026-08-25T07:40:28.773Z
2015,Australian Citizen,14,NOM departures,Australian Capital Territory,2790,Persons,primary,"https://data.api.abs.gov.au/rest/data/ABS,ABS_NOM_VISA_FY,1.0.0/all?startPeriod=2015&format=csv",2026-08-25T07:40:28.773Z
2015,New Zealand Citizen (subclass 444),13,NOM departures,Australian Capital Territory,200,Persons,primary,"https://data.api.abs.gov.au/rest/data/ABS,ABS_NOM_VISA_FY,1.0.0/all?startPeriod=2015&format=csv",2026-08-25T07:40:28.773Z
2015,Other Visas,17,NOM departures,Australian Capital Territory,180,Persons,primary,"https://data.api.abs.gov.au/rest/data/ABS,ABS_NOM_VISA_FY,1.0.0/all?startPeriod=2015&format=csv",2026-08-25T07:40:28.773Z
2015,Permanent visa - Family,10,NOM departures,Australian Capital Territory,110,Persons,primary,"https://data.api.abs.gov.au/rest/data/ABS,ABS_NOM_VISA_FY,1.0.0/all?startPeriod=2015&format=csv",2026-08-25T07:40:28.773Z
2015,Permanent visa - Other permanent visas,15,NOM departures,Australian Capital Territory,70,Persons,primary,"https://data.api.abs.gov.au/rest/data/ABS,ABS_NOM_VISA_FY,1.0.0/all?startPeriod=2015&format=csv",2026-08-25T07:40:28.773Z
2015,Permanent visa - Skill,11,NOM departures,Australian Capital Territory,140,Persons,primary,"https://data.api.abs.gov.au/rest/data/ABS,ABS_NOM_VISA_FY,1.0.0/all?startPeriod=2015&format=csv",2026-08-25T07:40:28.773Z
2015,Permanent visa - Special Eligibility and humanitarian,12,NOM departures,Australian Capital Territory,0,Persons,primary,"https://data.api.abs.gov.au/rest/data/ABS,ABS_NOM_VISA_FY,1.0.0/all?startPeriod=2015&format=csv",2026-08-25T07:40:28.773Z
2015,Permanent visa - Total,9,NOM departures,Australian Capital Territory,330,Persons,primary,"https://data.api.abs.gov.au/rest/data/ABS,ABS_NOM_VISA_FY,1.0.0/all?startPeriod=2015&format=csv",2026-08-25T07:40:28.773Z
2015,Temporary visa - Higher education sector,3,NOM departures,Australian Capital Territory,840,Persons,primary,"https://data.api.abs.gov.au/rest/data/ABS,ABS_NOM_VISA_FY,1.0.0/all?startPeriod=2015&format=csv",2026-08-25T07:40:28.773Z
2015,Temporary visa - Other temporary visas,8,NOM departures,Australian Capital Territory,440,Persons,primary,"https://data.api.abs.gov.au/rest/data/ABS,ABS_NOM_VISA_FY,1.0.0/all?startPeriod=2015&format=csv",2026-08-25T07:40:28.773Z
2015,Temporary visa - Student other,4,NOM departures,Australian Capital Territory,620,Persons,primary,"https://data.api.abs.gov.au/rest/data/ABS,ABS_NOM_VISA_FY,1.0.0/all?startPeriod=2015&format=csv",2026-08-25T07:40:28.773Z
2015,Temporary visa - Temporary work (skilled),5,NOM departures,Australian Capital Territory,260,Persons,primary,"https://data.api.abs.gov.au/rest/data/ABS,ABS_NOM_VISA_FY,1.0.0/all?startPeriod=2015&format=csv",2026-08-25T07:40:28.773Z
2015,Temporary visa - Total,1,NOM departures,Australian Capital Territory,2520,Persons,primary,"https://data.api.abs.gov.au/rest/data/ABS,ABS_NOM_VISA_FY,1.0.0/all?startPeriod=2015&format=csv",2026-08-25T07:40:28.773Z
2015,Temporary visa - Visitor,6,NOM departures,Australian Capital Territory,130,Persons,primary,"https://data.api.abs.gov.au/rest/data/ABS,ABS_NOM_VISA_FY,1.0.0/all?startPeriod=2015&format=csv",2026-08-25T07:40:28.773Z
2015,Temporary visa - Vocational Education and Training sector,2,NOM departures,Australian Capital Territory,80,Persons,primary,"https://data.api.abs.gov.au/rest/data/ABS,ABS_NOM_VISA_FY,1.0.0/all?startPeriod=2015&format=csv",2026-08-25T07:40:28.773Z
2015,Temporary visa - Working Holiday,7,NOM departures,Australian Capital Territory,140,Persons,primary,"https://data.api.abs.gov.au/rest/data/ABS,ABS_NOM_VISA_FY,1.0.0/all?startPeriod=2015&format=csv",2026-08-25T07:40:28.773Z
2015,Total,16,NOM departures,Australian Capital Territory,6020,Persons,primary,"https://data.api.abs.gov.au/rest/data/ABS,ABS_NOM_VISA_FY,1.0.0/all?startPeriod=2015&format=csv",2026-08-25T07:40:28.773Z
2015,Australian Citizen,14,NOM arrivals,New South Wales,25690,Persons,primary,"https://data.api.abs.gov.au/rest/data/ABS,ABS_NOM_VISA_FY,1.0.0/all?startPeriod=2015&format=csv",2026-08-25T07:40:28.773Z
2015,New Zealand Citizen (subclass 444),13,NOM arrivals,New South Wales,7740,Persons,primary,"https://data.api.abs.gov.au/rest/data/ABS,ABS_NOM_VISA_FY,1.0.0/all?startPeriod=2015&format=csv",2026-08-25T07:40:28.773Z
2015,Other Visas,17,NOM arrivals,New South Wales,1450,Persons,primary,"https://data.api.abs.gov.au/rest/data/ABS,ABS_NOM_VISA_FY,1.0.0/all?startPeriod=2015&format=csv",2026-08-25T07:40:28.773Z
2015,Permanent visa - Family,10,NOM arrivals,New South Wales,11770,Persons,primary,"https://data.api.abs.gov.au/rest/data/ABS,ABS_NOM_VISA_FY,1.0.0/all?startPeriod=2015&format=csv",2026-08-25T07:40:28.773Z
2015,Permanent visa - Other permanent visas,15,NOM arrivals,New South Wales,2020,Persons,primary,"https://data.api.abs.gov.au/rest/data/ABS,ABS_NOM_VISA_FY,1.0.0/all?startPeriod=2015&format=csv",2026-08-25T07:40:28.773Z
2015,Permanent visa - Skill,11,NOM arrivals,New South Wales,12290,Persons,primary,"https://data.api.abs.gov.au/rest/data/ABS,ABS_NOM_VISA_FY,1.0.0/all?startPeriod=2015&format=csv",2026-08-25T07:40:28.773Z
2015,Permanent visa - Special Eligibility and humanitarian,12,NOM arrivals,New South Wales,4770,Persons,primary,"https://data.api.abs.gov.au/rest/data/ABS,ABS_NOM_VISA_FY,1.0.0/all?startPeriod=2015&format=csv",2026-08-25T07:40:28.773Z
2015,Permanent visa - Total,9,NOM arrivals,New South Wales,30850,Persons,primary,"https://data.api.abs.gov.au/rest/data/ABS,ABS_NOM_VISA_FY,1.0.0/all?startPeriod=2015&format=csv",2026-08-25T07:40:28.773Z
2015,Temporary visa - Higher education sector,3,NOM arrivals,New South Wales,31120,Persons,primary,"https://data.api.abs.gov.au/rest/data/ABS,ABS_NOM_VISA_FY,1.0.0/all?startPeriod=2015&format=csv",2026-08-25T07:40:28.773Z
2015,Temporary visa - Other temporary visas,8,NOM arrivals,New South Wales,2540,Persons,primary,"https://data.api.abs.gov.au/rest/data/ABS,ABS_NOM_VISA_FY,1.0.0/all?startPeriod=2015&format=csv",2026-08-25T07:40:28.773Z
2015,Temporary visa - Student other,4,NOM arrivals,New South Wales,8420,Persons,primary,"https://data.api.abs.gov.au/rest/data/ABS,ABS_NOM_VISA_FY,1.0.0/all?startPeriod=2015&format=csv",2026-08-25T07:40:28.773Z
2015,Temporary visa - Temporary work (skilled),5,NOM arrivals,New South Wales,12100,Persons,primary,"https://data.api.abs.gov.au/rest/data/ABS,ABS_NOM_VISA_FY,1.0.0/all?startPeriod=2015&format=csv",2026-08-25T07:40:28.773Z
2015,Temporary visa - Total,1,NOM arrivals,New South Wales,95180,Persons,primary,"https://data.api.abs.gov.au/rest/data/ABS,ABS_NOM_VISA_FY,1.0.0/all?startPeriod=2015&format=csv",2026-08-25T07:40:28.773Z
2015,Temporary visa - Visitor,6,NOM arrivals,New South Wales,18280,Persons,primary,"https://data.api.abs.gov.au/rest/data/ABS,ABS_NOM_VISA_FY,1.0.0/all?startPeriod=2015&format=csv",2026-08-25T07:40:28.773Z
2015,Temporary visa - Vocational Education and Training sector,2,NOM arrivals,New South Wales,5420,Persons,primary,"https://data.api.abs.gov.au/rest/data/ABS,ABS_NOM_VISA_FY,1.0.0/all?startPeriod=2015&format=csv",2026-08-25T07:40:28.773Z
2015,Temporary visa - Working Holiday,7,NOM arrivals,New South Wales,17310,Persons,primary,"https://data.api.abs.gov.au/rest/data/ABS,ABS_NOM_VISA_FY,1.0.0/all?startPeriod=2015&format=csv",2026-08-25T07:40:28.773Z
2015,Total,16,NOM arrivals,New South Wales,160910,Persons,primary,"https://data.api.abs.gov.au/rest/data/ABS,ABS_NOM_VISA_FY,1.0.0/all?startPeriod=2015&format=csv",2026-08-25T07:40:28.773Z
2015,Australian Citizen,14,NOM departures,New South Wales,34220,Persons,primary,"https://data.api.abs.gov.au/rest/data/ABS,ABS_NOM_VISA_FY,1.0.0/all?startPeriod=2015&format=csv",2026-08-25T07:40:28.773Z
2015,New Zealand Citizen (subclass 444),13,NOM departures,New South Wales,5740,Persons,primary,"https://data.api.abs.gov.au/rest/data/ABS,ABS_NOM_VISA_FY,1.0.0/all?startPeriod=2015&format=csv",2026-08-25T07:40:28.773Z
2015,Other Visas,17,NOM departures,New South Wales,1910,Persons,primary,"https://data.api.abs.gov.au/rest/data/ABS,ABS_NOM_VISA_FY,1.0.0/all?startPeriod=2015&format=csv",2026-08-25T07:40:28.773Z
2015,Permanent visa - Family,10,NOM departures,New South Wales,2240,Persons,primary,"https://data.api.abs.gov.au/rest/data/ABS,ABS_NOM_VISA_FY,1.0.0/all?startPeriod=2015&format=csv",2026-08-25T07:40:28.773Z
2015,Permanent visa - Other permanent visas,15,NOM departures,New South Wales,2400,Persons,primary,"https://data.api.abs.gov.au/rest/data/ABS,ABS_NOM_VISA_FY,1.0.0/all?startPeriod=2015&format=csv",2026-08-25T07:40:28.773Z
2015,Permanent visa - Skill,11,NOM departures,New South Wales,2700,Persons,primary,"https://data.api.abs.gov.au/rest/data/ABS,ABS_NOM_VISA_FY,1.0.0/all?startPeriod=2015&format=csv",2026-08-25T07:40:28.773Z
2015,Permanent visa - Special Eligibility and humanitarian,12,NOM departures,New South Wales,60,Persons,primary,"https://data.api.abs.gov.au/rest/data/ABS,ABS_NOM_VISA_FY,1.0.0/all?startPeriod=2015&format=csv",2026-08-25T07:40:28.773Z
2015,Permanent visa - Total,9,NOM departures,New South Wales,7400,Persons,primary,"https://data.api.abs.gov.au/rest/data/ABS,ABS_NOM_VISA_FY,1.0.0/all?startPeriod=2015&format=csv",2026-08-25T07:40:28.773Z
2015,Temporary visa - Higher education sector,3,NOM departures,New South Wales,8390,Persons,primary,"https://data.api.abs.gov.au/rest/data/ABS,ABS_NOM_VISA_FY,1.0.0/all?startPeriod=2015&format=csv",2026-08-25T07:40:28.773Z
2015,Temporary visa - Other temporary visas,8,NOM departures,New South Wales,6910,Persons,primary,"https://data.api.abs.gov.au/rest/data/ABS,ABS_NOM_VISA_FY,1.0.0/all?startPeriod=2015&format=csv",2026-08-25T07:40:28.773Z
2015,Temporary visa - Student other,4,NOM departures,New South Wales,2820,Persons,primary,"https://data.api.abs.gov.au/rest/data/ABS,ABS_NOM_VISA_FY,1.0.0/all?startPeriod=2015&format=csv",2026-08-25T07:40:28.773Z
2015,Temporary visa - Temporary work (skilled),5,NOM departures,New South Wales,6900,Persons,primary,"https://data.api.abs.gov.au/rest/data/ABS,ABS_NOM_VISA_FY,1.0.0/all?startPeriod=2015&format=csv",2026-08-25T07:40:28.773Z
2015,Temporary visa - Total,1,NOM departures,New South Wales,41340,Persons,primary,"https://data.api.abs.gov.au/rest/data/ABS,ABS_NOM_VISA_FY,1.0.0/all?startPeriod=2015&format=csv",2026-08-25T07:40:28.773Z
2015,Temporary visa - Visitor,6,NOM departures,New South Wales,4460,Persons,primary,"https://data.api.abs.gov.au/rest/data/ABS,ABS_NOM_VISA_FY,1.0.0/all?startPeriod=2015&format=csv",2026-08-25T07:40:28.773Z
2015,Temporary visa - Vocational Education and Training sector,2,NOM departures,New South Wales,4100,Persons,primary,"https://data.api.abs.gov.au/rest/data/ABS,ABS_NOM_VISA_FY,1.0.0/all?startPeriod=2015&format=csv",2026-08-25T07:40:28.773Z
2015,Temporary visa - Working Holiday,7,NOM departures,New South Wales,7760,Persons,primary,"https://data.api.abs.gov.au/rest/data/ABS,ABS_NOM_VISA_FY,1.0.0/all?startPeriod=2015&format=csv",2026-08-25T07:40:28.773Z
2015,Total,16,NOM departures,New South Wales,90610,Persons,primary,"https://data.api.abs.gov.au/rest/data/ABS,ABS_NOM_VISA_FY,1.0.0/all?startPeriod=2015&format=csv",2026-08-25T07:40:28.773Z
2015,Australian Citizen,14,NOM arrivals,Northern Territory,680,Persons,primary,"https://data.api.abs.gov.au/rest/data/ABS,ABS_NOM_VISA_FY,1.0.0/all?startPeriod=2015&format=csv",2026-08-25T07:40:28.773Z
2015,New Zealand Citizen (subclass 444),13,NOM arrivals,Northern Territory,400,Persons,primary,"https://data.api.abs.gov.au/rest/data/ABS,ABS_NOM_VISA_FY,1.0.0/all?startPeriod=2015&format=csv",2026-08-25T07:40:28.773Z
2015,Other Visas,17,NOM arrivals,Northern Territory,1730,Persons,primary,"https://data.api.abs.gov.au/rest/data/ABS,ABS_NOM_VISA_FY,1.0.0/all?startPeriod=2015&format=csv",2026-08-25T07:40:28.773Z
2015,Permanent visa - Family,10,NOM arrivals,Northern Territory,300,Persons,primary,"https://data.api.abs.gov.au/rest/data/ABS,ABS_NOM_VISA_FY,1.0.0/all?startPeriod=2015&format=csv",2026-08-25T07:40:28.773Z
2015,Permanent visa - Other permanent visas,15,NOM arrivals,Northern Territory,30,Persons,primary,"https://data.api.abs.gov.au/rest/data/ABS,ABS_NOM_VISA_FY,1.0.0/all?startPeriod=2015&format=csv",2026-08-25T07:40:28.773Z
2015,Permanent visa - Skill,11,NOM arrivals,Northern Territory,560,Persons,primary,"https://data.api.abs.gov.au/rest/data/ABS,ABS_NOM_VISA_FY,1.0.0/all?startPeriod=2015&format=csv",2026-08-25T07:40:28.773Z
2015,Permanent visa - Special Eligibility and humanitarian,12,NOM arrivals,Northern Territory,20,Persons,primary,"https://data.api.abs.gov.au/rest/data/ABS,ABS_NOM_VISA_FY,1.0.0/all?startPeriod=2015&format=csv",2026-08-25T07:40:28.773Z
2015,Permanent visa - Total,9,NOM arrivals,Northern Territory,920,Persons,primary,"https://data.api.abs.gov.au/rest/data/ABS,ABS_NOM_VISA_FY,1.0.0/all?startPeriod=2015&format=csv",2026-08-25T07:40:28.773Z
2015,Temporary visa - Higher education sector,3,NOM arrivals,Northern Territory,470,Persons,primary,"https://data.api.abs.gov.au/rest/data/ABS,ABS_NOM_VISA_FY,1.0.0/all?startPeriod=2015&format=csv",2026-08-25T07:40:28.773Z
2015,Temporary visa - Other temporary visas,8,NOM arrivals,Northern Territory,180,Persons,primary,"https://data.api.abs.gov.au/rest/data/ABS,ABS_NOM_VISA_FY,1.0.0/all?startPeriod=2015&format=csv",2026-08-25T07:40:28.773Z
2015,Temporary visa - Student other,4,NOM arrivals,Northern Territory,90,Persons,primary,"https://data.api.abs.gov.au/rest/data/ABS,ABS_NOM_VISA_FY,1.0.0/all?startPeriod=2015&format=csv",2026-08-25T07:40:28.773Z
2015,Temporary visa - Temporary work (skilled),5,NOM arrivals,Northern Territory,620,Persons,primary,"https://data.api.abs.gov.au/rest/data/ABS,ABS_NOM_VISA_FY,1.0.0/all?startPeriod=2015&format=csv",2026-08-25T07:40:28.773Z
2015,Temporary visa - Total,1,NOM arrivals,Northern Territory,3170,Persons,primary,"https://data.api.abs.gov.au/rest/data/ABS,ABS_NOM_VISA_FY,1.0.0/all?startPeriod=2015&format=csv",2026-08-25T07:40:28.773Z
2015,Temporary visa - Visitor,6,NOM arrivals,Northern Territory,600,Persons,primary,"https://data.api.abs.gov.au/rest/data/ABS,ABS_NOM_VISA_FY,1.0.0/all?startPeriod=2015&format=csv",2026-08-25T07:40:28.773Z
2015,Temporary visa - Vocational Education and Training sector,2,NOM arrivals,Northern Territory,30,Persons,primary,"https://data.api.abs.gov.au/rest/data/ABS,ABS_NOM_VISA_FY,1.0.0/all?startPeriod=2015&format=csv",2026-08-25T07:40:28.773Z
2015,Temporary visa - Working Holiday,7,NOM arrivals,Northern Territory,1180,Persons,primary,"https://data.api.abs.gov.au/rest/data/ABS,ABS_NOM_VISA_FY,1.0.0/all?startPeriod=2015&format=csv",2026-08-25T07:40:28.773Z
2015,Total,16,NOM arrivals,Northern Territory,6900,Persons,primary,"https://data.api.abs.gov.au/rest/data/ABS,ABS_NOM_VISA_FY,1.0.0/all?startPeriod=2015&format=csv",2026-08-25T07:40:28.773Z
2015,Australian Citizen,14,NOM departures,Northern Territory,830,Persons,primary,"https://data.api.abs.gov.au/rest/data/ABS,ABS_NOM_VISA_FY,1.0.0/all?startPeriod=2015&format=csv",2026-08-25T07:40:28.773Z
2015,New Zealand Citizen (subclass 444),13,NOM departures,Northern Territory,400,Persons,primary,"https://data.api.abs.gov.au/rest/data/ABS,ABS_NOM_VISA_FY,1.0.0/all?startPeriod=2015&format=csv",2026-08-25T07:40:28.773Z
2015,Other Visas,17,NOM departures,Northern Territory,910,Persons,primary,"https://data.api.abs.gov.au/rest/data/ABS,ABS_NOM_VISA_FY,1.0.0/all?startPeriod=2015&format=csv",2026-08-25T07:40:28.773Z
2015,Permanent visa - Family,10,NOM departures,Northern Territory,80,Persons,primary,"https://data.api.abs.gov.au/rest/data/ABS,ABS_NOM_VISA_FY,1.0.0/all?startPeriod=2015&format=csv",2026-08-25T07:40:28.773Z
2015,Permanent visa - Other permanent visas,15,NOM departures,Northern Territory,40,Persons,primary,"https://data.api.abs.gov.au/rest/data/ABS,ABS_NOM_VISA_FY,1.0.0/all?startPeriod=2015&format=csv",2026-08-25T07:40:28.773Z
2015,Permanent visa - Skill,11,NOM departures,Northern Territory,100,Persons,primary,"https://data.api.abs.gov.au/rest/data/ABS,ABS_NOM_VISA_FY,1.0.0/all?startPeriod=2015&format=csv",2026-08-25T07:40:28.773Z
2015,Permanent visa - Special Eligibility and humanitarian,12,NOM departures,Northern Territory,0,Persons,primary,"https://data.api.abs.gov.au/rest/data/ABS,ABS_NOM_VISA_FY,1.0.0/all?startPeriod=2015&format=csv",2026-08-25T07:40:28.773Z
2015,Permanent visa - Total,9,NOM departures,Northern Territory,210,Persons,primary,"https://data.api.abs.gov.au/rest/data/ABS,ABS_NOM_VISA_FY,1.0.0/all?startPeriod=2015&format=csv",2026-08-25T07:40:28.773Z
2015,Temporary visa - Higher education sector,3,NOM departures,Northern Territory,40,Persons,primary,"https://data.api.abs.gov.au/rest/data/ABS,ABS_NOM_VISA_FY,1.0.0/all?startPeriod=2015&format=csv",2026-08-25T07:40:28.773Z
2015,Temporary visa - Other temporary visas,8,NOM departures,Northern Territory,470,Persons,primary,"https://data.api.abs.gov.au/rest/data/ABS,ABS_NOM_VISA_FY,1.0.0/all?startPeriod=2015&format=csv",2026-08-25T07:40:28.773Z
2015,Temporary visa - Student other,4,NOM departures,Northern Territory,60,Persons,primary,"https://data.api.abs.gov.au/rest/data/ABS,ABS_NOM_VISA_FY,1.0.0/all?startPeriod=2015&format=csv",2026-08-25T07:40:28.773Z
2015,Temporary visa - Temporary work (skilled),5,NOM departures,Northern Territory,370,Persons,primary,"https://data.api.abs.gov.au/rest/data/ABS,ABS_NOM_VISA_FY,1.0.0/all?startPeriod=2015&format=csv",2026-08-25T07:40:28.773Z
2015,Temporary visa - Total,1,NOM departures,Northern Territory,2200,Persons,primary,"https://data.api.abs.gov.au/rest/data/ABS,ABS_NOM_VISA_FY,1.0.0/all?startPeriod=2015&format=csv",2026-08-25T07:40:28.773Z
2015,Temporary visa - Visitor,6,NOM departures,Northern Territory,210,Persons,primary,"https://data.api.abs.gov.au/rest/data/ABS,ABS_NOM_VISA_FY,1.0.0/all?startPeriod=2015&format=csv",2026-08-25T07:40:28.773Z
2015,Temporary visa - Vocational Education and Training sector,2,NOM departures,Northern Territory,30,Persons,primary,"https://data.api.abs.gov.au/rest/data/ABS,ABS_NOM_VISA_FY,1.0.0/all?startPeriod=2015&format=csv",2026-08-25T07:40:28.773Z
2015,Temporary visa - Working Holiday,7,NOM departures,Northern Territory,1020,Persons,primary,"https://data.api.abs.gov.au/rest/data/ABS,ABS_NOM_VISA_FY,1.0.0/all?startPeriod=2015&format=csv",2026-08-25T07:40:28.773Z
2015,Total,16,NOM departures,Northern Territory,4550,Persons,primary,"https://data.api.abs.gov.au/rest/data/ABS,ABS_NOM_VISA_FY,1.0.0/all?startPeriod=2015&format=csv",2026-08-25T07:40:28.773Z
2015,Australian Citizen,14,NOM arrivals,Queensland,13570,Persons,primary,"https://data.api.abs.gov.au/rest/data/ABS,ABS_NOM_VISA_FY,1.0.0/all?startPeriod=2015&format=csv",2026-08-25T07:40:28.773Z
2015,New Zealand Citizen (subclass 444),13,NOM arrivals,Queensland,9960,Persons,primary,"https://data.api.abs.gov.au/rest/data/ABS,ABS_NOM_VISA_FY,1.0.0/all?startPeriod=2015&format=csv",2026-08-25T07:40:28.773Z
2015,Other Visas,17,NOM arrivals,Queensland,2470,Persons,primary,"https://data.api.abs.gov.au/rest/data/ABS,ABS_NOM_VISA_FY,1.0.0/all?startPeriod=2015&format=csv",2026-08-25T07:40:28.773Z
2015,Permanent visa - Family,10,NOM arrivals,Queensland,4180,Persons,primary,"https://data.api.abs.gov.au/rest/data/ABS,ABS_NOM_VISA_FY,1.0.0/all?startPeriod=2015&format=csv",2026-08-25T07:40:28.773Z
2015,Permanent visa - Other permanent visas,15,NOM arrivals,Queensland,840,Persons,primary,"https://data.api.abs.gov.au/rest/data/ABS,ABS_NOM_VISA_FY,1.0.0/all?startPeriod=2015&format=csv",2026-08-25T07:40:28.773Z
2015,Permanent visa - Skill,11,NOM arrivals,Queensland,4490,Persons,primary,"https://data.api.abs.gov.au/rest/data/ABS,ABS_NOM_VISA_FY,1.0.0/all?startPeriod=2015&format=csv",2026-08-25T07:40:28.773Z
2015,Permanent visa - Special Eligibility and humanitarian,12,NOM arrivals,Queensland,1380,Persons,primary,"https://data.api.abs.gov.au/rest/data/ABS,ABS_NOM_VISA_FY,1.0.0/all?startPeriod=2015&format=csv",2026-08-25T07:40:28.773Z
2015,Permanent visa - Total,9,NOM arrivals,Queensland,10890,Persons,primary,"https://data.api.abs.gov.au/rest/data/ABS,ABS_NOM_VISA_FY,1.0.0/all?startPeriod=2015&format=csv",2026-08-25T07:40:28.773Z
2015,Temporary visa - Higher education sector,3,NOM arrivals,Queensland,10880,Persons,primary,"https://data.api.abs.gov.au/rest/data/ABS,ABS_NOM_VISA_FY,1.0.0/all?startPeriod=2015&format=csv",2026-08-25T07:40:28.773Z
2015,Temporary visa - Other temporary visas,8,NOM arrivals,Queensland,1140,Persons,primary,"https://data.api.abs.gov.au/rest/data/ABS,ABS_NOM_VISA_FY,1.0.0/all?startPeriod=2015&format=csv",2026-08-25T07:40:28.773Z
2015,Temporary visa - Student other,4,NOM arrivals,Queensland,5140,Persons,primary,"https://data.api.abs.gov.au/rest/data/ABS,ABS_NOM_VISA_FY,1.0.0/all?startPeriod=2015&format=csv",2026-08-25T07:40:28.773Z
2015,Temporary visa - Temporary work (skilled),5,NOM arrivals,Queensland,4540,Persons,primary,"https://data.api.abs.gov.au/rest/data/ABS,ABS_NOM_VISA_FY,1.0.0/all?startPeriod=2015&format=csv",2026-08-25T07:40:28.773Z
2015,Temporary visa - Total,1,NOM arrivals,Queensland,42080,Persons,primary,"https://data.api.abs.gov.au/rest/data/ABS,ABS_NOM_VISA_FY,1.0.0/all?startPeriod=2015&format=csv",2026-08-25T07:40:28.773Z
2015,Temporary visa - Visitor,6,NOM arrivals,Queensland,7640,Persons,primary,"https://data.api.abs.gov.au/rest/data/ABS,ABS_NOM_VISA_FY,1.0.0/all?startPeriod=2015&format=csv",2026-08-25T07:40:28.773Z
2015,Temporary visa - Vocational Education and Training sector,2,NOM arrivals,Queensland,1550,Persons,primary,"https://data.api.abs.gov.au/rest/data/ABS,ABS_NOM_VISA_FY,1.0.0/all?startPeriod=2015&format=csv",2026-08-25T07:40:28.773Z
2015,Temporary visa - Working Holiday,7,NOM arrivals,Queensland,11200,Persons,primary,"https://data.api.abs.gov.au/rest/data/ABS,ABS_NOM_VISA_FY,1.0.0/all?startPeriod=2015&format=csv",2026-08-25T07:40:28.773Z
2015,Total,16,NOM arrivals,Queensland,78980,Persons,primary,"https://data.api.abs.gov.au/rest/data/ABS,ABS_NOM_VISA_FY,1.0.0/all?startPeriod=2015&format=csv",2026-08-25T07:40:28.773Z
2015,Australian Citizen,14,NOM departures,Queensland,18760,Persons,primary,"https://data.api.abs.gov.au/rest/data/ABS,ABS_NOM_VISA_FY,1.0.0/all?startPeriod=2015&format=csv",2026-08-25T07:40:28.773Z
2015,New Zealand Citizen (subclass 444),13,NOM departures,Queensland,9600,Persons,primary,"https://data.api.abs.gov.au/rest/data/ABS,ABS_NOM_VISA_FY,1.0.0/all?startPeriod=2015&format=csv",2026-08-25T07:40:28.773Z
2015,Other Visas,17,NOM departures,Queensland,1780,Persons,primary,"https://data.api.abs.gov.au/rest/data/ABS,ABS_NOM_VISA_FY,1.0.0/all?startPeriod=2015&format=csv",2026-08-25T07:40:28.773Z
2015,Permanent visa - Family,10,NOM departures,Queensland,1070,Persons,primary,"https://data.api.abs.gov.au/rest/data/ABS,ABS_NOM_VISA_FY,1.0.0/all?startPeriod=2015&format=csv",2026-08-25T07:40:28.773Z
2015,Permanent visa - Other permanent visas,15,NOM departures,Queensland,970,Persons,primary,"https://data.api.abs.gov.au/rest/data/ABS,ABS_NOM_VISA_FY,1.0.0/all?startPeriod=2015&format=csv",2026-08-25T07:40:28.773Z
2015,Permanent visa - Skill,11,NOM departures,Queensland,1350,Persons,primary,"https://data.api.abs.gov.au/rest/data/ABS,ABS_NOM_VISA_FY,1.0.0/all?startPeriod=2015&format=csv",2026-08-25T07:40:28.773Z
2015,Permanent visa - Special Eligibility and humanitarian,12,NOM departures,Queensland,20,Persons,primary,"https://data.api.abs.gov.au/rest/data/ABS,ABS_NOM_VISA_FY,1.0.0/all?startPeriod=2015&format=csv",2026-08-25T07:40:28.773Z
2015,Permanent visa - Total,9,NOM departures,Queensland,3410,Persons,primary,"https://data.api.abs.gov.au/rest/data/ABS,ABS_NOM_VISA_FY,1.0.0/all?startPeriod=2015&format=csv",2026-08-25T07:40:28.773Z
2015,Temporary visa - Higher education sector,3,NOM departures,Queensland,4620,Persons,primary,"https://data.api.abs.gov.au/rest/data/ABS,ABS_NOM_VISA_FY,1.0.0/all?startPeriod=2015&format=csv",2026-08-25T07:40:28.773Z
2015,Temporary visa - Other temporary visas,8,NOM departures,Queensland,3880,Persons,primary,"https://data.api.abs.gov.au/rest/data/ABS,ABS_NOM_VISA_FY,1.0.0/all?startPeriod=2015&format=csv",2026-08-25T07:40:28.773Z
2015,Temporary visa - Student other,4,NOM departures,Queensland,2380,Persons,primary,"https://data.api.abs.gov.au/rest/data/ABS,ABS_NOM_VISA_FY,1.0.0/all?startPeriod=2015&format=csv",2026-08-25T07:40:28.773Z
2015,Temporary visa - Temporary work (skilled),5,NOM departures,Queensland,3880,Persons,primary,"https://data.api.abs.gov.au/rest/data/ABS,ABS_NOM_VISA_FY,1.0.0/all?startPeriod=2015&format=csv",2026-08-25T07:40:28.773Z
2015,Temporary visa - Total,1,NOM departures,Queensland,25000,Persons,primary,"https://data.api.abs.gov.au/rest/data/ABS,ABS_NOM_VISA_FY,1.0.0/all?startPeriod=2015&format=csv",2026-08-25T07:40:28.773Z
2015,Temporary visa - Visitor,6,NOM departures,Queensland,2130,Persons,primary,"https://data.api.abs.gov.au/rest/data/ABS,ABS_NOM_VISA_FY,1.0.0/all?startPeriod=2015&format=csv",2026-08-25T07:40:28.773Z
2015,Temporary visa - Vocational Education and Training sector,2,NOM departures,Queensland,1440,Persons,primary,"https://data.api.abs.gov.au/rest/data/ABS,ABS_NOM_VISA_FY,1.0.0/all?startPeriod=2015&format=csv",2026-08-25T07:40:28.773Z
2015,Temporary visa - Working Holiday,7,NOM departures,Queensland,6670,Persons,primary,"https://data.api.abs.gov.au/rest/data/ABS,ABS_NOM_VISA_FY,1.0.0/all?startPeriod=2015&format=csv",2026-08-25T07:40:28.773Z
2015,Total,16,NOM departures,Queensland,58540,Persons,primary,"https://data.api.abs.gov.au/rest/data/ABS,ABS_NOM_VISA_FY,1.0.0/all?startPeriod=2015&format=csv",2026-08-25T07:40:28.773Z
2015,Australian Citizen,14,NOM arrivals,South Australia,3270,Persons,primary,"https://data.api.abs.gov.au/rest/data/ABS,ABS_NOM_VISA_FY,1.0.0/all?startPeriod=2015&format=csv",2026-08-25T07:40:28.773Z
2015,New Zealand Citizen (subclass 444),13,NOM arrivals,South Australia,520,Persons,primary,"https://data.api.abs.gov.au/rest/data/ABS,ABS_NOM_VISA_FY,1.0.0/all?startPeriod=2015&format=csv",2026-08-25T07:40:28.773Z
2015,Other Visas,17,NOM arrivals,South Australia,120,Persons,primary,"https://data.api.abs.gov.au/rest/data/ABS,ABS_NOM_VISA_FY,1.0.0/all?startPeriod=2015&format=csv",2026-08-25T07:40:28.773Z
2015,Permanent visa - Family,10,NOM arrivals,South Australia,1960,Persons,primary,"https://data.api.abs.gov.au/rest/data/ABS,ABS_NOM_VISA_FY,1.0.0/all?startPeriod=2015&format=csv",2026-08-25T07:40:28.773Z
2015,Permanent visa - Other permanent visas,15,NOM arrivals,South Australia,200,Persons,primary,"https://data.api.abs.gov.au/rest/data/ABS,ABS_NOM_VISA_FY,1.0.0/all?startPeriod=2015&format=csv",2026-08-25T07:40:28.773Z
2015,Permanent visa - Skill,11,NOM arrivals,South Australia,4240,Persons,primary,"https://data.api.abs.gov.au/rest/data/ABS,ABS_NOM_VISA_FY,1.0.0/all?startPeriod=2015&format=csv",2026-08-25T07:40:28.773Z
2015,Permanent visa - Special Eligibility and humanitarian,12,NOM arrivals,South Australia,790,Persons,primary,"https://data.api.abs.gov.au/rest/data/ABS,ABS_NOM_VISA_FY,1.0.0/all?startPeriod=2015&format=csv",2026-08-25T07:40:28.773Z
2015,Permanent visa - Total,9,NOM arrivals,South Australia,7180,Persons,primary,"https://data.api.abs.gov.au/rest/data/ABS,ABS_NOM_VISA_FY,1.0.0/all?startPeriod=2015&format=csv",2026-08-25T07:40:28.773Z
2015,Temporary visa - Higher education sector,3,NOM arrivals,South Australia,5050,Persons,primary,"https://data.api.abs.gov.au/rest/data/ABS,ABS_NOM_VISA_FY,1.0.0/all?startPeriod=2015&format=csv",2026-08-25T07:40:28.773Z
2015,Temporary visa - Other temporary visas,8,NOM arrivals,South Australia,330,Persons,primary,"https://data.api.abs.gov.au/rest/data/ABS,ABS_NOM_VISA_FY,1.0.0/all?startPeriod=2015&format=csv",2026-08-25T07:40:28.773Z
2015,Temporary visa - Student other,4,NOM arrivals,South Australia,1720,Persons,primary,"https://data.api.abs.gov.au/rest/data/ABS,ABS_NOM_VISA_FY,1.0.0/all?startPeriod=2015&format=csv",2026-08-25T07:40:28.773Z
2015,Temporary visa - Temporary work (skilled),5,NOM arrivals,South Australia,1200,Persons,primary,"https://data.api.abs.gov.au/rest/data/ABS,ABS_NOM_VISA_FY,1.0.0/all?startPeriod=2015&format=csv",2026-08-25T07:40:28.773Z
2015,Temporary visa - Total,1,NOM arrivals,South Australia,12180,Persons,primary,"https://data.api.abs.gov.au/rest/data/ABS,ABS_NOM_VISA_FY,1.0.0/all?startPeriod=2015&format=csv",2026-08-25T07:40:28.773Z
2015,Temporary visa - Visitor,6,NOM arrivals,South Australia,1940,Persons,primary,"https://data.api.abs.gov.au/rest/data/ABS,ABS_NOM_VISA_FY,1.0.0/all?startPeriod=2015&format=csv",2026-08-25T07:40:28.773Z
2015,Temporary visa - Vocational Education and Training sector,2,NOM arrivals,South Australia,330,Persons,primary,"https://data.api.abs.gov.au/rest/data/ABS,ABS_NOM_VISA_FY,1.0.0/all?startPeriod=2015&format=csv",2026-08-25T07:40:28.773Z
2015,Temporary visa - Working Holiday,7,NOM arrivals,South Australia,1610,Persons,primary,"https://data.api.abs.gov.au/rest/data/ABS,ABS_NOM_VISA_FY,1.0.0/all?startPeriod=2015&format=csv",2026-08-25T07:40:28.773Z
2015,Total,16,NOM arrivals,South Australia,23280,Persons,primary,"https://data.api.abs.gov.au/rest/data/ABS,ABS_NOM_VISA_FY,1.0.0/all?startPeriod=2015&format=csv",2026-08-25T07:40:28.773Z
2015,Australian Citizen,14,NOM departures,South Australia,4450,Persons,primary,"https://data.api.abs.gov.au/rest/data/ABS,ABS_NOM_VISA_FY,1.0.0/all?startPeriod=2015&format=csv",2026-08-25T07:40:28.773Z
2015,New Zealand Citizen (subclass 444),13,NOM departures,South Australia,490,Persons,primary,"https://data.api.abs.gov.au/rest/data/ABS,ABS_NOM_VISA_FY,1.0.0/all?startPeriod=2015&format=csv",2026-08-25T07:40:28.773Z
2015,Other Visas,17,NOM departures,South Australia,200,Persons,primary,"https://data.api.abs.gov.au/rest/data/ABS,ABS_NOM_VISA_FY,1.0.0/all?startPeriod=2015&format=csv",2026-08-25T07:40:28.773Z
2015,Permanent visa - Family,10,NOM departures,South Australia,220,Persons,primary,"https://data.api.abs.gov.au/rest/data/ABS,ABS_NOM_VISA_FY,1.0.0/all?startPeriod=2015&format=csv",2026-08-25T07:40:28.773Z
2015,Permanent visa - Other permanent visas,15,NOM departures,South Australia,260,Persons,primary,"https://data.api.abs.gov.au/rest/data/ABS,ABS_NOM_VISA_FY,1.0.0/all?startPeriod=2015&format=csv",2026-08-25T07:40:28.773Z
2015,Permanent visa - Skill,11,NOM departures,South Australia,520,Persons,primary,"https://data.api.abs.gov.au/rest/data/ABS,ABS_NOM_VISA_FY,1.0.0/all?startPeriod=2015&format=csv",2026-08-25T07:40:28.773Z
2015,Permanent visa - Special Eligibility and humanitarian,12,NOM departures,South Australia,10,Persons,primary,"https://data.api.abs.gov.au/rest/data/ABS,ABS_NOM_VISA_FY,1.0.0/all?startPeriod=2015&format=csv",2026-08-25T07:40:28.773Z
2015,Permanent visa - Total,9,NOM departures,South Australia,1000,Persons,primary,"https://data.api.abs.gov.au/rest/data/ABS,ABS_NOM_VISA_FY,1.0.0/all?startPeriod=2015&format=csv",2026-08-25T07:40:28.773Z
2015,Temporary visa - Higher education sector,3,NOM departures,South Australia,1730,Persons,primary,"https://data.api.abs.gov.au/rest/data/ABS,ABS_NOM_VISA_FY,1.0.0/all?startPeriod=2015&format=csv",2026-08-25T07:40:28.773Z
2015,Temporary visa - Other temporary visas,8,NOM departures,South Australia,840,Persons,primary,"https://data.api.abs.gov.au/rest/data/ABS,ABS_NOM_VISA_FY,1.0.0/all?startPeriod=2015&format=csv",2026-08-25T07:40:28.773Z
2015,Temporary visa - Student other,4,NOM departures,South Australia,1030,Persons,primary,"https://data.api.abs.gov.au/rest/data/ABS,ABS_NOM_VISA_FY,1.0.0/all?startPeriod=2015&format=csv",2026-08-25T07:40:28.773Z
2015,Temporary visa - Temporary work (skilled),5,NOM departures,South Australia,590,Persons,primary,"https://data.api.abs.gov.au/rest/data/ABS,ABS_NOM_VISA_FY,1.0.0/all?startPeriod=2015&format=csv",2026-08-25T07:40:28.773Z
2015,Temporary visa - Total,1,NOM departures,South Australia,5990,Persons,primary,"https://data.api.abs.gov.au/rest/data/ABS,ABS_NOM_VISA_FY,1.0.0/all?startPeriod=2015&format=csv",2026-08-25T07:40:28.773Z
2015,Temporary visa - Visitor,6,NOM departures,South Australia,460,Persons,primary,"https://data.api.abs.gov.au/rest/data/ABS,ABS_NOM_VISA_FY,1.0.0/all?startPeriod=2015&format=csv",2026-08-25T07:40:28.773Z
2015,Temporary visa - Vocational Education and Training sector,2,NOM departures,South Australia,230,Persons,primary,"https://data.api.abs.gov.au/rest/data/ABS,ABS_NOM_VISA_FY,1.0.0/all?startPeriod=2015&format=csv",2026-08-25T07:40:28.773Z
2015,Temporary visa - Working Holiday,7,NOM departures,South Australia,1110,Persons,primary,"https://data.api.abs.gov.au/rest/data/ABS,ABS_NOM_VISA_FY,1.0.0/all?startPeriod=2015&format=csv",2026-08-25T07:40:28.773Z
2015,Total,16,NOM departures,South Australia,12130,Persons,primary,"https://data.api.abs.gov.au/rest/data/ABS,ABS_NOM_VISA_FY,1.0.0/all?startPeriod=2015&format=csv",2026-08-25T07:40:28.773Z
2015,Australian Citizen,14,NOM arrivals,Tasmania,850,Persons,primary,"https://data.api.abs.gov.au/rest/data/ABS,ABS_NOM_VISA_FY,1.0.0/all?startPeriod=2015&format=csv",2026-08-25T07:40:28.773Z
2015,New Zealand Citizen (subclass 444),13,NOM arrivals,Tasmania,170,Persons,primary,"https://data.api.abs.gov.au/rest/data/ABS,ABS_NOM_VISA_FY,1.0.0/all?startPeriod=2015&format=csv",2026-08-25T07:40:28.773Z
2015,Other Visas,17,NOM arrivals,Tasmania,20,Persons,primary,"https://data.api.abs.gov.au/rest/data/ABS,ABS_NOM_VISA_FY,1.0.0/all?startPeriod=2015&format=csv",2026-08-25T07:40:28.773Z
2015,Permanent visa - Family,10,NOM arrivals,Tasmania,220,Persons,primary,"https://data.api.abs.gov.au/rest/data/ABS,ABS_NOM_VISA_FY,1.0.0/all?startPeriod=2015&format=csv",2026-08-25T07:40:28.773Z
2015,Permanent visa - Other permanent visas,15,NOM arrivals,Tasmania,40,Persons,primary,"https://data.api.abs.gov.au/rest/data/ABS,ABS_NOM_VISA_FY,1.0.0/all?startPeriod=2015&format=csv",2026-08-25T07:40:28.773Z
2015,Permanent visa - Skill,11,NOM arrivals,Tasmania,120,Persons,primary,"https://data.api.abs.gov.au/rest/data/ABS,ABS_NOM_VISA_FY,1.0.0/all?startPeriod=2015&format=csv",2026-08-25T07:40:28.773Z
2015,Permanent visa - Special Eligibility and humanitarian,12,NOM arrivals,Tasmania,290,Persons,primary,"https://data.api.abs.gov.au/rest/data/ABS,ABS_NOM_VISA_FY,1.0.0/all?startPeriod=2015&format=csv",2026-08-25T07:40:28.773Z
2015,Permanent visa - Total,9,NOM arrivals,Tasmania,670,Persons,primary,"https://data.api.abs.gov.au/rest/data/ABS,ABS_NOM_VISA_FY,1.0.0/all?startPeriod=2015&format=csv",2026-08-25T07:40:28.773Z
2015,Temporary visa - Higher education sector,3,NOM arrivals,Tasmania,1120,Persons,primary,"https://data.api.abs.gov.au/rest/data/ABS,ABS_NOM_VISA_FY,1.0.0/all?startPeriod=2015&format=csv",2026-08-25T07:40:28.773Z
2015,Temporary visa - Other temporary visas,8,NOM arrivals,Tasmania,50,Persons,primary,"https://data.api.abs.gov.au/rest/data/ABS,ABS_NOM_VISA_FY,1.0.0/all?startPeriod=2015&format=csv",2026-08-25T07:40:28.773Z
2015,Temporary visa - Student other,4,NOM arrivals,Tasmania,260,Persons,primary,"https://data.api.abs.gov.au/rest/data/ABS,ABS_NOM_VISA_FY,1.0.0/all?startPeriod=2015&format=csv",2026-08-25T07:40:28.773Z
2015,Temporary visa - Temporary work (skilled),5,NOM arrivals,Tasmania,180,Persons,primary,"https://data.api.abs.gov.au/rest/data/ABS,ABS_NOM_VISA_FY,1.0.0/all?startPeriod=2015&format=csv",2026-08-25T07:40:28.773Z
2015,Temporary visa - Total,1,NOM arrivals,Tasmania,2500,Persons,primary,"https://data.api.abs.gov.au/rest/data/ABS,ABS_NOM_VISA_FY,1.0.0/all?startPeriod=2015&format=csv",2026-08-25T07:40:28.773Z
2015,Temporary visa - Visitor,6,NOM arrivals,Tasmania,350,Persons,primary,"https://data.api.abs.gov.au/rest/data/ABS,ABS_NOM_VISA_FY,1.0.0/all?startPeriod=2015&format=csv",2026-08-25T07:40:28.773Z
2015,Temporary visa - Vocational Education and Training sector,2,NOM arrivals,Tasmania,30,Persons,primary,"https://data.api.abs.gov.au/rest/data/ABS,ABS_NOM_VISA_FY,1.0.0/all?startPeriod=2015&format=csv",2026-08-25T07:40:28.773Z
2015,Temporary visa - Working Holiday,7,NOM arrivals,Tasmania,510,Persons,primary,"https://data.api.abs.gov.au/rest/data/ABS,ABS_NOM_VISA_FY,1.0.0/all?startPeriod=2015&format=csv",2026-08-25T07:40:28.773Z
2015,Total,16,NOM arrivals,Tasmania,4210,Persons,primary,"https://data.api.abs.gov.au/rest/data/ABS,ABS_NOM_VISA_FY,1.0.0/all?startPeriod=2015&format=csv",2026-08-25T07:40:28.773Z
2015,Australian Citizen,14,NOM departures,Tasmania,1080,Persons,primary,"https://data.api.abs.gov.au/rest/data/ABS,ABS_NOM_VISA_FY,1.0.0/all?startPeriod=2015&format=csv",2026-08-25T07:40:28.773Z
2015,New Zealand Citizen (subclass 444),13,NOM departures,Tasmania,180,Persons,primary,"https://data.api.abs.gov.au/rest/data/ABS,ABS_NOM_VISA_FY,1.0.0/all?startPeriod=2015&format=csv",2026-08-25T07:40:28.773Z
2015,Other Visas,17,NOM departures,Tasmania,50,Persons,primary,"https://data.api.abs.gov.au/rest/data/ABS,ABS_NOM_VISA_FY,1.0.0/all?startPeriod=2015&format=csv",2026-08-25T07:40:28.773Z
2015,Permanent visa - Family,10,NOM departures,Tasmania,50,Persons,primary,"https://data.api.abs.gov.au/rest/data/ABS,ABS_NOM_VISA_FY,1.0.0/all?startPeriod=2015&format=csv",2026-08-25T07:40:28.773Z
2015,Permanent visa - Other permanent visas,15,NOM departures,Tasmania,40,Persons,primary,"https://data.api.abs.gov.au/rest/data/ABS,ABS_NOM_VISA_FY,1.0.0/all?startPeriod=2015&format=csv",2026-08-25T07:40:28.773Z
2015,Permanent visa - Skill,11,NOM departures,Tasmania,60,Persons,primary,"https://data.api.abs.gov.au/rest/data/ABS,ABS_NOM_VISA_FY,1.0.0/all?startPeriod=2015&format=csv",2026-08-25T07:40:28.773Z
2015,Permanent visa - Special Eligibility and humanitarian,12,NOM departures,Tasmania,0,Persons,primary,"https://data.api.abs.gov.au/rest/data/ABS,ABS_NOM_VISA_FY,1.0.0/all?startPeriod=2015&format=csv",2026-08-25T07:40:28.773Z
2015,Permanent visa - Total,9,NOM departures,Tasmania,150,Persons,primary,"https://data.api.abs.gov.au/rest/data/ABS,ABS_NOM_VISA_FY,1.0.0/all?startPeriod=2015&format=csv",2026-08-25T07:40:28.773Z
2015,Temporary visa - Higher education sector,3,NOM departures,Tasmania,410,Persons,primary,"https://data.api.abs.gov.au/rest/data/ABS,ABS_NOM_VISA_FY,1.0.0/all?startPeriod=2015&format=csv",2026-08-25T07:40:28.773Z
2015,Temporary visa - Other temporary visas,8,NOM departures,Tasmania,120,Persons,primary,"https://data.api.abs.gov.au/rest/data/ABS,ABS_NOM_VISA_FY,1.0.0/all?startPeriod=2015&format=csv",2026-08-25T07:40:28.773Z
2015,Temporary visa - Student other,4,NOM departures,Tasmania,110,Persons,primary,"https://data.api.abs.gov.au/rest/data/ABS,ABS_NOM_VISA_FY,1.0.0/all?startPeriod=2015&format=csv",2026-08-25T07:40:28.773Z
2015,Temporary visa - Temporary work (skilled),5,NOM departures,Tasmania,80,Persons,primary,"https://data.api.abs.gov.au/rest/data/ABS,ABS_NOM_VISA_FY,1.0.0/all?startPeriod=2015&format=csv",2026-08-25T07:40:28.773Z
2015,Temporary visa - Total,1,NOM departures,Tasmania,1220,Persons,primary,"https://data.api.abs.gov.au/rest/data/ABS,ABS_NOM_VISA_FY,1.0.0/all?startPeriod=2015&format=csv",2026-08-25T07:40:28.773Z
2015,Temporary visa - Visitor,6,NOM departures,Tasmania,100,Persons,primary,"https://data.api.abs.gov.au/rest/data/ABS,ABS_NOM_VISA_FY,1.0.0/all?startPeriod=2015&format=csv",2026-08-25T07:40:28.773Z
2015,Temporary visa - Vocational Education and Training sector,2,NOM departures,Tasmania,20,Persons,primary,"https://data.api.abs.gov.au/rest/data/ABS,ABS_NOM_VISA_FY,1.0.0/all?startPeriod=2015&format=csv",2026-08-25T07:40:28.773Z
2015,Temporary visa - Working Holiday,7,NOM departures,Tasmania,380,Persons,primary,"https://data.api.abs.gov.au/rest/data/ABS,ABS_NOM_VISA_FY,1.0.0/all?startPeriod=2015&format=csv",2026-08-25T07:40:28.773Z
2015,Total,16,NOM departures,Tasmania,2680,Persons,primary,"https://data.api.abs.gov.au/rest/data/ABS,ABS_NOM_VISA_FY,1.0.0/all?startPeriod=2015&format=csv",2026-08-25T07:40:28.773Z
2015,Australian Citizen,14,NOM arrivals,Victoria,18060,Persons,primary,"https://data.api.abs.gov.au/rest/data/ABS,ABS_NOM_VISA_FY,1.0.0/all?startPeriod=2015&format=csv",2026-08-25T07:40:28.773Z
2015,New Zealand Citizen (subclass 444),13,NOM arrivals,Victoria,8340,Persons,primary,"https://data.api.abs.gov.au/rest/data/ABS,ABS_NOM_VISA_FY,1.0.0/all?startPeriod=2015&format=csv",2026-08-25T07:40:28.773Z
2015,Other Visas,17,NOM arrivals,Victoria,610,Persons,primary,"https://data.api.abs.gov.au/rest/data/ABS,ABS_NOM_VISA_FY,1.0.0/all?startPeriod=2015&format=csv",2026-08-25T07:40:28.773Z
2015,Permanent visa - Family,10,NOM arrivals,Victoria,9600,Persons,primary,"https://data.api.abs.gov.au/rest/data/ABS,ABS_NOM_VISA_FY,1.0.0/all?startPeriod=2015&format=csv",2026-08-25T07:40:28.773Z
2015,Permanent visa - Other permanent visas,15,NOM arrivals,Victoria,1570,Persons,primary,"https://data.api.abs.gov.au/rest/data/ABS,ABS_NOM_VISA_FY,1.0.0/all?startPeriod=2015&format=csv",2026-08-25T07:40:28.773Z
2015,Permanent visa - Skill,11,NOM arrivals,Victoria,12890,Persons,primary,"https://data.api.abs.gov.au/rest/data/ABS,ABS_NOM_VISA_FY,1.0.0/all?startPeriod=2015&format=csv",2026-08-25T07:40:28.773Z
2015,Permanent visa - Special Eligibility and humanitarian,12,NOM arrivals,Victoria,3600,Persons,primary,"https://data.api.abs.gov.au/rest/data/ABS,ABS_NOM_VISA_FY,1.0.0/all?startPeriod=2015&format=csv",2026-08-25T07:40:28.773Z
2015,Permanent visa - Total,9,NOM arrivals,Victoria,27660,Persons,primary,"https://data.api.abs.gov.au/rest/data/ABS,ABS_NOM_VISA_FY,1.0.0/all?startPeriod=2015&format=csv",2026-08-25T07:40:28.773Z
2015,Temporary visa - Higher education sector,3,NOM arrivals,Victoria,28460,Persons,primary,"https://data.api.abs.gov.au/rest/data/ABS,ABS_NOM_VISA_FY,1.0.0/all?startPeriod=2015&format=csv",2026-08-25T07:40:28.773Z
2015,Temporary visa - Other temporary visas,8,NOM arrivals,Victoria,2100,Persons,primary,"https://data.api.abs.gov.au/rest/data/ABS,ABS_NOM_VISA_FY,1.0.0/all?startPeriod=2015&format=csv",2026-08-25T07:40:28.773Z
2015,Temporary visa - Student other,4,NOM arrivals,Victoria,7110,Persons,primary,"https://data.api.abs.gov.au/rest/data/ABS,ABS_NOM_VISA_FY,1.0.0/all?startPeriod=2015&format=csv",2026-08-25T07:40:28.773Z
2015,Temporary visa - Temporary work (skilled),5,NOM arrivals,Victoria,7570,Persons,primary,"https://data.api.abs.gov.au/rest/data/ABS,ABS_NOM_VISA_FY,1.0.0/all?startPeriod=2015&format=csv",2026-08-25T07:40:28.773Z
2015,Temporary visa - Total,1,NOM arrivals,Victoria,73500,Persons,primary,"https://data.api.abs.gov.au/rest/data/ABS,ABS_NOM_VISA_FY,1.0.0/all?startPeriod=2015&format=csv",2026-08-25T07:40:28.773Z
2015,Temporary visa - Visitor,6,NOM arrivals,Victoria,14730,Persons,primary,"https://data.api.abs.gov.au/rest/data/ABS,ABS_NOM_VISA_FY,1.0.0/all?startPeriod=2015&format=csv",2026-08-25T07:40:28.773Z
2015,Temporary visa - Vocational Education and Training sector,2,NOM arrivals,Victoria,2340,Persons,primary,"https://data.api.abs.gov.au/rest/data/ABS,ABS_NOM_VISA_FY,1.0.0/all?startPeriod=2015&format=csv",2026-08-25T07:40:28.773Z
2015,Temporary visa - Working Holiday,7,NOM arrivals,Victoria,11200,Persons,primary,"https://data.api.abs.gov.au/rest/data/ABS,ABS_NOM_VISA_FY,1.0.0/all?startPeriod=2015&format=csv",2026-08-25T07:40:28.773Z
2015,Total,16,NOM arrivals,Victoria,128170,Persons,primary,"https://data.api.abs.gov.au/rest/data/ABS,ABS_NOM_VISA_FY,1.0.0/all?startPeriod=2015&format=csv",2026-08-25T07:40:28.773Z
2015,Australian Citizen,14,NOM departures,Victoria,24110,Persons,primary,"https://data.api.abs.gov.au/rest/data/ABS,ABS_NOM_VISA_FY,1.0.0/all?startPeriod=2015&format=csv",2026-08-25T07:40:28.773Z
2015,New Zealand Citizen (subclass 444),13,NOM departures,Victoria,5050,Persons,primary,"https://data.api.abs.gov.au/rest/data/ABS,ABS_NOM_VISA_FY,1.0.0/all?startPeriod=2015&format=csv",2026-08-25T07:40:28.773Z
2015,Other Visas,17,NOM departures,Victoria,1040,Persons,primary,"https://data.api.abs.gov.au/rest/data/ABS,ABS_NOM_VISA_FY,1.0.0/all?startPeriod=2015&format=csv",2026-08-25T07:40:28.773Z
2015,Permanent visa - Family,10,NOM departures,Victoria,1600,Persons,primary,"https://data.api.abs.gov.au/rest/data/ABS,ABS_NOM_VISA_FY,1.0.0/all?startPeriod=2015&format=csv",2026-08-25T07:40:28.773Z
2015,Permanent visa - Other permanent visas,15,NOM departures,Victoria,1650,Persons,primary,"https://data.api.abs.gov.au/rest/data/ABS,ABS_NOM_VISA_FY,1.0.0/all?startPeriod=2015&format=csv",2026-08-25T07:40:28.773Z
2015,Permanent visa - Skill,11,NOM departures,Victoria,2240,Persons,primary,"https://data.api.abs.gov.au/rest/data/ABS,ABS_NOM_VISA_FY,1.0.0/all?startPeriod=2015&format=csv",2026-08-25T07:40:28.773Z
2015,Permanent visa - Special Eligibility and humanitarian,12,NOM departures,Victoria,40,Persons,primary,"https://data.api.abs.gov.au/rest/data/ABS,ABS_NOM_VISA_FY,1.0.0/all?startPeriod=2015&format=csv",2026-08-25T07:40:28.773Z
2015,Permanent visa - Total,9,NOM departures,Victoria,5530,Persons,primary,"https://data.api.abs.gov.au/rest/data/ABS,ABS_NOM_VISA_FY,1.0.0/all?startPeriod=2015&format=csv",2026-08-25T07:40:28.773Z
2015,Temporary visa - Higher education sector,3,NOM departures,Victoria,7530,Persons,primary,"https://data.api.abs.gov.au/rest/data/ABS,ABS_NOM_VISA_FY,1.0.0/all?startPeriod=2015&format=csv",2026-08-25T07:40:28.773Z
2015,Temporary visa - Other temporary visas,8,NOM departures,Victoria,5910,Persons,primary,"https://data.api.abs.gov.au/rest/data/ABS,ABS_NOM_VISA_FY,1.0.0/all?startPeriod=2015&format=csv",2026-08-25T07:40:28.773Z
2015,Temporary visa - Student other,4,NOM departures,Victoria,2830,Persons,primary,"https://data.api.abs.gov.au/rest/data/ABS,ABS_NOM_VISA_FY,1.0.0/all?startPeriod=2015&format=csv",2026-08-25T07:40:28.773Z
2015,Temporary visa - Temporary work (skilled),5,NOM departures,Victoria,4250,Persons,primary,"https://data.api.abs.gov.au/rest/data/ABS,ABS_NOM_VISA_FY,1.0.0/all?startPeriod=2015&format=csv",2026-08-25T07:40:28.773Z
2015,Temporary visa - Total,1,NOM departures,Victoria,31740,Persons,primary,"https://data.api.abs.gov.au/rest/data/ABS,ABS_NOM_VISA_FY,1.0.0/all?startPeriod=2015&format=csv",2026-08-25T07:40:28.773Z
2015,Temporary visa - Visitor,6,NOM departures,Victoria,3220,Persons,primary,"https://data.api.abs.gov.au/rest/data/ABS,ABS_NOM_VISA_FY,1.0.0/all?startPeriod=2015&format=csv",2026-08-25T07:40:28.773Z
2015,Temporary visa - Vocational Education and Training sector,2,NOM departures,Victoria,2060,Persons,primary,"https://data.api.abs.gov.au/rest/data/ABS,ABS_NOM_VISA_FY,1.0.0/all?startPeriod=2015&format=csv",2026-08-25T07:40:28.773Z
2015,Temporary visa - Working Holiday,7,NOM departures,Victoria,5950,Persons,primary,"https://data.api.abs.gov.au/rest/data/ABS,ABS_NOM_VISA_FY,1.0.0/all?startPeriod=2015&format=csv",2026-08-25T07:40:28.773Z
2015,Total,16,NOM departures,Victoria,67480,Persons,primary,"https://data.api.abs.gov.au/rest/data/ABS,ABS_NOM_VISA_FY,1.0.0/all?startPeriod=2015&format=csv",2026-08-25T07:40:28.773Z
2015,Australian Citizen,14,NOM arrivals,Western Australia,7410,Persons,primary,"https://data.api.abs.gov.au/rest/data/ABS,ABS_NOM_VISA_FY,1.0.0/all?startPeriod=2015&format=csv",2026-08-25T07:40:28.773Z
2015,New Zealand Citizen (subclass 444),13,NOM arrivals,Western Australia,4330,Persons,primary,"https://data.api.abs.gov.au/rest/data/ABS,ABS_NOM_VISA_FY,1.0.0/all?startPeriod=2015&format=csv",2026-08-25T07:40:28.773Z
2015,Other Visas,17,NOM arrivals,Western Australia,830,Persons,primary,"https://data.api.abs.gov.au/rest/data/ABS,ABS_NOM_VISA_FY,1.0.0/all?startPeriod=2015&format=csv",2026-08-25T07:40:28.773Z
2015,Permanent visa - Family,10,NOM arrivals,Western Australia,3510,Persons,primary,"https://data.api.abs.gov.au/rest/data/ABS,ABS_NOM_VISA_FY,1.0.0/all?startPeriod=2015&format=csv",2026-08-25T07:40:28.773Z
2015,Permanent visa - Other permanent visas,15,NOM arrivals,Western Australia,750,Persons,primary,"https://data.api.abs.gov.au/rest/data/ABS,ABS_NOM_VISA_FY,1.0.0/all?startPeriod=2015&format=csv",2026-08-25T07:40:28.773Z
2015,Permanent visa - Skill,11,NOM arrivals,Western Australia,6540,Persons,primary,"https://data.api.abs.gov.au/rest/data/ABS,ABS_NOM_VISA_FY,1.0.0/all?startPeriod=2015&format=csv",2026-08-25T07:40:28.773Z
2015,Permanent visa - Special Eligibility and humanitarian,12,NOM arrivals,Western Australia,730,Persons,primary,"https://data.api.abs.gov.au/rest/data/ABS,ABS_NOM_VISA_FY,1.0.0/all?startPeriod=2015&format=csv",2026-08-25T07:40:28.773Z
2015,Permanent visa - Total,9,NOM arrivals,Western Australia,11520,Persons,primary,"https://data.api.abs.gov.au/rest/data/ABS,ABS_NOM_VISA_FY,1.0.0/all?startPeriod=2015&format=csv",2026-08-25T07:40:28.773Z
2015,Temporary visa - Higher education sector,3,NOM arrivals,Western Australia,5670,Persons,primary,"https://data.api.abs.gov.au/rest/data/ABS,ABS_NOM_VISA_FY,1.0.0/all?startPeriod=2015&format=csv",2026-08-25T07:40:28.773Z
2015,Temporary visa - Other temporary visas,8,NOM arrivals,Western Australia,850,Persons,primary,"https://data.api.abs.gov.au/rest/data/ABS,ABS_NOM_VISA_FY,1.0.0/all?startPeriod=2015&format=csv",2026-08-25T07:40:28.773Z
2015,Temporary visa - Student other,4,NOM arrivals,Western Australia,2270,Persons,primary,"https://data.api.abs.gov.au/rest/data/ABS,ABS_NOM_VISA_FY,1.0.0/all?startPeriod=2015&format=csv",2026-08-25T07:40:28.773Z
2015,Temporary visa - Temporary work (skilled),5,NOM arrivals,Western Australia,4690,Persons,primary,"https://data.api.abs.gov.au/rest/data/ABS,ABS_NOM_VISA_FY,1.0.0/all?startPeriod=2015&format=csv",2026-08-25T07:40:28.773Z
2015,Temporary visa - Total,1,NOM arrivals,Western Australia,29190,Persons,primary,"https://data.api.abs.gov.au/rest/data/ABS,ABS_NOM_VISA_FY,1.0.0/all?startPeriod=2015&format=csv",2026-08-25T07:40:28.773Z
2015,Temporary visa - Visitor,6,NOM arrivals,Western Australia,6040,Persons,primary,"https://data.api.abs.gov.au/rest/data/ABS,ABS_NOM_VISA_FY,1.0.0/all?startPeriod=2015&format=csv",2026-08-25T07:40:28.773Z
2015,Temporary visa - Vocational Education and Training sector,2,NOM arrivals,Western Australia,1340,Persons,primary,"https://data.api.abs.gov.au/rest/data/ABS,ABS_NOM_VISA_FY,1.0.0/all?startPeriod=2015&format=csv",2026-08-25T07:40:28.773Z
2015,Temporary visa - Working Holiday,7,NOM arrivals,Western Australia,8330,Persons,primary,"https://data.api.abs.gov.au/rest/data/ABS,ABS_NOM_VISA_FY,1.0.0/all?startPeriod=2015&format=csv",2026-08-25T07:40:28.773Z
2015,Total,16,NOM arrivals,Western Australia,53290,Persons,primary,"https://data.api.abs.gov.au/rest/data/ABS,ABS_NOM_VISA_FY,1.0.0/all?startPeriod=2015&format=csv",2026-08-25T07:40:28.773Z
2015,Australian Citizen,14,NOM departures,Western Australia,11330,Persons,primary,"https://data.api.abs.gov.au/rest/data/ABS,ABS_NOM_VISA_FY,1.0.0/all?startPeriod=2015&format=csv",2026-08-25T07:40:28.773Z
2015,New Zealand Citizen (subclass 444),13,NOM departures,Western Australia,5420,Persons,primary,"https://data.api.abs.gov.au/rest/data/ABS,ABS_NOM_VISA_FY,1.0.0/all?startPeriod=2015&format=csv",2026-08-25T07:40:28.773Z
2015,Other Visas,17,NOM departures,Western Australia,1180,Persons,primary,"https://data.api.abs.gov.au/rest/data/ABS,ABS_NOM_VISA_FY,1.0.0/all?startPeriod=2015&format=csv",2026-08-25T07:40:28.773Z
2015,Permanent visa - Family,10,NOM departures,Western Australia,780,Persons,primary,"https://data.api.abs.gov.au/rest/data/ABS,ABS_NOM_VISA_FY,1.0.0/all?startPeriod=2015&format=csv",2026-08-25T07:40:28.773Z
2015,Permanent visa - Other permanent visas,15,NOM departures,Western Australia,920,Persons,primary,"https://data.api.abs.gov.au/rest/data/ABS,ABS_NOM_VISA_FY,1.0.0/all?startPeriod=2015&format=csv",2026-08-25T07:40:28.773Z
2015,Permanent visa - Skill,11,NOM departures,Western Australia,1530,Persons,primary,"https://data.api.abs.gov.au/rest/data/ABS,ABS_NOM_VISA_FY,1.0.0/all?startPeriod=2015&format=csv",2026-08-25T07:40:28.773Z
2015,Permanent visa - Special Eligibility and humanitarian,12,NOM departures,Western Australia,10,Persons,primary,"https://data.api.abs.gov.au/rest/data/ABS,ABS_NOM_VISA_FY,1.0.0/all?startPeriod=2015&format=csv",2026-08-25T07:40:28.773Z
2015,Permanent visa - Total,9,NOM departures,Western Australia,3240,Persons,primary,"https://data.api.abs.gov.au/rest/data/ABS,ABS_NOM_VISA_FY,1.0.0/all?startPeriod=2015&format=csv",2026-08-25T07:40:28.773Z
2015,Temporary visa - Higher education sector,3,NOM departures,Western Australia,1770,Persons,primary,"https://data.api.abs.gov.au/rest/data/ABS,ABS_NOM_VISA_FY,1.0.0/all?startPeriod=2015&format=csv",2026-08-25T07:40:28.773Z
2015,Temporary visa - Other temporary visas,8,NOM departures,Western Australia,2320,Persons,primary,"https://data.api.abs.gov.au/rest/data/ABS,ABS_NOM_VISA_FY,1.0.0/all?startPeriod=2015&format=csv",2026-08-25T07:40:28.773Z
2015,Temporary visa - Student other,4,NOM departures,Western Australia,1140,Persons,primary,"https://data.api.abs.gov.au/rest/data/ABS,ABS_NOM_VISA_FY,1.0.0/all?startPeriod=2015&format=csv",2026-08-25T07:40:28.773Z
2015,Temporary visa - Temporary work (skilled),5,NOM departures,Western Australia,5080,Persons,primary,"https://data.api.abs.gov.au/rest/data/ABS,ABS_NOM_VISA_FY,1.0.0/all?startPeriod=2015&format=csv",2026-08-25T07:40:28.773Z
2015,Temporary visa - Total,1,NOM departures,Western Australia,18050,Persons,primary,"https://data.api.abs.gov.au/rest/data/ABS,ABS_NOM_VISA_FY,1.0.0/all?startPeriod=2015&format=csv",2026-08-25T07:40:28.773Z
2015,Temporary visa - Visitor,6,NOM departures,Western Australia,1490,Persons,primary,"https://data.api.abs.gov.au/rest/data/ABS,ABS_NOM_VISA_FY,1.0.0/all?startPeriod=2015&format=csv",2026-08-25T07:40:28.773Z
2015,Temporary visa - Vocational Education and Training sector,2,NOM departures,Western Australia,760,Persons,primary,"https://data.api.abs.gov.au/rest/data/ABS,ABS_NOM_VISA_FY,1.0.0/all?startPeriod=2015&format=csv",2026-08-25T07:40:28.773Z
2015,Temporary visa - Working Holiday,7,NOM departures,Western Australia,5480,Persons,primary,"https://data.api.abs.gov.au/rest/data/ABS,ABS_NOM_VISA_FY,1.0.0/all?startPeriod=2015&format=csv",2026-08-25T07:40:28.773Z
2015,Total,16,NOM departures,Western Australia,39220,Persons,primary,"https://data.api.abs.gov.au/rest/data/ABS,ABS_NOM_VISA_FY,1.0.0/all?startPeriod=2015&format=csv",2026-08-25T07:40:28.773Z
2016,Australian Citizen,14,NOM arrivals,Australia,75800,Persons,primary,"https://data.api.abs.gov.au/rest/data/ABS,ABS_NOM_VISA_FY,1.0.0/all?startPeriod=2015&format=csv",2026-08-25T07:40:28.773Z
2016,New Zealand Citizen (subclass 444),13,NOM arrivals,Australia,33700,Persons,primary,"https://data.api.abs.gov.au/rest/data/ABS,ABS_NOM_VISA_FY,1.0.0/all?startPeriod=2015&format=csv",2026-08-25T07:40:28.773Z
2016,Other Visas,17,NOM arrivals,Australia,7430,Persons,primary,"https://data.api.abs.gov.au/rest/data/ABS,ABS_NOM_VISA_FY,1.0.0/all?startPeriod=2015&format=csv",2026-08-25T07:40:28.773Z
2016,Permanent visa - Family,10,NOM arrivals,Australia,31590,Persons,primary,"https://data.api.abs.gov.au/rest/data/ABS,ABS_NOM_VISA_FY,1.0.0/all?startPeriod=2015&format=csv",2026-08-25T07:40:28.773Z
2016,Permanent visa - Other permanent visas,15,NOM arrivals,Australia,6070,Persons,primary,"https://data.api.abs.gov.au/rest/data/ABS,ABS_NOM_VISA_FY,1.0.0/all?startPeriod=2015&format=csv",2026-08-25T07:40:28.773Z
2016,Permanent visa - Skill,11,NOM arrivals,Australia,41850,Persons,primary,"https://data.api.abs.gov.au/rest/data/ABS,ABS_NOM_VISA_FY,1.0.0/all?startPeriod=2015&format=csv",2026-08-25T07:40:28.773Z
2016,Permanent visa - Special Eligibility and humanitarian,12,NOM arrivals,Australia,11080,Persons,primary,"https://data.api.abs.gov.au/rest/data/ABS,ABS_NOM_VISA_FY,1.0.0/all?startPeriod=2015&format=csv",2026-08-25T07:40:28.773Z
2016,Permanent visa - Total,9,NOM arrivals,Australia,90590,Persons,primary,"https://data.api.abs.gov.au/rest/data/ABS,ABS_NOM_VISA_FY,1.0.0/all?startPeriod=2015&format=csv",2026-08-25T07:40:28.773Z
2016,Temporary visa - Higher education sector,3,NOM arrivals,Australia,89170,Persons,primary,"https://data.api.abs.gov.au/rest/data/ABS,ABS_NOM_VISA_FY,1.0.0/all?startPeriod=2015&format=csv",2026-08-25T07:40:28.773Z
2016,Temporary visa - Other temporary visas,8,NOM arrivals,Australia,8490,Persons,primary,"https://data.api.abs.gov.au/rest/data/ABS,ABS_NOM_VISA_FY,1.0.0/all?startPeriod=2015&format=csv",2026-08-25T07:40:28.773Z
2016,Temporary visa - Student other,4,NOM arrivals,Australia,27690,Persons,primary,"https://data.api.abs.gov.au/rest/data/ABS,ABS_NOM_VISA_FY,1.0.0/all?startPeriod=2015&format=csv",2026-08-25T07:40:28.773Z
2016,Temporary visa - Temporary work (skilled),5,NOM arrivals,Australia,30490,Persons,primary,"https://data.api.abs.gov.au/rest/data/ABS,ABS_NOM_VISA_FY,1.0.0/all?startPeriod=2015&format=csv",2026-08-25T07:40:28.773Z
2016,Temporary visa - Total,1,NOM arrivals,Australia,281760,Persons,primary,"https://data.api.abs.gov.au/rest/data/ABS,ABS_NOM_VISA_FY,1.0.0/all?startPeriod=2015&format=csv",2026-08-25T07:40:28.773Z
2016,Temporary visa - Visitor,6,NOM arrivals,Australia,60550,Persons,primary,"https://data.api.abs.gov.au/rest/data/ABS,ABS_NOM_VISA_FY,1.0.0/all?startPeriod=2015&format=csv",2026-08-25T07:40:28.773Z
2016,Temporary visa - Vocational Education and Training sector,2,NOM arrivals,Australia,15270,Persons,primary,"https://data.api.abs.gov.au/rest/data/ABS,ABS_NOM_VISA_FY,1.0.0/all?startPeriod=2015&format=csv",2026-08-25T07:40:28.773Z
2016,Temporary visa - Working Holiday,7,NOM arrivals,Australia,50100,Persons,primary,"https://data.api.abs.gov.au/rest/data/ABS,ABS_NOM_VISA_FY,1.0.0/all?startPeriod=2015&format=csv",2026-08-25T07:40:28.773Z
2016,Total,16,NOM arrivals,Australia,489280,Persons,primary,"https://data.api.abs.gov.au/rest/data/ABS,ABS_NOM_VISA_FY,1.0.0/all?startPeriod=2015&format=csv",2026-08-25T07:40:28.773Z
2016,Australian Citizen,14,NOM departures,Australia,97290,Persons,primary,"https://data.api.abs.gov.au/rest/data/ABS,ABS_NOM_VISA_FY,1.0.0/all?startPeriod=2015&format=csv",2026-08-25T07:40:28.773Z
2016,New Zealand Citizen (subclass 444),13,NOM departures,Australia,27640,Persons,primary,"https://data.api.abs.gov.au/rest/data/ABS,ABS_NOM_VISA_FY,1.0.0/all?startPeriod=2015&format=csv",2026-08-25T07:40:28.773Z
2016,Other Visas,17,NOM departures,Australia,7860,Persons,primary,"https://data.api.abs.gov.au/rest/data/ABS,ABS_NOM_VISA_FY,1.0.0/all?startPeriod=2015&format=csv",2026-08-25T07:40:28.773Z
2016,Permanent visa - Family,10,NOM departures,Australia,5790,Persons,primary,"https://data.api.abs.gov.au/rest/data/ABS,ABS_NOM_VISA_FY,1.0.0/all?startPeriod=2015&format=csv",2026-08-25T07:40:28.773Z
2016,Permanent visa - Other permanent visas,15,NOM departures,Australia,6470,Persons,primary,"https://data.api.abs.gov.au/rest/data/ABS,ABS_NOM_VISA_FY,1.0.0/all?startPeriod=2015&format=csv",2026-08-25T07:40:28.773Z
2016,Permanent visa - Skill,11,NOM departures,Australia,8570,Persons,primary,"https://data.api.abs.gov.au/rest/data/ABS,ABS_NOM_VISA_FY,1.0.0/all?startPeriod=2015&format=csv",2026-08-25T07:40:28.773Z
2016,Permanent visa - Special Eligibility and humanitarian,12,NOM departures,Australia,150,Persons,primary,"https://data.api.abs.gov.au/rest/data/ABS,ABS_NOM_VISA_FY,1.0.0/all?startPeriod=2015&format=csv",2026-08-25T07:40:28.773Z
2016,Permanent visa - Total,9,NOM departures,Australia,20980,Persons,primary,"https://data.api.abs.gov.au/rest/data/ABS,ABS_NOM_VISA_FY,1.0.0/all?startPeriod=2015&format=csv",2026-08-25T07:40:28.773Z
2016,Temporary visa - Higher education sector,3,NOM departures,Australia,24190,Persons,primary,"https://data.api.abs.gov.au/rest/data/ABS,ABS_NOM_VISA_FY,1.0.0/all?startPeriod=2015&format=csv",2026-08-25T07:40:28.773Z
2016,Temporary visa - Other temporary visas,8,NOM departures,Australia,22370,Persons,primary,"https://data.api.abs.gov.au/rest/data/ABS,ABS_NOM_VISA_FY,1.0.0/all?startPeriod=2015&format=csv",2026-08-25T07:40:28.773Z
2016,Temporary visa - Student other,4,NOM departures,Australia,10470,Persons,primary,"https://data.api.abs.gov.au/rest/data/ABS,ABS_NOM_VISA_FY,1.0.0/all?startPeriod=2015&format=csv",2026-08-25T07:40:28.773Z
2016,Temporary visa - Temporary work (skilled),5,NOM departures,Australia,18880,Persons,primary,"https://data.api.abs.gov.au/rest/data/ABS,ABS_NOM_VISA_FY,1.0.0/all?startPeriod=2015&format=csv",2026-08-25T07:40:28.773Z
2016,Temporary visa - Total,1,NOM departures,Australia,129280,Persons,primary,"https://data.api.abs.gov.au/rest/data/ABS,ABS_NOM_VISA_FY,1.0.0/all?startPeriod=2015&format=csv",2026-08-25T07:40:28.773Z
2016,Temporary visa - Visitor,6,NOM departures,Australia,16460,Persons,primary,"https://data.api.abs.gov.au/rest/data/ABS,ABS_NOM_VISA_FY,1.0.0/all?startPeriod=2015&format=csv",2026-08-25T07:40:28.773Z
2016,Temporary visa - Vocational Education and Training sector,2,NOM departures,Australia,9450,Persons,primary,"https://data.api.abs.gov.au/rest/data/ABS,ABS_NOM_VISA_FY,1.0.0/all?startPeriod=2015&format=csv",2026-08-25T07:40:28.773Z
2016,Temporary visa - Working Holiday,7,NOM departures,Australia,27470,Persons,primary,"https://data.api.abs.gov.au/rest/data/ABS,ABS_NOM_VISA_FY,1.0.0/all?startPeriod=2015&format=csv",2026-08-25T07:40:28.773Z
2016,Total,16,NOM departures,Australia,283040,Persons,primary,"https://data.api.abs.gov.au/rest/data/ABS,ABS_NOM_VISA_FY,1.0.0/all?startPeriod=2015&format=csv",2026-08-25T07:40:28.773Z
2016,Australian Citizen,14,NOM arrivals,Australian Capital Territory,2450,Persons,primary,"https://data.api.abs.gov.au/rest/data/ABS,ABS_NOM_VISA_FY,1.0.0/all?startPeriod=2015&format=csv",2026-08-25T07:40:28.773Z
2016,New Zealand Citizen (subclass 444),13,NOM arrivals,Australian Capital Territory,300,Persons,primary,"https://data.api.abs.gov.au/rest/data/ABS,ABS_NOM_VISA_FY,1.0.0/all?startPeriod=2015&format=csv",2026-08-25T07:40:28.773Z
2016,Other Visas,17,NOM arrivals,Australian Capital Territory,220,Persons,primary,"https://data.api.abs.gov.au/rest/data/ABS,ABS_NOM_VISA_FY,1.0.0/all?startPeriod=2015&format=csv",2026-08-25T07:40:28.773Z
2016,Permanent visa - Family,10,NOM arrivals,Australian Capital Territory,440,Persons,primary,"https://data.api.abs.gov.au/rest/data/ABS,ABS_NOM_VISA_FY,1.0.0/all?startPeriod=2015&format=csv",2026-08-25T07:40:28.773Z
2016,Permanent visa - Other permanent visas,15,NOM arrivals,Australian Capital Territory,80,Persons,primary,"https://data.api.abs.gov.au/rest/data/ABS,ABS_NOM_VISA_FY,1.0.0/all?startPeriod=2015&format=csv",2026-08-25T07:40:28.773Z
2016,Permanent visa - Skill,11,NOM arrivals,Australian Capital Territory,720,Persons,primary,"https://data.api.abs.gov.au/rest/data/ABS,ABS_NOM_VISA_FY,1.0.0/all?startPeriod=2015&format=csv",2026-08-25T07:40:28.773Z
2016,Permanent visa - Special Eligibility and humanitarian,12,NOM arrivals,Australian Capital Territory,190,Persons,primary,"https://data.api.abs.gov.au/rest/data/ABS,ABS_NOM_VISA_FY,1.0.0/all?startPeriod=2015&format=csv",2026-08-25T07:40:28.773Z
2016,Permanent visa - Total,9,NOM arrivals,Australian Capital Territory,1420,Persons,primary,"https://data.api.abs.gov.au/rest/data/ABS,ABS_NOM_VISA_FY,1.0.0/all?startPeriod=2015&format=csv",2026-08-25T07:40:28.773Z
2016,Temporary visa - Higher education sector,3,NOM arrivals,Australian Capital Territory,2430,Persons,primary,"https://data.api.abs.gov.au/rest/data/ABS,ABS_NOM_VISA_FY,1.0.0/all?startPeriod=2015&format=csv",2026-08-25T07:40:28.773Z
2016,Temporary visa - Other temporary visas,8,NOM arrivals,Australian Capital Territory,250,Persons,primary,"https://data.api.abs.gov.au/rest/data/ABS,ABS_NOM_VISA_FY,1.0.0/all?startPeriod=2015&format=csv",2026-08-25T07:40:28.773Z
2016,Temporary visa - Student other,4,NOM arrivals,Australian Capital Territory,780,Persons,primary,"https://data.api.abs.gov.au/rest/data/ABS,ABS_NOM_VISA_FY,1.0.0/all?startPeriod=2015&format=csv",2026-08-25T07:40:28.773Z
2016,Temporary visa - Temporary work (skilled),5,NOM arrivals,Australian Capital Territory,450,Persons,primary,"https://data.api.abs.gov.au/rest/data/ABS,ABS_NOM_VISA_FY,1.0.0/all?startPeriod=2015&format=csv",2026-08-25T07:40:28.773Z
2016,Temporary visa - Total,1,NOM arrivals,Australian Capital Territory,5080,Persons,primary,"https://data.api.abs.gov.au/rest/data/ABS,ABS_NOM_VISA_FY,1.0.0/all?startPeriod=2015&format=csv",2026-08-25T07:40:28.773Z
2016,Temporary visa - Visitor,6,NOM arrivals,Australian Capital Territory,700,Persons,primary,"https://data.api.abs.gov.au/rest/data/ABS,ABS_NOM_VISA_FY,1.0.0/all?startPeriod=2015&format=csv",2026-08-25T07:40:28.773Z
2016,Temporary visa - Vocational Education and Training sector,2,NOM arrivals,Australian Capital Territory,200,Persons,primary,"https://data.api.abs.gov.au/rest/data/ABS,ABS_NOM_VISA_FY,1.0.0/all?startPeriod=2015&format=csv",2026-08-25T07:40:28.773Z
2016,Temporary visa - Working Holiday,7,NOM arrivals,Australian Capital Territory,260,Persons,primary,"https://data.api.abs.gov.au/rest/data/ABS,ABS_NOM_VISA_FY,1.0.0/all?startPeriod=2015&format=csv",2026-08-25T07:40:28.773Z
2016,Total,16,NOM arrivals,Australian Capital Territory,9470,Persons,primary,"https://data.api.abs.gov.au/rest/data/ABS,ABS_NOM_VISA_FY,1.0.0/all?startPeriod=2015&format=csv",2026-08-25T07:40:28.773Z
2016,Australian Citizen,14,NOM departures,Australian Capital Territory,2930,Persons,primary,"https://data.api.abs.gov.au/rest/data/ABS,ABS_NOM_VISA_FY,1.0.0/all?startPeriod=2015&format=csv",2026-08-25T07:40:28.773Z
2016,New Zealand Citizen (subclass 444),13,NOM departures,Australian Capital Territory,170,Persons,primary,"https://data.api.abs.gov.au/rest/data/ABS,ABS_NOM_VISA_FY,1.0.0/all?startPeriod=2015&format=csv",2026-08-25T07:40:28.773Z
2016,Other Visas,17,NOM departures,Australian Capital Territory,190,Persons,primary,"https://data.api.abs.gov.au/rest/data/ABS,ABS_NOM_VISA_FY,1.0.0/all?startPeriod=2015&format=csv",2026-08-25T07:40:28.773Z
2016,Permanent visa - Family,10,NOM departures,Australian Capital Territory,110,Persons,primary,"https://data.api.abs.gov.au/rest/data/ABS,ABS_NOM_VISA_FY,1.0.0/all?startPeriod=2015&format=csv",2026-08-25T07:40:28.773Z
2016,Permanent visa - Other permanent visas,15,NOM departures,Australian Capital Territory,80,Persons,primary,"https://data.api.abs.gov.au/rest/data/ABS,ABS_NOM_VISA_FY,1.0.0/all?startPeriod=2015&format=csv",2026-08-25T07:40:28.773Z
2016,Permanent visa - Skill,11,NOM departures,Australian Capital Territory,150,Persons,primary,"https://data.api.abs.gov.au/rest/data/ABS,ABS_NOM_VISA_FY,1.0.0/all?startPeriod=2015&format=csv",2026-08-25T07:40:28.773Z
2016,Permanent visa - Special Eligibility and humanitarian,12,NOM departures,Australian Capital Territory,0,Persons,primary,"https://data.api.abs.gov.au/rest/data/ABS,ABS_NOM_VISA_FY,1.0.0/all?startPeriod=2015&format=csv",2026-08-25T07:40:28.773Z
2016,Permanent visa - Total,9,NOM departures,Australian Capital Territory,340,Persons,primary,"https://data.api.abs.gov.au/rest/data/ABS,ABS_NOM_VISA_FY,1.0.0/all?startPeriod=2015&format=csv",2026-08-25T07:40:28.773Z
2016,Temporary visa - Higher education sector,3,NOM departures,Australian Capital Territory,840,Persons,primary,"https://data.api.abs.gov.au/rest/data/ABS,ABS_NOM_VISA_FY,1.0.0/all?startPeriod=2015&format=csv",2026-08-25T07:40:28.773Z
2016,Temporary visa - Other temporary visas,8,NOM departures,Australian Capital Territory,490,Persons,primary,"https://data.api.abs.gov.au/rest/data/ABS,ABS_NOM_VISA_FY,1.0.0/all?startPeriod=2015&format=csv",2026-08-25T07:40:28.773Z
2016,Temporary visa - Student other,4,NOM departures,Australian Capital Territory,620,Persons,primary,"https://data.api.abs.gov.au/rest/data/ABS,ABS_NOM_VISA_FY,1.0.0/all?startPeriod=2015&format=csv",2026-08-25T07:40:28.773Z
2016,Temporary visa - Temporary work (skilled),5,NOM departures,Australian Capital Territory,190,Persons,primary,"https://data.api.abs.gov.au/rest/data/ABS,ABS_NOM_VISA_FY,1.0.0/all?startPeriod=2015&format=csv",2026-08-25T07:40:28.773Z
2016,Temporary visa - Total,1,NOM departures,Australian Capital Territory,2510,Persons,primary,"https://data.api.abs.gov.au/rest/data/ABS,ABS_NOM_VISA_FY,1.0.0/all?startPeriod=2015&format=csv",2026-08-25T07:40:28.773Z
2016,Temporary visa - Visitor,6,NOM departures,Australian Capital Territory,180,Persons,primary,"https://data.api.abs.gov.au/rest/data/ABS,ABS_NOM_VISA_FY,1.0.0/all?startPeriod=2015&format=csv",2026-08-25T07:40:28.773Z
2016,Temporary visa - Vocational Education and Training sector,2,NOM departures,Australian Capital Territory,70,Persons,primary,"https://data.api.abs.gov.au/rest/data/ABS,ABS_NOM_VISA_FY,1.0.0/all?startPeriod=2015&format=csv",2026-08-25T07:40:28.773Z
2016,Temporary visa - Working Holiday,7,NOM departures,Australian Capital Territory,130,Persons,primary,"https://data.api.abs.gov.au/rest/data/ABS,ABS_NOM_VISA_FY,1.0.0/all?startPeriod=2015&format=csv",2026-08-25T07:40:28.773Z
2016,Total,16,NOM departures,Australian Capital Territory,6140,Persons,primary,"https://data.api.abs.gov.au/rest/data/ABS,ABS_NOM_VISA_FY,1.0.0/all?startPeriod=2015&format=csv",2026-08-25T07:40:28.773Z
2016,Australian Citizen,14,NOM arrivals,New South Wales,26460,Persons,primary,"https://data.api.abs.gov.au/rest/data/ABS,ABS_NOM_VISA_FY,1.0.0/all?startPeriod=2015&format=csv",2026-08-25T07:40:28.773Z
2016,New Zealand Citizen (subclass 444),13,NOM arrivals,New South Wales,9230,Persons,primary,"https://data.api.abs.gov.au/rest/data/ABS,ABS_NOM_VISA_FY,1.0.0/all?startPeriod=2015&format=csv",2026-08-25T07:40:28.773Z
2016,Other Visas,17,NOM arrivals,New South Wales,1440,Persons,primary,"https://data.api.abs.gov.au/rest/data/ABS,ABS_NOM_VISA_FY,1.0.0/all?startPeriod=2015&format=csv",2026-08-25T07:40:28.773Z
2016,Permanent visa - Family,10,NOM arrivals,New South Wales,11580,Persons,primary,"https://data.api.abs.gov.au/rest/data/ABS,ABS_NOM_VISA_FY,1.0.0/all?startPeriod=2015&format=csv",2026-08-25T07:40:28.773Z
2016,Permanent visa - Other permanent visas,15,NOM arrivals,New South Wales,2190,Persons,primary,"https://data.api.abs.gov.au/rest/data/ABS,ABS_NOM_VISA_FY,1.0.0/all?startPeriod=2015&format=csv",2026-08-25T07:40:28.773Z
2016,Permanent visa - Skill,11,NOM arrivals,New South Wales,13230,Persons,primary,"https://data.api.abs.gov.au/rest/data/ABS,ABS_NOM_VISA_FY,1.0.0/all?startPeriod=2015&format=csv",2026-08-25T07:40:28.773Z
2016,Permanent visa - Special Eligibility and humanitarian,12,NOM arrivals,New South Wales,3340,Persons,primary,"https://data.api.abs.gov.au/rest/data/ABS,ABS_NOM_VISA_FY,1.0.0/all?startPeriod=2015&format=csv",2026-08-25T07:40:28.773Z
2016,Permanent visa - Total,9,NOM arrivals,New South Wales,30340,Persons,primary,"https://data.api.abs.gov.au/rest/data/ABS,ABS_NOM_VISA_FY,1.0.0/all?startPeriod=2015&format=csv",2026-08-25T07:40:28.773Z
2016,Temporary visa - Higher education sector,3,NOM arrivals,New South Wales,32050,Persons,primary,"https://data.api.abs.gov.au/rest/data/ABS,ABS_NOM_VISA_FY,1.0.0/all?startPeriod=2015&format=csv",2026-08-25T07:40:28.773Z
2016,Temporary visa - Other temporary visas,8,NOM arrivals,New South Wales,2830,Persons,primary,"https://data.api.abs.gov.au/rest/data/ABS,ABS_NOM_VISA_FY,1.0.0/all?startPeriod=2015&format=csv",2026-08-25T07:40:28.773Z
2016,Temporary visa - Student other,4,NOM arrivals,New South Wales,9410,Persons,primary,"https://data.api.abs.gov.au/rest/data/ABS,ABS_NOM_VISA_FY,1.0.0/all?startPeriod=2015&format=csv",2026-08-25T07:40:28.773Z
2016,Temporary visa - Temporary work (skilled),5,NOM arrivals,New South Wales,12900,Persons,primary,"https://data.api.abs.gov.au/rest/data/ABS,ABS_NOM_VISA_FY,1.0.0/all?startPeriod=2015&format=csv",2026-08-25T07:40:28.773Z
2016,Temporary visa - Total,1,NOM arrivals,New South Wales,103420,Persons,primary,"https://data.api.abs.gov.au/rest/data/ABS,ABS_NOM_VISA_FY,1.0.0/all?startPeriod=2015&format=csv",2026-08-25T07:40:28.773Z
2016,Temporary visa - Visitor,6,NOM arrivals,New South Wales,21450,Persons,primary,"https://data.api.abs.gov.au/rest/data/ABS,ABS_NOM_VISA_FY,1.0.0/all?startPeriod=2015&format=csv",2026-08-25T07:40:28.773Z
2016,Temporary visa - Vocational Education and Training sector,2,NOM arrivals,New South Wales,6710,Persons,primary,"https://data.api.abs.gov.au/rest/data/ABS,ABS_NOM_VISA_FY,1.0.0/all?startPeriod=2015&format=csv",2026-08-25T07:40:28.773Z
2016,Temporary visa - Working Holiday,7,NOM arrivals,New South Wales,18070,Persons,primary,"https://data.api.abs.gov.au/rest/data/ABS,ABS_NOM_VISA_FY,1.0.0/all?startPeriod=2015&format=csv",2026-08-25T07:40:28.773Z
2016,Total,16,NOM arrivals,New South Wales,170890,Persons,primary,"https://data.api.abs.gov.au/rest/data/ABS,ABS_NOM_VISA_FY,1.0.0/all?startPeriod=2015&format=csv",2026-08-25T07:40:28.773Z
2016,Australian Citizen,14,NOM departures,New South Wales,34070,Persons,primary,"https://data.api.abs.gov.au/rest/data/ABS,ABS_NOM_VISA_FY,1.0.0/all?startPeriod=2015&format=csv",2026-08-25T07:40:28.773Z
2016,New Zealand Citizen (subclass 444),13,NOM departures,New South Wales,5980,Persons,primary,"https://data.api.abs.gov.au/rest/data/ABS,ABS_NOM_VISA_FY,1.0.0/all?startPeriod=2015&format=csv",2026-08-25T07:40:28.773Z
2016,Other Visas,17,NOM departures,New South Wales,1710,Persons,primary,"https://data.api.abs.gov.au/rest/data/ABS,ABS_NOM_VISA_FY,1.0.0/all?startPeriod=2015&format=csv",2026-08-25T07:40:28.773Z
2016,Permanent visa - Family,10,NOM departures,New South Wales,2150,Persons,primary,"https://data.api.abs.gov.au/rest/data/ABS,ABS_NOM_VISA_FY,1.0.0/all?startPeriod=2015&format=csv",2026-08-25T07:40:28.773Z
2016,Permanent visa - Other permanent visas,15,NOM departures,New South Wales,2310,Persons,primary,"https://data.api.abs.gov.au/rest/data/ABS,ABS_NOM_VISA_FY,1.0.0/all?startPeriod=2015&format=csv",2026-08-25T07:40:28.773Z
2016,Permanent visa - Skill,11,NOM departures,New South Wales,2590,Persons,primary,"https://data.api.abs.gov.au/rest/data/ABS,ABS_NOM_VISA_FY,1.0.0/all?startPeriod=2015&format=csv",2026-08-25T07:40:28.773Z
2016,Permanent visa - Special Eligibility and humanitarian,12,NOM departures,New South Wales,60,Persons,primary,"https://data.api.abs.gov.au/rest/data/ABS,ABS_NOM_VISA_FY,1.0.0/all?startPeriod=2015&format=csv",2026-08-25T07:40:28.773Z
2016,Permanent visa - Total,9,NOM departures,New South Wales,7110,Persons,primary,"https://data.api.abs.gov.au/rest/data/ABS,ABS_NOM_VISA_FY,1.0.0/all?startPeriod=2015&format=csv",2026-08-25T07:40:28.773Z
2016,Temporary visa - Higher education sector,3,NOM departures,New South Wales,7980,Persons,primary,"https://data.api.abs.gov.au/rest/data/ABS,ABS_NOM_VISA_FY,1.0.0/all?startPeriod=2015&format=csv",2026-08-25T07:40:28.773Z
2016,Temporary visa - Other temporary visas,8,NOM departures,New South Wales,7420,Persons,primary,"https://data.api.abs.gov.au/rest/data/ABS,ABS_NOM_VISA_FY,1.0.0/all?startPeriod=2015&format=csv",2026-08-25T07:40:28.773Z
2016,Temporary visa - Student other,4,NOM departures,New South Wales,2590,Persons,primary,"https://data.api.abs.gov.au/rest/data/ABS,ABS_NOM_VISA_FY,1.0.0/all?startPeriod=2015&format=csv",2026-08-25T07:40:28.773Z
2016,Temporary visa - Temporary work (skilled),5,NOM departures,New South Wales,6430,Persons,primary,"https://data.api.abs.gov.au/rest/data/ABS,ABS_NOM_VISA_FY,1.0.0/all?startPeriod=2015&format=csv",2026-08-25T07:40:28.773Z
2016,Temporary visa - Total,1,NOM departures,New South Wales,42030,Persons,primary,"https://data.api.abs.gov.au/rest/data/ABS,ABS_NOM_VISA_FY,1.0.0/all?startPeriod=2015&format=csv",2026-08-25T07:40:28.773Z
2016,Temporary visa - Visitor,6,NOM departures,New South Wales,5520,Persons,primary,"https://data.api.abs.gov.au/rest/data/ABS,ABS_NOM_VISA_FY,1.0.0/all?startPeriod=2015&format=csv",2026-08-25T07:40:28.773Z
2016,Temporary visa - Vocational Education and Training sector,2,NOM departures,New South Wales,4450,Persons,primary,"https://data.api.abs.gov.au/rest/data/ABS,ABS_NOM_VISA_FY,1.0.0/all?startPeriod=2015&format=csv",2026-08-25T07:40:28.773Z
2016,Temporary visa - Working Holiday,7,NOM departures,New South Wales,7640,Persons,primary,"https://data.api.abs.gov.au/rest/data/ABS,ABS_NOM_VISA_FY,1.0.0/all?startPeriod=2015&format=csv",2026-08-25T07:40:28.773Z
2016,Total,16,NOM departures,New South Wales,90890,Persons,primary,"https://data.api.abs.gov.au/rest/data/ABS,ABS_NOM_VISA_FY,1.0.0/all?startPeriod=2015&format=csv",2026-08-25T07:40:28.773Z
2016,Australian Citizen,14,NOM arrivals,Northern Territory,700,Persons,primary,"https://data.api.abs.gov.au/rest/data/ABS,ABS_NOM_VISA_FY,1.0.0/all?startPeriod=2015&format=csv",2026-08-25T07:40:28.773Z
2016,New Zealand Citizen (subclass 444),13,NOM arrivals,Northern Territory,370,Persons,primary,"https://data.api.abs.gov.au/rest/data/ABS,ABS_NOM_VISA_FY,1.0.0/all?startPeriod=2015&format=csv",2026-08-25T07:40:28.773Z
2016,Other Visas,17,NOM arrivals,Northern Territory,1180,Persons,primary,"https://data.api.abs.gov.au/rest/data/ABS,ABS_NOM_VISA_FY,1.0.0/all?startPeriod=2015&format=csv",2026-08-25T07:40:28.773Z
2016,Permanent visa - Family,10,NOM arrivals,Northern Territory,270,Persons,primary,"https://data.api.abs.gov.au/rest/data/ABS,ABS_NOM_VISA_FY,1.0.0/all?startPeriod=2015&format=csv",2026-08-25T07:40:28.773Z
2016,Permanent visa - Other permanent visas,15,NOM arrivals,Northern Territory,40,Persons,primary,"https://data.api.abs.gov.au/rest/data/ABS,ABS_NOM_VISA_FY,1.0.0/all?startPeriod=2015&format=csv",2026-08-25T07:40:28.773Z
2016,Permanent visa - Skill,11,NOM arrivals,Northern Territory,620,Persons,primary,"https://data.api.abs.gov.au/rest/data/ABS,ABS_NOM_VISA_FY,1.0.0/all?startPeriod=2015&format=csv",2026-08-25T07:40:28.773Z
2016,Permanent visa - Special Eligibility and humanitarian,12,NOM arrivals,Northern Territory,70,Persons,primary,"https://data.api.abs.gov.au/rest/data/ABS,ABS_NOM_VISA_FY,1.0.0/all?startPeriod=2015&format=csv",2026-08-25T07:40:28.773Z
2016,Permanent visa - Total,9,NOM arrivals,Northern Territory,1000,Persons,primary,"https://data.api.abs.gov.au/rest/data/ABS,ABS_NOM_VISA_FY,1.0.0/all?startPeriod=2015&format=csv",2026-08-25T07:40:28.773Z
2016,Temporary visa - Higher education sector,3,NOM arrivals,Northern Territory,520,Persons,primary,"https://data.api.abs.gov.au/rest/data/ABS,ABS_NOM_VISA_FY,1.0.0/all?startPeriod=2015&format=csv",2026-08-25T07:40:28.773Z
2016,Temporary visa - Other temporary visas,8,NOM arrivals,Northern Territory,230,Persons,primary,"https://data.api.abs.gov.au/rest/data/ABS,ABS_NOM_VISA_FY,1.0.0/all?startPeriod=2015&format=csv",2026-08-25T07:40:28.773Z
2016,Temporary visa - Student other,4,NOM arrivals,Northern Territory,80,Persons,primary,"https://data.api.abs.gov.au/rest/data/ABS,ABS_NOM_VISA_FY,1.0.0/all?startPeriod=2015&format=csv",2026-08-25T07:40:28.773Z
2016,Temporary visa - Temporary work (skilled),5,NOM arrivals,Northern Territory,550,Persons,primary,"https://data.api.abs.gov.au/rest/data/ABS,ABS_NOM_VISA_FY,1.0.0/all?startPeriod=2015&format=csv",2026-08-25T07:40:28.773Z
2016,Temporary visa - Total,1,NOM arrivals,Northern Territory,3130,Persons,primary,"https://data.api.abs.gov.au/rest/data/ABS,ABS_NOM_VISA_FY,1.0.0/all?startPeriod=2015&format=csv",2026-08-25T07:40:28.773Z
2016,Temporary visa - Visitor,6,NOM arrivals,Northern Territory,650,Persons,primary,"https://data.api.abs.gov.au/rest/data/ABS,ABS_NOM_VISA_FY,1.0.0/all?startPeriod=2015&format=csv",2026-08-25T07:40:28.773Z
2016,Temporary visa - Vocational Education and Training sector,2,NOM arrivals,Northern Territory,50,Persons,primary,"https://data.api.abs.gov.au/rest/data/ABS,ABS_NOM_VISA_FY,1.0.0/all?startPeriod=2015&format=csv",2026-08-25T07:40:28.773Z
2016,Temporary visa - Working Holiday,7,NOM arrivals,Northern Territory,1040,Persons,primary,"https://data.api.abs.gov.au/rest/data/ABS,ABS_NOM_VISA_FY,1.0.0/all?startPeriod=2015&format=csv",2026-08-25T07:40:28.773Z
2016,Total,16,NOM arrivals,Northern Territory,6370,Persons,primary,"https://data.api.abs.gov.au/rest/data/ABS,ABS_NOM_VISA_FY,1.0.0/all?startPeriod=2015&format=csv",2026-08-25T07:40:28.773Z
2016,Australian Citizen,14,NOM departures,Northern Territory,920,Persons,primary,"https://data.api.abs.gov.au/rest/data/ABS,ABS_NOM_VISA_FY,1.0.0/all?startPeriod=2015&format=csv",2026-08-25T07:40:28.773Z
2016,New Zealand Citizen (subclass 444),13,NOM departures,Northern Territory,410,Persons,primary,"https://data.api.abs.gov.au/rest/data/ABS,ABS_NOM_VISA_FY,1.0.0/all?startPeriod=2015&format=csv",2026-08-25T07:40:28.773Z
2016,Other Visas,17,NOM departures,Northern Territory,1800,Persons,primary,"https://data.api.abs.gov.au/rest/data/ABS,ABS_NOM_VISA_FY,1.0.0/all?startPeriod=2015&format=csv",2026-08-25T07:40:28.773Z
2016,Permanent visa - Family,10,NOM departures,Northern Territory,70,Persons,primary,"https://data.api.abs.gov.au/rest/data/ABS,ABS_NOM_VISA_FY,1.0.0/all?startPeriod=2015&format=csv",2026-08-25T07:40:28.773Z
2016,Permanent visa - Other permanent visas,15,NOM departures,Northern Territory,50,Persons,primary,"https://data.api.abs.gov.au/rest/data/ABS,ABS_NOM_VISA_FY,1.0.0/all?startPeriod=2015&format=csv",2026-08-25T07:40:28.773Z
2016,Permanent visa - Skill,11,NOM departures,Northern Territory,120,Persons,primary,"https://data.api.abs.gov.au/rest/data/ABS,ABS_NOM_VISA_FY,1.0.0/all?startPeriod=2015&format=csv",2026-08-25T07:40:28.773Z
2016,Permanent visa - Special Eligibility and humanitarian,12,NOM departures,Northern Territory,0,Persons,primary,"https://data.api.abs.gov.au/rest/data/ABS,ABS_NOM_VISA_FY,1.0.0/all?startPeriod=2015&format=csv",2026-08-25T07:40:28.773Z
2016,Permanent visa - Total,9,NOM departures,Northern Territory,240,Persons,primary,"https://data.api.abs.gov.au/rest/data/ABS,ABS_NOM_VISA_FY,1.0.0/all?startPeriod=2015&format=csv",2026-08-25T07:40:28.773Z
2016,Temporary visa - Higher education sector,3,NOM departures,Northern Territory,60,Persons,primary,"https://data.api.abs.gov.au/rest/data/ABS,ABS_NOM_VISA_FY,1.0.0/all?startPeriod=2015&format=csv",2026-08-25T07:40:28.773Z
2016,Temporary visa - Other temporary visas,8,NOM departures,Northern Territory,440,Persons,primary,"https://data.api.abs.gov.au/rest/data/ABS,ABS_NOM_VISA_FY,1.0.0/all?startPeriod=2015&format=csv",2026-08-25T07:40:28.773Z
2016,Temporary visa - Student other,4,NOM departures,Northern Territory,40,Persons,primary,"https://data.api.abs.gov.au/rest/data/ABS,ABS_NOM_VISA_FY,1.0.0/all?startPeriod=2015&format=csv",2026-08-25T07:40:28.773Z
2016,Temporary visa - Temporary work (skilled),5,NOM departures,Northern Territory,290,Persons,primary,"https://data.api.abs.gov.au/rest/data/ABS,ABS_NOM_VISA_FY,1.0.0/all?startPeriod=2015&format=csv",2026-08-25T07:40:28.773Z
2016,Temporary visa - Total,1,NOM departures,Northern Territory,1940,Persons,primary,"https://data.api.abs.gov.au/rest/data/ABS,ABS_NOM_VISA_FY,1.0.0/all?startPeriod=2015&format=csv",2026-08-25T07:40:28.773Z
2016,Temporary visa - Visitor,6,NOM departures,Northern Territory,240,Persons,primary,"https://data.api.abs.gov.au/rest/data/ABS,ABS_NOM_VISA_FY,1.0.0/all?startPeriod=2015&format=csv",2026-08-25T07:40:28.773Z
2016,Temporary visa - Vocational Education and Training sector,2,NOM departures,Northern Territory,40,Persons,primary,"https://data.api.abs.gov.au/rest/data/ABS,ABS_NOM_VISA_FY,1.0.0/all?startPeriod=2015&format=csv",2026-08-25T07:40:28.773Z
2016,Temporary visa - Working Holiday,7,NOM departures,Northern Territory,840,Persons,primary,"https://data.api.abs.gov.au/rest/data/ABS,ABS_NOM_VISA_FY,1.0.0/all?startPeriod=2015&format=csv",2026-08-25T07:40:28.773Z
2016,Total,16,NOM departures,Northern Territory,5320,Persons,primary,"https://data.api.abs.gov.au/rest/data/ABS,ABS_NOM_VISA_FY,1.0.0/all?startPeriod=2015&format=csv",2026-08-25T07:40:28.773Z
2016,Australian Citizen,14,NOM arrivals,Queensland,14900,Persons,primary,"https://data.api.abs.gov.au/rest/data/ABS,ABS_NOM_VISA_FY,1.0.0/all?startPeriod=2015&format=csv",2026-08-25T07:40:28.773Z
2016,New Zealand Citizen (subclass 444),13,NOM arrivals,Queensland,10340,Persons,primary,"https://data.api.abs.gov.au/rest/data/ABS,ABS_NOM_VISA_FY,1.0.0/all?startPeriod=2015&format=csv",2026-08-25T07:40:28.773Z
2016,Other Visas,17,NOM arrivals,Queensland,2850,Persons,primary,"https://data.api.abs.gov.au/rest/data/ABS,ABS_NOM_VISA_FY,1.0.0/all?startPeriod=2015&format=csv",2026-08-25T07:40:28.773Z
2016,Permanent visa - Family,10,NOM arrivals,Queensland,4070,Persons,primary,"https://data.api.abs.gov.au/rest/data/ABS,ABS_NOM_VISA_FY,1.0.0/all?startPeriod=2015&format=csv",2026-08-25T07:40:28.773Z
2016,Permanent visa - Other permanent visas,15,NOM arrivals,Queensland,920,Persons,primary,"https://data.api.abs.gov.au/rest/data/ABS,ABS_NOM_VISA_FY,1.0.0/all?startPeriod=2015&format=csv",2026-08-25T07:40:28.773Z
2016,Permanent visa - Skill,11,NOM arrivals,Queensland,4380,Persons,primary,"https://data.api.abs.gov.au/rest/data/ABS,ABS_NOM_VISA_FY,1.0.0/all?startPeriod=2015&format=csv",2026-08-25T07:40:28.773Z
2016,Permanent visa - Special Eligibility and humanitarian,12,NOM arrivals,Queensland,1950,Persons,primary,"https://data.api.abs.gov.au/rest/data/ABS,ABS_NOM_VISA_FY,1.0.0/all?startPeriod=2015&format=csv",2026-08-25T07:40:28.773Z
2016,Permanent visa - Total,9,NOM arrivals,Queensland,11310,Persons,primary,"https://data.api.abs.gov.au/rest/data/ABS,ABS_NOM_VISA_FY,1.0.0/all?startPeriod=2015&format=csv",2026-08-25T07:40:28.773Z
2016,Temporary visa - Higher education sector,3,NOM arrivals,Queensland,10900,Persons,primary,"https://data.api.abs.gov.au/rest/data/ABS,ABS_NOM_VISA_FY,1.0.0/all?startPeriod=2015&format=csv",2026-08-25T07:40:28.773Z
2016,Temporary visa - Other temporary visas,8,NOM arrivals,Queensland,1190,Persons,primary,"https://data.api.abs.gov.au/rest/data/ABS,ABS_NOM_VISA_FY,1.0.0/all?startPeriod=2015&format=csv",2026-08-25T07:40:28.773Z
2016,Temporary visa - Student other,4,NOM arrivals,Queensland,5390,Persons,primary,"https://data.api.abs.gov.au/rest/data/ABS,ABS_NOM_VISA_FY,1.0.0/all?startPeriod=2015&format=csv",2026-08-25T07:40:28.773Z
2016,Temporary visa - Temporary work (skilled),5,NOM arrivals,Queensland,3980,Persons,primary,"https://data.api.abs.gov.au/rest/data/ABS,ABS_NOM_VISA_FY,1.0.0/all?startPeriod=2015&format=csv",2026-08-25T07:40:28.773Z
2016,Temporary visa - Total,1,NOM arrivals,Queensland,43760,Persons,primary,"https://data.api.abs.gov.au/rest/data/ABS,ABS_NOM_VISA_FY,1.0.0/all?startPeriod=2015&format=csv",2026-08-25T07:40:28.773Z
2016,Temporary visa - Visitor,6,NOM arrivals,Queensland,9120,Persons,primary,"https://data.api.abs.gov.au/rest/data/ABS,ABS_NOM_VISA_FY,1.0.0/all?startPeriod=2015&format=csv",2026-08-25T07:40:28.773Z
2016,Temporary visa - Vocational Education and Training sector,2,NOM arrivals,Queensland,2480,Persons,primary,"https://data.api.abs.gov.au/rest/data/ABS,ABS_NOM_VISA_FY,1.0.0/all?startPeriod=2015&format=csv",2026-08-25T07:40:28.773Z
2016,Temporary visa - Working Holiday,7,NOM arrivals,Queensland,10710,Persons,primary,"https://data.api.abs.gov.au/rest/data/ABS,ABS_NOM_VISA_FY,1.0.0/all?startPeriod=2015&format=csv",2026-08-25T07:40:28.773Z
2016,Total,16,NOM arrivals,Queensland,83170,Persons,primary,"https://data.api.abs.gov.au/rest/data/ABS,ABS_NOM_VISA_FY,1.0.0/all?startPeriod=2015&format=csv",2026-08-25T07:40:28.773Z
2016,Australian Citizen,14,NOM departures,Queensland,18730,Persons,primary,"https://data.api.abs.gov.au/rest/data/ABS,ABS_NOM_VISA_FY,1.0.0/all?startPeriod=2015&format=csv",2026-08-25T07:40:28.773Z
2016,New Zealand Citizen (subclass 444),13,NOM departures,Queensland,9520,Persons,primary,"https://data.api.abs.gov.au/rest/data/ABS,ABS_NOM_VISA_FY,1.0.0/all?startPeriod=2015&format=csv",2026-08-25T07:40:28.773Z
2016,Other Visas,17,NOM departures,Queensland,2130,Persons,primary,"https://data.api.abs.gov.au/rest/data/ABS,ABS_NOM_VISA_FY,1.0.0/all?startPeriod=2015&format=csv",2026-08-25T07:40:28.773Z
2016,Permanent visa - Family,10,NOM departures,Queensland,1000,Persons,primary,"https://data.api.abs.gov.au/rest/data/ABS,ABS_NOM_VISA_FY,1.0.0/all?startPeriod=2015&format=csv",2026-08-25T07:40:28.773Z
2016,Permanent visa - Other permanent visas,15,NOM departures,Queensland,1050,Persons,primary,"https://data.api.abs.gov.au/rest/data/ABS,ABS_NOM_VISA_FY,1.0.0/all?startPeriod=2015&format=csv",2026-08-25T07:40:28.773Z
2016,Permanent visa - Skill,11,NOM departures,Queensland,1210,Persons,primary,"https://data.api.abs.gov.au/rest/data/ABS,ABS_NOM_VISA_FY,1.0.0/all?startPeriod=2015&format=csv",2026-08-25T07:40:28.773Z
2016,Permanent visa - Special Eligibility and humanitarian,12,NOM departures,Queensland,20,Persons,primary,"https://data.api.abs.gov.au/rest/data/ABS,ABS_NOM_VISA_FY,1.0.0/all?startPeriod=2015&format=csv",2026-08-25T07:40:28.773Z
2016,Permanent visa - Total,9,NOM departures,Queensland,3280,Persons,primary,"https://data.api.abs.gov.au/rest/data/ABS,ABS_NOM_VISA_FY,1.0.0/all?startPeriod=2015&format=csv",2026-08-25T07:40:28.773Z
2016,Temporary visa - Higher education sector,3,NOM departures,Queensland,4160,Persons,primary,"https://data.api.abs.gov.au/rest/data/ABS,ABS_NOM_VISA_FY,1.0.0/all?startPeriod=2015&format=csv",2026-08-25T07:40:28.773Z
2016,Temporary visa - Other temporary visas,8,NOM departures,Queensland,4220,Persons,primary,"https://data.api.abs.gov.au/rest/data/ABS,ABS_NOM_VISA_FY,1.0.0/all?startPeriod=2015&format=csv",2026-08-25T07:40:28.773Z
2016,Temporary visa - Student other,4,NOM departures,Queensland,2020,Persons,primary,"https://data.api.abs.gov.au/rest/data/ABS,ABS_NOM_VISA_FY,1.0.0/all?startPeriod=2015&format=csv",2026-08-25T07:40:28.773Z
2016,Temporary visa - Temporary work (skilled),5,NOM departures,Queensland,3000,Persons,primary,"https://data.api.abs.gov.au/rest/data/ABS,ABS_NOM_VISA_FY,1.0.0/all?startPeriod=2015&format=csv",2026-08-25T07:40:28.773Z
2016,Temporary visa - Total,1,NOM departures,Queensland,24560,Persons,primary,"https://data.api.abs.gov.au/rest/data/ABS,ABS_NOM_VISA_FY,1.0.0/all?startPeriod=2015&format=csv",2026-08-25T07:40:28.773Z
2016,Temporary visa - Visitor,6,NOM departures,Queensland,3200,Persons,primary,"https://data.api.abs.gov.au/rest/data/ABS,ABS_NOM_VISA_FY,1.0.0/all?startPeriod=2015&format=csv",2026-08-25T07:40:28.773Z
2016,Temporary visa - Vocational Education and Training sector,2,NOM departures,Queensland,1630,Persons,primary,"https://data.api.abs.gov.au/rest/data/ABS,ABS_NOM_VISA_FY,1.0.0/all?startPeriod=2015&format=csv",2026-08-25T07:40:28.773Z
2016,Temporary visa - Working Holiday,7,NOM departures,Queensland,6330,Persons,primary,"https://data.api.abs.gov.au/rest/data/ABS,ABS_NOM_VISA_FY,1.0.0/all?startPeriod=2015&format=csv",2026-08-25T07:40:28.773Z
2016,Total,16,NOM departures,Queensland,58220,Persons,primary,"https://data.api.abs.gov.au/rest/data/ABS,ABS_NOM_VISA_FY,1.0.0/all?startPeriod=2015&format=csv",2026-08-25T07:40:28.773Z
2016,Australian Citizen,14,NOM arrivals,South Australia,3370,Persons,primary,"https://data.api.abs.gov.au/rest/data/ABS,ABS_NOM_VISA_FY,1.0.0/all?startPeriod=2015&format=csv",2026-08-25T07:40:28.773Z
2016,New Zealand Citizen (subclass 444),13,NOM arrivals,South Australia,540,Persons,primary,"https://data.api.abs.gov.au/rest/data/ABS,ABS_NOM_VISA_FY,1.0.0/all?startPeriod=2015&format=csv",2026-08-25T07:40:28.773Z
2016,Other Visas,17,NOM arrivals,South Australia,200,Persons,primary,"https://data.api.abs.gov.au/rest/data/ABS,ABS_NOM_VISA_FY,1.0.0/all?startPeriod=2015&format=csv",2026-08-25T07:40:28.773Z
2016,Permanent visa - Family,10,NOM arrivals,South Australia,1800,Persons,primary,"https://data.api.abs.gov.au/rest/data/ABS,ABS_NOM_VISA_FY,1.0.0/all?startPeriod=2015&format=csv",2026-08-25T07:40:28.773Z
2016,Permanent visa - Other permanent visas,15,NOM arrivals,South Australia,220,Persons,primary,"https://data.api.abs.gov.au/rest/data/ABS,ABS_NOM_VISA_FY,1.0.0/all?startPeriod=2015&format=csv",2026-08-25T07:40:28.773Z
2016,Permanent visa - Skill,11,NOM arrivals,South Australia,3820,Persons,primary,"https://data.api.abs.gov.au/rest/data/ABS,ABS_NOM_VISA_FY,1.0.0/all?startPeriod=2015&format=csv",2026-08-25T07:40:28.773Z
2016,Permanent visa - Special Eligibility and humanitarian,12,NOM arrivals,South Australia,1080,Persons,primary,"https://data.api.abs.gov.au/rest/data/ABS,ABS_NOM_VISA_FY,1.0.0/all?startPeriod=2015&format=csv",2026-08-25T07:40:28.773Z
2016,Permanent visa - Total,9,NOM arrivals,South Australia,6930,Persons,primary,"https://data.api.abs.gov.au/rest/data/ABS,ABS_NOM_VISA_FY,1.0.0/all?startPeriod=2015&format=csv",2026-08-25T07:40:28.773Z
2016,Temporary visa - Higher education sector,3,NOM arrivals,South Australia,5180,Persons,primary,"https://data.api.abs.gov.au/rest/data/ABS,ABS_NOM_VISA_FY,1.0.0/all?startPeriod=2015&format=csv",2026-08-25T07:40:28.773Z
2016,Temporary visa - Other temporary visas,8,NOM arrivals,South Australia,370,Persons,primary,"https://data.api.abs.gov.au/rest/data/ABS,ABS_NOM_VISA_FY,1.0.0/all?startPeriod=2015&format=csv",2026-08-25T07:40:28.773Z
2016,Temporary visa - Student other,4,NOM arrivals,South Australia,1640,Persons,primary,"https://data.api.abs.gov.au/rest/data/ABS,ABS_NOM_VISA_FY,1.0.0/all?startPeriod=2015&format=csv",2026-08-25T07:40:28.773Z
2016,Temporary visa - Temporary work (skilled),5,NOM arrivals,South Australia,1040,Persons,primary,"https://data.api.abs.gov.au/rest/data/ABS,ABS_NOM_VISA_FY,1.0.0/all?startPeriod=2015&format=csv",2026-08-25T07:40:28.773Z
2016,Temporary visa - Total,1,NOM arrivals,South Australia,12370,Persons,primary,"https://data.api.abs.gov.au/rest/data/ABS,ABS_NOM_VISA_FY,1.0.0/all?startPeriod=2015&format=csv",2026-08-25T07:40:28.773Z
2016,Temporary visa - Visitor,6,NOM arrivals,South Australia,2150,Persons,primary,"https://data.api.abs.gov.au/rest/data/ABS,ABS_NOM_VISA_FY,1.0.0/all?startPeriod=2015&format=csv",2026-08-25T07:40:28.773Z
2016,Temporary visa - Vocational Education and Training sector,2,NOM arrivals,South Australia,600,Persons,primary,"https://data.api.abs.gov.au/rest/data/ABS,ABS_NOM_VISA_FY,1.0.0/all?startPeriod=2015&format=csv",2026-08-25T07:40:28.773Z
2016,Temporary visa - Working Holiday,7,NOM arrivals,South Australia,1390,Persons,primary,"https://data.api.abs.gov.au/rest/data/ABS,ABS_NOM_VISA_FY,1.0.0/all?startPeriod=2015&format=csv",2026-08-25T07:40:28.773Z
2016,Total,16,NOM arrivals,South Australia,23410,Persons,primary,"https://data.api.abs.gov.au/rest/data/ABS,ABS_NOM_VISA_FY,1.0.0/all?startPeriod=2015&format=csv",2026-08-25T07:40:28.773Z
2016,Australian Citizen,14,NOM departures,South Australia,4360,Persons,primary,"https://data.api.abs.gov.au/rest/data/ABS,ABS_NOM_VISA_FY,1.0.0/all?startPeriod=2015&format=csv",2026-08-25T07:40:28.773Z
2016,New Zealand Citizen (subclass 444),13,NOM departures,South Australia,500,Persons,primary,"https://data.api.abs.gov.au/rest/data/ABS,ABS_NOM_VISA_FY,1.0.0/all?startPeriod=2015&format=csv",2026-08-25T07:40:28.773Z
2016,Other Visas,17,NOM departures,South Australia,200,Persons,primary,"https://data.api.abs.gov.au/rest/data/ABS,ABS_NOM_VISA_FY,1.0.0/all?startPeriod=2015&format=csv",2026-08-25T07:40:28.773Z
2016,Permanent visa - Family,10,NOM departures,South Australia,230,Persons,primary,"https://data.api.abs.gov.au/rest/data/ABS,ABS_NOM_VISA_FY,1.0.0/all?startPeriod=2015&format=csv",2026-08-25T07:40:28.773Z
2016,Permanent visa - Other permanent visas,15,NOM departures,South Australia,250,Persons,primary,"https://data.api.abs.gov.au/rest/data/ABS,ABS_NOM_VISA_FY,1.0.0/all?startPeriod=2015&format=csv",2026-08-25T07:40:28.773Z
2016,Permanent visa - Skill,11,NOM departures,South Australia,480,Persons,primary,"https://data.api.abs.gov.au/rest/data/ABS,ABS_NOM_VISA_FY,1.0.0/all?startPeriod=2015&format=csv",2026-08-25T07:40:28.773Z
2016,Permanent visa - Special Eligibility and humanitarian,12,NOM departures,South Australia,10,Persons,primary,"https://data.api.abs.gov.au/rest/data/ABS,ABS_NOM_VISA_FY,1.0.0/all?startPeriod=2015&format=csv",2026-08-25T07:40:28.773Z
2016,Permanent visa - Total,9,NOM departures,South Australia,970,Persons,primary,"https://data.api.abs.gov.au/rest/data/ABS,ABS_NOM_VISA_FY,1.0.0/all?startPeriod=2015&format=csv",2026-08-25T07:40:28.773Z
2016,Temporary visa - Higher education sector,3,NOM departures,South Australia,1620,Persons,primary,"https://data.api.abs.gov.au/rest/data/ABS,ABS_NOM_VISA_FY,1.0.0/all?startPeriod=2015&format=csv",2026-08-25T07:40:28.773Z
2016,Temporary visa - Other temporary visas,8,NOM departures,South Australia,980,Persons,primary,"https://data.api.abs.gov.au/rest/data/ABS,ABS_NOM_VISA_FY,1.0.0/all?startPeriod=2015&format=csv",2026-08-25T07:40:28.773Z
2016,Temporary visa - Student other,4,NOM departures,South Australia,1130,Persons,primary,"https://data.api.abs.gov.au/rest/data/ABS,ABS_NOM_VISA_FY,1.0.0/all?startPeriod=2015&format=csv",2026-08-25T07:40:28.773Z
2016,Temporary visa - Temporary work (skilled),5,NOM departures,South Australia,530,Persons,primary,"https://data.api.abs.gov.au/rest/data/ABS,ABS_NOM_VISA_FY,1.0.0/all?startPeriod=2015&format=csv",2026-08-25T07:40:28.773Z
2016,Temporary visa - Total,1,NOM departures,South Australia,6090,Persons,primary,"https://data.api.abs.gov.au/rest/data/ABS,ABS_NOM_VISA_FY,1.0.0/all?startPeriod=2015&format=csv",2026-08-25T07:40:28.773Z
2016,Temporary visa - Visitor,6,NOM departures,South Australia,530,Persons,primary,"https://data.api.abs.gov.au/rest/data/ABS,ABS_NOM_VISA_FY,1.0.0/all?startPeriod=2015&format=csv",2026-08-25T07:40:28.773Z
2016,Temporary visa - Vocational Education and Training sector,2,NOM departures,South Australia,230,Persons,primary,"https://data.api.abs.gov.au/rest/data/ABS,ABS_NOM_VISA_FY,1.0.0/all?startPeriod=2015&format=csv",2026-08-25T07:40:28.773Z
2016,Temporary visa - Working Holiday,7,NOM departures,South Australia,1070,Persons,primary,"https://data.api.abs.gov.au/rest/data/ABS,ABS_NOM_VISA_FY,1.0.0/all?startPeriod=2015&format=csv",2026-08-25T07:40:28.773Z
2016,Total,16,NOM departures,South Australia,12120,Persons,primary,"https://data.api.abs.gov.au/rest/data/ABS,ABS_NOM_VISA_FY,1.0.0/all?startPeriod=2015&format=csv",2026-08-25T07:40:28.773Z
2016,Australian Citizen,14,NOM arrivals,Tasmania,810,Persons,primary,"https://data.api.abs.gov.au/rest/data/ABS,ABS_NOM_VISA_FY,1.0.0/all?startPeriod=2015&format=csv",2026-08-25T07:40:28.773Z
2016,New Zealand Citizen (subclass 444),13,NOM arrivals,Tasmania,170,Persons,primary,"https://data.api.abs.gov.au/rest/data/ABS,ABS_NOM_VISA_FY,1.0.0/all?startPeriod=2015&format=csv",2026-08-25T07:40:28.773Z
2016,Other Visas,17,NOM arrivals,Tasmania,60,Persons,primary,"https://data.api.abs.gov.au/rest/data/ABS,ABS_NOM_VISA_FY,1.0.0/all?startPeriod=2015&format=csv",2026-08-25T07:40:28.773Z
2016,Permanent visa - Family,10,NOM arrivals,Tasmania,200,Persons,primary,"https://data.api.abs.gov.au/rest/data/ABS,ABS_NOM_VISA_FY,1.0.0/all?startPeriod=2015&format=csv",2026-08-25T07:40:28.773Z
2016,Permanent visa - Other permanent visas,15,NOM arrivals,Tasmania,30,Persons,primary,"https://data.api.abs.gov.au/rest/data/ABS,ABS_NOM_VISA_FY,1.0.0/all?startPeriod=2015&format=csv",2026-08-25T07:40:28.773Z
2016,Permanent visa - Skill,11,NOM arrivals,Tasmania,130,Persons,primary,"https://data.api.abs.gov.au/rest/data/ABS,ABS_NOM_VISA_FY,1.0.0/all?startPeriod=2015&format=csv",2026-08-25T07:40:28.773Z
2016,Permanent visa - Special Eligibility and humanitarian,12,NOM arrivals,Tasmania,370,Persons,primary,"https://data.api.abs.gov.au/rest/data/ABS,ABS_NOM_VISA_FY,1.0.0/all?startPeriod=2015&format=csv",2026-08-25T07:40:28.773Z
2016,Permanent visa - Total,9,NOM arrivals,Tasmania,720,Persons,primary,"https://data.api.abs.gov.au/rest/data/ABS,ABS_NOM_VISA_FY,1.0.0/all?startPeriod=2015&format=csv",2026-08-25T07:40:28.773Z
2016,Temporary visa - Higher education sector,3,NOM arrivals,Tasmania,970,Persons,primary,"https://data.api.abs.gov.au/rest/data/ABS,ABS_NOM_VISA_FY,1.0.0/all?startPeriod=2015&format=csv",2026-08-25T07:40:28.773Z
2016,Temporary visa - Other temporary visas,8,NOM arrivals,Tasmania,60,Persons,primary,"https://data.api.abs.gov.au/rest/data/ABS,ABS_NOM_VISA_FY,1.0.0/all?startPeriod=2015&format=csv",2026-08-25T07:40:28.773Z
2016,Temporary visa - Student other,4,NOM arrivals,Tasmania,290,Persons,primary,"https://data.api.abs.gov.au/rest/data/ABS,ABS_NOM_VISA_FY,1.0.0/all?startPeriod=2015&format=csv",2026-08-25T07:40:28.773Z
2016,Temporary visa - Temporary work (skilled),5,NOM arrivals,Tasmania,210,Persons,primary,"https://data.api.abs.gov.au/rest/data/ABS,ABS_NOM_VISA_FY,1.0.0/all?startPeriod=2015&format=csv",2026-08-25T07:40:28.773Z
2016,Temporary visa - Total,1,NOM arrivals,Tasmania,2440,Persons,primary,"https://data.api.abs.gov.au/rest/data/ABS,ABS_NOM_VISA_FY,1.0.0/all?startPeriod=2015&format=csv",2026-08-25T07:40:28.773Z
2016,Temporary visa - Visitor,6,NOM arrivals,Tasmania,420,Persons,primary,"https://data.api.abs.gov.au/rest/data/ABS,ABS_NOM_VISA_FY,1.0.0/all?startPeriod=2015&format=csv",2026-08-25T07:40:28.773Z
2016,Temporary visa - Vocational Education and Training sector,2,NOM arrivals,Tasmania,30,Persons,primary,"https://data.api.abs.gov.au/rest/data/ABS,ABS_NOM_VISA_FY,1.0.0/all?startPeriod=2015&format=csv",2026-08-25T07:40:28.773Z
2016,Temporary visa - Working Holiday,7,NOM arrivals,Tasmania,480,Persons,primary,"https://data.api.abs.gov.au/rest/data/ABS,ABS_NOM_VISA_FY,1.0.0/all?startPeriod=2015&format=csv",2026-08-25T07:40:28.773Z
2016,Total,16,NOM arrivals,Tasmania,4210,Persons,primary,"https://data.api.abs.gov.au/rest/data/ABS,ABS_NOM_VISA_FY,1.0.0/all?startPeriod=2015&format=csv",2026-08-25T07:40:28.773Z
2016,Australian Citizen,14,NOM departures,Tasmania,920,Persons,primary,"https://data.api.abs.gov.au/rest/data/ABS,ABS_NOM_VISA_FY,1.0.0/all?startPeriod=2015&format=csv",2026-08-25T07:40:28.773Z
2016,New Zealand Citizen (subclass 444),13,NOM departures,Tasmania,160,Persons,primary,"https://data.api.abs.gov.au/rest/data/ABS,ABS_NOM_VISA_FY,1.0.0/all?startPeriod=2015&format=csv",2026-08-25T07:40:28.773Z
2016,Other Visas,17,NOM departures,Tasmania,60,Persons,primary,"https://data.api.abs.gov.au/rest/data/ABS,ABS_NOM_VISA_FY,1.0.0/all?startPeriod=2015&format=csv",2026-08-25T07:40:28.773Z
2016,Permanent visa - Family,10,NOM departures,Tasmania,40,Persons,primary,"https://data.api.abs.gov.au/rest/data/ABS,ABS_NOM_VISA_FY,1.0.0/all?startPeriod=2015&format=csv",2026-08-25T07:40:28.773Z
2016,Permanent visa - Other permanent visas,15,NOM departures,Tasmania,50,Persons,primary,"https://data.api.abs.gov.au/rest/data/ABS,ABS_NOM_VISA_FY,1.0.0/all?startPeriod=2015&format=csv",2026-08-25T07:40:28.773Z
2016,Permanent visa - Skill,11,NOM departures,Tasmania,50,Persons,primary,"https://data.api.abs.gov.au/rest/data/ABS,ABS_NOM_VISA_FY,1.0.0/all?startPeriod=2015&format=csv",2026-08-25T07:40:28.773Z
2016,Permanent visa - Special Eligibility and humanitarian,12,NOM departures,Tasmania,0,Persons,primary,"https://data.api.abs.gov.au/rest/data/ABS,ABS_NOM_VISA_FY,1.0.0/all?startPeriod=2015&format=csv",2026-08-25T07:40:28.773Z
2016,Permanent visa - Total,9,NOM departures,Tasmania,140,Persons,primary,"https://data.api.abs.gov.au/rest/data/ABS,ABS_NOM_VISA_FY,1.0.0/all?startPeriod=2015&format=csv",2026-08-25T07:40:28.773Z
2016,Temporary visa - Higher education sector,3,NOM departures,Tasmania,260,Persons,primary,"https://data.api.abs.gov.au/rest/data/ABS,ABS_NOM_VISA_FY,1.0.0/all?startPeriod=2015&format=csv",2026-08-25T07:40:28.773Z
2016,Temporary visa - Other temporary visas,8,NOM departures,Tasmania,140,Persons,primary,"https://data.api.abs.gov.au/rest/data/ABS,ABS_NOM_VISA_FY,1.0.0/all?startPeriod=2015&format=csv",2026-08-25T07:40:28.773Z
2016,Temporary visa - Student other,4,NOM departures,Tasmania,100,Persons,primary,"https://data.api.abs.gov.au/rest/data/ABS,ABS_NOM_VISA_FY,1.0.0/all?startPeriod=2015&format=csv",2026-08-25T07:40:28.773Z
2016,Temporary visa - Temporary work (skilled),5,NOM departures,Tasmania,70,Persons,primary,"https://data.api.abs.gov.au/rest/data/ABS,ABS_NOM_VISA_FY,1.0.0/all?startPeriod=2015&format=csv",2026-08-25T07:40:28.773Z
2016,Temporary visa - Total,1,NOM departures,Tasmania,1160,Persons,primary,"https://data.api.abs.gov.au/rest/data/ABS,ABS_NOM_VISA_FY,1.0.0/all?startPeriod=2015&format=csv",2026-08-25T07:40:28.773Z
2016,Temporary visa - Visitor,6,NOM departures,Tasmania,160,Persons,primary,"https://data.api.abs.gov.au/rest/data/ABS,ABS_NOM_VISA_FY,1.0.0/all?startPeriod=2015&format=csv",2026-08-25T07:40:28.773Z
2016,Temporary visa - Vocational Education and Training sector,2,NOM departures,Tasmania,20,Persons,primary,"https://data.api.abs.gov.au/rest/data/ABS,ABS_NOM_VISA_FY,1.0.0/all?startPeriod=2015&format=csv",2026-08-25T07:40:28.773Z
2016,Temporary visa - Working Holiday,7,NOM departures,Tasmania,410,Persons,primary,"https://data.api.abs.gov.au/rest/data/ABS,ABS_NOM_VISA_FY,1.0.0/all?startPeriod=2015&format=csv",2026-08-25T07:40:28.773Z
2016,Total,16,NOM departures,Tasmania,2440,Persons,primary,"https://data.api.abs.gov.au/rest/data/ABS,ABS_NOM_VISA_FY,1.0.0/all?startPeriod=2015&format=csv",2026-08-25T07:40:28.773Z
2016,Australian Citizen,14,NOM arrivals,Victoria,18990,Persons,primary,"https://data.api.abs.gov.au/rest/data/ABS,ABS_NOM_VISA_FY,1.0.0/all?startPeriod=2015&format=csv",2026-08-25T07:40:28.773Z
2016,New Zealand Citizen (subclass 444),13,NOM arrivals,Victoria,9360,Persons,primary,"https://data.api.abs.gov.au/rest/data/ABS,ABS_NOM_VISA_FY,1.0.0/all?startPeriod=2015&format=csv",2026-08-25T07:40:28.773Z
2016,Other Visas,17,NOM arrivals,Victoria,760,Persons,primary,"https://data.api.abs.gov.au/rest/data/ABS,ABS_NOM_VISA_FY,1.0.0/all?startPeriod=2015&format=csv",2026-08-25T07:40:28.773Z
2016,Permanent visa - Family,10,NOM arrivals,Victoria,9680,Persons,primary,"https://data.api.abs.gov.au/rest/data/ABS,ABS_NOM_VISA_FY,1.0.0/all?startPeriod=2015&format=csv",2026-08-25T07:40:28.773Z
2016,Permanent visa - Other permanent visas,15,NOM arrivals,Victoria,1850,Persons,primary,"https://data.api.abs.gov.au/rest/data/ABS,ABS_NOM_VISA_FY,1.0.0/all?startPeriod=2015&format=csv",2026-08-25T07:40:28.773Z
2016,Permanent visa - Skill,11,NOM arrivals,Victoria,13420,Persons,primary,"https://data.api.abs.gov.au/rest/data/ABS,ABS_NOM_VISA_FY,1.0.0/all?startPeriod=2015&format=csv",2026-08-25T07:40:28.773Z
2016,Permanent visa - Special Eligibility and humanitarian,12,NOM arrivals,Victoria,3210,Persons,primary,"https://data.api.abs.gov.au/rest/data/ABS,ABS_NOM_VISA_FY,1.0.0/all?startPeriod=2015&format=csv",2026-08-25T07:40:28.773Z
2016,Permanent visa - Total,9,NOM arrivals,Victoria,28150,Persons,primary,"https://data.api.abs.gov.au/rest/data/ABS,ABS_NOM_VISA_FY,1.0.0/all?startPeriod=2015&format=csv",2026-08-25T07:40:28.773Z
2016,Temporary visa - Higher education sector,3,NOM arrivals,Victoria,30640,Persons,primary,"https://data.api.abs.gov.au/rest/data/ABS,ABS_NOM_VISA_FY,1.0.0/all?startPeriod=2015&format=csv",2026-08-25T07:40:28.773Z
2016,Temporary visa - Other temporary visas,8,NOM arrivals,Victoria,2530,Persons,primary,"https://data.api.abs.gov.au/rest/data/ABS,ABS_NOM_VISA_FY,1.0.0/all?startPeriod=2015&format=csv",2026-08-25T07:40:28.773Z
2016,Temporary visa - Student other,4,NOM arrivals,Victoria,7930,Persons,primary,"https://data.api.abs.gov.au/rest/data/ABS,ABS_NOM_VISA_FY,1.0.0/all?startPeriod=2015&format=csv",2026-08-25T07:40:28.773Z
2016,Temporary visa - Temporary work (skilled),5,NOM arrivals,Victoria,7670,Persons,primary,"https://data.api.abs.gov.au/rest/data/ABS,ABS_NOM_VISA_FY,1.0.0/all?startPeriod=2015&format=csv",2026-08-25T07:40:28.773Z
2016,Temporary visa - Total,1,NOM arrivals,Victoria,82960,Persons,primary,"https://data.api.abs.gov.au/rest/data/ABS,ABS_NOM_VISA_FY,1.0.0/all?startPeriod=2015&format=csv",2026-08-25T07:40:28.773Z
2016,Temporary visa - Visitor,6,NOM arrivals,Victoria,19190,Persons,primary,"https://data.api.abs.gov.au/rest/data/ABS,ABS_NOM_VISA_FY,1.0.0/all?startPeriod=2015&format=csv",2026-08-25T07:40:28.773Z
2016,Temporary visa - Vocational Education and Training sector,2,NOM arrivals,Victoria,3530,Persons,primary,"https://data.api.abs.gov.au/rest/data/ABS,ABS_NOM_VISA_FY,1.0.0/all?startPeriod=2015&format=csv",2026-08-25T07:40:28.773Z
2016,Temporary visa - Working Holiday,7,NOM arrivals,Victoria,11460,Persons,primary,"https://data.api.abs.gov.au/rest/data/ABS,ABS_NOM_VISA_FY,1.0.0/all?startPeriod=2015&format=csv",2026-08-25T07:40:28.773Z
2016,Total,16,NOM arrivals,Victoria,140220,Persons,primary,"https://data.api.abs.gov.au/rest/data/ABS,ABS_NOM_VISA_FY,1.0.0/all?startPeriod=2015&format=csv",2026-08-25T07:40:28.773Z
2016,Australian Citizen,14,NOM departures,Victoria,23440,Persons,primary,"https://data.api.abs.gov.au/rest/data/ABS,ABS_NOM_VISA_FY,1.0.0/all?startPeriod=2015&format=csv",2026-08-25T07:40:28.773Z
2016,New Zealand Citizen (subclass 444),13,NOM departures,Victoria,5110,Persons,primary,"https://data.api.abs.gov.au/rest/data/ABS,ABS_NOM_VISA_FY,1.0.0/all?startPeriod=2015&format=csv",2026-08-25T07:40:28.773Z
2016,Other Visas,17,NOM departures,Victoria,870,Persons,primary,"https://data.api.abs.gov.au/rest/data/ABS,ABS_NOM_VISA_FY,1.0.0/all?startPeriod=2015&format=csv",2026-08-25T07:40:28.773Z
2016,Permanent visa - Family,10,NOM departures,Victoria,1490,Persons,primary,"https://data.api.abs.gov.au/rest/data/ABS,ABS_NOM_VISA_FY,1.0.0/all?startPeriod=2015&format=csv",2026-08-25T07:40:28.773Z
2016,Permanent visa - Other permanent visas,15,NOM departures,Victoria,1690,Persons,primary,"https://data.api.abs.gov.au/rest/data/ABS,ABS_NOM_VISA_FY,1.0.0/all?startPeriod=2015&format=csv",2026-08-25T07:40:28.773Z
2016,Permanent visa - Skill,11,NOM departures,Victoria,2230,Persons,primary,"https://data.api.abs.gov.au/rest/data/ABS,ABS_NOM_VISA_FY,1.0.0/all?startPeriod=2015&format=csv",2026-08-25T07:40:28.773Z
2016,Permanent visa - Special Eligibility and humanitarian,12,NOM departures,Victoria,40,Persons,primary,"https://data.api.abs.gov.au/rest/data/ABS,ABS_NOM_VISA_FY,1.0.0/all?startPeriod=2015&format=csv",2026-08-25T07:40:28.773Z
2016,Permanent visa - Total,9,NOM departures,Victoria,5440,Persons,primary,"https://data.api.abs.gov.au/rest/data/ABS,ABS_NOM_VISA_FY,1.0.0/all?startPeriod=2015&format=csv",2026-08-25T07:40:28.773Z
2016,Temporary visa - Higher education sector,3,NOM departures,Victoria,7640,Persons,primary,"https://data.api.abs.gov.au/rest/data/ABS,ABS_NOM_VISA_FY,1.0.0/all?startPeriod=2015&format=csv",2026-08-25T07:40:28.773Z
2016,Temporary visa - Other temporary visas,8,NOM departures,Victoria,6050,Persons,primary,"https://data.api.abs.gov.au/rest/data/ABS,ABS_NOM_VISA_FY,1.0.0/all?startPeriod=2015&format=csv",2026-08-25T07:40:28.773Z
2016,Temporary visa - Student other,4,NOM departures,Victoria,2790,Persons,primary,"https://data.api.abs.gov.au/rest/data/ABS,ABS_NOM_VISA_FY,1.0.0/all?startPeriod=2015&format=csv",2026-08-25T07:40:28.773Z
2016,Temporary visa - Temporary work (skilled),5,NOM departures,Victoria,3950,Persons,primary,"https://data.api.abs.gov.au/rest/data/ABS,ABS_NOM_VISA_FY,1.0.0/all?startPeriod=2015&format=csv",2026-08-25T07:40:28.773Z
2016,Temporary visa - Total,1,NOM departures,Victoria,33130,Persons,primary,"https://data.api.abs.gov.au/rest/data/ABS,ABS_NOM_VISA_FY,1.0.0/all?startPeriod=2015&format=csv",2026-08-25T07:40:28.773Z
2016,Temporary visa - Visitor,6,NOM departures,Victoria,4610,Persons,primary,"https://data.api.abs.gov.au/rest/data/ABS,ABS_NOM_VISA_FY,1.0.0/all?startPeriod=2015&format=csv",2026-08-25T07:40:28.773Z
2016,Temporary visa - Vocational Education and Training sector,2,NOM departures,Victoria,2110,Persons,primary,"https://data.api.abs.gov.au/rest/data/ABS,ABS_NOM_VISA_FY,1.0.0/all?startPeriod=2015&format=csv",2026-08-25T07:40:28.773Z
2016,Temporary visa - Working Holiday,7,NOM departures,Victoria,5990,Persons,primary,"https://data.api.abs.gov.au/rest/data/ABS,ABS_NOM_VISA_FY,1.0.0/all?startPeriod=2015&format=csv",2026-08-25T07:40:28.773Z
2016,Total,16,NOM departures,Victoria,68000,Persons,primary,"https://data.api.abs.gov.au/rest/data/ABS,ABS_NOM_VISA_FY,1.0.0/all?startPeriod=2015&format=csv",2026-08-25T07:40:28.773Z
2016,Australian Citizen,14,NOM arrivals,Western Australia,8120,Persons,primary,"https://data.api.abs.gov.au/rest/data/ABS,ABS_NOM_VISA_FY,1.0.0/all?startPeriod=2015&format=csv",2026-08-25T07:40:28.773Z
2016,New Zealand Citizen (subclass 444),13,NOM arrivals,Western Australia,3390,Persons,primary,"https://data.api.abs.gov.au/rest/data/ABS,ABS_NOM_VISA_FY,1.0.0/all?startPeriod=2015&format=csv",2026-08-25T07:40:28.773Z
2016,Other Visas,17,NOM arrivals,Western Australia,720,Persons,primary,"https://data.api.abs.gov.au/rest/data/ABS,ABS_NOM_VISA_FY,1.0.0/all?startPeriod=2015&format=csv",2026-08-25T07:40:28.773Z
2016,Permanent visa - Family,10,NOM arrivals,Western Australia,3560,Persons,primary,"https://data.api.abs.gov.au/rest/data/ABS,ABS_NOM_VISA_FY,1.0.0/all?startPeriod=2015&format=csv",2026-08-25T07:40:28.773Z
2016,Permanent visa - Other permanent visas,15,NOM arrivals,Western Australia,740,Persons,primary,"https://data.api.abs.gov.au/rest/data/ABS,ABS_NOM_VISA_FY,1.0.0/all?startPeriod=2015&format=csv",2026-08-25T07:40:28.773Z
2016,Permanent visa - Skill,11,NOM arrivals,Western Australia,5540,Persons,primary,"https://data.api.abs.gov.au/rest/data/ABS,ABS_NOM_VISA_FY,1.0.0/all?startPeriod=2015&format=csv",2026-08-25T07:40:28.773Z
2016,Permanent visa - Special Eligibility and humanitarian,12,NOM arrivals,Western Australia,880,Persons,primary,"https://data.api.abs.gov.au/rest/data/ABS,ABS_NOM_VISA_FY,1.0.0/all?startPeriod=2015&format=csv",2026-08-25T07:40:28.773Z
2016,Permanent visa - Total,9,NOM arrivals,Western Australia,10720,Persons,primary,"https://data.api.abs.gov.au/rest/data/ABS,ABS_NOM_VISA_FY,1.0.0/all?startPeriod=2015&format=csv",2026-08-25T07:40:28.773Z
2016,Temporary visa - Higher education sector,3,NOM arrivals,Western Australia,6480,Persons,primary,"https://data.api.abs.gov.au/rest/data/ABS,ABS_NOM_VISA_FY,1.0.0/all?startPeriod=2015&format=csv",2026-08-25T07:40:28.773Z
2016,Temporary visa - Other temporary visas,8,NOM arrivals,Western Australia,1020,Persons,primary,"https://data.api.abs.gov.au/rest/data/ABS,ABS_NOM_VISA_FY,1.0.0/all?startPeriod=2015&format=csv",2026-08-25T07:40:28.773Z
2016,Temporary visa - Student other,4,NOM arrivals,Western Australia,2170,Persons,primary,"https://data.api.abs.gov.au/rest/data/ABS,ABS_NOM_VISA_FY,1.0.0/all?startPeriod=2015&format=csv",2026-08-25T07:40:28.773Z
2016,Temporary visa - Temporary work (skilled),5,NOM arrivals,Western Australia,3690,Persons,primary,"https://data.api.abs.gov.au/rest/data/ABS,ABS_NOM_VISA_FY,1.0.0/all?startPeriod=2015&format=csv",2026-08-25T07:40:28.773Z
2016,Temporary visa - Total,1,NOM arrivals,Western Australia,28600,Persons,primary,"https://data.api.abs.gov.au/rest/data/ABS,ABS_NOM_VISA_FY,1.0.0/all?startPeriod=2015&format=csv",2026-08-25T07:40:28.773Z
2016,Temporary visa - Visitor,6,NOM arrivals,Western Australia,6860,Persons,primary,"https://data.api.abs.gov.au/rest/data/ABS,ABS_NOM_VISA_FY,1.0.0/all?startPeriod=2015&format=csv",2026-08-25T07:40:28.773Z
2016,Temporary visa - Vocational Education and Training sector,2,NOM arrivals,Western Australia,1680,Persons,primary,"https://data.api.abs.gov.au/rest/data/ABS,ABS_NOM_VISA_FY,1.0.0/all?startPeriod=2015&format=csv",2026-08-25T07:40:28.773Z
2016,Temporary visa - Working Holiday,7,NOM arrivals,Western Australia,6700,Persons,primary,"https://data.api.abs.gov.au/rest/data/ABS,ABS_NOM_VISA_FY,1.0.0/all?startPeriod=2015&format=csv",2026-08-25T07:40:28.773Z
2016,Total,16,NOM arrivals,Western Australia,51540,Persons,primary,"https://data.api.abs.gov.au/rest/data/ABS,ABS_NOM_VISA_FY,1.0.0/all?startPeriod=2015&format=csv",2026-08-25T07:40:28.773Z
2016,Australian Citizen,14,NOM departures,Western Australia,11930,Persons,primary,"https://data.api.abs.gov.au/rest/data/ABS,ABS_NOM_VISA_FY,1.0.0/all?startPeriod=2015&format=csv",2026-08-25T07:40:28.773Z
2016,New Zealand Citizen (subclass 444),13,NOM departures,Western Australia,5800,Persons,primary,"https://data.api.abs.gov.au/rest/data/ABS,ABS_NOM_VISA_FY,1.0.0/all?startPeriod=2015&format=csv",2026-08-25T07:40:28.773Z
2016,Other Visas,17,NOM departures,Western Australia,890,Persons,primary,"https://data.api.abs.gov.au/rest/data/ABS,ABS_NOM_VISA_FY,1.0.0/all?startPeriod=2015&format=csv",2026-08-25T07:40:28.773Z
2016,Permanent visa - Family,10,NOM departures,Western Australia,700,Persons,primary,"https://data.api.abs.gov.au/rest/data/ABS,ABS_NOM_VISA_FY,1.0.0/all?startPeriod=2015&format=csv",2026-08-25T07:40:28.773Z
2016,Permanent visa - Other permanent visas,15,NOM departures,Western Australia,990,Persons,primary,"https://data.api.abs.gov.au/rest/data/ABS,ABS_NOM_VISA_FY,1.0.0/all?startPeriod=2015&format=csv",2026-08-25T07:40:28.773Z
2016,Permanent visa - Skill,11,NOM departures,Western Australia,1740,Persons,primary,"https://data.api.abs.gov.au/rest/data/ABS,ABS_NOM_VISA_FY,1.0.0/all?startPeriod=2015&format=csv",2026-08-25T07:40:28.773Z
2016,Permanent visa - Special Eligibility and humanitarian,12,NOM departures,Western Australia,20,Persons,primary,"https://data.api.abs.gov.au/rest/data/ABS,ABS_NOM_VISA_FY,1.0.0/all?startPeriod=2015&format=csv",2026-08-25T07:40:28.773Z
2016,Permanent visa - Total,9,NOM departures,Western Australia,3460,Persons,primary,"https://data.api.abs.gov.au/rest/data/ABS,ABS_NOM_VISA_FY,1.0.0/all?startPeriod=2015&format=csv",2026-08-25T07:40:28.773Z
2016,Temporary visa - Higher education sector,3,NOM departures,Western Australia,1640,Persons,primary,"https://data.api.abs.gov.au/rest/data/ABS,ABS_NOM_VISA_FY,1.0.0/all?startPeriod=2015&format=csv",2026-08-25T07:40:28.773Z
2016,Temporary visa - Other temporary visas,8,NOM departures,Western Australia,2640,Persons,primary,"https://data.api.abs.gov.au/rest/data/ABS,ABS_NOM_VISA_FY,1.0.0/all?startPeriod=2015&format=csv",2026-08-25T07:40:28.773Z
2016,Temporary visa - Student other,4,NOM departures,Western Australia,1180,Persons,primary,"https://data.api.abs.gov.au/rest/data/ABS,ABS_NOM_VISA_FY,1.0.0/all?startPeriod=2015&format=csv",2026-08-25T07:40:28.773Z
2016,Temporary visa - Temporary work (skilled),5,NOM departures,Western Australia,4420,Persons,primary,"https://data.api.abs.gov.au/rest/data/ABS,ABS_NOM_VISA_FY,1.0.0/all?startPeriod=2015&format=csv",2026-08-25T07:40:28.773Z
2016,Temporary visa - Total,1,NOM departures,Western Australia,17850,Persons,primary,"https://data.api.abs.gov.au/rest/data/ABS,ABS_NOM_VISA_FY,1.0.0/all?startPeriod=2015&format=csv",2026-08-25T07:40:28.773Z
2016,Temporary visa - Visitor,6,NOM departures,Western Australia,2030,Persons,primary,"https://data.api.abs.gov.au/rest/data/ABS,ABS_NOM_VISA_FY,1.0.0/all?startPeriod=2015&format=csv",2026-08-25T07:40:28.773Z
2016,Temporary visa - Vocational Education and Training sector,2,NOM departures,Western Australia,900,Persons,primary,"https://data.api.abs.gov.au/rest/data/ABS,ABS_NOM_VISA_FY,1.0.0/all?startPeriod=2015&format=csv",2026-08-25T07:40:28.773Z
2016,Temporary visa - Working Holiday,7,NOM departures,Western Australia,5050,Persons,primary,"https://data.api.abs.gov.au/rest/data/ABS,ABS_NOM_VISA_FY,1.0.0/all?startPeriod=2015&format=csv",2026-08-25T07:40:28.773Z
2016,Total,16,NOM departures,Western Australia,39920,Persons,primary,"https://data.api.abs.gov.au/rest/data/ABS,ABS_NOM_VISA_FY,1.0.0/all?startPeriod=2015&format=csv",2026-08-25T07:40:28.773Z
2017,Australian Citizen,14,NOM arrivals,Australia,79280,Persons,primary,"https://data.api.abs.gov.au/rest/data/ABS,ABS_NOM_VISA_FY,1.0.0/all?startPeriod=2015&format=csv",2026-08-25T07:40:28.773Z
2017,New Zealand Citizen (subclass 444),13,NOM arrivals,Australia,32330,Persons,primary,"https://data.api.abs.gov.au/rest/data/ABS,ABS_NOM_VISA_FY,1.0.0/all?startPeriod=2015&format=csv",2026-08-25T07:40:28.773Z
2017,Other Visas,17,NOM arrivals,Australia,7530,Persons,primary,"https://data.api.abs.gov.au/rest/data/ABS,ABS_NOM_VISA_FY,1.0.0/all?startPeriod=2015&format=csv",2026-08-25T07:40:28.773Z
2017,Permanent visa - Family,10,NOM arrivals,Australia,29680,Persons,primary,"https://data.api.abs.gov.au/rest/data/ABS,ABS_NOM_VISA_FY,1.0.0/all?startPeriod=2015&format=csv",2026-08-25T07:40:28.773Z
2017,Permanent visa - Other permanent visas,15,NOM arrivals,Australia,6270,Persons,primary,"https://data.api.abs.gov.au/rest/data/ABS,ABS_NOM_VISA_FY,1.0.0/all?startPeriod=2015&format=csv",2026-08-25T07:40:28.773Z
2017,Permanent visa - Skill,11,NOM arrivals,Australia,46140,Persons,primary,"https://data.api.abs.gov.au/rest/data/ABS,ABS_NOM_VISA_FY,1.0.0/all?startPeriod=2015&format=csv",2026-08-25T07:40:28.773Z
2017,Permanent visa - Special Eligibility and humanitarian,12,NOM arrivals,Australia,24120,Persons,primary,"https://data.api.abs.gov.au/rest/data/ABS,ABS_NOM_VISA_FY,1.0.0/all?startPeriod=2015&format=csv",2026-08-25T07:40:28.773Z
2017,Permanent visa - Total,9,NOM arrivals,Australia,106200,Persons,primary,"https://data.api.abs.gov.au/rest/data/ABS,ABS_NOM_VISA_FY,1.0.0/all?startPeriod=2015&format=csv",2026-08-25T07:40:28.773Z
2017,Temporary visa - Higher education sector,3,NOM arrivals,Australia,101440,Persons,primary,"https://data.api.abs.gov.au/rest/data/ABS,ABS_NOM_VISA_FY,1.0.0/all?startPeriod=2015&format=csv",2026-08-25T07:40:28.773Z
2017,Temporary visa - Other temporary visas,8,NOM arrivals,Australia,10120,Persons,primary,"https://data.api.abs.gov.au/rest/data/ABS,ABS_NOM_VISA_FY,1.0.0/all?startPeriod=2015&format=csv",2026-08-25T07:40:28.773Z
2017,Temporary visa - Student other,4,NOM arrivals,Australia,31670,Persons,primary,"https://data.api.abs.gov.au/rest/data/ABS,ABS_NOM_VISA_FY,1.0.0/all?startPeriod=2015&format=csv",2026-08-25T07:40:28.773Z
2017,Temporary visa - Temporary work (skilled),5,NOM arrivals,Australia,32690,Persons,primary,"https://data.api.abs.gov.au/rest/data/ABS,ABS_NOM_VISA_FY,1.0.0/all?startPeriod=2015&format=csv",2026-08-25T07:40:28.773Z
2017,Temporary visa - Total,1,NOM arrivals,Australia,314820,Persons,primary,"https://data.api.abs.gov.au/rest/data/ABS,ABS_NOM_VISA_FY,1.0.0/all?startPeriod=2015&format=csv",2026-08-25T07:40:28.773Z
2017,Temporary visa - Visitor,6,NOM arrivals,Australia,72270,Persons,primary,"https://data.api.abs.gov.au/rest/data/ABS,ABS_NOM_VISA_FY,1.0.0/all?startPeriod=2015&format=csv",2026-08-25T07:40:28.773Z
2017,Temporary visa - Vocational Education and Training sector,2,NOM arrivals,Australia,16300,Persons,primary,"https://data.api.abs.gov.au/rest/data/ABS,ABS_NOM_VISA_FY,1.0.0/all?startPeriod=2015&format=csv",2026-08-25T07:40:28.773Z
2017,Temporary visa - Working Holiday,7,NOM arrivals,Australia,50330,Persons,primary,"https://data.api.abs.gov.au/rest/data/ABS,ABS_NOM_VISA_FY,1.0.0/all?startPeriod=2015&format=csv",2026-08-25T07:40:28.773Z
2017,Total,16,NOM arrivals,Australia,540150,Persons,primary,"https://data.api.abs.gov.au/rest/data/ABS,ABS_NOM_VISA_FY,1.0.0/all?startPeriod=2015&format=csv",2026-08-25T07:40:28.773Z
2017,Australian Citizen,14,NOM departures,Australia,92560,Persons,primary,"https://data.api.abs.gov.au/rest/data/ABS,ABS_NOM_VISA_FY,1.0.0/all?startPeriod=2015&format=csv",2026-08-25T07:40:28.773Z
2017,New Zealand Citizen (subclass 444),13,NOM departures,Australia,25600,Persons,primary,"https://data.api.abs.gov.au/rest/data/ABS,ABS_NOM_VISA_FY,1.0.0/all?startPeriod=2015&format=csv",2026-08-25T07:40:28.773Z
2017,Other Visas,17,NOM departures,Australia,6940,Persons,primary,"https://data.api.abs.gov.au/rest/data/ABS,ABS_NOM_VISA_FY,1.0.0/all?startPeriod=2015&format=csv",2026-08-25T07:40:28.773Z
2017,Permanent visa - Family,10,NOM departures,Australia,5610,Persons,primary,"https://data.api.abs.gov.au/rest/data/ABS,ABS_NOM_VISA_FY,1.0.0/all?startPeriod=2015&format=csv",2026-08-25T07:40:28.773Z
2017,Permanent visa - Other permanent visas,15,NOM departures,Australia,6690,Persons,primary,"https://data.api.abs.gov.au/rest/data/ABS,ABS_NOM_VISA_FY,1.0.0/all?startPeriod=2015&format=csv",2026-08-25T07:40:28.773Z
2017,Permanent visa - Skill,11,NOM departures,Australia,8060,Persons,primary,"https://data.api.abs.gov.au/rest/data/ABS,ABS_NOM_VISA_FY,1.0.0/all?startPeriod=2015&format=csv",2026-08-25T07:40:28.773Z
2017,Permanent visa - Special Eligibility and humanitarian,12,NOM departures,Australia,130,Persons,primary,"https://data.api.abs.gov.au/rest/data/ABS,ABS_NOM_VISA_FY,1.0.0/all?startPeriod=2015&format=csv",2026-08-25T07:40:28.773Z
2017,Permanent visa - Total,9,NOM departures,Australia,20490,Persons,primary,"https://data.api.abs.gov.au/rest/data/ABS,ABS_NOM_VISA_FY,1.0.0/all?startPeriod=2015&format=csv",2026-08-25T07:40:28.773Z
2017,Temporary visa - Higher education sector,3,NOM departures,Australia,25410,Persons,primary,"https://data.api.abs.gov.au/rest/data/ABS,ABS_NOM_VISA_FY,1.0.0/all?startPeriod=2015&format=csv",2026-08-25T07:40:28.773Z
2017,Temporary visa - Other temporary visas,8,NOM departures,Australia,24080,Persons,primary,"https://data.api.abs.gov.au/rest/data/ABS,ABS_NOM_VISA_FY,1.0.0/all?startPeriod=2015&format=csv",2026-08-25T07:40:28.773Z
2017,Temporary visa - Student other,4,NOM departures,Australia,10010,Persons,primary,"https://data.api.abs.gov.au/rest/data/ABS,ABS_NOM_VISA_FY,1.0.0/all?startPeriod=2015&format=csv",2026-08-25T07:40:28.773Z
2017,Temporary visa - Temporary work (skilled),5,NOM departures,Australia,15900,Persons,primary,"https://data.api.abs.gov.au/rest/data/ABS,ABS_NOM_VISA_FY,1.0.0/all?startPeriod=2015&format=csv",2026-08-25T07:40:28.773Z
2017,Temporary visa - Total,1,NOM departures,Australia,131220,Persons,primary,"https://data.api.abs.gov.au/rest/data/ABS,ABS_NOM_VISA_FY,1.0.0/all?startPeriod=2015&format=csv",2026-08-25T07:40:28.773Z
2017,Temporary visa - Visitor,6,NOM departures,Australia,18470,Persons,primary,"https://data.api.abs.gov.au/rest/data/ABS,ABS_NOM_VISA_FY,1.0.0/all?startPeriod=2015&format=csv",2026-08-25T07:40:28.773Z
2017,Temporary visa - Vocational Education and Training sector,2,NOM departures,Australia,11390,Persons,primary,"https://data.api.abs.gov.au/rest/data/ABS,ABS_NOM_VISA_FY,1.0.0/all?startPeriod=2015&format=csv",2026-08-25T07:40:28.773Z
2017,Temporary visa - Working Holiday,7,NOM departures,Australia,25960,Persons,primary,"https://data.api.abs.gov.au/rest/data/ABS,ABS_NOM_VISA_FY,1.0.0/all?startPeriod=2015&format=csv",2026-08-25T07:40:28.773Z
2017,Total,16,NOM departures,Australia,276800,Persons,primary,"https://data.api.abs.gov.au/rest/data/ABS,ABS_NOM_VISA_FY,1.0.0/all?startPeriod=2015&format=csv",2026-08-25T07:40:28.773Z
2017,Australian Citizen,14,NOM arrivals,Australian Capital Territory,2380,Persons,primary,"https://data.api.abs.gov.au/rest/data/ABS,ABS_NOM_VISA_FY,1.0.0/all?startPeriod=2015&format=csv",2026-08-25T07:40:28.773Z
2017,New Zealand Citizen (subclass 444),13,NOM arrivals,Australian Capital Territory,340,Persons,primary,"https://data.api.abs.gov.au/rest/data/ABS,ABS_NOM_VISA_FY,1.0.0/all?startPeriod=2015&format=csv",2026-08-25T07:40:28.773Z
2017,Other Visas,17,NOM arrivals,Australian Capital Territory,180,Persons,primary,"https://data.api.abs.gov.au/rest/data/ABS,ABS_NOM_VISA_FY,1.0.0/all?startPeriod=2015&format=csv",2026-08-25T07:40:28.773Z
2017,Permanent visa - Family,10,NOM arrivals,Australian Capital Territory,450,Persons,primary,"https://data.api.abs.gov.au/rest/data/ABS,ABS_NOM_VISA_FY,1.0.0/all?startPeriod=2015&format=csv",2026-08-25T07:40:28.773Z
2017,Permanent visa - Other permanent visas,15,NOM arrivals,Australian Capital Territory,80,Persons,primary,"https://data.api.abs.gov.au/rest/data/ABS,ABS_NOM_VISA_FY,1.0.0/all?startPeriod=2015&format=csv",2026-08-25T07:40:28.773Z
2017,Permanent visa - Skill,11,NOM arrivals,Australian Capital Territory,700,Persons,primary,"https://data.api.abs.gov.au/rest/data/ABS,ABS_NOM_VISA_FY,1.0.0/all?startPeriod=2015&format=csv",2026-08-25T07:40:28.773Z
2017,Permanent visa - Special Eligibility and humanitarian,12,NOM arrivals,Australian Capital Territory,290,Persons,primary,"https://data.api.abs.gov.au/rest/data/ABS,ABS_NOM_VISA_FY,1.0.0/all?startPeriod=2015&format=csv",2026-08-25T07:40:28.773Z
2017,Permanent visa - Total,9,NOM arrivals,Australian Capital Territory,1520,Persons,primary,"https://data.api.abs.gov.au/rest/data/ABS,ABS_NOM_VISA_FY,1.0.0/all?startPeriod=2015&format=csv",2026-08-25T07:40:28.773Z
2017,Temporary visa - Higher education sector,3,NOM arrivals,Australian Capital Territory,2870,Persons,primary,"https://data.api.abs.gov.au/rest/data/ABS,ABS_NOM_VISA_FY,1.0.0/all?startPeriod=2015&format=csv",2026-08-25T07:40:28.773Z
2017,Temporary visa - Other temporary visas,8,NOM arrivals,Australian Capital Territory,330,Persons,primary,"https://data.api.abs.gov.au/rest/data/ABS,ABS_NOM_VISA_FY,1.0.0/all?startPeriod=2015&format=csv",2026-08-25T07:40:28.773Z
2017,Temporary visa - Student other,4,NOM arrivals,Australian Capital Territory,890,Persons,primary,"https://data.api.abs.gov.au/rest/data/ABS,ABS_NOM_VISA_FY,1.0.0/all?startPeriod=2015&format=csv",2026-08-25T07:40:28.773Z
2017,Temporary visa - Temporary work (skilled),5,NOM arrivals,Australian Capital Territory,550,Persons,primary,"https://data.api.abs.gov.au/rest/data/ABS,ABS_NOM_VISA_FY,1.0.0/all?startPeriod=2015&format=csv",2026-08-25T07:40:28.773Z
2017,Temporary visa - Total,1,NOM arrivals,Australian Capital Territory,5910,Persons,primary,"https://data.api.abs.gov.au/rest/data/ABS,ABS_NOM_VISA_FY,1.0.0/all?startPeriod=2015&format=csv",2026-08-25T07:40:28.773Z
2017,Temporary visa - Visitor,6,NOM arrivals,Australian Capital Territory,800,Persons,primary,"https://data.api.abs.gov.au/rest/data/ABS,ABS_NOM_VISA_FY,1.0.0/all?startPeriod=2015&format=csv",2026-08-25T07:40:28.773Z
2017,Temporary visa - Vocational Education and Training sector,2,NOM arrivals,Australian Capital Territory,210,Persons,primary,"https://data.api.abs.gov.au/rest/data/ABS,ABS_NOM_VISA_FY,1.0.0/all?startPeriod=2015&format=csv",2026-08-25T07:40:28.773Z
2017,Temporary visa - Working Holiday,7,NOM arrivals,Australian Capital Territory,280,Persons,primary,"https://data.api.abs.gov.au/rest/data/ABS,ABS_NOM_VISA_FY,1.0.0/all?startPeriod=2015&format=csv",2026-08-25T07:40:28.773Z
2017,Total,16,NOM arrivals,Australian Capital Territory,10330,Persons,primary,"https://data.api.abs.gov.au/rest/data/ABS,ABS_NOM_VISA_FY,1.0.0/all?startPeriod=2015&format=csv",2026-08-25T07:40:28.773Z
2017,Australian Citizen,14,NOM departures,Australian Capital Territory,2820,Persons,primary,"https://data.api.abs.gov.au/rest/data/ABS,ABS_NOM_VISA_FY,1.0.0/all?startPeriod=2015&format=csv",2026-08-25T07:40:28.773Z
2017,New Zealand Citizen (subclass 444),13,NOM departures,Australian Capital Territory,220,Persons,primary,"https://data.api.abs.gov.au/rest/data/ABS,ABS_NOM_VISA_FY,1.0.0/all?startPeriod=2015&format=csv",2026-08-25T07:40:28.773Z
2017,Other Visas,17,NOM departures,Australian Capital Territory,190,Persons,primary,"https://data.api.abs.gov.au/rest/data/ABS,ABS_NOM_VISA_FY,1.0.0/all?startPeriod=2015&format=csv",2026-08-25T07:40:28.773Z
2017,Permanent visa - Family,10,NOM departures,Australian Capital Territory,80,Persons,primary,"https://data.api.abs.gov.au/rest/data/ABS,ABS_NOM_VISA_FY,1.0.0/all?startPeriod=2015&format=csv",2026-08-25T07:40:28.773Z
2017,Permanent visa - Other permanent visas,15,NOM departures,Australian Capital Territory,90,Persons,primary,"https://data.api.abs.gov.au/rest/data/ABS,ABS_NOM_VISA_FY,1.0.0/all?startPeriod=2015&format=csv",2026-08-25T07:40:28.773Z
2017,Permanent visa - Skill,11,NOM departures,Australian Capital Territory,140,Persons,primary,"https://data.api.abs.gov.au/rest/data/ABS,ABS_NOM_VISA_FY,1.0.0/all?startPeriod=2015&format=csv",2026-08-25T07:40:28.773Z
2017,Permanent visa - Special Eligibility and humanitarian,12,NOM departures,Australian Capital Territory,0,Persons,primary,"https://data.api.abs.gov.au/rest/data/ABS,ABS_NOM_VISA_FY,1.0.0/all?startPeriod=2015&format=csv",2026-08-25T07:40:28.773Z
2017,Permanent visa - Total,9,NOM departures,Australian Capital Territory,320,Persons,primary,"https://data.api.abs.gov.au/rest/data/ABS,ABS_NOM_VISA_FY,1.0.0/all?startPeriod=2015&format=csv",2026-08-25T07:40:28.773Z
2017,Temporary visa - Higher education sector,3,NOM departures,Australian Capital Territory,990,Persons,primary,"https://data.api.abs.gov.au/rest/data/ABS,ABS_NOM_VISA_FY,1.0.0/all?startPeriod=2015&format=csv",2026-08-25T07:40:28.773Z
2017,Temporary visa - Other temporary visas,8,NOM departures,Australian Capital Territory,490,Persons,primary,"https://data.api.abs.gov.au/rest/data/ABS,ABS_NOM_VISA_FY,1.0.0/all?startPeriod=2015&format=csv",2026-08-25T07:40:28.773Z
2017,Temporary visa - Student other,4,NOM departures,Australian Capital Territory,570,Persons,primary,"https://data.api.abs.gov.au/rest/data/ABS,ABS_NOM_VISA_FY,1.0.0/all?startPeriod=2015&format=csv",2026-08-25T07:40:28.773Z
2017,Temporary visa - Temporary work (skilled),5,NOM departures,Australian Capital Territory,220,Persons,primary,"https://data.api.abs.gov.au/rest/data/ABS,ABS_NOM_VISA_FY,1.0.0/all?startPeriod=2015&format=csv",2026-08-25T07:40:28.773Z
2017,Temporary visa - Total,1,NOM departures,Australian Capital Territory,2630,Persons,primary,"https://data.api.abs.gov.au/rest/data/ABS,ABS_NOM_VISA_FY,1.0.0/all?startPeriod=2015&format=csv",2026-08-25T07:40:28.773Z
2017,Temporary visa - Visitor,6,NOM departures,Australian Capital Territory,190,Persons,primary,"https://data.api.abs.gov.au/rest/data/ABS,ABS_NOM_VISA_FY,1.0.0/all?startPeriod=2015&format=csv",2026-08-25T07:40:28.773Z
2017,Temporary visa - Vocational Education and Training sector,2,NOM departures,Australian Capital Territory,80,Persons,primary,"https://data.api.abs.gov.au/rest/data/ABS,ABS_NOM_VISA_FY,1.0.0/all?startPeriod=2015&format=csv",2026-08-25T07:40:28.773Z
2017,Temporary visa - Working Holiday,7,NOM departures,Australian Capital Territory,100,Persons,primary,"https://data.api.abs.gov.au/rest/data/ABS,ABS_NOM_VISA_FY,1.0.0/all?startPeriod=2015&format=csv",2026-08-25T07:40:28.773Z
2017,Total,16,NOM departures,Australian Capital Territory,6180,Persons,primary,"https://data.api.abs.gov.au/rest/data/ABS,ABS_NOM_VISA_FY,1.0.0/all?startPeriod=2015&format=csv",2026-08-25T07:40:28.773Z
2017,Australian Citizen,14,NOM arrivals,New South Wales,27580,Persons,primary,"https://data.api.abs.gov.au/rest/data/ABS,ABS_NOM_VISA_FY,1.0.0/all?startPeriod=2015&format=csv",2026-08-25T07:40:28.773Z
2017,New Zealand Citizen (subclass 444),13,NOM arrivals,New South Wales,8730,Persons,primary,"https://data.api.abs.gov.au/rest/data/ABS,ABS_NOM_VISA_FY,1.0.0/all?startPeriod=2015&format=csv",2026-08-25T07:40:28.773Z
2017,Other Visas,17,NOM arrivals,New South Wales,1690,Persons,primary,"https://data.api.abs.gov.au/rest/data/ABS,ABS_NOM_VISA_FY,1.0.0/all?startPeriod=2015&format=csv",2026-08-25T07:40:28.773Z
2017,Permanent visa - Family,10,NOM arrivals,New South Wales,11070,Persons,primary,"https://data.api.abs.gov.au/rest/data/ABS,ABS_NOM_VISA_FY,1.0.0/all?startPeriod=2015&format=csv",2026-08-25T07:40:28.773Z
2017,Permanent visa - Other permanent visas,15,NOM arrivals,New South Wales,2270,Persons,primary,"https://data.api.abs.gov.au/rest/data/ABS,ABS_NOM_VISA_FY,1.0.0/all?startPeriod=2015&format=csv",2026-08-25T07:40:28.773Z
2017,Permanent visa - Skill,11,NOM arrivals,New South Wales,16190,Persons,primary,"https://data.api.abs.gov.au/rest/data/ABS,ABS_NOM_VISA_FY,1.0.0/all?startPeriod=2015&format=csv",2026-08-25T07:40:28.773Z
2017,Permanent visa - Special Eligibility and humanitarian,12,NOM arrivals,New South Wales,10720,Persons,primary,"https://data.api.abs.gov.au/rest/data/ABS,ABS_NOM_VISA_FY,1.0.0/all?startPeriod=2015&format=csv",2026-08-25T07:40:28.773Z
2017,Permanent visa - Total,9,NOM arrivals,New South Wales,40250,Persons,primary,"https://data.api.abs.gov.au/rest/data/ABS,ABS_NOM_VISA_FY,1.0.0/all?startPeriod=2015&format=csv",2026-08-25T07:40:28.773Z
2017,Temporary visa - Higher education sector,3,NOM arrivals,New South Wales,36900,Persons,primary,"https://data.api.abs.gov.au/rest/data/ABS,ABS_NOM_VISA_FY,1.0.0/all?startPeriod=2015&format=csv",2026-08-25T07:40:28.773Z
2017,Temporary visa - Other temporary visas,8,NOM arrivals,New South Wales,3540,Persons,primary,"https://data.api.abs.gov.au/rest/data/ABS,ABS_NOM_VISA_FY,1.0.0/all?startPeriod=2015&format=csv",2026-08-25T07:40:28.773Z
2017,Temporary visa - Student other,4,NOM arrivals,New South Wales,11510,Persons,primary,"https://data.api.abs.gov.au/rest/data/ABS,ABS_NOM_VISA_FY,1.0.0/all?startPeriod=2015&format=csv",2026-08-25T07:40:28.773Z
2017,Temporary visa - Temporary work (skilled),5,NOM arrivals,New South Wales,14100,Persons,primary,"https://data.api.abs.gov.au/rest/data/ABS,ABS_NOM_VISA_FY,1.0.0/all?startPeriod=2015&format=csv",2026-08-25T07:40:28.773Z
2017,Temporary visa - Total,1,NOM arrivals,New South Wales,120050,Persons,primary,"https://data.api.abs.gov.au/rest/data/ABS,ABS_NOM_VISA_FY,1.0.0/all?startPeriod=2015&format=csv",2026-08-25T07:40:28.773Z
2017,Temporary visa - Visitor,6,NOM arrivals,New South Wales,27310,Persons,primary,"https://data.api.abs.gov.au/rest/data/ABS,ABS_NOM_VISA_FY,1.0.0/all?startPeriod=2015&format=csv",2026-08-25T07:40:28.773Z
2017,Temporary visa - Vocational Education and Training sector,2,NOM arrivals,New South Wales,7260,Persons,primary,"https://data.api.abs.gov.au/rest/data/ABS,ABS_NOM_VISA_FY,1.0.0/all?startPeriod=2015&format=csv",2026-08-25T07:40:28.773Z
2017,Temporary visa - Working Holiday,7,NOM arrivals,New South Wales,19440,Persons,primary,"https://data.api.abs.gov.au/rest/data/ABS,ABS_NOM_VISA_FY,1.0.0/all?startPeriod=2015&format=csv",2026-08-25T07:40:28.773Z
2017,Total,16,NOM arrivals,New South Wales,198300,Persons,primary,"https://data.api.abs.gov.au/rest/data/ABS,ABS_NOM_VISA_FY,1.0.0/all?startPeriod=2015&format=csv",2026-08-25T07:40:28.773Z
2017,Australian Citizen,14,NOM departures,New South Wales,32320,Persons,primary,"https://data.api.abs.gov.au/rest/data/ABS,ABS_NOM_VISA_FY,1.0.0/all?startPeriod=2015&format=csv",2026-08-25T07:40:28.773Z
2017,New Zealand Citizen (subclass 444),13,NOM departures,New South Wales,5620,Persons,primary,"https://data.api.abs.gov.au/rest/data/ABS,ABS_NOM_VISA_FY,1.0.0/all?startPeriod=2015&format=csv",2026-08-25T07:40:28.773Z
2017,Other Visas,17,NOM departures,New South Wales,1700,Persons,primary,"https://data.api.abs.gov.au/rest/data/ABS,ABS_NOM_VISA_FY,1.0.0/all?startPeriod=2015&format=csv",2026-08-25T07:40:28.773Z
2017,Permanent visa - Family,10,NOM departures,New South Wales,2100,Persons,primary,"https://data.api.abs.gov.au/rest/data/ABS,ABS_NOM_VISA_FY,1.0.0/all?startPeriod=2015&format=csv",2026-08-25T07:40:28.773Z
2017,Permanent visa - Other permanent visas,15,NOM departures,New South Wales,2460,Persons,primary,"https://data.api.abs.gov.au/rest/data/ABS,ABS_NOM_VISA_FY,1.0.0/all?startPeriod=2015&format=csv",2026-08-25T07:40:28.773Z
2017,Permanent visa - Skill,11,NOM departures,New South Wales,2490,Persons,primary,"https://data.api.abs.gov.au/rest/data/ABS,ABS_NOM_VISA_FY,1.0.0/all?startPeriod=2015&format=csv",2026-08-25T07:40:28.773Z
2017,Permanent visa - Special Eligibility and humanitarian,12,NOM departures,New South Wales,60,Persons,primary,"https://data.api.abs.gov.au/rest/data/ABS,ABS_NOM_VISA_FY,1.0.0/all?startPeriod=2015&format=csv",2026-08-25T07:40:28.773Z
2017,Permanent visa - Total,9,NOM departures,New South Wales,7110,Persons,primary,"https://data.api.abs.gov.au/rest/data/ABS,ABS_NOM_VISA_FY,1.0.0/all?startPeriod=2015&format=csv",2026-08-25T07:40:28.773Z
2017,Temporary visa - Higher education sector,3,NOM departures,New South Wales,8270,Persons,primary,"https://data.api.abs.gov.au/rest/data/ABS,ABS_NOM_VISA_FY,1.0.0/all?startPeriod=2015&format=csv",2026-08-25T07:40:28.773Z
2017,Temporary visa - Other temporary visas,8,NOM departures,New South Wales,8480,Persons,primary,"https://data.api.abs.gov.au/rest/data/ABS,ABS_NOM_VISA_FY,1.0.0/all?startPeriod=2015&format=csv",2026-08-25T07:40:28.773Z
2017,Temporary visa - Student other,4,NOM departures,New South Wales,2570,Persons,primary,"https://data.api.abs.gov.au/rest/data/ABS,ABS_NOM_VISA_FY,1.0.0/all?startPeriod=2015&format=csv",2026-08-25T07:40:28.773Z
2017,Temporary visa - Temporary work (skilled),5,NOM departures,New South Wales,6370,Persons,primary,"https://data.api.abs.gov.au/rest/data/ABS,ABS_NOM_VISA_FY,1.0.0/all?startPeriod=2015&format=csv",2026-08-25T07:40:28.773Z
2017,Temporary visa - Total,1,NOM departures,New South Wales,46050,Persons,primary,"https://data.api.abs.gov.au/rest/data/ABS,ABS_NOM_VISA_FY,1.0.0/all?startPeriod=2015&format=csv",2026-08-25T07:40:28.773Z
2017,Temporary visa - Visitor,6,NOM departures,New South Wales,7410,Persons,primary,"https://data.api.abs.gov.au/rest/data/ABS,ABS_NOM_VISA_FY,1.0.0/all?startPeriod=2015&format=csv",2026-08-25T07:40:28.773Z
2017,Temporary visa - Vocational Education and Training sector,2,NOM departures,New South Wales,5100,Persons,primary,"https://data.api.abs.gov.au/rest/data/ABS,ABS_NOM_VISA_FY,1.0.0/all?startPeriod=2015&format=csv",2026-08-25T07:40:28.773Z
2017,Temporary visa - Working Holiday,7,NOM departures,New South Wales,7860,Persons,primary,"https://data.api.abs.gov.au/rest/data/ABS,ABS_NOM_VISA_FY,1.0.0/all?startPeriod=2015&format=csv",2026-08-25T07:40:28.773Z
2017,Total,16,NOM departures,New South Wales,92790,Persons,primary,"https://data.api.abs.gov.au/rest/data/ABS,ABS_NOM_VISA_FY,1.0.0/all?startPeriod=2015&format=csv",2026-08-25T07:40:28.773Z
2017,Australian Citizen,14,NOM arrivals,Northern Territory,660,Persons,primary,"https://data.api.abs.gov.au/rest/data/ABS,ABS_NOM_VISA_FY,1.0.0/all?startPeriod=2015&format=csv",2026-08-25T07:40:28.773Z
2017,New Zealand Citizen (subclass 444),13,NOM arrivals,Northern Territory,500,Persons,primary,"https://data.api.abs.gov.au/rest/data/ABS,ABS_NOM_VISA_FY,1.0.0/all?startPeriod=2015&format=csv",2026-08-25T07:40:28.773Z
2017,Other Visas,17,NOM arrivals,Northern Territory,1640,Persons,primary,"https://data.api.abs.gov.au/rest/data/ABS,ABS_NOM_VISA_FY,1.0.0/all?startPeriod=2015&format=csv",2026-08-25T07:40:28.773Z
2017,Permanent visa - Family,10,NOM arrivals,Northern Territory,280,Persons,primary,"https://data.api.abs.gov.au/rest/data/ABS,ABS_NOM_VISA_FY,1.0.0/all?startPeriod=2015&format=csv",2026-08-25T07:40:28.773Z
2017,Permanent visa - Other permanent visas,15,NOM arrivals,Northern Territory,50,Persons,primary,"https://data.api.abs.gov.au/rest/data/ABS,ABS_NOM_VISA_FY,1.0.0/all?startPeriod=2015&format=csv",2026-08-25T07:40:28.773Z
2017,Permanent visa - Skill,11,NOM arrivals,Northern Territory,600,Persons,primary,"https://data.api.abs.gov.au/rest/data/ABS,ABS_NOM_VISA_FY,1.0.0/all?startPeriod=2015&format=csv",2026-08-25T07:40:28.773Z
2017,Permanent visa - Special Eligibility and humanitarian,12,NOM arrivals,Northern Territory,100,Persons,primary,"https://data.api.abs.gov.au/rest/data/ABS,ABS_NOM_VISA_FY,1.0.0/all?startPeriod=2015&format=csv",2026-08-25T07:40:28.773Z
2017,Permanent visa - Total,9,NOM arrivals,Northern Territory,1020,Persons,primary,"https://data.api.abs.gov.au/rest/data/ABS,ABS_NOM_VISA_FY,1.0.0/all?startPeriod=2015&format=csv",2026-08-25T07:40:28.773Z
2017,Temporary visa - Higher education sector,3,NOM arrivals,Northern Territory,470,Persons,primary,"https://data.api.abs.gov.au/rest/data/ABS,ABS_NOM_VISA_FY,1.0.0/all?startPeriod=2015&format=csv",2026-08-25T07:40:28.773Z
2017,Temporary visa - Other temporary visas,8,NOM arrivals,Northern Territory,210,Persons,primary,"https://data.api.abs.gov.au/rest/data/ABS,ABS_NOM_VISA_FY,1.0.0/all?startPeriod=2015&format=csv",2026-08-25T07:40:28.773Z
2017,Temporary visa - Student other,4,NOM arrivals,Northern Territory,90,Persons,primary,"https://data.api.abs.gov.au/rest/data/ABS,ABS_NOM_VISA_FY,1.0.0/all?startPeriod=2015&format=csv",2026-08-25T07:40:28.773Z
2017,Temporary visa - Temporary work (skilled),5,NOM arrivals,Northern Territory,560,Persons,primary,"https://data.api.abs.gov.au/rest/data/ABS,ABS_NOM_VISA_FY,1.0.0/all?startPeriod=2015&format=csv",2026-08-25T07:40:28.773Z
2017,Temporary visa - Total,1,NOM arrivals,Northern Territory,3080,Persons,primary,"https://data.api.abs.gov.au/rest/data/ABS,ABS_NOM_VISA_FY,1.0.0/all?startPeriod=2015&format=csv",2026-08-25T07:40:28.773Z
2017,Temporary visa - Visitor,6,NOM arrivals,Northern Territory,710,Persons,primary,"https://data.api.abs.gov.au/rest/data/ABS,ABS_NOM_VISA_FY,1.0.0/all?startPeriod=2015&format=csv",2026-08-25T07:40:28.773Z
2017,Temporary visa - Vocational Education and Training sector,2,NOM arrivals,Northern Territory,50,Persons,primary,"https://data.api.abs.gov.au/rest/data/ABS,ABS_NOM_VISA_FY,1.0.0/all?startPeriod=2015&format=csv",2026-08-25T07:40:28.773Z
2017,Temporary visa - Working Holiday,7,NOM arrivals,Northern Territory,980,Persons,primary,"https://data.api.abs.gov.au/rest/data/ABS,ABS_NOM_VISA_FY,1.0.0/all?startPeriod=2015&format=csv",2026-08-25T07:40:28.773Z
2017,Total,16,NOM arrivals,Northern Territory,6900,Persons,primary,"https://data.api.abs.gov.au/rest/data/ABS,ABS_NOM_VISA_FY,1.0.0/all?startPeriod=2015&format=csv",2026-08-25T07:40:28.773Z
2017,Australian Citizen,14,NOM departures,Northern Territory,880,Persons,primary,"https://data.api.abs.gov.au/rest/data/ABS,ABS_NOM_VISA_FY,1.0.0/all?startPeriod=2015&format=csv",2026-08-25T07:40:28.773Z
2017,New Zealand Citizen (subclass 444),13,NOM departures,Northern Territory,450,Persons,primary,"https://data.api.abs.gov.au/rest/data/ABS,ABS_NOM_VISA_FY,1.0.0/all?startPeriod=2015&format=csv",2026-08-25T07:40:28.773Z
2017,Other Visas,17,NOM departures,Northern Territory,1320,Persons,primary,"https://data.api.abs.gov.au/rest/data/ABS,ABS_NOM_VISA_FY,1.0.0/all?startPeriod=2015&format=csv",2026-08-25T07:40:28.773Z
2017,Permanent visa - Family,10,NOM departures,Northern Territory,80,Persons,primary,"https://data.api.abs.gov.au/rest/data/ABS,ABS_NOM_VISA_FY,1.0.0/all?startPeriod=2015&format=csv",2026-08-25T07:40:28.773Z
2017,Permanent visa - Other permanent visas,15,NOM departures,Northern Territory,50,Persons,primary,"https://data.api.abs.gov.au/rest/data/ABS,ABS_NOM_VISA_FY,1.0.0/all?startPeriod=2015&format=csv",2026-08-25T07:40:28.773Z
2017,Permanent visa - Skill,11,NOM departures,Northern Territory,110,Persons,primary,"https://data.api.abs.gov.au/rest/data/ABS,ABS_NOM_VISA_FY,1.0.0/all?startPeriod=2015&format=csv",2026-08-25T07:40:28.773Z
2017,Permanent visa - Special Eligibility and humanitarian,12,NOM departures,Northern Territory,10,Persons,primary,"https://data.api.abs.gov.au/rest/data/ABS,ABS_NOM_VISA_FY,1.0.0/all?startPeriod=2015&format=csv",2026-08-25T07:40:28.773Z
2017,Permanent visa - Total,9,NOM departures,Northern Territory,240,Persons,primary,"https://data.api.abs.gov.au/rest/data/ABS,ABS_NOM_VISA_FY,1.0.0/all?startPeriod=2015&format=csv",2026-08-25T07:40:28.773Z
2017,Temporary visa - Higher education sector,3,NOM departures,Northern Territory,70,Persons,primary,"https://data.api.abs.gov.au/rest/data/ABS,ABS_NOM_VISA_FY,1.0.0/all?startPeriod=2015&format=csv",2026-08-25T07:40:28.773Z
2017,Temporary visa - Other temporary visas,8,NOM departures,Northern Territory,590,Persons,primary,"https://data.api.abs.gov.au/rest/data/ABS,ABS_NOM_VISA_FY,1.0.0/all?startPeriod=2015&format=csv",2026-08-25T07:40:28.773Z
2017,Temporary visa - Student other,4,NOM departures,Northern Territory,60,Persons,primary,"https://data.api.abs.gov.au/rest/data/ABS,ABS_NOM_VISA_FY,1.0.0/all?startPeriod=2015&format=csv",2026-08-25T07:40:28.773Z
2017,Temporary visa - Temporary work (skilled),5,NOM departures,Northern Territory,310,Persons,primary,"https://data.api.abs.gov.au/rest/data/ABS,ABS_NOM_VISA_FY,1.0.0/all?startPeriod=2015&format=csv",2026-08-25T07:40:28.773Z
2017,Temporary visa - Total,1,NOM departures,Northern Territory,2170,Persons,primary,"https://data.api.abs.gov.au/rest/data/ABS,ABS_NOM_VISA_FY,1.0.0/all?startPeriod=2015&format=csv",2026-08-25T07:40:28.773Z
2017,Temporary visa - Visitor,6,NOM departures,Northern Territory,400,Persons,primary,"https://data.api.abs.gov.au/rest/data/ABS,ABS_NOM_VISA_FY,1.0.0/all?startPeriod=2015&format=csv",2026-08-25T07:40:28.773Z
2017,Temporary visa - Vocational Education and Training sector,2,NOM departures,Northern Territory,40,Persons,primary,"https://data.api.abs.gov.au/rest/data/ABS,ABS_NOM_VISA_FY,1.0.0/all?startPeriod=2015&format=csv",2026-08-25T07:40:28.773Z
2017,Temporary visa - Working Holiday,7,NOM departures,Northern Territory,700,Persons,primary,"https://data.api.abs.gov.au/rest/data/ABS,ABS_NOM_VISA_FY,1.0.0/all?startPeriod=2015&format=csv",2026-08-25T07:40:28.773Z
2017,Total,16,NOM departures,Northern Territory,5060,Persons,primary,"https://data.api.abs.gov.au/rest/data/ABS,ABS_NOM_VISA_FY,1.0.0/all?startPeriod=2015&format=csv",2026-08-25T07:40:28.773Z
2017,Australian Citizen,14,NOM arrivals,Queensland,15300,Persons,primary,"https://data.api.abs.gov.au/rest/data/ABS,ABS_NOM_VISA_FY,1.0.0/all?startPeriod=2015&format=csv",2026-08-25T07:40:28.773Z
2017,New Zealand Citizen (subclass 444),13,NOM arrivals,Queensland,10120,Persons,primary,"https://data.api.abs.gov.au/rest/data/ABS,ABS_NOM_VISA_FY,1.0.0/all?startPeriod=2015&format=csv",2026-08-25T07:40:28.773Z
2017,Other Visas,17,NOM arrivals,Queensland,2400,Persons,primary,"https://data.api.abs.gov.au/rest/data/ABS,ABS_NOM_VISA_FY,1.0.0/all?startPeriod=2015&format=csv",2026-08-25T07:40:28.773Z
2017,Permanent visa - Family,10,NOM arrivals,Queensland,3730,Persons,primary,"https://data.api.abs.gov.au/rest/data/ABS,ABS_NOM_VISA_FY,1.0.0/all?startPeriod=2015&format=csv",2026-08-25T07:40:28.773Z
2017,Permanent visa - Other permanent visas,15,NOM arrivals,Queensland,940,Persons,primary,"https://data.api.abs.gov.au/rest/data/ABS,ABS_NOM_VISA_FY,1.0.0/all?startPeriod=2015&format=csv",2026-08-25T07:40:28.773Z
2017,Permanent visa - Skill,11,NOM arrivals,Queensland,4860,Persons,primary,"https://data.api.abs.gov.au/rest/data/ABS,ABS_NOM_VISA_FY,1.0.0/all?startPeriod=2015&format=csv",2026-08-25T07:40:28.773Z
2017,Permanent visa - Special Eligibility and humanitarian,12,NOM arrivals,Queensland,2730,Persons,primary,"https://data.api.abs.gov.au/rest/data/ABS,ABS_NOM_VISA_FY,1.0.0/all?startPeriod=2015&format=csv",2026-08-25T07:40:28.773Z
2017,Permanent visa - Total,9,NOM arrivals,Queensland,12270,Persons,primary,"https://data.api.abs.gov.au/rest/data/ABS,ABS_NOM_VISA_FY,1.0.0/all?startPeriod=2015&format=csv",2026-08-25T07:40:28.773Z
2017,Temporary visa - Higher education sector,3,NOM arrivals,Queensland,12120,Persons,primary,"https://data.api.abs.gov.au/rest/data/ABS,ABS_NOM_VISA_FY,1.0.0/all?startPeriod=2015&format=csv",2026-08-25T07:40:28.773Z
2017,Temporary visa - Other temporary visas,8,NOM arrivals,Queensland,1420,Persons,primary,"https://data.api.abs.gov.au/rest/data/ABS,ABS_NOM_VISA_FY,1.0.0/all?startPeriod=2015&format=csv",2026-08-25T07:40:28.773Z
2017,Temporary visa - Student other,4,NOM arrivals,Queensland,6450,Persons,primary,"https://data.api.abs.gov.au/rest/data/ABS,ABS_NOM_VISA_FY,1.0.0/all?startPeriod=2015&format=csv",2026-08-25T07:40:28.773Z
2017,Temporary visa - Temporary work (skilled),5,NOM arrivals,Queensland,4210,Persons,primary,"https://data.api.abs.gov.au/rest/data/ABS,ABS_NOM_VISA_FY,1.0.0/all?startPeriod=2015&format=csv",2026-08-25T07:40:28.773Z
2017,Temporary visa - Total,1,NOM arrivals,Queensland,47740,Persons,primary,"https://data.api.abs.gov.au/rest/data/ABS,ABS_NOM_VISA_FY,1.0.0/all?startPeriod=2015&format=csv",2026-08-25T07:40:28.773Z
2017,Temporary visa - Visitor,6,NOM arrivals,Queensland,10490,Persons,primary,"https://data.api.abs.gov.au/rest/data/ABS,ABS_NOM_VISA_FY,1.0.0/all?startPeriod=2015&format=csv",2026-08-25T07:40:28.773Z
2017,Temporary visa - Vocational Education and Training sector,2,NOM arrivals,Queensland,2740,Persons,primary,"https://data.api.abs.gov.au/rest/data/ABS,ABS_NOM_VISA_FY,1.0.0/all?startPeriod=2015&format=csv",2026-08-25T07:40:28.773Z
2017,Temporary visa - Working Holiday,7,NOM arrivals,Queensland,10320,Persons,primary,"https://data.api.abs.gov.au/rest/data/ABS,ABS_NOM_VISA_FY,1.0.0/all?startPeriod=2015&format=csv",2026-08-25T07:40:28.773Z
2017,Total,16,NOM arrivals,Queensland,87820,Persons,primary,"https://data.api.abs.gov.au/rest/data/ABS,ABS_NOM_VISA_FY,1.0.0/all?startPeriod=2015&format=csv",2026-08-25T07:40:28.773Z
2017,Australian Citizen,14,NOM departures,Queensland,17510,Persons,primary,"https://data.api.abs.gov.au/rest/data/ABS,ABS_NOM_VISA_FY,1.0.0/all?startPeriod=2015&format=csv",2026-08-25T07:40:28.773Z
2017,New Zealand Citizen (subclass 444),13,NOM departures,Queensland,8390,Persons,primary,"https://data.api.abs.gov.au/rest/data/ABS,ABS_NOM_VISA_FY,1.0.0/all?startPeriod=2015&format=csv",2026-08-25T07:40:28.773Z
2017,Other Visas,17,NOM departures,Queensland,1840,Persons,primary,"https://data.api.abs.gov.au/rest/data/ABS,ABS_NOM_VISA_FY,1.0.0/all?startPeriod=2015&format=csv",2026-08-25T07:40:28.773Z
2017,Permanent visa - Family,10,NOM departures,Queensland,930,Persons,primary,"https://data.api.abs.gov.au/rest/data/ABS,ABS_NOM_VISA_FY,1.0.0/all?startPeriod=2015&format=csv",2026-08-25T07:40:28.773Z
2017,Permanent visa - Other permanent visas,15,NOM departures,Queensland,1010,Persons,primary,"https://data.api.abs.gov.au/rest/data/ABS,ABS_NOM_VISA_FY,1.0.0/all?startPeriod=2015&format=csv",2026-08-25T07:40:28.773Z
2017,Permanent visa - Skill,11,NOM departures,Queensland,1090,Persons,primary,"https://data.api.abs.gov.au/rest/data/ABS,ABS_NOM_VISA_FY,1.0.0/all?startPeriod=2015&format=csv",2026-08-25T07:40:28.773Z
2017,Permanent visa - Special Eligibility and humanitarian,12,NOM departures,Queensland,10,Persons,primary,"https://data.api.abs.gov.au/rest/data/ABS,ABS_NOM_VISA_FY,1.0.0/all?startPeriod=2015&format=csv",2026-08-25T07:40:28.773Z
2017,Permanent visa - Total,9,NOM departures,Queensland,3030,Persons,primary,"https://data.api.abs.gov.au/rest/data/ABS,ABS_NOM_VISA_FY,1.0.0/all?startPeriod=2015&format=csv",2026-08-25T07:40:28.773Z
2017,Temporary visa - Higher education sector,3,NOM departures,Queensland,4120,Persons,primary,"https://data.api.abs.gov.au/rest/data/ABS,ABS_NOM_VISA_FY,1.0.0/all?startPeriod=2015&format=csv",2026-08-25T07:40:28.773Z
2017,Temporary visa - Other temporary visas,8,NOM departures,Queensland,3540,Persons,primary,"https://data.api.abs.gov.au/rest/data/ABS,ABS_NOM_VISA_FY,1.0.0/all?startPeriod=2015&format=csv",2026-08-25T07:40:28.773Z
2017,Temporary visa - Student other,4,NOM departures,Queensland,1770,Persons,primary,"https://data.api.abs.gov.au/rest/data/ABS,ABS_NOM_VISA_FY,1.0.0/all?startPeriod=2015&format=csv",2026-08-25T07:40:28.773Z
2017,Temporary visa - Temporary work (skilled),5,NOM departures,Queensland,2120,Persons,primary,"https://data.api.abs.gov.au/rest/data/ABS,ABS_NOM_VISA_FY,1.0.0/all?startPeriod=2015&format=csv",2026-08-25T07:40:28.773Z
2017,Temporary visa - Total,1,NOM departures,Queensland,22980,Persons,primary,"https://data.api.abs.gov.au/rest/data/ABS,ABS_NOM_VISA_FY,1.0.0/all?startPeriod=2015&format=csv",2026-08-25T07:40:28.773Z
2017,Temporary visa - Visitor,6,NOM departures,Queensland,3110,Persons,primary,"https://data.api.abs.gov.au/rest/data/ABS,ABS_NOM_VISA_FY,1.0.0/all?startPeriod=2015&format=csv",2026-08-25T07:40:28.773Z
2017,Temporary visa - Vocational Education and Training sector,2,NOM departures,Queensland,2290,Persons,primary,"https://data.api.abs.gov.au/rest/data/ABS,ABS_NOM_VISA_FY,1.0.0/all?startPeriod=2015&format=csv",2026-08-25T07:40:28.773Z
2017,Temporary visa - Working Holiday,7,NOM departures,Queensland,6030,Persons,primary,"https://data.api.abs.gov.au/rest/data/ABS,ABS_NOM_VISA_FY,1.0.0/all?startPeriod=2015&format=csv",2026-08-25T07:40:28.773Z
2017,Total,16,NOM departures,Queensland,53750,Persons,primary,"https://data.api.abs.gov.au/rest/data/ABS,ABS_NOM_VISA_FY,1.0.0/all?startPeriod=2015&format=csv",2026-08-25T07:40:28.773Z
2017,Australian Citizen,14,NOM arrivals,South Australia,3610,Persons,primary,"https://data.api.abs.gov.au/rest/data/ABS,ABS_NOM_VISA_FY,1.0.0/all?startPeriod=2015&format=csv",2026-08-25T07:40:28.773Z
2017,New Zealand Citizen (subclass 444),13,NOM arrivals,South Australia,540,Persons,primary,"https://data.api.abs.gov.au/rest/data/ABS,ABS_NOM_VISA_FY,1.0.0/all?startPeriod=2015&format=csv",2026-08-25T07:40:28.773Z
2017,Other Visas,17,NOM arrivals,South Australia,170,Persons,primary,"https://data.api.abs.gov.au/rest/data/ABS,ABS_NOM_VISA_FY,1.0.0/all?startPeriod=2015&format=csv",2026-08-25T07:40:28.773Z
2017,Permanent visa - Family,10,NOM arrivals,South Australia,1650,Persons,primary,"https://data.api.abs.gov.au/rest/data/ABS,ABS_NOM_VISA_FY,1.0.0/all?startPeriod=2015&format=csv",2026-08-25T07:40:28.773Z
2017,Permanent visa - Other permanent visas,15,NOM arrivals,South Australia,230,Persons,primary,"https://data.api.abs.gov.au/rest/data/ABS,ABS_NOM_VISA_FY,1.0.0/all?startPeriod=2015&format=csv",2026-08-25T07:40:28.773Z
2017,Permanent visa - Skill,11,NOM arrivals,South Australia,3800,Persons,primary,"https://data.api.abs.gov.au/rest/data/ABS,ABS_NOM_VISA_FY,1.0.0/all?startPeriod=2015&format=csv",2026-08-25T07:40:28.773Z
2017,Permanent visa - Special Eligibility and humanitarian,12,NOM arrivals,South Australia,1440,Persons,primary,"https://data.api.abs.gov.au/rest/data/ABS,ABS_NOM_VISA_FY,1.0.0/all?startPeriod=2015&format=csv",2026-08-25T07:40:28.773Z
2017,Permanent visa - Total,9,NOM arrivals,South Australia,7120,Persons,primary,"https://data.api.abs.gov.au/rest/data/ABS,ABS_NOM_VISA_FY,1.0.0/all?startPeriod=2015&format=csv",2026-08-25T07:40:28.773Z
2017,Temporary visa - Higher education sector,3,NOM arrivals,South Australia,5360,Persons,primary,"https://data.api.abs.gov.au/rest/data/ABS,ABS_NOM_VISA_FY,1.0.0/all?startPeriod=2015&format=csv",2026-08-25T07:40:28.773Z
2017,Temporary visa - Other temporary visas,8,NOM arrivals,South Australia,430,Persons,primary,"https://data.api.abs.gov.au/rest/data/ABS,ABS_NOM_VISA_FY,1.0.0/all?startPeriod=2015&format=csv",2026-08-25T07:40:28.773Z
2017,Temporary visa - Student other,4,NOM arrivals,South Australia,1510,Persons,primary,"https://data.api.abs.gov.au/rest/data/ABS,ABS_NOM_VISA_FY,1.0.0/all?startPeriod=2015&format=csv",2026-08-25T07:40:28.773Z
2017,Temporary visa - Temporary work (skilled),5,NOM arrivals,South Australia,930,Persons,primary,"https://data.api.abs.gov.au/rest/data/ABS,ABS_NOM_VISA_FY,1.0.0/all?startPeriod=2015&format=csv",2026-08-25T07:40:28.773Z
2017,Temporary visa - Total,1,NOM arrivals,South Australia,12380,Persons,primary,"https://data.api.abs.gov.au/rest/data/ABS,ABS_NOM_VISA_FY,1.0.0/all?startPeriod=2015&format=csv",2026-08-25T07:40:28.773Z
2017,Temporary visa - Visitor,6,NOM arrivals,South Australia,2310,Persons,primary,"https://data.api.abs.gov.au/rest/data/ABS,ABS_NOM_VISA_FY,1.0.0/all?startPeriod=2015&format=csv",2026-08-25T07:40:28.773Z
2017,Temporary visa - Vocational Education and Training sector,2,NOM arrivals,South Australia,630,Persons,primary,"https://data.api.abs.gov.au/rest/data/ABS,ABS_NOM_VISA_FY,1.0.0/all?startPeriod=2015&format=csv",2026-08-25T07:40:28.773Z
2017,Temporary visa - Working Holiday,7,NOM arrivals,South Australia,1210,Persons,primary,"https://data.api.abs.gov.au/rest/data/ABS,ABS_NOM_VISA_FY,1.0.0/all?startPeriod=2015&format=csv",2026-08-25T07:40:28.773Z
2017,Total,16,NOM arrivals,South Australia,23820,Persons,primary,"https://data.api.abs.gov.au/rest/data/ABS,ABS_NOM_VISA_FY,1.0.0/all?startPeriod=2015&format=csv",2026-08-25T07:40:28.773Z
2017,Australian Citizen,14,NOM departures,South Australia,4160,Persons,primary,"https://data.api.abs.gov.au/rest/data/ABS,ABS_NOM_VISA_FY,1.0.0/all?startPeriod=2015&format=csv",2026-08-25T07:40:28.773Z
2017,New Zealand Citizen (subclass 444),13,NOM departures,South Australia,460,Persons,primary,"https://data.api.abs.gov.au/rest/data/ABS,ABS_NOM_VISA_FY,1.0.0/all?startPeriod=2015&format=csv",2026-08-25T07:40:28.773Z
2017,Other Visas,17,NOM departures,South Australia,200,Persons,primary,"https://data.api.abs.gov.au/rest/data/ABS,ABS_NOM_VISA_FY,1.0.0/all?startPeriod=2015&format=csv",2026-08-25T07:40:28.773Z
2017,Permanent visa - Family,10,NOM departures,South Australia,220,Persons,primary,"https://data.api.abs.gov.au/rest/data/ABS,ABS_NOM_VISA_FY,1.0.0/all?startPeriod=2015&format=csv",2026-08-25T07:40:28.773Z
2017,Permanent visa - Other permanent visas,15,NOM departures,South Australia,290,Persons,primary,"https://data.api.abs.gov.au/rest/data/ABS,ABS_NOM_VISA_FY,1.0.0/all?startPeriod=2015&format=csv",2026-08-25T07:40:28.773Z
2017,Permanent visa - Skill,11,NOM departures,South Australia,390,Persons,primary,"https://data.api.abs.gov.au/rest/data/ABS,ABS_NOM_VISA_FY,1.0.0/all?startPeriod=2015&format=csv",2026-08-25T07:40:28.773Z
2017,Permanent visa - Special Eligibility and humanitarian,12,NOM departures,South Australia,0,Persons,primary,"https://data.api.abs.gov.au/rest/data/ABS,ABS_NOM_VISA_FY,1.0.0/all?startPeriod=2015&format=csv",2026-08-25T07:40:28.773Z
2017,Permanent visa - Total,9,NOM departures,South Australia,890,Persons,primary,"https://data.api.abs.gov.au/rest/data/ABS,ABS_NOM_VISA_FY,1.0.0/all?startPeriod=2015&format=csv",2026-08-25T07:40:28.773Z
2017,Temporary visa - Higher education sector,3,NOM departures,South Australia,1670,Persons,primary,"https://data.api.abs.gov.au/rest/data/ABS,ABS_NOM_VISA_FY,1.0.0/all?startPeriod=2015&format=csv",2026-08-25T07:40:28.773Z
2017,Temporary visa - Other temporary visas,8,NOM departures,South Australia,980,Persons,primary,"https://data.api.abs.gov.au/rest/data/ABS,ABS_NOM_VISA_FY,1.0.0/all?startPeriod=2015&format=csv",2026-08-25T07:40:28.773Z
2017,Temporary visa - Student other,4,NOM departures,South Australia,1130,Persons,primary,"https://data.api.abs.gov.au/rest/data/ABS,ABS_NOM_VISA_FY,1.0.0/all?startPeriod=2015&format=csv",2026-08-25T07:40:28.773Z
2017,Temporary visa - Temporary work (skilled),5,NOM departures,South Australia,460,Persons,primary,"https://data.api.abs.gov.au/rest/data/ABS,ABS_NOM_VISA_FY,1.0.0/all?startPeriod=2015&format=csv",2026-08-25T07:40:28.773Z
2017,Temporary visa - Total,1,NOM departures,South Australia,5930,Persons,primary,"https://data.api.abs.gov.au/rest/data/ABS,ABS_NOM_VISA_FY,1.0.0/all?startPeriod=2015&format=csv",2026-08-25T07:40:28.773Z
2017,Temporary visa - Visitor,6,NOM departures,South Australia,560,Persons,primary,"https://data.api.abs.gov.au/rest/data/ABS,ABS_NOM_VISA_FY,1.0.0/all?startPeriod=2015&format=csv",2026-08-25T07:40:28.773Z
2017,Temporary visa - Vocational Education and Training sector,2,NOM departures,South Australia,250,Persons,primary,"https://data.api.abs.gov.au/rest/data/ABS,ABS_NOM_VISA_FY,1.0.0/all?startPeriod=2015&format=csv",2026-08-25T07:40:28.773Z
2017,Temporary visa - Working Holiday,7,NOM departures,South Australia,890,Persons,primary,"https://data.api.abs.gov.au/rest/data/ABS,ABS_NOM_VISA_FY,1.0.0/all?startPeriod=2015&format=csv",2026-08-25T07:40:28.773Z
2017,Total,16,NOM departures,South Australia,11640,Persons,primary,"https://data.api.abs.gov.au/rest/data/ABS,ABS_NOM_VISA_FY,1.0.0/all?startPeriod=2015&format=csv",2026-08-25T07:40:28.773Z
2017,Australian Citizen,14,NOM arrivals,Tasmania,870,Persons,primary,"https://data.api.abs.gov.au/rest/data/ABS,ABS_NOM_VISA_FY,1.0.0/all?startPeriod=2015&format=csv",2026-08-25T07:40:28.773Z
2017,New Zealand Citizen (subclass 444),13,NOM arrivals,Tasmania,170,Persons,primary,"https://data.api.abs.gov.au/rest/data/ABS,ABS_NOM_VISA_FY,1.0.0/all?startPeriod=2015&format=csv",2026-08-25T07:40:28.773Z
2017,Other Visas,17,NOM arrivals,Tasmania,30,Persons,primary,"https://data.api.abs.gov.au/rest/data/ABS,ABS_NOM_VISA_FY,1.0.0/all?startPeriod=2015&format=csv",2026-08-25T07:40:28.773Z
2017,Permanent visa - Family,10,NOM arrivals,Tasmania,200,Persons,primary,"https://data.api.abs.gov.au/rest/data/ABS,ABS_NOM_VISA_FY,1.0.0/all?startPeriod=2015&format=csv",2026-08-25T07:40:28.773Z
2017,Permanent visa - Other permanent visas,15,NOM arrivals,Tasmania,30,Persons,primary,"https://data.api.abs.gov.au/rest/data/ABS,ABS_NOM_VISA_FY,1.0.0/all?startPeriod=2015&format=csv",2026-08-25T07:40:28.773Z
2017,Permanent visa - Skill,11,NOM arrivals,Tasmania,210,Persons,primary,"https://data.api.abs.gov.au/rest/data/ABS,ABS_NOM_VISA_FY,1.0.0/all?startPeriod=2015&format=csv",2026-08-25T07:40:28.773Z
2017,Permanent visa - Special Eligibility and humanitarian,12,NOM arrivals,Tasmania,640,Persons,primary,"https://data.api.abs.gov.au/rest/data/ABS,ABS_NOM_VISA_FY,1.0.0/all?startPeriod=2015&format=csv",2026-08-25T07:40:28.773Z
2017,Permanent visa - Total,9,NOM arrivals,Tasmania,1070,Persons,primary,"https://data.api.abs.gov.au/rest/data/ABS,ABS_NOM_VISA_FY,1.0.0/all?startPeriod=2015&format=csv",2026-08-25T07:40:28.773Z
2017,Temporary visa - Higher education sector,3,NOM arrivals,Tasmania,1020,Persons,primary,"https://data.api.abs.gov.au/rest/data/ABS,ABS_NOM_VISA_FY,1.0.0/all?startPeriod=2015&format=csv",2026-08-25T07:40:28.773Z
2017,Temporary visa - Other temporary visas,8,NOM arrivals,Tasmania,60,Persons,primary,"https://data.api.abs.gov.au/rest/data/ABS,ABS_NOM_VISA_FY,1.0.0/all?startPeriod=2015&format=csv",2026-08-25T07:40:28.773Z
2017,Temporary visa - Student other,4,NOM arrivals,Tasmania,250,Persons,primary,"https://data.api.abs.gov.au/rest/data/ABS,ABS_NOM_VISA_FY,1.0.0/all?startPeriod=2015&format=csv",2026-08-25T07:40:28.773Z
2017,Temporary visa - Temporary work (skilled),5,NOM arrivals,Tasmania,190,Persons,primary,"https://data.api.abs.gov.au/rest/data/ABS,ABS_NOM_VISA_FY,1.0.0/all?startPeriod=2015&format=csv",2026-08-25T07:40:28.773Z
2017,Temporary visa - Total,1,NOM arrivals,Tasmania,2560,Persons,primary,"https://data.api.abs.gov.au/rest/data/ABS,ABS_NOM_VISA_FY,1.0.0/all?startPeriod=2015&format=csv",2026-08-25T07:40:28.773Z
2017,Temporary visa - Visitor,6,NOM arrivals,Tasmania,520,Persons,primary,"https://data.api.abs.gov.au/rest/data/ABS,ABS_NOM_VISA_FY,1.0.0/all?startPeriod=2015&format=csv",2026-08-25T07:40:28.773Z
2017,Temporary visa - Vocational Education and Training sector,2,NOM arrivals,Tasmania,40,Persons,primary,"https://data.api.abs.gov.au/rest/data/ABS,ABS_NOM_VISA_FY,1.0.0/all?startPeriod=2015&format=csv",2026-08-25T07:40:28.773Z
2017,Temporary visa - Working Holiday,7,NOM arrivals,Tasmania,490,Persons,primary,"https://data.api.abs.gov.au/rest/data/ABS,ABS_NOM_VISA_FY,1.0.0/all?startPeriod=2015&format=csv",2026-08-25T07:40:28.773Z
2017,Total,16,NOM arrivals,Tasmania,4700,Persons,primary,"https://data.api.abs.gov.au/rest/data/ABS,ABS_NOM_VISA_FY,1.0.0/all?startPeriod=2015&format=csv",2026-08-25T07:40:28.773Z
2017,Australian Citizen,14,NOM departures,Tasmania,950,Persons,primary,"https://data.api.abs.gov.au/rest/data/ABS,ABS_NOM_VISA_FY,1.0.0/all?startPeriod=2015&format=csv",2026-08-25T07:40:28.773Z
2017,New Zealand Citizen (subclass 444),13,NOM departures,Tasmania,140,Persons,primary,"https://data.api.abs.gov.au/rest/data/ABS,ABS_NOM_VISA_FY,1.0.0/all?startPeriod=2015&format=csv",2026-08-25T07:40:28.773Z
2017,Other Visas,17,NOM departures,Tasmania,40,Persons,primary,"https://data.api.abs.gov.au/rest/data/ABS,ABS_NOM_VISA_FY,1.0.0/all?startPeriod=2015&format=csv",2026-08-25T07:40:28.773Z
2017,Permanent visa - Family,10,NOM departures,Tasmania,40,Persons,primary,"https://data.api.abs.gov.au/rest/data/ABS,ABS_NOM_VISA_FY,1.0.0/all?startPeriod=2015&format=csv",2026-08-25T07:40:28.773Z
2017,Permanent visa - Other permanent visas,15,NOM departures,Tasmania,40,Persons,primary,"https://data.api.abs.gov.au/rest/data/ABS,ABS_NOM_VISA_FY,1.0.0/all?startPeriod=2015&format=csv",2026-08-25T07:40:28.773Z
2017,Permanent visa - Skill,11,NOM departures,Tasmania,50,Persons,primary,"https://data.api.abs.gov.au/rest/data/ABS,ABS_NOM_VISA_FY,1.0.0/all?startPeriod=2015&format=csv",2026-08-25T07:40:28.773Z
2017,Permanent visa - Special Eligibility and humanitarian,12,NOM departures,Tasmania,0,Persons,primary,"https://data.api.abs.gov.au/rest/data/ABS,ABS_NOM_VISA_FY,1.0.0/all?startPeriod=2015&format=csv",2026-08-25T07:40:28.773Z
2017,Permanent visa - Total,9,NOM departures,Tasmania,130,Persons,primary,"https://data.api.abs.gov.au/rest/data/ABS,ABS_NOM_VISA_FY,1.0.0/all?startPeriod=2015&format=csv",2026-08-25T07:40:28.773Z
2017,Temporary visa - Higher education sector,3,NOM departures,Tasmania,250,Persons,primary,"https://data.api.abs.gov.au/rest/data/ABS,ABS_NOM_VISA_FY,1.0.0/all?startPeriod=2015&format=csv",2026-08-25T07:40:28.773Z
2017,Temporary visa - Other temporary visas,8,NOM departures,Tasmania,140,Persons,primary,"https://data.api.abs.gov.au/rest/data/ABS,ABS_NOM_VISA_FY,1.0.0/all?startPeriod=2015&format=csv",2026-08-25T07:40:28.773Z
2017,Temporary visa - Student other,4,NOM departures,Tasmania,110,Persons,primary,"https://data.api.abs.gov.au/rest/data/ABS,ABS_NOM_VISA_FY,1.0.0/all?startPeriod=2015&format=csv",2026-08-25T07:40:28.773Z
2017,Temporary visa - Temporary work (skilled),5,NOM departures,Tasmania,40,Persons,primary,"https://data.api.abs.gov.au/rest/data/ABS,ABS_NOM_VISA_FY,1.0.0/all?startPeriod=2015&format=csv",2026-08-25T07:40:28.773Z
2017,Temporary visa - Total,1,NOM departures,Tasmania,1100,Persons,primary,"https://data.api.abs.gov.au/rest/data/ABS,ABS_NOM_VISA_FY,1.0.0/all?startPeriod=2015&format=csv",2026-08-25T07:40:28.773Z
2017,Temporary visa - Visitor,6,NOM departures,Tasmania,180,Persons,primary,"https://data.api.abs.gov.au/rest/data/ABS,ABS_NOM_VISA_FY,1.0.0/all?startPeriod=2015&format=csv",2026-08-25T07:40:28.773Z
2017,Temporary visa - Vocational Education and Training sector,2,NOM departures,Tasmania,20,Persons,primary,"https://data.api.abs.gov.au/rest/data/ABS,ABS_NOM_VISA_FY,1.0.0/all?startPeriod=2015&format=csv",2026-08-25T07:40:28.773Z
2017,Temporary visa - Working Holiday,7,NOM departures,Tasmania,370,Persons,primary,"https://data.api.abs.gov.au/rest/data/ABS,ABS_NOM_VISA_FY,1.0.0/all?startPeriod=2015&format=csv",2026-08-25T07:40:28.773Z
2017,Total,16,NOM departures,Tasmania,2360,Persons,primary,"https://data.api.abs.gov.au/rest/data/ABS,ABS_NOM_VISA_FY,1.0.0/all?startPeriod=2015&format=csv",2026-08-25T07:40:28.773Z
2017,Australian Citizen,14,NOM arrivals,Victoria,20110,Persons,primary,"https://data.api.abs.gov.au/rest/data/ABS,ABS_NOM_VISA_FY,1.0.0/all?startPeriod=2015&format=csv",2026-08-25T07:40:28.773Z
2017,New Zealand Citizen (subclass 444),13,NOM arrivals,Victoria,9010,Persons,primary,"https://data.api.abs.gov.au/rest/data/ABS,ABS_NOM_VISA_FY,1.0.0/all?startPeriod=2015&format=csv",2026-08-25T07:40:28.773Z
2017,Other Visas,17,NOM arrivals,Victoria,750,Persons,primary,"https://data.api.abs.gov.au/rest/data/ABS,ABS_NOM_VISA_FY,1.0.0/all?startPeriod=2015&format=csv",2026-08-25T07:40:28.773Z
2017,Permanent visa - Family,10,NOM arrivals,Victoria,9290,Persons,primary,"https://data.api.abs.gov.au/rest/data/ABS,ABS_NOM_VISA_FY,1.0.0/all?startPeriod=2015&format=csv",2026-08-25T07:40:28.773Z
2017,Permanent visa - Other permanent visas,15,NOM arrivals,Victoria,1900,Persons,primary,"https://data.api.abs.gov.au/rest/data/ABS,ABS_NOM_VISA_FY,1.0.0/all?startPeriod=2015&format=csv",2026-08-25T07:40:28.773Z
2017,Permanent visa - Skill,11,NOM arrivals,Victoria,15230,Persons,primary,"https://data.api.abs.gov.au/rest/data/ABS,ABS_NOM_VISA_FY,1.0.0/all?startPeriod=2015&format=csv",2026-08-25T07:40:28.773Z
2017,Permanent visa - Special Eligibility and humanitarian,12,NOM arrivals,Victoria,7220,Persons,primary,"https://data.api.abs.gov.au/rest/data/ABS,ABS_NOM_VISA_FY,1.0.0/all?startPeriod=2015&format=csv",2026-08-25T07:40:28.773Z
2017,Permanent visa - Total,9,NOM arrivals,Victoria,33640,Persons,primary,"https://data.api.abs.gov.au/rest/data/ABS,ABS_NOM_VISA_FY,1.0.0/all?startPeriod=2015&format=csv",2026-08-25T07:40:28.773Z
2017,Temporary visa - Higher education sector,3,NOM arrivals,Victoria,36150,Persons,primary,"https://data.api.abs.gov.au/rest/data/ABS,ABS_NOM_VISA_FY,1.0.0/all?startPeriod=2015&format=csv",2026-08-25T07:40:28.773Z
2017,Temporary visa - Other temporary visas,8,NOM arrivals,Victoria,3230,Persons,primary,"https://data.api.abs.gov.au/rest/data/ABS,ABS_NOM_VISA_FY,1.0.0/all?startPeriod=2015&format=csv",2026-08-25T07:40:28.773Z
2017,Temporary visa - Student other,4,NOM arrivals,Victoria,8950,Persons,primary,"https://data.api.abs.gov.au/rest/data/ABS,ABS_NOM_VISA_FY,1.0.0/all?startPeriod=2015&format=csv",2026-08-25T07:40:28.773Z
2017,Temporary visa - Temporary work (skilled),5,NOM arrivals,Victoria,9040,Persons,primary,"https://data.api.abs.gov.au/rest/data/ABS,ABS_NOM_VISA_FY,1.0.0/all?startPeriod=2015&format=csv",2026-08-25T07:40:28.773Z
2017,Temporary visa - Total,1,NOM arrivals,Victoria,96110,Persons,primary,"https://data.api.abs.gov.au/rest/data/ABS,ABS_NOM_VISA_FY,1.0.0/all?startPeriod=2015&format=csv",2026-08-25T07:40:28.773Z
2017,Temporary visa - Visitor,6,NOM arrivals,Victoria,22590,Persons,primary,"https://data.api.abs.gov.au/rest/data/ABS,ABS_NOM_VISA_FY,1.0.0/all?startPeriod=2015&format=csv",2026-08-25T07:40:28.773Z
2017,Temporary visa - Vocational Education and Training sector,2,NOM arrivals,Victoria,3900,Persons,primary,"https://data.api.abs.gov.au/rest/data/ABS,ABS_NOM_VISA_FY,1.0.0/all?startPeriod=2015&format=csv",2026-08-25T07:40:28.773Z
2017,Temporary visa - Working Holiday,7,NOM arrivals,Victoria,12260,Persons,primary,"https://data.api.abs.gov.au/rest/data/ABS,ABS_NOM_VISA_FY,1.0.0/all?startPeriod=2015&format=csv",2026-08-25T07:40:28.773Z
2017,Total,16,NOM arrivals,Victoria,159630,Persons,primary,"https://data.api.abs.gov.au/rest/data/ABS,ABS_NOM_VISA_FY,1.0.0/all?startPeriod=2015&format=csv",2026-08-25T07:40:28.773Z
2017,Australian Citizen,14,NOM departures,Victoria,22190,Persons,primary,"https://data.api.abs.gov.au/rest/data/ABS,ABS_NOM_VISA_FY,1.0.0/all?startPeriod=2015&format=csv",2026-08-25T07:40:28.773Z
2017,New Zealand Citizen (subclass 444),13,NOM departures,Victoria,5120,Persons,primary,"https://data.api.abs.gov.au/rest/data/ABS,ABS_NOM_VISA_FY,1.0.0/all?startPeriod=2015&format=csv",2026-08-25T07:40:28.773Z
2017,Other Visas,17,NOM departures,Victoria,910,Persons,primary,"https://data.api.abs.gov.au/rest/data/ABS,ABS_NOM_VISA_FY,1.0.0/all?startPeriod=2015&format=csv",2026-08-25T07:40:28.773Z
2017,Permanent visa - Family,10,NOM departures,Victoria,1460,Persons,primary,"https://data.api.abs.gov.au/rest/data/ABS,ABS_NOM_VISA_FY,1.0.0/all?startPeriod=2015&format=csv",2026-08-25T07:40:28.773Z
2017,Permanent visa - Other permanent visas,15,NOM departures,Victoria,1810,Persons,primary,"https://data.api.abs.gov.au/rest/data/ABS,ABS_NOM_VISA_FY,1.0.0/all?startPeriod=2015&format=csv",2026-08-25T07:40:28.773Z
2017,Permanent visa - Skill,11,NOM departures,Victoria,2280,Persons,primary,"https://data.api.abs.gov.au/rest/data/ABS,ABS_NOM_VISA_FY,1.0.0/all?startPeriod=2015&format=csv",2026-08-25T07:40:28.773Z
2017,Permanent visa - Special Eligibility and humanitarian,12,NOM departures,Victoria,30,Persons,primary,"https://data.api.abs.gov.au/rest/data/ABS,ABS_NOM_VISA_FY,1.0.0/all?startPeriod=2015&format=csv",2026-08-25T07:40:28.773Z
2017,Permanent visa - Total,9,NOM departures,Victoria,5580,Persons,primary,"https://data.api.abs.gov.au/rest/data/ABS,ABS_NOM_VISA_FY,1.0.0/all?startPeriod=2015&format=csv",2026-08-25T07:40:28.773Z
2017,Temporary visa - Higher education sector,3,NOM departures,Victoria,8360,Persons,primary,"https://data.api.abs.gov.au/rest/data/ABS,ABS_NOM_VISA_FY,1.0.0/all?startPeriod=2015&format=csv",2026-08-25T07:40:28.773Z
2017,Temporary visa - Other temporary visas,8,NOM departures,Victoria,7060,Persons,primary,"https://data.api.abs.gov.au/rest/data/ABS,ABS_NOM_VISA_FY,1.0.0/all?startPeriod=2015&format=csv",2026-08-25T07:40:28.773Z
2017,Temporary visa - Student other,4,NOM departures,Victoria,2700,Persons,primary,"https://data.api.abs.gov.au/rest/data/ABS,ABS_NOM_VISA_FY,1.0.0/all?startPeriod=2015&format=csv",2026-08-25T07:40:28.773Z
2017,Temporary visa - Temporary work (skilled),5,NOM departures,Victoria,3450,Persons,primary,"https://data.api.abs.gov.au/rest/data/ABS,ABS_NOM_VISA_FY,1.0.0/all?startPeriod=2015&format=csv",2026-08-25T07:40:28.773Z
2017,Temporary visa - Total,1,NOM departures,Victoria,34580,Persons,primary,"https://data.api.abs.gov.au/rest/data/ABS,ABS_NOM_VISA_FY,1.0.0/all?startPeriod=2015&format=csv",2026-08-25T07:40:28.773Z
2017,Temporary visa - Visitor,6,NOM departures,Victoria,4680,Persons,primary,"https://data.api.abs.gov.au/rest/data/ABS,ABS_NOM_VISA_FY,1.0.0/all?startPeriod=2015&format=csv",2026-08-25T07:40:28.773Z
2017,Temporary visa - Vocational Education and Training sector,2,NOM departures,Victoria,2560,Persons,primary,"https://data.api.abs.gov.au/rest/data/ABS,ABS_NOM_VISA_FY,1.0.0/all?startPeriod=2015&format=csv",2026-08-25T07:40:28.773Z
2017,Temporary visa - Working Holiday,7,NOM departures,Victoria,5780,Persons,primary,"https://data.api.abs.gov.au/rest/data/ABS,ABS_NOM_VISA_FY,1.0.0/all?startPeriod=2015&format=csv",2026-08-25T07:40:28.773Z
2017,Total,16,NOM departures,Victoria,68380,Persons,primary,"https://data.api.abs.gov.au/rest/data/ABS,ABS_NOM_VISA_FY,1.0.0/all?startPeriod=2015&format=csv",2026-08-25T07:40:28.773Z
2017,Australian Citizen,14,NOM arrivals,Western Australia,8770,Persons,primary,"https://data.api.abs.gov.au/rest/data/ABS,ABS_NOM_VISA_FY,1.0.0/all?startPeriod=2015&format=csv",2026-08-25T07:40:28.773Z
2017,New Zealand Citizen (subclass 444),13,NOM arrivals,Western Australia,2920,Persons,primary,"https://data.api.abs.gov.au/rest/data/ABS,ABS_NOM_VISA_FY,1.0.0/all?startPeriod=2015&format=csv",2026-08-25T07:40:28.773Z
2017,Other Visas,17,NOM arrivals,Western Australia,670,Persons,primary,"https://data.api.abs.gov.au/rest/data/ABS,ABS_NOM_VISA_FY,1.0.0/all?startPeriod=2015&format=csv",2026-08-25T07:40:28.773Z
2017,Permanent visa - Family,10,NOM arrivals,Western Australia,3020,Persons,primary,"https://data.api.abs.gov.au/rest/data/ABS,ABS_NOM_VISA_FY,1.0.0/all?startPeriod=2015&format=csv",2026-08-25T07:40:28.773Z
2017,Permanent visa - Other permanent visas,15,NOM arrivals,Western Australia,760,Persons,primary,"https://data.api.abs.gov.au/rest/data/ABS,ABS_NOM_VISA_FY,1.0.0/all?startPeriod=2015&format=csv",2026-08-25T07:40:28.773Z
2017,Permanent visa - Skill,11,NOM arrivals,Western Australia,4540,Persons,primary,"https://data.api.abs.gov.au/rest/data/ABS,ABS_NOM_VISA_FY,1.0.0/all?startPeriod=2015&format=csv",2026-08-25T07:40:28.773Z
2017,Permanent visa - Special Eligibility and humanitarian,12,NOM arrivals,Western Australia,990,Persons,primary,"https://data.api.abs.gov.au/rest/data/ABS,ABS_NOM_VISA_FY,1.0.0/all?startPeriod=2015&format=csv",2026-08-25T07:40:28.773Z
2017,Permanent visa - Total,9,NOM arrivals,Western Australia,9310,Persons,primary,"https://data.api.abs.gov.au/rest/data/ABS,ABS_NOM_VISA_FY,1.0.0/all?startPeriod=2015&format=csv",2026-08-25T07:40:28.773Z
2017,Temporary visa - Higher education sector,3,NOM arrivals,Western Australia,6550,Persons,primary,"https://data.api.abs.gov.au/rest/data/ABS,ABS_NOM_VISA_FY,1.0.0/all?startPeriod=2015&format=csv",2026-08-25T07:40:28.773Z
2017,Temporary visa - Other temporary visas,8,NOM arrivals,Western Australia,910,Persons,primary,"https://data.api.abs.gov.au/rest/data/ABS,ABS_NOM_VISA_FY,1.0.0/all?startPeriod=2015&format=csv",2026-08-25T07:40:28.773Z
2017,Temporary visa - Student other,4,NOM arrivals,Western Australia,2030,Persons,primary,"https://data.api.abs.gov.au/rest/data/ABS,ABS_NOM_VISA_FY,1.0.0/all?startPeriod=2015&format=csv",2026-08-25T07:40:28.773Z
2017,Temporary visa - Temporary work (skilled),5,NOM arrivals,Western Australia,3120,Persons,primary,"https://data.api.abs.gov.au/rest/data/ABS,ABS_NOM_VISA_FY,1.0.0/all?startPeriod=2015&format=csv",2026-08-25T07:40:28.773Z
2017,Temporary visa - Total,1,NOM arrivals,Western Australia,26970,Persons,primary,"https://data.api.abs.gov.au/rest/data/ABS,ABS_NOM_VISA_FY,1.0.0/all?startPeriod=2015&format=csv",2026-08-25T07:40:28.773Z
2017,Temporary visa - Visitor,6,NOM arrivals,Western Australia,7550,Persons,primary,"https://data.api.abs.gov.au/rest/data/ABS,ABS_NOM_VISA_FY,1.0.0/all?startPeriod=2015&format=csv",2026-08-25T07:40:28.773Z
2017,Temporary visa - Vocational Education and Training sector,2,NOM arrivals,Western Australia,1460,Persons,primary,"https://data.api.abs.gov.au/rest/data/ABS,ABS_NOM_VISA_FY,1.0.0/all?startPeriod=2015&format=csv",2026-08-25T07:40:28.773Z
2017,Temporary visa - Working Holiday,7,NOM arrivals,Western Australia,5360,Persons,primary,"https://data.api.abs.gov.au/rest/data/ABS,ABS_NOM_VISA_FY,1.0.0/all?startPeriod=2015&format=csv",2026-08-25T07:40:28.773Z
2017,Total,16,NOM arrivals,Western Australia,48640,Persons,primary,"https://data.api.abs.gov.au/rest/data/ABS,ABS_NOM_VISA_FY,1.0.0/all?startPeriod=2015&format=csv",2026-08-25T07:40:28.773Z
2017,Australian Citizen,14,NOM departures,Western Australia,11730,Persons,primary,"https://data.api.abs.gov.au/rest/data/ABS,ABS_NOM_VISA_FY,1.0.0/all?startPeriod=2015&format=csv",2026-08-25T07:40:28.773Z
2017,New Zealand Citizen (subclass 444),13,NOM departures,Western Australia,5200,Persons,primary,"https://data.api.abs.gov.au/rest/data/ABS,ABS_NOM_VISA_FY,1.0.0/all?startPeriod=2015&format=csv",2026-08-25T07:40:28.773Z
2017,Other Visas,17,NOM departures,Western Australia,750,Persons,primary,"https://data.api.abs.gov.au/rest/data/ABS,ABS_NOM_VISA_FY,1.0.0/all?startPeriod=2015&format=csv",2026-08-25T07:40:28.773Z
2017,Permanent visa - Family,10,NOM departures,Western Australia,710,Persons,primary,"https://data.api.abs.gov.au/rest/data/ABS,ABS_NOM_VISA_FY,1.0.0/all?startPeriod=2015&format=csv",2026-08-25T07:40:28.773Z
2017,Permanent visa - Other permanent visas,15,NOM departures,Western Australia,960,Persons,primary,"https://data.api.abs.gov.au/rest/data/ABS,ABS_NOM_VISA_FY,1.0.0/all?startPeriod=2015&format=csv",2026-08-25T07:40:28.773Z
2017,Permanent visa - Skill,11,NOM departures,Western Australia,1510,Persons,primary,"https://data.api.abs.gov.au/rest/data/ABS,ABS_NOM_VISA_FY,1.0.0/all?startPeriod=2015&format=csv",2026-08-25T07:40:28.773Z
2017,Permanent visa - Special Eligibility and humanitarian,12,NOM departures,Western Australia,10,Persons,primary,"https://data.api.abs.gov.au/rest/data/ABS,ABS_NOM_VISA_FY,1.0.0/all?startPeriod=2015&format=csv",2026-08-25T07:40:28.773Z
2017,Permanent visa - Total,9,NOM departures,Western Australia,3190,Persons,primary,"https://data.api.abs.gov.au/rest/data/ABS,ABS_NOM_VISA_FY,1.0.0/all?startPeriod=2015&format=csv",2026-08-25T07:40:28.773Z
2017,Temporary visa - Higher education sector,3,NOM departures,Western Australia,1680,Persons,primary,"https://data.api.abs.gov.au/rest/data/ABS,ABS_NOM_VISA_FY,1.0.0/all?startPeriod=2015&format=csv",2026-08-25T07:40:28.773Z
2017,Temporary visa - Other temporary visas,8,NOM departures,Western Australia,2810,Persons,primary,"https://data.api.abs.gov.au/rest/data/ABS,ABS_NOM_VISA_FY,1.0.0/all?startPeriod=2015&format=csv",2026-08-25T07:40:28.773Z
2017,Temporary visa - Student other,4,NOM departures,Western Australia,1110,Persons,primary,"https://data.api.abs.gov.au/rest/data/ABS,ABS_NOM_VISA_FY,1.0.0/all?startPeriod=2015&format=csv",2026-08-25T07:40:28.773Z
2017,Temporary visa - Temporary work (skilled),5,NOM departures,Western Australia,2940,Persons,primary,"https://data.api.abs.gov.au/rest/data/ABS,ABS_NOM_VISA_FY,1.0.0/all?startPeriod=2015&format=csv",2026-08-25T07:40:28.773Z
2017,Temporary visa - Total,1,NOM departures,Western Australia,15770,Persons,primary,"https://data.api.abs.gov.au/rest/data/ABS,ABS_NOM_VISA_FY,1.0.0/all?startPeriod=2015&format=csv",2026-08-25T07:40:28.773Z
2017,Temporary visa - Visitor,6,NOM departures,Western Australia,1950,Persons,primary,"https://data.api.abs.gov.au/rest/data/ABS,ABS_NOM_VISA_FY,1.0.0/all?startPeriod=2015&format=csv",2026-08-25T07:40:28.773Z
2017,Temporary visa - Vocational Education and Training sector,2,NOM departures,Western Australia,1050,Persons,primary,"https://data.api.abs.gov.au/rest/data/ABS,ABS_NOM_VISA_FY,1.0.0/all?startPeriod=2015&format=csv",2026-08-25T07:40:28.773Z
2017,Temporary visa - Working Holiday,7,NOM departures,Western Australia,4240,Persons,primary,"https://data.api.abs.gov.au/rest/data/ABS,ABS_NOM_VISA_FY,1.0.0/all?startPeriod=2015&format=csv",2026-08-25T07:40:28.773Z
2017,Total,16,NOM departures,Western Australia,36630,Persons,primary,"https://data.api.abs.gov.au/rest/data/ABS,ABS_NOM_VISA_FY,1.0.0/all?startPeriod=2015&format=csv",2026-08-25T07:40:28.773Z
2018,Australian Citizen,14,NOM arrivals,Australia,77160,Persons,primary,"https://data.api.abs.gov.au/rest/data/ABS,ABS_NOM_VISA_FY,1.0.0/all?startPeriod=2015&format=csv",2026-08-25T07:40:28.773Z
2018,New Zealand Citizen (subclass 444),13,NOM arrivals,Australia,30380,Persons,primary,"https://data.api.abs.gov.au/rest/data/ABS,ABS_NOM_VISA_FY,1.0.0/all?startPeriod=2015&format=csv",2026-08-25T07:40:28.773Z
2018,Other Visas,17,NOM arrivals,Australia,4770,Persons,primary,"https://data.api.abs.gov.au/rest/data/ABS,ABS_NOM_VISA_FY,1.0.0/all?startPeriod=2015&format=csv",2026-08-25T07:40:28.773Z
2018,Permanent visa - Family,10,NOM arrivals,Australia,26280,Persons,primary,"https://data.api.abs.gov.au/rest/data/ABS,ABS_NOM_VISA_FY,1.0.0/all?startPeriod=2015&format=csv",2026-08-25T07:40:28.773Z
2018,Permanent visa - Other permanent visas,15,NOM arrivals,Australia,6130,Persons,primary,"https://data.api.abs.gov.au/rest/data/ABS,ABS_NOM_VISA_FY,1.0.0/all?startPeriod=2015&format=csv",2026-08-25T07:40:28.773Z
2018,Permanent visa - Skill,11,NOM arrivals,Australia,43320,Persons,primary,"https://data.api.abs.gov.au/rest/data/ABS,ABS_NOM_VISA_FY,1.0.0/all?startPeriod=2015&format=csv",2026-08-25T07:40:28.773Z
2018,Permanent visa - Special Eligibility and humanitarian,12,NOM arrivals,Australia,12190,Persons,primary,"https://data.api.abs.gov.au/rest/data/ABS,ABS_NOM_VISA_FY,1.0.0/all?startPeriod=2015&format=csv",2026-08-25T07:40:28.773Z
2018,Permanent visa - Total,9,NOM arrivals,Australia,87910,Persons,primary,"https://data.api.abs.gov.au/rest/data/ABS,ABS_NOM_VISA_FY,1.0.0/all?startPeriod=2015&format=csv",2026-08-25T07:40:28.773Z
2018,Temporary visa - Higher education sector,3,NOM arrivals,Australia,106520,Persons,primary,"https://data.api.abs.gov.au/rest/data/ABS,ABS_NOM_VISA_FY,1.0.0/all?startPeriod=2015&format=csv",2026-08-25T07:40:28.773Z
2018,Temporary visa - Other temporary visas,8,NOM arrivals,Australia,12320,Persons,primary,"https://data.api.abs.gov.au/rest/data/ABS,ABS_NOM_VISA_FY,1.0.0/all?startPeriod=2015&format=csv",2026-08-25T07:40:28.773Z
2018,Temporary visa - Student other,4,NOM arrivals,Australia,31460,Persons,primary,"https://data.api.abs.gov.au/rest/data/ABS,ABS_NOM_VISA_FY,1.0.0/all?startPeriod=2015&format=csv",2026-08-25T07:40:28.773Z
2018,Temporary visa - Temporary work (skilled),5,NOM arrivals,Australia,26940,Persons,primary,"https://data.api.abs.gov.au/rest/data/ABS,ABS_NOM_VISA_FY,1.0.0/all?startPeriod=2015&format=csv",2026-08-25T07:40:28.773Z
2018,Temporary visa - Total,1,NOM arrivals,Australia,327300,Persons,primary,"https://data.api.abs.gov.au/rest/data/ABS,ABS_NOM_VISA_FY,1.0.0/all?startPeriod=2015&format=csv",2026-08-25T07:40:28.773Z
2018,Temporary visa - Visitor,6,NOM arrivals,Australia,79430,Persons,primary,"https://data.api.abs.gov.au/rest/data/ABS,ABS_NOM_VISA_FY,1.0.0/all?startPeriod=2015&format=csv",2026-08-25T07:40:28.773Z
2018,Temporary visa - Vocational Education and Training sector,2,NOM arrivals,Australia,19650,Persons,primary,"https://data.api.abs.gov.au/rest/data/ABS,ABS_NOM_VISA_FY,1.0.0/all?startPeriod=2015&format=csv",2026-08-25T07:40:28.773Z
2018,Temporary visa - Working Holiday,7,NOM arrivals,Australia,50990,Persons,primary,"https://data.api.abs.gov.au/rest/data/ABS,ABS_NOM_VISA_FY,1.0.0/all?startPeriod=2015&format=csv",2026-08-25T07:40:28.773Z
2018,Total,16,NOM arrivals,Australia,527520,Persons,primary,"https://data.api.abs.gov.au/rest/data/ABS,ABS_NOM_VISA_FY,1.0.0/all?startPeriod=2015&format=csv",2026-08-25T07:40:28.773Z
2018,Australian Citizen,14,NOM departures,Australia,89770,Persons,primary,"https://data.api.abs.gov.au/rest/data/ABS,ABS_NOM_VISA_FY,1.0.0/all?startPeriod=2015&format=csv",2026-08-25T07:40:28.773Z
2018,New Zealand Citizen (subclass 444),13,NOM departures,Australia,22910,Persons,primary,"https://data.api.abs.gov.au/rest/data/ABS,ABS_NOM_VISA_FY,1.0.0/all?startPeriod=2015&format=csv",2026-08-25T07:40:28.773Z
2018,Other Visas,17,NOM departures,Australia,12480,Persons,primary,"https://data.api.abs.gov.au/rest/data/ABS,ABS_NOM_VISA_FY,1.0.0/all?startPeriod=2015&format=csv",2026-08-25T07:40:28.773Z
2018,Permanent visa - Family,10,NOM departures,Australia,5560,Persons,primary,"https://data.api.abs.gov.au/rest/data/ABS,ABS_NOM_VISA_FY,1.0.0/all?startPeriod=2015&format=csv",2026-08-25T07:40:28.773Z
2018,Permanent visa - Other permanent visas,15,NOM departures,Australia,7110,Persons,primary,"https://data.api.abs.gov.au/rest/data/ABS,ABS_NOM_VISA_FY,1.0.0/all?startPeriod=2015&format=csv",2026-08-25T07:40:28.773Z
2018,Permanent visa - Skill,11,NOM departures,Australia,7770,Persons,primary,"https://data.api.abs.gov.au/rest/data/ABS,ABS_NOM_VISA_FY,1.0.0/all?startPeriod=2015&format=csv",2026-08-25T07:40:28.773Z
2018,Permanent visa - Special Eligibility and humanitarian,12,NOM departures,Australia,150,Persons,primary,"https://data.api.abs.gov.au/rest/data/ABS,ABS_NOM_VISA_FY,1.0.0/all?startPeriod=2015&format=csv",2026-08-25T07:40:28.773Z
2018,Permanent visa - Total,9,NOM departures,Australia,20590,Persons,primary,"https://data.api.abs.gov.au/rest/data/ABS,ABS_NOM_VISA_FY,1.0.0/all?startPeriod=2015&format=csv",2026-08-25T07:40:28.773Z
2018,Temporary visa - Higher education sector,3,NOM departures,Australia,31150,Persons,primary,"https://data.api.abs.gov.au/rest/data/ABS,ABS_NOM_VISA_FY,1.0.0/all?startPeriod=2015&format=csv",2026-08-25T07:40:28.773Z
2018,Temporary visa - Other temporary visas,8,NOM departures,Australia,29310,Persons,primary,"https://data.api.abs.gov.au/rest/data/ABS,ABS_NOM_VISA_FY,1.0.0/all?startPeriod=2015&format=csv",2026-08-25T07:40:28.773Z
2018,Temporary visa - Student other,4,NOM departures,Australia,9110,Persons,primary,"https://data.api.abs.gov.au/rest/data/ABS,ABS_NOM_VISA_FY,1.0.0/all?startPeriod=2015&format=csv",2026-08-25T07:40:28.773Z
2018,Temporary visa - Temporary work (skilled),5,NOM departures,Australia,15500,Persons,primary,"https://data.api.abs.gov.au/rest/data/ABS,ABS_NOM_VISA_FY,1.0.0/all?startPeriod=2015&format=csv",2026-08-25T07:40:28.773Z
2018,Temporary visa - Total,1,NOM departures,Australia,143550,Persons,primary,"https://data.api.abs.gov.au/rest/data/ABS,ABS_NOM_VISA_FY,1.0.0/all?startPeriod=2015&format=csv",2026-08-25T07:40:28.773Z
2018,Temporary visa - Visitor,6,NOM departures,Australia,20830,Persons,primary,"https://data.api.abs.gov.au/rest/data/ABS,ABS_NOM_VISA_FY,1.0.0/all?startPeriod=2015&format=csv",2026-08-25T07:40:28.773Z
2018,Temporary visa - Vocational Education and Training sector,2,NOM departures,Australia,15150,Persons,primary,"https://data.api.abs.gov.au/rest/data/ABS,ABS_NOM_VISA_FY,1.0.0/all?startPeriod=2015&format=csv",2026-08-25T07:40:28.773Z
2018,Temporary visa - Working Holiday,7,NOM departures,Australia,22500,Persons,primary,"https://data.api.abs.gov.au/rest/data/ABS,ABS_NOM_VISA_FY,1.0.0/all?startPeriod=2015&format=csv",2026-08-25T07:40:28.773Z
2018,Total,16,NOM departures,Australia,289300,Persons,primary,"https://data.api.abs.gov.au/rest/data/ABS,ABS_NOM_VISA_FY,1.0.0/all?startPeriod=2015&format=csv",2026-08-25T07:40:28.773Z
2018,Australian Citizen,14,NOM arrivals,Australian Capital Territory,2400,Persons,primary,"https://data.api.abs.gov.au/rest/data/ABS,ABS_NOM_VISA_FY,1.0.0/all?startPeriod=2015&format=csv",2026-08-25T07:40:28.773Z
2018,New Zealand Citizen (subclass 444),13,NOM arrivals,Australian Capital Territory,320,Persons,primary,"https://data.api.abs.gov.au/rest/data/ABS,ABS_NOM_VISA_FY,1.0.0/all?startPeriod=2015&format=csv",2026-08-25T07:40:28.773Z
2018,Other Visas,17,NOM arrivals,Australian Capital Territory,200,Persons,primary,"https://data.api.abs.gov.au/rest/data/ABS,ABS_NOM_VISA_FY,1.0.0/all?startPeriod=2015&format=csv",2026-08-25T07:40:28.773Z
2018,Permanent visa - Family,10,NOM arrivals,Australian Capital Territory,460,Persons,primary,"https://data.api.abs.gov.au/rest/data/ABS,ABS_NOM_VISA_FY,1.0.0/all?startPeriod=2015&format=csv",2026-08-25T07:40:28.773Z
2018,Permanent visa - Other permanent visas,15,NOM arrivals,Australian Capital Territory,80,Persons,primary,"https://data.api.abs.gov.au/rest/data/ABS,ABS_NOM_VISA_FY,1.0.0/all?startPeriod=2015&format=csv",2026-08-25T07:40:28.773Z
2018,Permanent visa - Skill,11,NOM arrivals,Australian Capital Territory,670,Persons,primary,"https://data.api.abs.gov.au/rest/data/ABS,ABS_NOM_VISA_FY,1.0.0/all?startPeriod=2015&format=csv",2026-08-25T07:40:28.773Z
2018,Permanent visa - Special Eligibility and humanitarian,12,NOM arrivals,Australian Capital Territory,190,Persons,primary,"https://data.api.abs.gov.au/rest/data/ABS,ABS_NOM_VISA_FY,1.0.0/all?startPeriod=2015&format=csv",2026-08-25T07:40:28.773Z
2018,Permanent visa - Total,9,NOM arrivals,Australian Capital Territory,1390,Persons,primary,"https://data.api.abs.gov.au/rest/data/ABS,ABS_NOM_VISA_FY,1.0.0/all?startPeriod=2015&format=csv",2026-08-25T07:40:28.773Z
2018,Temporary visa - Higher education sector,3,NOM arrivals,Australian Capital Territory,3230,Persons,primary,"https://data.api.abs.gov.au/rest/data/ABS,ABS_NOM_VISA_FY,1.0.0/all?startPeriod=2015&format=csv",2026-08-25T07:40:28.773Z
2018,Temporary visa - Other temporary visas,8,NOM arrivals,Australian Capital Territory,470,Persons,primary,"https://data.api.abs.gov.au/rest/data/ABS,ABS_NOM_VISA_FY,1.0.0/all?startPeriod=2015&format=csv",2026-08-25T07:40:28.773Z
2018,Temporary visa - Student other,4,NOM arrivals,Australian Capital Territory,900,Persons,primary,"https://data.api.abs.gov.au/rest/data/ABS,ABS_NOM_VISA_FY,1.0.0/all?startPeriod=2015&format=csv",2026-08-25T07:40:28.773Z
2018,Temporary visa - Temporary work (skilled),5,NOM arrivals,Australian Capital Territory,380,Persons,primary,"https://data.api.abs.gov.au/rest/data/ABS,ABS_NOM_VISA_FY,1.0.0/all?startPeriod=2015&format=csv",2026-08-25T07:40:28.773Z
2018,Temporary visa - Total,1,NOM arrivals,Australian Capital Territory,6670,Persons,primary,"https://data.api.abs.gov.au/rest/data/ABS,ABS_NOM_VISA_FY,1.0.0/all?startPeriod=2015&format=csv",2026-08-25T07:40:28.773Z
2018,Temporary visa - Visitor,6,NOM arrivals,Australian Capital Territory,1120,Persons,primary,"https://data.api.abs.gov.au/rest/data/ABS,ABS_NOM_VISA_FY,1.0.0/all?startPeriod=2015&format=csv",2026-08-25T07:40:28.773Z
2018,Temporary visa - Vocational Education and Training sector,2,NOM arrivals,Australian Capital Territory,230,Persons,primary,"https://data.api.abs.gov.au/rest/data/ABS,ABS_NOM_VISA_FY,1.0.0/all?startPeriod=2015&format=csv",2026-08-25T07:40:28.773Z
2018,Temporary visa - Working Holiday,7,NOM arrivals,Australian Capital Territory,350,Persons,primary,"https://data.api.abs.gov.au/rest/data/ABS,ABS_NOM_VISA_FY,1.0.0/all?startPeriod=2015&format=csv",2026-08-25T07:40:28.773Z
2018,Total,16,NOM arrivals,Australian Capital Territory,10970,Persons,primary,"https://data.api.abs.gov.au/rest/data/ABS,ABS_NOM_VISA_FY,1.0.0/all?startPeriod=2015&format=csv",2026-08-25T07:40:28.773Z
2018,Australian Citizen,14,NOM departures,Australian Capital Territory,2570,Persons,primary,"https://data.api.abs.gov.au/rest/data/ABS,ABS_NOM_VISA_FY,1.0.0/all?startPeriod=2015&format=csv",2026-08-25T07:40:28.773Z
2018,New Zealand Citizen (subclass 444),13,NOM departures,Australian Capital Territory,170,Persons,primary,"https://data.api.abs.gov.au/rest/data/ABS,ABS_NOM_VISA_FY,1.0.0/all?startPeriod=2015&format=csv",2026-08-25T07:40:28.773Z
2018,Other Visas,17,NOM departures,Australian Capital Territory,350,Persons,primary,"https://data.api.abs.gov.au/rest/data/ABS,ABS_NOM_VISA_FY,1.0.0/all?startPeriod=2015&format=csv",2026-08-25T07:40:28.773Z
2018,Permanent visa - Family,10,NOM departures,Australian Capital Territory,90,Persons,primary,"https://data.api.abs.gov.au/rest/data/ABS,ABS_NOM_VISA_FY,1.0.0/all?startPeriod=2015&format=csv",2026-08-25T07:40:28.773Z
2018,Permanent visa - Other permanent visas,15,NOM departures,Australian Capital Territory,90,Persons,primary,"https://data.api.abs.gov.au/rest/data/ABS,ABS_NOM_VISA_FY,1.0.0/all?startPeriod=2015&format=csv",2026-08-25T07:40:28.773Z
2018,Permanent visa - Skill,11,NOM departures,Australian Capital Territory,130,Persons,primary,"https://data.api.abs.gov.au/rest/data/ABS,ABS_NOM_VISA_FY,1.0.0/all?startPeriod=2015&format=csv",2026-08-25T07:40:28.773Z
2018,Permanent visa - Special Eligibility and humanitarian,12,NOM departures,Australian Capital Territory,0,Persons,primary,"https://data.api.abs.gov.au/rest/data/ABS,ABS_NOM_VISA_FY,1.0.0/all?startPeriod=2015&format=csv",2026-08-25T07:40:28.773Z
2018,Permanent visa - Total,9,NOM departures,Australian Capital Territory,310,Persons,primary,"https://data.api.abs.gov.au/rest/data/ABS,ABS_NOM_VISA_FY,1.0.0/all?startPeriod=2015&format=csv",2026-08-25T07:40:28.773Z
2018,Temporary visa - Higher education sector,3,NOM departures,Australian Capital Territory,1250,Persons,primary,"https://data.api.abs.gov.au/rest/data/ABS,ABS_NOM_VISA_FY,1.0.0/all?startPeriod=2015&format=csv",2026-08-25T07:40:28.773Z
2018,Temporary visa - Other temporary visas,8,NOM departures,Australian Capital Territory,620,Persons,primary,"https://data.api.abs.gov.au/rest/data/ABS,ABS_NOM_VISA_FY,1.0.0/all?startPeriod=2015&format=csv",2026-08-25T07:40:28.773Z
2018,Temporary visa - Student other,4,NOM departures,Australian Capital Territory,420,Persons,primary,"https://data.api.abs.gov.au/rest/data/ABS,ABS_NOM_VISA_FY,1.0.0/all?startPeriod=2015&format=csv",2026-08-25T07:40:28.773Z
2018,Temporary visa - Temporary work (skilled),5,NOM departures,Australian Capital Territory,210,Persons,primary,"https://data.api.abs.gov.au/rest/data/ABS,ABS_NOM_VISA_FY,1.0.0/all?startPeriod=2015&format=csv",2026-08-25T07:40:28.773Z
2018,Temporary visa - Total,1,NOM departures,Australian Capital Territory,2970,Persons,primary,"https://data.api.abs.gov.au/rest/data/ABS,ABS_NOM_VISA_FY,1.0.0/all?startPeriod=2015&format=csv",2026-08-25T07:40:28.773Z
2018,Temporary visa - Visitor,6,NOM departures,Australian Capital Territory,280,Persons,primary,"https://data.api.abs.gov.au/rest/data/ABS,ABS_NOM_VISA_FY,1.0.0/all?startPeriod=2015&format=csv",2026-08-25T07:40:28.773Z
2018,Temporary visa - Vocational Education and Training sector,2,NOM departures,Australian Capital Territory,110,Persons,primary,"https://data.api.abs.gov.au/rest/data/ABS,ABS_NOM_VISA_FY,1.0.0/all?startPeriod=2015&format=csv",2026-08-25T07:40:28.773Z
2018,Temporary visa - Working Holiday,7,NOM departures,Australian Capital Territory,100,Persons,primary,"https://data.api.abs.gov.au/rest/data/ABS,ABS_NOM_VISA_FY,1.0.0/all?startPeriod=2015&format=csv",2026-08-25T07:40:28.773Z
2018,Total,16,NOM departures,Australian Capital Territory,6380,Persons,primary,"https://data.api.abs.gov.au/rest/data/ABS,ABS_NOM_VISA_FY,1.0.0/all?startPeriod=2015&format=csv",2026-08-25T07:40:28.773Z
2018,Australian Citizen,14,NOM arrivals,New South Wales,26370,Persons,primary,"https://data.api.abs.gov.au/rest/data/ABS,ABS_NOM_VISA_FY,1.0.0/all?startPeriod=2015&format=csv",2026-08-25T07:40:28.773Z
2018,New Zealand Citizen (subclass 444),13,NOM arrivals,New South Wales,7300,Persons,primary,"https://data.api.abs.gov.au/rest/data/ABS,ABS_NOM_VISA_FY,1.0.0/all?startPeriod=2015&format=csv",2026-08-25T07:40:28.773Z
2018,Other Visas,17,NOM arrivals,New South Wales,950,Persons,primary,"https://data.api.abs.gov.au/rest/data/ABS,ABS_NOM_VISA_FY,1.0.0/all?startPeriod=2015&format=csv",2026-08-25T07:40:28.773Z
2018,Permanent visa - Family,10,NOM arrivals,New South Wales,9720,Persons,primary,"https://data.api.abs.gov.au/rest/data/ABS,ABS_NOM_VISA_FY,1.0.0/all?startPeriod=2015&format=csv",2026-08-25T07:40:28.773Z
2018,Permanent visa - Other permanent visas,15,NOM arrivals,New South Wales,2190,Persons,primary,"https://data.api.abs.gov.au/rest/data/ABS,ABS_NOM_VISA_FY,1.0.0/all?startPeriod=2015&format=csv",2026-08-25T07:40:28.773Z
2018,Permanent visa - Skill,11,NOM arrivals,New South Wales,15380,Persons,primary,"https://data.api.abs.gov.au/rest/data/ABS,ABS_NOM_VISA_FY,1.0.0/all?startPeriod=2015&format=csv",2026-08-25T07:40:28.773Z
2018,Permanent visa - Special Eligibility and humanitarian,12,NOM arrivals,New South Wales,4390,Persons,primary,"https://data.api.abs.gov.au/rest/data/ABS,ABS_NOM_VISA_FY,1.0.0/all?startPeriod=2015&format=csv",2026-08-25T07:40:28.773Z
2018,Permanent visa - Total,9,NOM arrivals,New South Wales,31680,Persons,primary,"https://data.api.abs.gov.au/rest/data/ABS,ABS_NOM_VISA_FY,1.0.0/all?startPeriod=2015&format=csv",2026-08-25T07:40:28.773Z
2018,Temporary visa - Higher education sector,3,NOM arrivals,New South Wales,38680,Persons,primary,"https://data.api.abs.gov.au/rest/data/ABS,ABS_NOM_VISA_FY,1.0.0/all?startPeriod=2015&format=csv",2026-08-25T07:40:28.773Z
2018,Temporary visa - Other temporary visas,8,NOM arrivals,New South Wales,4090,Persons,primary,"https://data.api.abs.gov.au/rest/data/ABS,ABS_NOM_VISA_FY,1.0.0/all?startPeriod=2015&format=csv",2026-08-25T07:40:28.773Z
2018,Temporary visa - Student other,4,NOM arrivals,New South Wales,11680,Persons,primary,"https://data.api.abs.gov.au/rest/data/ABS,ABS_NOM_VISA_FY,1.0.0/all?startPeriod=2015&format=csv",2026-08-25T07:40:28.773Z
2018,Temporary visa - Temporary work (skilled),5,NOM arrivals,New South Wales,11380,Persons,primary,"https://data.api.abs.gov.au/rest/data/ABS,ABS_NOM_VISA_FY,1.0.0/all?startPeriod=2015&format=csv",2026-08-25T07:40:28.773Z
2018,Temporary visa - Total,1,NOM arrivals,New South Wales,125150,Persons,primary,"https://data.api.abs.gov.au/rest/data/ABS,ABS_NOM_VISA_FY,1.0.0/all?startPeriod=2015&format=csv",2026-08-25T07:40:28.773Z
2018,Temporary visa - Visitor,6,NOM arrivals,New South Wales,30860,Persons,primary,"https://data.api.abs.gov.au/rest/data/ABS,ABS_NOM_VISA_FY,1.0.0/all?startPeriod=2015&format=csv",2026-08-25T07:40:28.773Z
2018,Temporary visa - Vocational Education and Training sector,2,NOM arrivals,New South Wales,9180,Persons,primary,"https://data.api.abs.gov.au/rest/data/ABS,ABS_NOM_VISA_FY,1.0.0/all?startPeriod=2015&format=csv",2026-08-25T07:40:28.773Z
2018,Temporary visa - Working Holiday,7,NOM arrivals,New South Wales,19270,Persons,primary,"https://data.api.abs.gov.au/rest/data/ABS,ABS_NOM_VISA_FY,1.0.0/all?startPeriod=2015&format=csv",2026-08-25T07:40:28.773Z
2018,Total,16,NOM arrivals,New South Wales,191450,Persons,primary,"https://data.api.abs.gov.au/rest/data/ABS,ABS_NOM_VISA_FY,1.0.0/all?startPeriod=2015&format=csv",2026-08-25T07:40:28.773Z
2018,Australian Citizen,14,NOM departures,New South Wales,32480,Persons,primary,"https://data.api.abs.gov.au/rest/data/ABS,ABS_NOM_VISA_FY,1.0.0/all?startPeriod=2015&format=csv",2026-08-25T07:40:28.773Z
2018,New Zealand Citizen (subclass 444),13,NOM departures,New South Wales,5500,Persons,primary,"https://data.api.abs.gov.au/rest/data/ABS,ABS_NOM_VISA_FY,1.0.0/all?startPeriod=2015&format=csv",2026-08-25T07:40:28.773Z
2018,Other Visas,17,NOM departures,New South Wales,2930,Persons,primary,"https://data.api.abs.gov.au/rest/data/ABS,ABS_NOM_VISA_FY,1.0.0/all?startPeriod=2015&format=csv",2026-08-25T07:40:28.773Z
2018,Permanent visa - Family,10,NOM departures,New South Wales,2210,Persons,primary,"https://data.api.abs.gov.au/rest/data/ABS,ABS_NOM_VISA_FY,1.0.0/all?startPeriod=2015&format=csv",2026-08-25T07:40:28.773Z
2018,Permanent visa - Other permanent visas,15,NOM departures,New South Wales,2680,Persons,primary,"https://data.api.abs.gov.au/rest/data/ABS,ABS_NOM_VISA_FY,1.0.0/all?startPeriod=2015&format=csv",2026-08-25T07:40:28.773Z
2018,Permanent visa - Skill,11,NOM departures,New South Wales,2680,Persons,primary,"https://data.api.abs.gov.au/rest/data/ABS,ABS_NOM_VISA_FY,1.0.0/all?startPeriod=2015&format=csv",2026-08-25T07:40:28.773Z
2018,Permanent visa - Special Eligibility and humanitarian,12,NOM departures,New South Wales,60,Persons,primary,"https://data.api.abs.gov.au/rest/data/ABS,ABS_NOM_VISA_FY,1.0.0/all?startPeriod=2015&format=csv",2026-08-25T07:40:28.773Z
2018,Permanent visa - Total,9,NOM departures,New South Wales,7630,Persons,primary,"https://data.api.abs.gov.au/rest/data/ABS,ABS_NOM_VISA_FY,1.0.0/all?startPeriod=2015&format=csv",2026-08-25T07:40:28.773Z
2018,Temporary visa - Higher education sector,3,NOM departures,New South Wales,10870,Persons,primary,"https://data.api.abs.gov.au/rest/data/ABS,ABS_NOM_VISA_FY,1.0.0/all?startPeriod=2015&format=csv",2026-08-25T07:40:28.773Z
2018,Temporary visa - Other temporary visas,8,NOM departures,New South Wales,10140,Persons,primary,"https://data.api.abs.gov.au/rest/data/ABS,ABS_NOM_VISA_FY,1.0.0/all?startPeriod=2015&format=csv",2026-08-25T07:40:28.773Z
2018,Temporary visa - Student other,4,NOM departures,New South Wales,2650,Persons,primary,"https://data.api.abs.gov.au/rest/data/ABS,ABS_NOM_VISA_FY,1.0.0/all?startPeriod=2015&format=csv",2026-08-25T07:40:28.773Z
2018,Temporary visa - Temporary work (skilled),5,NOM departures,New South Wales,6640,Persons,primary,"https://data.api.abs.gov.au/rest/data/ABS,ABS_NOM_VISA_FY,1.0.0/all?startPeriod=2015&format=csv",2026-08-25T07:40:28.773Z
2018,Temporary visa - Total,1,NOM departures,New South Wales,52260,Persons,primary,"https://data.api.abs.gov.au/rest/data/ABS,ABS_NOM_VISA_FY,1.0.0/all?startPeriod=2015&format=csv",2026-08-25T07:40:28.773Z
2018,Temporary visa - Visitor,6,NOM departures,New South Wales,7920,Persons,primary,"https://data.api.abs.gov.au/rest/data/ABS,ABS_NOM_VISA_FY,1.0.0/all?startPeriod=2015&format=csv",2026-08-25T07:40:28.773Z
2018,Temporary visa - Vocational Education and Training sector,2,NOM departures,New South Wales,6790,Persons,primary,"https://data.api.abs.gov.au/rest/data/ABS,ABS_NOM_VISA_FY,1.0.0/all?startPeriod=2015&format=csv",2026-08-25T07:40:28.773Z
2018,Temporary visa - Working Holiday,7,NOM departures,New South Wales,7260,Persons,primary,"https://data.api.abs.gov.au/rest/data/ABS,ABS_NOM_VISA_FY,1.0.0/all?startPeriod=2015&format=csv",2026-08-25T07:40:28.773Z
2018,Total,16,NOM departures,New South Wales,100800,Persons,primary,"https://data.api.abs.gov.au/rest/data/ABS,ABS_NOM_VISA_FY,1.0.0/all?startPeriod=2015&format=csv",2026-08-25T07:40:28.773Z
2018,Australian Citizen,14,NOM arrivals,Northern Territory,620,Persons,primary,"https://data.api.abs.gov.au/rest/data/ABS,ABS_NOM_VISA_FY,1.0.0/all?startPeriod=2015&format=csv",2026-08-25T07:40:28.773Z
2018,New Zealand Citizen (subclass 444),13,NOM arrivals,Northern Territory,320,Persons,primary,"https://data.api.abs.gov.au/rest/data/ABS,ABS_NOM_VISA_FY,1.0.0/all?startPeriod=2015&format=csv",2026-08-25T07:40:28.773Z
2018,Other Visas,17,NOM arrivals,Northern Territory,710,Persons,primary,"https://data.api.abs.gov.au/rest/data/ABS,ABS_NOM_VISA_FY,1.0.0/all?startPeriod=2015&format=csv",2026-08-25T07:40:28.773Z
2018,Permanent visa - Family,10,NOM arrivals,Northern Territory,210,Persons,primary,"https://data.api.abs.gov.au/rest/data/ABS,ABS_NOM_VISA_FY,1.0.0/all?startPeriod=2015&format=csv",2026-08-25T07:40:28.773Z
2018,Permanent visa - Other permanent visas,15,NOM arrivals,Northern Territory,30,Persons,primary,"https://data.api.abs.gov.au/rest/data/ABS,ABS_NOM_VISA_FY,1.0.0/all?startPeriod=2015&format=csv",2026-08-25T07:40:28.773Z
2018,Permanent visa - Skill,11,NOM arrivals,Northern Territory,560,Persons,primary,"https://data.api.abs.gov.au/rest/data/ABS,ABS_NOM_VISA_FY,1.0.0/all?startPeriod=2015&format=csv",2026-08-25T07:40:28.773Z
2018,Permanent visa - Special Eligibility and humanitarian,12,NOM arrivals,Northern Territory,40,Persons,primary,"https://data.api.abs.gov.au/rest/data/ABS,ABS_NOM_VISA_FY,1.0.0/all?startPeriod=2015&format=csv",2026-08-25T07:40:28.773Z
2018,Permanent visa - Total,9,NOM arrivals,Northern Territory,830,Persons,primary,"https://data.api.abs.gov.au/rest/data/ABS,ABS_NOM_VISA_FY,1.0.0/all?startPeriod=2015&format=csv",2026-08-25T07:40:28.773Z
2018,Temporary visa - Higher education sector,3,NOM arrivals,Northern Territory,330,Persons,primary,"https://data.api.abs.gov.au/rest/data/ABS,ABS_NOM_VISA_FY,1.0.0/all?startPeriod=2015&format=csv",2026-08-25T07:40:28.773Z
2018,Temporary visa - Other temporary visas,8,NOM arrivals,Northern Territory,200,Persons,primary,"https://data.api.abs.gov.au/rest/data/ABS,ABS_NOM_VISA_FY,1.0.0/all?startPeriod=2015&format=csv",2026-08-25T07:40:28.773Z
2018,Temporary visa - Student other,4,NOM arrivals,Northern Territory,60,Persons,primary,"https://data.api.abs.gov.au/rest/data/ABS,ABS_NOM_VISA_FY,1.0.0/all?startPeriod=2015&format=csv",2026-08-25T07:40:28.773Z
2018,Temporary visa - Temporary work (skilled),5,NOM arrivals,Northern Territory,370,Persons,primary,"https://data.api.abs.gov.au/rest/data/ABS,ABS_NOM_VISA_FY,1.0.0/all?startPeriod=2015&format=csv",2026-08-25T07:40:28.773Z
2018,Temporary visa - Total,1,NOM arrivals,Northern Territory,2550,Persons,primary,"https://data.api.abs.gov.au/rest/data/ABS,ABS_NOM_VISA_FY,1.0.0/all?startPeriod=2015&format=csv",2026-08-25T07:40:28.773Z
2018,Temporary visa - Visitor,6,NOM arrivals,Northern Territory,640,Persons,primary,"https://data.api.abs.gov.au/rest/data/ABS,ABS_NOM_VISA_FY,1.0.0/all?startPeriod=2015&format=csv",2026-08-25T07:40:28.773Z
2018,Temporary visa - Vocational Education and Training sector,2,NOM arrivals,Northern Territory,50,Persons,primary,"https://data.api.abs.gov.au/rest/data/ABS,ABS_NOM_VISA_FY,1.0.0/all?startPeriod=2015&format=csv",2026-08-25T07:40:28.773Z
2018,Temporary visa - Working Holiday,7,NOM arrivals,Northern Territory,890,Persons,primary,"https://data.api.abs.gov.au/rest/data/ABS,ABS_NOM_VISA_FY,1.0.0/all?startPeriod=2015&format=csv",2026-08-25T07:40:28.773Z
2018,Total,16,NOM arrivals,Northern Territory,5020,Persons,primary,"https://data.api.abs.gov.au/rest/data/ABS,ABS_NOM_VISA_FY,1.0.0/all?startPeriod=2015&format=csv",2026-08-25T07:40:28.773Z
2018,Australian Citizen,14,NOM departures,Northern Territory,1000,Persons,primary,"https://data.api.abs.gov.au/rest/data/ABS,ABS_NOM_VISA_FY,1.0.0/all?startPeriod=2015&format=csv",2026-08-25T07:40:28.773Z
2018,New Zealand Citizen (subclass 444),13,NOM departures,Northern Territory,330,Persons,primary,"https://data.api.abs.gov.au/rest/data/ABS,ABS_NOM_VISA_FY,1.0.0/all?startPeriod=2015&format=csv",2026-08-25T07:40:28.773Z
2018,Other Visas,17,NOM departures,Northern Territory,1000,Persons,primary,"https://data.api.abs.gov.au/rest/data/ABS,ABS_NOM_VISA_FY,1.0.0/all?startPeriod=2015&format=csv",2026-08-25T07:40:28.773Z
2018,Permanent visa - Family,10,NOM departures,Northern Territory,60,Persons,primary,"https://data.api.abs.gov.au/rest/data/ABS,ABS_NOM_VISA_FY,1.0.0/all?startPeriod=2015&format=csv",2026-08-25T07:40:28.773Z
2018,Permanent visa - Other permanent visas,15,NOM departures,Northern Territory,60,Persons,primary,"https://data.api.abs.gov.au/rest/data/ABS,ABS_NOM_VISA_FY,1.0.0/all?startPeriod=2015&format=csv",2026-08-25T07:40:28.773Z
2018,Permanent visa - Skill,11,NOM departures,Northern Territory,90,Persons,primary,"https://data.api.abs.gov.au/rest/data/ABS,ABS_NOM_VISA_FY,1.0.0/all?startPeriod=2015&format=csv",2026-08-25T07:40:28.773Z
2018,Permanent visa - Special Eligibility and humanitarian,12,NOM departures,Northern Territory,0,Persons,primary,"https://data.api.abs.gov.au/rest/data/ABS,ABS_NOM_VISA_FY,1.0.0/all?startPeriod=2015&format=csv",2026-08-25T07:40:28.773Z
2018,Permanent visa - Total,9,NOM departures,Northern Territory,220,Persons,primary,"https://data.api.abs.gov.au/rest/data/ABS,ABS_NOM_VISA_FY,1.0.0/all?startPeriod=2015&format=csv",2026-08-25T07:40:28.773Z
2018,Temporary visa - Higher education sector,3,NOM departures,Northern Territory,50,Persons,primary,"https://data.api.abs.gov.au/rest/data/ABS,ABS_NOM_VISA_FY,1.0.0/all?startPeriod=2015&format=csv",2026-08-25T07:40:28.773Z
2018,Temporary visa - Other temporary visas,8,NOM departures,Northern Territory,400,Persons,primary,"https://data.api.abs.gov.au/rest/data/ABS,ABS_NOM_VISA_FY,1.0.0/all?startPeriod=2015&format=csv",2026-08-25T07:40:28.773Z
2018,Temporary visa - Student other,4,NOM departures,Northern Territory,30,Persons,primary,"https://data.api.abs.gov.au/rest/data/ABS,ABS_NOM_VISA_FY,1.0.0/all?startPeriod=2015&format=csv",2026-08-25T07:40:28.773Z
2018,Temporary visa - Temporary work (skilled),5,NOM departures,Northern Territory,480,Persons,primary,"https://data.api.abs.gov.au/rest/data/ABS,ABS_NOM_VISA_FY,1.0.0/all?startPeriod=2015&format=csv",2026-08-25T07:40:28.773Z
2018,Temporary visa - Total,1,NOM departures,Northern Territory,1710,Persons,primary,"https://data.api.abs.gov.au/rest/data/ABS,ABS_NOM_VISA_FY,1.0.0/all?startPeriod=2015&format=csv",2026-08-25T07:40:28.773Z
2018,Temporary visa - Visitor,6,NOM departures,Northern Territory,190,Persons,primary,"https://data.api.abs.gov.au/rest/data/ABS,ABS_NOM_VISA_FY,1.0.0/all?startPeriod=2015&format=csv",2026-08-25T07:40:28.773Z
2018,Temporary visa - Vocational Education and Training sector,2,NOM departures,Northern Territory,30,Persons,primary,"https://data.api.abs.gov.au/rest/data/ABS,ABS_NOM_VISA_FY,1.0.0/all?startPeriod=2015&format=csv",2026-08-25T07:40:28.773Z
2018,Temporary visa - Working Holiday,7,NOM departures,Northern Territory,530,Persons,primary,"https://data.api.abs.gov.au/rest/data/ABS,ABS_NOM_VISA_FY,1.0.0/all?startPeriod=2015&format=csv",2026-08-25T07:40:28.773Z
2018,Total,16,NOM departures,Northern Territory,4270,Persons,primary,"https://data.api.abs.gov.au/rest/data/ABS,ABS_NOM_VISA_FY,1.0.0/all?startPeriod=2015&format=csv",2026-08-25T07:40:28.773Z
2018,Australian Citizen,14,NOM arrivals,Queensland,14900,Persons,primary,"https://data.api.abs.gov.au/rest/data/ABS,ABS_NOM_VISA_FY,1.0.0/all?startPeriod=2015&format=csv",2026-08-25T07:40:28.773Z
2018,New Zealand Citizen (subclass 444),13,NOM arrivals,Queensland,10040,Persons,primary,"https://data.api.abs.gov.au/rest/data/ABS,ABS_NOM_VISA_FY,1.0.0/all?startPeriod=2015&format=csv",2026-08-25T07:40:28.773Z
2018,Other Visas,17,NOM arrivals,Queensland,1840,Persons,primary,"https://data.api.abs.gov.au/rest/data/ABS,ABS_NOM_VISA_FY,1.0.0/all?startPeriod=2015&format=csv",2026-08-25T07:40:28.773Z
2018,Permanent visa - Family,10,NOM arrivals,Queensland,3200,Persons,primary,"https://data.api.abs.gov.au/rest/data/ABS,ABS_NOM_VISA_FY,1.0.0/all?startPeriod=2015&format=csv",2026-08-25T07:40:28.773Z
2018,Permanent visa - Other permanent visas,15,NOM arrivals,Queensland,900,Persons,primary,"https://data.api.abs.gov.au/rest/data/ABS,ABS_NOM_VISA_FY,1.0.0/all?startPeriod=2015&format=csv",2026-08-25T07:40:28.773Z
2018,Permanent visa - Skill,11,NOM arrivals,Queensland,4480,Persons,primary,"https://data.api.abs.gov.au/rest/data/ABS,ABS_NOM_VISA_FY,1.0.0/all?startPeriod=2015&format=csv",2026-08-25T07:40:28.773Z
2018,Permanent visa - Special Eligibility and humanitarian,12,NOM arrivals,Queensland,1880,Persons,primary,"https://data.api.abs.gov.au/rest/data/ABS,ABS_NOM_VISA_FY,1.0.0/all?startPeriod=2015&format=csv",2026-08-25T07:40:28.773Z
2018,Permanent visa - Total,9,NOM arrivals,Queensland,10460,Persons,primary,"https://data.api.abs.gov.au/rest/data/ABS,ABS_NOM_VISA_FY,1.0.0/all?startPeriod=2015&format=csv",2026-08-25T07:40:28.773Z
2018,Temporary visa - Higher education sector,3,NOM arrivals,Queensland,13010,Persons,primary,"https://data.api.abs.gov.au/rest/data/ABS,ABS_NOM_VISA_FY,1.0.0/all?startPeriod=2015&format=csv",2026-08-25T07:40:28.773Z
2018,Temporary visa - Other temporary visas,8,NOM arrivals,Queensland,1880,Persons,primary,"https://data.api.abs.gov.au/rest/data/ABS,ABS_NOM_VISA_FY,1.0.0/all?startPeriod=2015&format=csv",2026-08-25T07:40:28.773Z
2018,Temporary visa - Student other,4,NOM arrivals,Queensland,6360,Persons,primary,"https://data.api.abs.gov.au/rest/data/ABS,ABS_NOM_VISA_FY,1.0.0/all?startPeriod=2015&format=csv",2026-08-25T07:40:28.773Z
2018,Temporary visa - Temporary work (skilled),5,NOM arrivals,Queensland,3330,Persons,primary,"https://data.api.abs.gov.au/rest/data/ABS,ABS_NOM_VISA_FY,1.0.0/all?startPeriod=2015&format=csv",2026-08-25T07:40:28.773Z
2018,Temporary visa - Total,1,NOM arrivals,Queensland,48200,Persons,primary,"https://data.api.abs.gov.au/rest/data/ABS,ABS_NOM_VISA_FY,1.0.0/all?startPeriod=2015&format=csv",2026-08-25T07:40:28.773Z
2018,Temporary visa - Visitor,6,NOM arrivals,Queensland,10500,Persons,primary,"https://data.api.abs.gov.au/rest/data/ABS,ABS_NOM_VISA_FY,1.0.0/all?startPeriod=2015&format=csv",2026-08-25T07:40:28.773Z
2018,Temporary visa - Vocational Education and Training sector,2,NOM arrivals,Queensland,2580,Persons,primary,"https://data.api.abs.gov.au/rest/data/ABS,ABS_NOM_VISA_FY,1.0.0/all?startPeriod=2015&format=csv",2026-08-25T07:40:28.773Z
2018,Temporary visa - Working Holiday,7,NOM arrivals,Queensland,10550,Persons,primary,"https://data.api.abs.gov.au/rest/data/ABS,ABS_NOM_VISA_FY,1.0.0/all?startPeriod=2015&format=csv",2026-08-25T07:40:28.773Z
2018,Total,16,NOM arrivals,Queensland,85440,Persons,primary,"https://data.api.abs.gov.au/rest/data/ABS,ABS_NOM_VISA_FY,1.0.0/all?startPeriod=2015&format=csv",2026-08-25T07:40:28.773Z
2018,Australian Citizen,14,NOM departures,Queensland,16640,Persons,primary,"https://data.api.abs.gov.au/rest/data/ABS,ABS_NOM_VISA_FY,1.0.0/all?startPeriod=2015&format=csv",2026-08-25T07:40:28.773Z
2018,New Zealand Citizen (subclass 444),13,NOM departures,Queensland,7760,Persons,primary,"https://data.api.abs.gov.au/rest/data/ABS,ABS_NOM_VISA_FY,1.0.0/all?startPeriod=2015&format=csv",2026-08-25T07:40:28.773Z
2018,Other Visas,17,NOM departures,Queensland,5410,Persons,primary,"https://data.api.abs.gov.au/rest/data/ABS,ABS_NOM_VISA_FY,1.0.0/all?startPeriod=2015&format=csv",2026-08-25T07:40:28.773Z
2018,Permanent visa - Family,10,NOM departures,Queensland,900,Persons,primary,"https://data.api.abs.gov.au/rest/data/ABS,ABS_NOM_VISA_FY,1.0.0/all?startPeriod=2015&format=csv",2026-08-25T07:40:28.773Z
2018,Permanent visa - Other permanent visas,15,NOM departures,Queensland,1020,Persons,primary,"https://data.api.abs.gov.au/rest/data/ABS,ABS_NOM_VISA_FY,1.0.0/all?startPeriod=2015&format=csv",2026-08-25T07:40:28.773Z
2018,Permanent visa - Skill,11,NOM departures,Queensland,1050,Persons,primary,"https://data.api.abs.gov.au/rest/data/ABS,ABS_NOM_VISA_FY,1.0.0/all?startPeriod=2015&format=csv",2026-08-25T07:40:28.773Z
2018,Permanent visa - Special Eligibility and humanitarian,12,NOM departures,Queensland,30,Persons,primary,"https://data.api.abs.gov.au/rest/data/ABS,ABS_NOM_VISA_FY,1.0.0/all?startPeriod=2015&format=csv",2026-08-25T07:40:28.773Z
2018,Permanent visa - Total,9,NOM departures,Queensland,3000,Persons,primary,"https://data.api.abs.gov.au/rest/data/ABS,ABS_NOM_VISA_FY,1.0.0/all?startPeriod=2015&format=csv",2026-08-25T07:40:28.773Z
2018,Temporary visa - Higher education sector,3,NOM departures,Queensland,4700,Persons,primary,"https://data.api.abs.gov.au/rest/data/ABS,ABS_NOM_VISA_FY,1.0.0/all?startPeriod=2015&format=csv",2026-08-25T07:40:28.773Z
2018,Temporary visa - Other temporary visas,8,NOM departures,Queensland,4330,Persons,primary,"https://data.api.abs.gov.au/rest/data/ABS,ABS_NOM_VISA_FY,1.0.0/all?startPeriod=2015&format=csv",2026-08-25T07:40:28.773Z
2018,Temporary visa - Student other,4,NOM departures,Queensland,1890,Persons,primary,"https://data.api.abs.gov.au/rest/data/ABS,ABS_NOM_VISA_FY,1.0.0/all?startPeriod=2015&format=csv",2026-08-25T07:40:28.773Z
2018,Temporary visa - Temporary work (skilled),5,NOM departures,Queensland,1870,Persons,primary,"https://data.api.abs.gov.au/rest/data/ABS,ABS_NOM_VISA_FY,1.0.0/all?startPeriod=2015&format=csv",2026-08-25T07:40:28.773Z
2018,Temporary visa - Total,1,NOM departures,Queensland,24900,Persons,primary,"https://data.api.abs.gov.au/rest/data/ABS,ABS_NOM_VISA_FY,1.0.0/all?startPeriod=2015&format=csv",2026-08-25T07:40:28.773Z
2018,Temporary visa - Visitor,6,NOM departures,Queensland,3910,Persons,primary,"https://data.api.abs.gov.au/rest/data/ABS,ABS_NOM_VISA_FY,1.0.0/all?startPeriod=2015&format=csv",2026-08-25T07:40:28.773Z
2018,Temporary visa - Vocational Education and Training sector,2,NOM departures,Queensland,2930,Persons,primary,"https://data.api.abs.gov.au/rest/data/ABS,ABS_NOM_VISA_FY,1.0.0/all?startPeriod=2015&format=csv",2026-08-25T07:40:28.773Z
2018,Temporary visa - Working Holiday,7,NOM departures,Queensland,5270,Persons,primary,"https://data.api.abs.gov.au/rest/data/ABS,ABS_NOM_VISA_FY,1.0.0/all?startPeriod=2015&format=csv",2026-08-25T07:40:28.773Z
2018,Total,16,NOM departures,Queensland,57700,Persons,primary,"https://data.api.abs.gov.au/rest/data/ABS,ABS_NOM_VISA_FY,1.0.0/all?startPeriod=2015&format=csv",2026-08-25T07:40:28.773Z
2018,Australian Citizen,14,NOM arrivals,South Australia,3620,Persons,primary,"https://data.api.abs.gov.au/rest/data/ABS,ABS_NOM_VISA_FY,1.0.0/all?startPeriod=2015&format=csv",2026-08-25T07:40:28.773Z
2018,New Zealand Citizen (subclass 444),13,NOM arrivals,South Australia,550,Persons,primary,"https://data.api.abs.gov.au/rest/data/ABS,ABS_NOM_VISA_FY,1.0.0/all?startPeriod=2015&format=csv",2026-08-25T07:40:28.773Z
2018,Other Visas,17,NOM arrivals,South Australia,150,Persons,primary,"https://data.api.abs.gov.au/rest/data/ABS,ABS_NOM_VISA_FY,1.0.0/all?startPeriod=2015&format=csv",2026-08-25T07:40:28.773Z
2018,Permanent visa - Family,10,NOM arrivals,South Australia,1550,Persons,primary,"https://data.api.abs.gov.au/rest/data/ABS,ABS_NOM_VISA_FY,1.0.0/all?startPeriod=2015&format=csv",2026-08-25T07:40:28.773Z
2018,Permanent visa - Other permanent visas,15,NOM arrivals,South Australia,200,Persons,primary,"https://data.api.abs.gov.au/rest/data/ABS,ABS_NOM_VISA_FY,1.0.0/all?startPeriod=2015&format=csv",2026-08-25T07:40:28.773Z
2018,Permanent visa - Skill,11,NOM arrivals,South Australia,4110,Persons,primary,"https://data.api.abs.gov.au/rest/data/ABS,ABS_NOM_VISA_FY,1.0.0/all?startPeriod=2015&format=csv",2026-08-25T07:40:28.773Z
2018,Permanent visa - Special Eligibility and humanitarian,12,NOM arrivals,South Australia,860,Persons,primary,"https://data.api.abs.gov.au/rest/data/ABS,ABS_NOM_VISA_FY,1.0.0/all?startPeriod=2015&format=csv",2026-08-25T07:40:28.773Z
2018,Permanent visa - Total,9,NOM arrivals,South Australia,6720,Persons,primary,"https://data.api.abs.gov.au/rest/data/ABS,ABS_NOM_VISA_FY,1.0.0/all?startPeriod=2015&format=csv",2026-08-25T07:40:28.773Z
2018,Temporary visa - Higher education sector,3,NOM arrivals,South Australia,5530,Persons,primary,"https://data.api.abs.gov.au/rest/data/ABS,ABS_NOM_VISA_FY,1.0.0/all?startPeriod=2015&format=csv",2026-08-25T07:40:28.773Z
2018,Temporary visa - Other temporary visas,8,NOM arrivals,South Australia,560,Persons,primary,"https://data.api.abs.gov.au/rest/data/ABS,ABS_NOM_VISA_FY,1.0.0/all?startPeriod=2015&format=csv",2026-08-25T07:40:28.773Z
2018,Temporary visa - Student other,4,NOM arrivals,South Australia,1520,Persons,primary,"https://data.api.abs.gov.au/rest/data/ABS,ABS_NOM_VISA_FY,1.0.0/all?startPeriod=2015&format=csv",2026-08-25T07:40:28.773Z
2018,Temporary visa - Temporary work (skilled),5,NOM arrivals,South Australia,1010,Persons,primary,"https://data.api.abs.gov.au/rest/data/ABS,ABS_NOM_VISA_FY,1.0.0/all?startPeriod=2015&format=csv",2026-08-25T07:40:28.773Z
2018,Temporary visa - Total,1,NOM arrivals,South Australia,13060,Persons,primary,"https://data.api.abs.gov.au/rest/data/ABS,ABS_NOM_VISA_FY,1.0.0/all?startPeriod=2015&format=csv",2026-08-25T07:40:28.773Z
2018,Temporary visa - Visitor,6,NOM arrivals,South Australia,2630,Persons,primary,"https://data.api.abs.gov.au/rest/data/ABS,ABS_NOM_VISA_FY,1.0.0/all?startPeriod=2015&format=csv",2026-08-25T07:40:28.773Z
2018,Temporary visa - Vocational Education and Training sector,2,NOM arrivals,South Australia,740,Persons,primary,"https://data.api.abs.gov.au/rest/data/ABS,ABS_NOM_VISA_FY,1.0.0/all?startPeriod=2015&format=csv",2026-08-25T07:40:28.773Z
2018,Temporary visa - Working Holiday,7,NOM arrivals,South Australia,1070,Persons,primary,"https://data.api.abs.gov.au/rest/data/ABS,ABS_NOM_VISA_FY,1.0.0/all?startPeriod=2015&format=csv",2026-08-25T07:40:28.773Z
2018,Total,16,NOM arrivals,South Australia,24100,Persons,primary,"https://data.api.abs.gov.au/rest/data/ABS,ABS_NOM_VISA_FY,1.0.0/all?startPeriod=2015&format=csv",2026-08-25T07:40:28.773Z
2018,Australian Citizen,14,NOM departures,South Australia,4030,Persons,primary,"https://data.api.abs.gov.au/rest/data/ABS,ABS_NOM_VISA_FY,1.0.0/all?startPeriod=2015&format=csv",2026-08-25T07:40:28.773Z
2018,New Zealand Citizen (subclass 444),13,NOM departures,South Australia,360,Persons,primary,"https://data.api.abs.gov.au/rest/data/ABS,ABS_NOM_VISA_FY,1.0.0/all?startPeriod=2015&format=csv",2026-08-25T07:40:28.773Z
2018,Other Visas,17,NOM departures,South Australia,320,Persons,primary,"https://data.api.abs.gov.au/rest/data/ABS,ABS_NOM_VISA_FY,1.0.0/all?startPeriod=2015&format=csv",2026-08-25T07:40:28.773Z
2018,Permanent visa - Family,10,NOM departures,South Australia,220,Persons,primary,"https://data.api.abs.gov.au/rest/data/ABS,ABS_NOM_VISA_FY,1.0.0/all?startPeriod=2015&format=csv",2026-08-25T07:40:28.773Z
2018,Permanent visa - Other permanent visas,15,NOM departures,South Australia,300,Persons,primary,"https://data.api.abs.gov.au/rest/data/ABS,ABS_NOM_VISA_FY,1.0.0/all?startPeriod=2015&format=csv",2026-08-25T07:40:28.773Z
2018,Permanent visa - Skill,11,NOM departures,South Australia,400,Persons,primary,"https://data.api.abs.gov.au/rest/data/ABS,ABS_NOM_VISA_FY,1.0.0/all?startPeriod=2015&format=csv",2026-08-25T07:40:28.773Z
2018,Permanent visa - Special Eligibility and humanitarian,12,NOM departures,South Australia,10,Persons,primary,"https://data.api.abs.gov.au/rest/data/ABS,ABS_NOM_VISA_FY,1.0.0/all?startPeriod=2015&format=csv",2026-08-25T07:40:28.773Z
2018,Permanent visa - Total,9,NOM departures,South Australia,920,Persons,primary,"https://data.api.abs.gov.au/rest/data/ABS,ABS_NOM_VISA_FY,1.0.0/all?startPeriod=2015&format=csv",2026-08-25T07:40:28.773Z
2018,Temporary visa - Higher education sector,3,NOM departures,South Australia,1870,Persons,primary,"https://data.api.abs.gov.au/rest/data/ABS,ABS_NOM_VISA_FY,1.0.0/all?startPeriod=2015&format=csv",2026-08-25T07:40:28.773Z
2018,Temporary visa - Other temporary visas,8,NOM departures,South Australia,1220,Persons,primary,"https://data.api.abs.gov.au/rest/data/ABS,ABS_NOM_VISA_FY,1.0.0/all?startPeriod=2015&format=csv",2026-08-25T07:40:28.773Z
2018,Temporary visa - Student other,4,NOM departures,South Australia,660,Persons,primary,"https://data.api.abs.gov.au/rest/data/ABS,ABS_NOM_VISA_FY,1.0.0/all?startPeriod=2015&format=csv",2026-08-25T07:40:28.773Z
2018,Temporary visa - Temporary work (skilled),5,NOM departures,South Australia,440,Persons,primary,"https://data.api.abs.gov.au/rest/data/ABS,ABS_NOM_VISA_FY,1.0.0/all?startPeriod=2015&format=csv",2026-08-25T07:40:28.773Z
2018,Temporary visa - Total,1,NOM departures,South Australia,5740,Persons,primary,"https://data.api.abs.gov.au/rest/data/ABS,ABS_NOM_VISA_FY,1.0.0/all?startPeriod=2015&format=csv",2026-08-25T07:40:28.773Z
2018,Temporary visa - Visitor,6,NOM departures,South Australia,640,Persons,primary,"https://data.api.abs.gov.au/rest/data/ABS,ABS_NOM_VISA_FY,1.0.0/all?startPeriod=2015&format=csv",2026-08-25T07:40:28.773Z
2018,Temporary visa - Vocational Education and Training sector,2,NOM departures,South Australia,290,Persons,primary,"https://data.api.abs.gov.au/rest/data/ABS,ABS_NOM_VISA_FY,1.0.0/all?startPeriod=2015&format=csv",2026-08-25T07:40:28.773Z
2018,Temporary visa - Working Holiday,7,NOM departures,South Australia,630,Persons,primary,"https://data.api.abs.gov.au/rest/data/ABS,ABS_NOM_VISA_FY,1.0.0/all?startPeriod=2015&format=csv",2026-08-25T07:40:28.773Z
2018,Total,16,NOM departures,South Australia,11380,Persons,primary,"https://data.api.abs.gov.au/rest/data/ABS,ABS_NOM_VISA_FY,1.0.0/all?startPeriod=2015&format=csv",2026-08-25T07:40:28.773Z
2018,Australian Citizen,14,NOM arrivals,Tasmania,880,Persons,primary,"https://data.api.abs.gov.au/rest/data/ABS,ABS_NOM_VISA_FY,1.0.0/all?startPeriod=2015&format=csv",2026-08-25T07:40:28.773Z
2018,New Zealand Citizen (subclass 444),13,NOM arrivals,Tasmania,150,Persons,primary,"https://data.api.abs.gov.au/rest/data/ABS,ABS_NOM_VISA_FY,1.0.0/all?startPeriod=2015&format=csv",2026-08-25T07:40:28.773Z
2018,Other Visas,17,NOM arrivals,Tasmania,20,Persons,primary,"https://data.api.abs.gov.au/rest/data/ABS,ABS_NOM_VISA_FY,1.0.0/all?startPeriod=2015&format=csv",2026-08-25T07:40:28.773Z
2018,Permanent visa - Family,10,NOM arrivals,Tasmania,140,Persons,primary,"https://data.api.abs.gov.au/rest/data/ABS,ABS_NOM_VISA_FY,1.0.0/all?startPeriod=2015&format=csv",2026-08-25T07:40:28.773Z
2018,Permanent visa - Other permanent visas,15,NOM arrivals,Tasmania,50,Persons,primary,"https://data.api.abs.gov.au/rest/data/ABS,ABS_NOM_VISA_FY,1.0.0/all?startPeriod=2015&format=csv",2026-08-25T07:40:28.773Z
2018,Permanent visa - Skill,11,NOM arrivals,Tasmania,340,Persons,primary,"https://data.api.abs.gov.au/rest/data/ABS,ABS_NOM_VISA_FY,1.0.0/all?startPeriod=2015&format=csv",2026-08-25T07:40:28.773Z
2018,Permanent visa - Special Eligibility and humanitarian,12,NOM arrivals,Tasmania,520,Persons,primary,"https://data.api.abs.gov.au/rest/data/ABS,ABS_NOM_VISA_FY,1.0.0/all?startPeriod=2015&format=csv",2026-08-25T07:40:28.773Z
2018,Permanent visa - Total,9,NOM arrivals,Tasmania,1050,Persons,primary,"https://data.api.abs.gov.au/rest/data/ABS,ABS_NOM_VISA_FY,1.0.0/all?startPeriod=2015&format=csv",2026-08-25T07:40:28.773Z
2018,Temporary visa - Higher education sector,3,NOM arrivals,Tasmania,1230,Persons,primary,"https://data.api.abs.gov.au/rest/data/ABS,ABS_NOM_VISA_FY,1.0.0/all?startPeriod=2015&format=csv",2026-08-25T07:40:28.773Z
2018,Temporary visa - Other temporary visas,8,NOM arrivals,Tasmania,150,Persons,primary,"https://data.api.abs.gov.au/rest/data/ABS,ABS_NOM_VISA_FY,1.0.0/all?startPeriod=2015&format=csv",2026-08-25T07:40:28.773Z
2018,Temporary visa - Student other,4,NOM arrivals,Tasmania,280,Persons,primary,"https://data.api.abs.gov.au/rest/data/ABS,ABS_NOM_VISA_FY,1.0.0/all?startPeriod=2015&format=csv",2026-08-25T07:40:28.773Z
2018,Temporary visa - Temporary work (skilled),5,NOM arrivals,Tasmania,200,Persons,primary,"https://data.api.abs.gov.au/rest/data/ABS,ABS_NOM_VISA_FY,1.0.0/all?startPeriod=2015&format=csv",2026-08-25T07:40:28.773Z
2018,Temporary visa - Total,1,NOM arrivals,Tasmania,3000,Persons,primary,"https://data.api.abs.gov.au/rest/data/ABS,ABS_NOM_VISA_FY,1.0.0/all?startPeriod=2015&format=csv",2026-08-25T07:40:28.773Z
2018,Temporary visa - Visitor,6,NOM arrivals,Tasmania,590,Persons,primary,"https://data.api.abs.gov.au/rest/data/ABS,ABS_NOM_VISA_FY,1.0.0/all?startPeriod=2015&format=csv",2026-08-25T07:40:28.773Z
2018,Temporary visa - Vocational Education and Training sector,2,NOM arrivals,Tasmania,90,Persons,primary,"https://data.api.abs.gov.au/rest/data/ABS,ABS_NOM_VISA_FY,1.0.0/all?startPeriod=2015&format=csv",2026-08-25T07:40:28.773Z
2018,Temporary visa - Working Holiday,7,NOM arrivals,Tasmania,470,Persons,primary,"https://data.api.abs.gov.au/rest/data/ABS,ABS_NOM_VISA_FY,1.0.0/all?startPeriod=2015&format=csv",2026-08-25T07:40:28.773Z
2018,Total,16,NOM arrivals,Tasmania,5110,Persons,primary,"https://data.api.abs.gov.au/rest/data/ABS,ABS_NOM_VISA_FY,1.0.0/all?startPeriod=2015&format=csv",2026-08-25T07:40:28.773Z
2018,Australian Citizen,14,NOM departures,Tasmania,900,Persons,primary,"https://data.api.abs.gov.au/rest/data/ABS,ABS_NOM_VISA_FY,1.0.0/all?startPeriod=2015&format=csv",2026-08-25T07:40:28.773Z
2018,New Zealand Citizen (subclass 444),13,NOM departures,Tasmania,140,Persons,primary,"https://data.api.abs.gov.au/rest/data/ABS,ABS_NOM_VISA_FY,1.0.0/all?startPeriod=2015&format=csv",2026-08-25T07:40:28.773Z
2018,Other Visas,17,NOM departures,Tasmania,90,Persons,primary,"https://data.api.abs.gov.au/rest/data/ABS,ABS_NOM_VISA_FY,1.0.0/all?startPeriod=2015&format=csv",2026-08-25T07:40:28.773Z
2018,Permanent visa - Family,10,NOM departures,Tasmania,40,Persons,primary,"https://data.api.abs.gov.au/rest/data/ABS,ABS_NOM_VISA_FY,1.0.0/all?startPeriod=2015&format=csv",2026-08-25T07:40:28.773Z
2018,Permanent visa - Other permanent visas,15,NOM departures,Tasmania,50,Persons,primary,"https://data.api.abs.gov.au/rest/data/ABS,ABS_NOM_VISA_FY,1.0.0/all?startPeriod=2015&format=csv",2026-08-25T07:40:28.773Z
2018,Permanent visa - Skill,11,NOM departures,Tasmania,60,Persons,primary,"https://data.api.abs.gov.au/rest/data/ABS,ABS_NOM_VISA_FY,1.0.0/all?startPeriod=2015&format=csv",2026-08-25T07:40:28.773Z
2018,Permanent visa - Special Eligibility and humanitarian,12,NOM departures,Tasmania,0,Persons,primary,"https://data.api.abs.gov.au/rest/data/ABS,ABS_NOM_VISA_FY,1.0.0/all?startPeriod=2015&format=csv",2026-08-25T07:40:28.773Z
2018,Permanent visa - Total,9,NOM departures,Tasmania,160,Persons,primary,"https://data.api.abs.gov.au/rest/data/ABS,ABS_NOM_VISA_FY,1.0.0/all?startPeriod=2015&format=csv",2026-08-25T07:40:28.773Z
2018,Temporary visa - Higher education sector,3,NOM departures,Tasmania,290,Persons,primary,"https://data.api.abs.gov.au/rest/data/ABS,ABS_NOM_VISA_FY,1.0.0/all?startPeriod=2015&format=csv",2026-08-25T07:40:28.773Z
2018,Temporary visa - Other temporary visas,8,NOM departures,Tasmania,150,Persons,primary,"https://data.api.abs.gov.au/rest/data/ABS,ABS_NOM_VISA_FY,1.0.0/all?startPeriod=2015&format=csv",2026-08-25T07:40:28.773Z
2018,Temporary visa - Student other,4,NOM departures,Tasmania,90,Persons,primary,"https://data.api.abs.gov.au/rest/data/ABS,ABS_NOM_VISA_FY,1.0.0/all?startPeriod=2015&format=csv",2026-08-25T07:40:28.773Z
2018,Temporary visa - Temporary work (skilled),5,NOM departures,Tasmania,50,Persons,primary,"https://data.api.abs.gov.au/rest/data/ABS,ABS_NOM_VISA_FY,1.0.0/all?startPeriod=2015&format=csv",2026-08-25T07:40:28.773Z
2018,Temporary visa - Total,1,NOM departures,Tasmania,1020,Persons,primary,"https://data.api.abs.gov.au/rest/data/ABS,ABS_NOM_VISA_FY,1.0.0/all?startPeriod=2015&format=csv",2026-08-25T07:40:28.773Z
2018,Temporary visa - Visitor,6,NOM departures,Tasmania,160,Persons,primary,"https://data.api.abs.gov.au/rest/data/ABS,ABS_NOM_VISA_FY,1.0.0/all?startPeriod=2015&format=csv",2026-08-25T07:40:28.773Z
2018,Temporary visa - Vocational Education and Training sector,2,NOM departures,Tasmania,30,Persons,primary,"https://data.api.abs.gov.au/rest/data/ABS,ABS_NOM_VISA_FY,1.0.0/all?startPeriod=2015&format=csv",2026-08-25T07:40:28.773Z
2018,Temporary visa - Working Holiday,7,NOM departures,Tasmania,260,Persons,primary,"https://data.api.abs.gov.au/rest/data/ABS,ABS_NOM_VISA_FY,1.0.0/all?startPeriod=2015&format=csv",2026-08-25T07:40:28.773Z
2018,Total,16,NOM departures,Tasmania,2300,Persons,primary,"https://data.api.abs.gov.au/rest/data/ABS,ABS_NOM_VISA_FY,1.0.0/all?startPeriod=2015&format=csv",2026-08-25T07:40:28.773Z
2018,Australian Citizen,14,NOM arrivals,Victoria,19990,Persons,primary,"https://data.api.abs.gov.au/rest/data/ABS,ABS_NOM_VISA_FY,1.0.0/all?startPeriod=2015&format=csv",2026-08-25T07:40:28.773Z
2018,New Zealand Citizen (subclass 444),13,NOM arrivals,Victoria,8710,Persons,primary,"https://data.api.abs.gov.au/rest/data/ABS,ABS_NOM_VISA_FY,1.0.0/all?startPeriod=2015&format=csv",2026-08-25T07:40:28.773Z
2018,Other Visas,17,NOM arrivals,Victoria,440,Persons,primary,"https://data.api.abs.gov.au/rest/data/ABS,ABS_NOM_VISA_FY,1.0.0/all?startPeriod=2015&format=csv",2026-08-25T07:40:28.773Z
2018,Permanent visa - Family,10,NOM arrivals,Victoria,8420,Persons,primary,"https://data.api.abs.gov.au/rest/data/ABS,ABS_NOM_VISA_FY,1.0.0/all?startPeriod=2015&format=csv",2026-08-25T07:40:28.773Z
2018,Permanent visa - Other permanent visas,15,NOM arrivals,Victoria,1790,Persons,primary,"https://data.api.abs.gov.au/rest/data/ABS,ABS_NOM_VISA_FY,1.0.0/all?startPeriod=2015&format=csv",2026-08-25T07:40:28.773Z
2018,Permanent visa - Skill,11,NOM arrivals,Victoria,14410,Persons,primary,"https://data.api.abs.gov.au/rest/data/ABS,ABS_NOM_VISA_FY,1.0.0/all?startPeriod=2015&format=csv",2026-08-25T07:40:28.773Z
2018,Permanent visa - Special Eligibility and humanitarian,12,NOM arrivals,Victoria,3650,Persons,primary,"https://data.api.abs.gov.au/rest/data/ABS,ABS_NOM_VISA_FY,1.0.0/all?startPeriod=2015&format=csv",2026-08-25T07:40:28.773Z
2018,Permanent visa - Total,9,NOM arrivals,Victoria,28270,Persons,primary,"https://data.api.abs.gov.au/rest/data/ABS,ABS_NOM_VISA_FY,1.0.0/all?startPeriod=2015&format=csv",2026-08-25T07:40:28.773Z
2018,Temporary visa - Higher education sector,3,NOM arrivals,Victoria,38430,Persons,primary,"https://data.api.abs.gov.au/rest/data/ABS,ABS_NOM_VISA_FY,1.0.0/all?startPeriod=2015&format=csv",2026-08-25T07:40:28.773Z
2018,Temporary visa - Other temporary visas,8,NOM arrivals,Victoria,4020,Persons,primary,"https://data.api.abs.gov.au/rest/data/ABS,ABS_NOM_VISA_FY,1.0.0/all?startPeriod=2015&format=csv",2026-08-25T07:40:28.773Z
2018,Temporary visa - Student other,4,NOM arrivals,Victoria,9020,Persons,primary,"https://data.api.abs.gov.au/rest/data/ABS,ABS_NOM_VISA_FY,1.0.0/all?startPeriod=2015&format=csv",2026-08-25T07:40:28.773Z
2018,Temporary visa - Temporary work (skilled),5,NOM arrivals,Victoria,7620,Persons,primary,"https://data.api.abs.gov.au/rest/data/ABS,ABS_NOM_VISA_FY,1.0.0/all?startPeriod=2015&format=csv",2026-08-25T07:40:28.773Z
2018,Temporary visa - Total,1,NOM arrivals,Victoria,103760,Persons,primary,"https://data.api.abs.gov.au/rest/data/ABS,ABS_NOM_VISA_FY,1.0.0/all?startPeriod=2015&format=csv",2026-08-25T07:40:28.773Z
2018,Temporary visa - Visitor,6,NOM arrivals,Victoria,25930,Persons,primary,"https://data.api.abs.gov.au/rest/data/ABS,ABS_NOM_VISA_FY,1.0.0/all?startPeriod=2015&format=csv",2026-08-25T07:40:28.773Z
2018,Temporary visa - Vocational Education and Training sector,2,NOM arrivals,Victoria,5580,Persons,primary,"https://data.api.abs.gov.au/rest/data/ABS,ABS_NOM_VISA_FY,1.0.0/all?startPeriod=2015&format=csv",2026-08-25T07:40:28.773Z
2018,Temporary visa - Working Holiday,7,NOM arrivals,Victoria,13160,Persons,primary,"https://data.api.abs.gov.au/rest/data/ABS,ABS_NOM_VISA_FY,1.0.0/all?startPeriod=2015&format=csv",2026-08-25T07:40:28.773Z
2018,Total,16,NOM arrivals,Victoria,161170,Persons,primary,"https://data.api.abs.gov.au/rest/data/ABS,ABS_NOM_VISA_FY,1.0.0/all?startPeriod=2015&format=csv",2026-08-25T07:40:28.773Z
2018,Australian Citizen,14,NOM departures,Victoria,21810,Persons,primary,"https://data.api.abs.gov.au/rest/data/ABS,ABS_NOM_VISA_FY,1.0.0/all?startPeriod=2015&format=csv",2026-08-25T07:40:28.773Z
2018,New Zealand Citizen (subclass 444),13,NOM departures,Victoria,4810,Persons,primary,"https://data.api.abs.gov.au/rest/data/ABS,ABS_NOM_VISA_FY,1.0.0/all?startPeriod=2015&format=csv",2026-08-25T07:40:28.773Z
2018,Other Visas,17,NOM departures,Victoria,1420,Persons,primary,"https://data.api.abs.gov.au/rest/data/ABS,ABS_NOM_VISA_FY,1.0.0/all?startPeriod=2015&format=csv",2026-08-25T07:40:28.773Z
2018,Permanent visa - Family,10,NOM departures,Victoria,1420,Persons,primary,"https://data.api.abs.gov.au/rest/data/ABS,ABS_NOM_VISA_FY,1.0.0/all?startPeriod=2015&format=csv",2026-08-25T07:40:28.773Z
2018,Permanent visa - Other permanent visas,15,NOM departures,Victoria,1970,Persons,primary,"https://data.api.abs.gov.au/rest/data/ABS,ABS_NOM_VISA_FY,1.0.0/all?startPeriod=2015&format=csv",2026-08-25T07:40:28.773Z
2018,Permanent visa - Skill,11,NOM departures,Victoria,2280,Persons,primary,"https://data.api.abs.gov.au/rest/data/ABS,ABS_NOM_VISA_FY,1.0.0/all?startPeriod=2015&format=csv",2026-08-25T07:40:28.773Z
2018,Permanent visa - Special Eligibility and humanitarian,12,NOM departures,Victoria,40,Persons,primary,"https://data.api.abs.gov.au/rest/data/ABS,ABS_NOM_VISA_FY,1.0.0/all?startPeriod=2015&format=csv",2026-08-25T07:40:28.773Z
2018,Permanent visa - Total,9,NOM departures,Victoria,5700,Persons,primary,"https://data.api.abs.gov.au/rest/data/ABS,ABS_NOM_VISA_FY,1.0.0/all?startPeriod=2015&format=csv",2026-08-25T07:40:28.773Z
2018,Temporary visa - Higher education sector,3,NOM departures,Victoria,10250,Persons,primary,"https://data.api.abs.gov.au/rest/data/ABS,ABS_NOM_VISA_FY,1.0.0/all?startPeriod=2015&format=csv",2026-08-25T07:40:28.773Z
2018,Temporary visa - Other temporary visas,8,NOM departures,Victoria,9210,Persons,primary,"https://data.api.abs.gov.au/rest/data/ABS,ABS_NOM_VISA_FY,1.0.0/all?startPeriod=2015&format=csv",2026-08-25T07:40:28.773Z
2018,Temporary visa - Student other,4,NOM departures,Victoria,2600,Persons,primary,"https://data.api.abs.gov.au/rest/data/ABS,ABS_NOM_VISA_FY,1.0.0/all?startPeriod=2015&format=csv",2026-08-25T07:40:28.773Z
2018,Temporary visa - Temporary work (skilled),5,NOM departures,Victoria,3700,Persons,primary,"https://data.api.abs.gov.au/rest/data/ABS,ABS_NOM_VISA_FY,1.0.0/all?startPeriod=2015&format=csv",2026-08-25T07:40:28.773Z
2018,Temporary visa - Total,1,NOM departures,Victoria,40450,Persons,primary,"https://data.api.abs.gov.au/rest/data/ABS,ABS_NOM_VISA_FY,1.0.0/all?startPeriod=2015&format=csv",2026-08-25T07:40:28.773Z
2018,Temporary visa - Visitor,6,NOM departures,Victoria,5660,Persons,primary,"https://data.api.abs.gov.au/rest/data/ABS,ABS_NOM_VISA_FY,1.0.0/all?startPeriod=2015&format=csv",2026-08-25T07:40:28.773Z
2018,Temporary visa - Vocational Education and Training sector,2,NOM departures,Victoria,3660,Persons,primary,"https://data.api.abs.gov.au/rest/data/ABS,ABS_NOM_VISA_FY,1.0.0/all?startPeriod=2015&format=csv",2026-08-25T07:40:28.773Z
2018,Temporary visa - Working Holiday,7,NOM departures,Victoria,5380,Persons,primary,"https://data.api.abs.gov.au/rest/data/ABS,ABS_NOM_VISA_FY,1.0.0/all?startPeriod=2015&format=csv",2026-08-25T07:40:28.773Z
2018,Total,16,NOM departures,Victoria,74200,Persons,primary,"https://data.api.abs.gov.au/rest/data/ABS,ABS_NOM_VISA_FY,1.0.0/all?startPeriod=2015&format=csv",2026-08-25T07:40:28.773Z
2018,Australian Citizen,14,NOM arrivals,Western Australia,8340,Persons,primary,"https://data.api.abs.gov.au/rest/data/ABS,ABS_NOM_VISA_FY,1.0.0/all?startPeriod=2015&format=csv",2026-08-25T07:40:28.773Z
2018,New Zealand Citizen (subclass 444),13,NOM arrivals,Western Australia,2990,Persons,primary,"https://data.api.abs.gov.au/rest/data/ABS,ABS_NOM_VISA_FY,1.0.0/all?startPeriod=2015&format=csv",2026-08-25T07:40:28.773Z
2018,Other Visas,17,NOM arrivals,Western Australia,440,Persons,primary,"https://data.api.abs.gov.au/rest/data/ABS,ABS_NOM_VISA_FY,1.0.0/all?startPeriod=2015&format=csv",2026-08-25T07:40:28.773Z
2018,Permanent visa - Family,10,NOM arrivals,Western Australia,2580,Persons,primary,"https://data.api.abs.gov.au/rest/data/ABS,ABS_NOM_VISA_FY,1.0.0/all?startPeriod=2015&format=csv",2026-08-25T07:40:28.773Z
2018,Permanent visa - Other permanent visas,15,NOM arrivals,Western Australia,890,Persons,primary,"https://data.api.abs.gov.au/rest/data/ABS,ABS_NOM_VISA_FY,1.0.0/all?startPeriod=2015&format=csv",2026-08-25T07:40:28.773Z
2018,Permanent visa - Skill,11,NOM arrivals,Western Australia,3390,Persons,primary,"https://data.api.abs.gov.au/rest/data/ABS,ABS_NOM_VISA_FY,1.0.0/all?startPeriod=2015&format=csv",2026-08-25T07:40:28.773Z
2018,Permanent visa - Special Eligibility and humanitarian,12,NOM arrivals,Western Australia,660,Persons,primary,"https://data.api.abs.gov.au/rest/data/ABS,ABS_NOM_VISA_FY,1.0.0/all?startPeriod=2015&format=csv",2026-08-25T07:40:28.773Z
2018,Permanent visa - Total,9,NOM arrivals,Western Australia,7520,Persons,primary,"https://data.api.abs.gov.au/rest/data/ABS,ABS_NOM_VISA_FY,1.0.0/all?startPeriod=2015&format=csv",2026-08-25T07:40:28.773Z
2018,Temporary visa - Higher education sector,3,NOM arrivals,Western Australia,6100,Persons,primary,"https://data.api.abs.gov.au/rest/data/ABS,ABS_NOM_VISA_FY,1.0.0/all?startPeriod=2015&format=csv",2026-08-25T07:40:28.773Z
2018,Temporary visa - Other temporary visas,8,NOM arrivals,Western Australia,950,Persons,primary,"https://data.api.abs.gov.au/rest/data/ABS,ABS_NOM_VISA_FY,1.0.0/all?startPeriod=2015&format=csv",2026-08-25T07:40:28.773Z
2018,Temporary visa - Student other,4,NOM arrivals,Western Australia,1640,Persons,primary,"https://data.api.abs.gov.au/rest/data/ABS,ABS_NOM_VISA_FY,1.0.0/all?startPeriod=2015&format=csv",2026-08-25T07:40:28.773Z
2018,Temporary visa - Temporary work (skilled),5,NOM arrivals,Western Australia,2650,Persons,primary,"https://data.api.abs.gov.au/rest/data/ABS,ABS_NOM_VISA_FY,1.0.0/all?startPeriod=2015&format=csv",2026-08-25T07:40:28.773Z
2018,Temporary visa - Total,1,NOM arrivals,Western Australia,24900,Persons,primary,"https://data.api.abs.gov.au/rest/data/ABS,ABS_NOM_VISA_FY,1.0.0/all?startPeriod=2015&format=csv",2026-08-25T07:40:28.773Z
2018,Temporary visa - Visitor,6,NOM arrivals,Western Australia,7160,Persons,primary,"https://data.api.abs.gov.au/rest/data/ABS,ABS_NOM_VISA_FY,1.0.0/all?startPeriod=2015&format=csv",2026-08-25T07:40:28.773Z
2018,Temporary visa - Vocational Education and Training sector,2,NOM arrivals,Western Australia,1190,Persons,primary,"https://data.api.abs.gov.au/rest/data/ABS,ABS_NOM_VISA_FY,1.0.0/all?startPeriod=2015&format=csv",2026-08-25T07:40:28.773Z
2018,Temporary visa - Working Holiday,7,NOM arrivals,Western Australia,5220,Persons,primary,"https://data.api.abs.gov.au/rest/data/ABS,ABS_NOM_VISA_FY,1.0.0/all?startPeriod=2015&format=csv",2026-08-25T07:40:28.773Z
2018,Total,16,NOM arrivals,Western Australia,44190,Persons,primary,"https://data.api.abs.gov.au/rest/data/ABS,ABS_NOM_VISA_FY,1.0.0/all?startPeriod=2015&format=csv",2026-08-25T07:40:28.773Z
2018,Australian Citizen,14,NOM departures,Western Australia,10280,Persons,primary,"https://data.api.abs.gov.au/rest/data/ABS,ABS_NOM_VISA_FY,1.0.0/all?startPeriod=2015&format=csv",2026-08-25T07:40:28.773Z
2018,New Zealand Citizen (subclass 444),13,NOM departures,Western Australia,3830,Persons,primary,"https://data.api.abs.gov.au/rest/data/ABS,ABS_NOM_VISA_FY,1.0.0/all?startPeriod=2015&format=csv",2026-08-25T07:40:28.773Z
2018,Other Visas,17,NOM departures,Western Australia,960,Persons,primary,"https://data.api.abs.gov.au/rest/data/ABS,ABS_NOM_VISA_FY,1.0.0/all?startPeriod=2015&format=csv",2026-08-25T07:40:28.773Z
2018,Permanent visa - Family,10,NOM departures,Western Australia,620,Persons,primary,"https://data.api.abs.gov.au/rest/data/ABS,ABS_NOM_VISA_FY,1.0.0/all?startPeriod=2015&format=csv",2026-08-25T07:40:28.773Z
2018,Permanent visa - Other permanent visas,15,NOM departures,Western Australia,930,Persons,primary,"https://data.api.abs.gov.au/rest/data/ABS,ABS_NOM_VISA_FY,1.0.0/all?startPeriod=2015&format=csv",2026-08-25T07:40:28.773Z
2018,Permanent visa - Skill,11,NOM departures,Western Australia,1090,Persons,primary,"https://data.api.abs.gov.au/rest/data/ABS,ABS_NOM_VISA_FY,1.0.0/all?startPeriod=2015&format=csv",2026-08-25T07:40:28.773Z
2018,Permanent visa - Special Eligibility and humanitarian,12,NOM departures,Western Australia,10,Persons,primary,"https://data.api.abs.gov.au/rest/data/ABS,ABS_NOM_VISA_FY,1.0.0/all?startPeriod=2015&format=csv",2026-08-25T07:40:28.773Z
2018,Permanent visa - Total,9,NOM departures,Western Australia,2650,Persons,primary,"https://data.api.abs.gov.au/rest/data/ABS,ABS_NOM_VISA_FY,1.0.0/all?startPeriod=2015&format=csv",2026-08-25T07:40:28.773Z
2018,Temporary visa - Higher education sector,3,NOM departures,Western Australia,1880,Persons,primary,"https://data.api.abs.gov.au/rest/data/ABS,ABS_NOM_VISA_FY,1.0.0/all?startPeriod=2015&format=csv",2026-08-25T07:40:28.773Z
2018,Temporary visa - Other temporary visas,8,NOM departures,Western Australia,3250,Persons,primary,"https://data.api.abs.gov.au/rest/data/ABS,ABS_NOM_VISA_FY,1.0.0/all?startPeriod=2015&format=csv",2026-08-25T07:40:28.773Z
2018,Temporary visa - Student other,4,NOM departures,Western Australia,770,Persons,primary,"https://data.api.abs.gov.au/rest/data/ABS,ABS_NOM_VISA_FY,1.0.0/all?startPeriod=2015&format=csv",2026-08-25T07:40:28.773Z
2018,Temporary visa - Temporary work (skilled),5,NOM departures,Western Australia,2120,Persons,primary,"https://data.api.abs.gov.au/rest/data/ABS,ABS_NOM_VISA_FY,1.0.0/all?startPeriod=2015&format=csv",2026-08-25T07:40:28.773Z
2018,Temporary visa - Total,1,NOM departures,Western Australia,14490,Persons,primary,"https://data.api.abs.gov.au/rest/data/ABS,ABS_NOM_VISA_FY,1.0.0/all?startPeriod=2015&format=csv",2026-08-25T07:40:28.773Z
2018,Temporary visa - Visitor,6,NOM departures,Western Australia,2090,Persons,primary,"https://data.api.abs.gov.au/rest/data/ABS,ABS_NOM_VISA_FY,1.0.0/all?startPeriod=2015&format=csv",2026-08-25T07:40:28.773Z
2018,Temporary visa - Vocational Education and Training sector,2,NOM departures,Western Australia,1310,Persons,primary,"https://data.api.abs.gov.au/rest/data/ABS,ABS_NOM_VISA_FY,1.0.0/all?startPeriod=2015&format=csv",2026-08-25T07:40:28.773Z
2018,Temporary visa - Working Holiday,7,NOM departures,Western Australia,3080,Persons,primary,"https://data.api.abs.gov.au/rest/data/ABS,ABS_NOM_VISA_FY,1.0.0/all?startPeriod=2015&format=csv",2026-08-25T07:40:28.773Z
2018,Total,16,NOM departures,Western Australia,32210,Persons,primary,"https://data.api.abs.gov.au/rest/data/ABS,ABS_NOM_VISA_FY,1.0.0/all?startPeriod=2015&format=csv",2026-08-25T07:40:28.773Z
2019,Australian Citizen,14,NOM arrivals,Australia,78900,Persons,primary,"https://data.api.abs.gov.au/rest/data/ABS,ABS_NOM_VISA_FY,1.0.0/all?startPeriod=2015&format=csv",2026-08-25T07:40:28.773Z
2019,New Zealand Citizen (subclass 444),13,NOM arrivals,Australia,30540,Persons,primary,"https://data.api.abs.gov.au/rest/data/ABS,ABS_NOM_VISA_FY,1.0.0/all?startPeriod=2015&format=csv",2026-08-25T07:40:28.773Z
2019,Other Visas,17,NOM arrivals,Australia,4900,Persons,primary,"https://data.api.abs.gov.au/rest/data/ABS,ABS_NOM_VISA_FY,1.0.0/all?startPeriod=2015&format=csv",2026-08-25T07:40:28.773Z
2019,Permanent visa - Family,10,NOM arrivals,Australia,24290,Persons,primary,"https://data.api.abs.gov.au/rest/data/ABS,ABS_NOM_VISA_FY,1.0.0/all?startPeriod=2015&format=csv",2026-08-25T07:40:28.773Z
2019,Permanent visa - Other permanent visas,15,NOM arrivals,Australia,7530,Persons,primary,"https://data.api.abs.gov.au/rest/data/ABS,ABS_NOM_VISA_FY,1.0.0/all?startPeriod=2015&format=csv",2026-08-25T07:40:28.773Z
2019,Permanent visa - Skill,11,NOM arrivals,Australia,38230,Persons,primary,"https://data.api.abs.gov.au/rest/data/ABS,ABS_NOM_VISA_FY,1.0.0/all?startPeriod=2015&format=csv",2026-08-25T07:40:28.773Z
2019,Permanent visa - Special Eligibility and humanitarian,12,NOM arrivals,Australia,15340,Persons,primary,"https://data.api.abs.gov.au/rest/data/ABS,ABS_NOM_VISA_FY,1.0.0/all?startPeriod=2015&format=csv",2026-08-25T07:40:28.773Z
2019,Permanent visa - Total,9,NOM arrivals,Australia,85390,Persons,primary,"https://data.api.abs.gov.au/rest/data/ABS,ABS_NOM_VISA_FY,1.0.0/all?startPeriod=2015&format=csv",2026-08-25T07:40:28.773Z
2019,Temporary visa - Higher education sector,3,NOM arrivals,Australia,111310,Persons,primary,"https://data.api.abs.gov.au/rest/data/ABS,ABS_NOM_VISA_FY,1.0.0/all?startPeriod=2015&format=csv",2026-08-25T07:40:28.773Z
2019,Temporary visa - Other temporary visas,8,NOM arrivals,Australia,13410,Persons,primary,"https://data.api.abs.gov.au/rest/data/ABS,ABS_NOM_VISA_FY,1.0.0/all?startPeriod=2015&format=csv",2026-08-25T07:40:28.773Z
2019,Temporary visa - Student other,4,NOM arrivals,Australia,30390,Persons,primary,"https://data.api.abs.gov.au/rest/data/ABS,ABS_NOM_VISA_FY,1.0.0/all?startPeriod=2015&format=csv",2026-08-25T07:40:28.773Z
2019,Temporary visa - Temporary work (skilled),5,NOM arrivals,Australia,32600,Persons,primary,"https://data.api.abs.gov.au/rest/data/ABS,ABS_NOM_VISA_FY,1.0.0/all?startPeriod=2015&format=csv",2026-08-25T07:40:28.773Z
2019,Temporary visa - Total,1,NOM arrivals,Australia,350670,Persons,primary,"https://data.api.abs.gov.au/rest/data/ABS,ABS_NOM_VISA_FY,1.0.0/all?startPeriod=2015&format=csv",2026-08-25T07:40:28.773Z
2019,Temporary visa - Visitor,6,NOM arrivals,Australia,91220,Persons,primary,"https://data.api.abs.gov.au/rest/data/ABS,ABS_NOM_VISA_FY,1.0.0/all?startPeriod=2015&format=csv",2026-08-25T07:40:28.773Z
2019,Temporary visa - Vocational Education and Training sector,2,NOM arrivals,Australia,22650,Persons,primary,"https://data.api.abs.gov.au/rest/data/ABS,ABS_NOM_VISA_FY,1.0.0/all?startPeriod=2015&format=csv",2026-08-25T07:40:28.773Z
2019,Temporary visa - Working Holiday,7,NOM arrivals,Australia,49090,Persons,primary,"https://data.api.abs.gov.au/rest/data/ABS,ABS_NOM_VISA_FY,1.0.0/all?startPeriod=2015&format=csv",2026-08-25T07:40:28.773Z
2019,Total,16,NOM arrivals,Australia,550400,Persons,primary,"https://data.api.abs.gov.au/rest/data/ABS,ABS_NOM_VISA_FY,1.0.0/all?startPeriod=2015&format=csv",2026-08-25T07:40:28.773Z
2019,Australian Citizen,14,NOM departures,Australia,85890,Persons,primary,"https://data.api.abs.gov.au/rest/data/ABS,ABS_NOM_VISA_FY,1.0.0/all?startPeriod=2015&format=csv",2026-08-25T07:40:28.773Z
2019,New Zealand Citizen (subclass 444),13,NOM departures,Australia,22410,Persons,primary,"https://data.api.abs.gov.au/rest/data/ABS,ABS_NOM_VISA_FY,1.0.0/all?startPeriod=2015&format=csv",2026-08-25T07:40:28.773Z
2019,Other Visas,17,NOM departures,Australia,10700,Persons,primary,"https://data.api.abs.gov.au/rest/data/ABS,ABS_NOM_VISA_FY,1.0.0/all?startPeriod=2015&format=csv",2026-08-25T07:40:28.773Z
2019,Permanent visa - Family,10,NOM departures,Australia,5780,Persons,primary,"https://data.api.abs.gov.au/rest/data/ABS,ABS_NOM_VISA_FY,1.0.0/all?startPeriod=2015&format=csv",2026-08-25T07:40:28.773Z
2019,Permanent visa - Other permanent visas,15,NOM departures,Australia,8110,Persons,primary,"https://data.api.abs.gov.au/rest/data/ABS,ABS_NOM_VISA_FY,1.0.0/all?startPeriod=2015&format=csv",2026-08-25T07:40:28.773Z
2019,Permanent visa - Skill,11,NOM departures,Australia,7490,Persons,primary,"https://data.api.abs.gov.au/rest/data/ABS,ABS_NOM_VISA_FY,1.0.0/all?startPeriod=2015&format=csv",2026-08-25T07:40:28.773Z
2019,Permanent visa - Special Eligibility and humanitarian,12,NOM departures,Australia,170,Persons,primary,"https://data.api.abs.gov.au/rest/data/ABS,ABS_NOM_VISA_FY,1.0.0/all?startPeriod=2015&format=csv",2026-08-25T07:40:28.773Z
2019,Permanent visa - Total,9,NOM departures,Australia,21540,Persons,primary,"https://data.api.abs.gov.au/rest/data/ABS,ABS_NOM_VISA_FY,1.0.0/all?startPeriod=2015&format=csv",2026-08-25T07:40:28.773Z
2019,Temporary visa - Higher education sector,3,NOM departures,Australia,40930,Persons,primary,"https://data.api.abs.gov.au/rest/data/ABS,ABS_NOM_VISA_FY,1.0.0/all?startPeriod=2015&format=csv",2026-08-25T07:40:28.773Z
2019,Temporary visa - Other temporary visas,8,NOM departures,Australia,33040,Persons,primary,"https://data.api.abs.gov.au/rest/data/ABS,ABS_NOM_VISA_FY,1.0.0/all?startPeriod=2015&format=csv",2026-08-25T07:40:28.773Z
2019,Temporary visa - Student other,4,NOM departures,Australia,9540,Persons,primary,"https://data.api.abs.gov.au/rest/data/ABS,ABS_NOM_VISA_FY,1.0.0/all?startPeriod=2015&format=csv",2026-08-25T07:40:28.773Z
2019,Temporary visa - Temporary work (skilled),5,NOM departures,Australia,15660,Persons,primary,"https://data.api.abs.gov.au/rest/data/ABS,ABS_NOM_VISA_FY,1.0.0/all?startPeriod=2015&format=csv",2026-08-25T07:40:28.773Z
2019,Temporary visa - Total,1,NOM departures,Australia,168530,Persons,primary,"https://data.api.abs.gov.au/rest/data/ABS,ABS_NOM_VISA_FY,1.0.0/all?startPeriod=2015&format=csv",2026-08-25T07:40:28.773Z
2019,Temporary visa - Visitor,6,NOM departures,Australia,27310,Persons,primary,"https://data.api.abs.gov.au/rest/data/ABS,ABS_NOM_VISA_FY,1.0.0/all?startPeriod=2015&format=csv",2026-08-25T07:40:28.773Z
2019,Temporary visa - Vocational Education and Training sector,2,NOM departures,Australia,16980,Persons,primary,"https://data.api.abs.gov.au/rest/data/ABS,ABS_NOM_VISA_FY,1.0.0/all?startPeriod=2015&format=csv",2026-08-25T07:40:28.773Z
2019,Temporary visa - Working Holiday,7,NOM departures,Australia,25080,Persons,primary,"https://data.api.abs.gov.au/rest/data/ABS,ABS_NOM_VISA_FY,1.0.0/all?startPeriod=2015&format=csv",2026-08-25T07:40:28.773Z
2019,Total,16,NOM departures,Australia,309060,Persons,primary,"https://data.api.abs.gov.au/rest/data/ABS,ABS_NOM_VISA_FY,1.0.0/all?startPeriod=2015&format=csv",2026-08-25T07:40:28.773Z
2019,Australian Citizen,14,NOM arrivals,Australian Capital Territory,2400,Persons,primary,"https://data.api.abs.gov.au/rest/data/ABS,ABS_NOM_VISA_FY,1.0.0/all?startPeriod=2015&format=csv",2026-08-25T07:40:28.773Z
2019,New Zealand Citizen (subclass 444),13,NOM arrivals,Australian Capital Territory,230,Persons,primary,"https://data.api.abs.gov.au/rest/data/ABS,ABS_NOM_VISA_FY,1.0.0/all?startPeriod=2015&format=csv",2026-08-25T07:40:28.773Z
2019,Other Visas,17,NOM arrivals,Australian Capital Territory,230,Persons,primary,"https://data.api.abs.gov.au/rest/data/ABS,ABS_NOM_VISA_FY,1.0.0/all?startPeriod=2015&format=csv",2026-08-25T07:40:28.773Z
2019,Permanent visa - Family,10,NOM arrivals,Australian Capital Territory,370,Persons,primary,"https://data.api.abs.gov.au/rest/data/ABS,ABS_NOM_VISA_FY,1.0.0/all?startPeriod=2015&format=csv",2026-08-25T07:40:28.773Z
2019,Permanent visa - Other permanent visas,15,NOM arrivals,Australian Capital Territory,100,Persons,primary,"https://data.api.abs.gov.au/rest/data/ABS,ABS_NOM_VISA_FY,1.0.0/all?startPeriod=2015&format=csv",2026-08-25T07:40:28.773Z
2019,Permanent visa - Skill,11,NOM arrivals,Australian Capital Territory,590,Persons,primary,"https://data.api.abs.gov.au/rest/data/ABS,ABS_NOM_VISA_FY,1.0.0/all?startPeriod=2015&format=csv",2026-08-25T07:40:28.773Z
2019,Permanent visa - Special Eligibility and humanitarian,12,NOM arrivals,Australian Capital Territory,210,Persons,primary,"https://data.api.abs.gov.au/rest/data/ABS,ABS_NOM_VISA_FY,1.0.0/all?startPeriod=2015&format=csv",2026-08-25T07:40:28.773Z
2019,Permanent visa - Total,9,NOM arrivals,Australian Capital Territory,1270,Persons,primary,"https://data.api.abs.gov.au/rest/data/ABS,ABS_NOM_VISA_FY,1.0.0/all?startPeriod=2015&format=csv",2026-08-25T07:40:28.773Z
2019,Temporary visa - Higher education sector,3,NOM arrivals,Australian Capital Territory,2420,Persons,primary,"https://data.api.abs.gov.au/rest/data/ABS,ABS_NOM_VISA_FY,1.0.0/all?startPeriod=2015&format=csv",2026-08-25T07:40:28.773Z
2019,Temporary visa - Other temporary visas,8,NOM arrivals,Australian Capital Territory,410,Persons,primary,"https://data.api.abs.gov.au/rest/data/ABS,ABS_NOM_VISA_FY,1.0.0/all?startPeriod=2015&format=csv",2026-08-25T07:40:28.773Z
2019,Temporary visa - Student other,4,NOM arrivals,Australian Capital Territory,700,Persons,primary,"https://data.api.abs.gov.au/rest/data/ABS,ABS_NOM_VISA_FY,1.0.0/all?startPeriod=2015&format=csv",2026-08-25T07:40:28.773Z
2019,Temporary visa - Temporary work (skilled),5,NOM arrivals,Australian Capital Territory,480,Persons,primary,"https://data.api.abs.gov.au/rest/data/ABS,ABS_NOM_VISA_FY,1.0.0/all?startPeriod=2015&format=csv",2026-08-25T07:40:28.773Z
2019,Temporary visa - Total,1,NOM arrivals,Australian Capital Territory,5820,Persons,primary,"https://data.api.abs.gov.au/rest/data/ABS,ABS_NOM_VISA_FY,1.0.0/all?startPeriod=2015&format=csv",2026-08-25T07:40:28.773Z
2019,Temporary visa - Visitor,6,NOM arrivals,Australian Capital Territory,1350,Persons,primary,"https://data.api.abs.gov.au/rest/data/ABS,ABS_NOM_VISA_FY,1.0.0/all?startPeriod=2015&format=csv",2026-08-25T07:40:28.773Z
2019,Temporary visa - Vocational Education and Training sector,2,NOM arrivals,Australian Capital Territory,210,Persons,primary,"https://data.api.abs.gov.au/rest/data/ABS,ABS_NOM_VISA_FY,1.0.0/all?startPeriod=2015&format=csv",2026-08-25T07:40:28.773Z
2019,Temporary visa - Working Holiday,7,NOM arrivals,Australian Capital Territory,260,Persons,primary,"https://data.api.abs.gov.au/rest/data/ABS,ABS_NOM_VISA_FY,1.0.0/all?startPeriod=2015&format=csv",2026-08-25T07:40:28.773Z
2019,Total,16,NOM arrivals,Australian Capital Territory,9950,Persons,primary,"https://data.api.abs.gov.au/rest/data/ABS,ABS_NOM_VISA_FY,1.0.0/all?startPeriod=2015&format=csv",2026-08-25T07:40:28.773Z
2019,Australian Citizen,14,NOM departures,Australian Capital Territory,2520,Persons,primary,"https://data.api.abs.gov.au/rest/data/ABS,ABS_NOM_VISA_FY,1.0.0/all?startPeriod=2015&format=csv",2026-08-25T07:40:28.773Z
2019,New Zealand Citizen (subclass 444),13,NOM departures,Australian Capital Territory,190,Persons,primary,"https://data.api.abs.gov.au/rest/data/ABS,ABS_NOM_VISA_FY,1.0.0/all?startPeriod=2015&format=csv",2026-08-25T07:40:28.773Z
2019,Other Visas,17,NOM departures,Australian Capital Territory,250,Persons,primary,"https://data.api.abs.gov.au/rest/data/ABS,ABS_NOM_VISA_FY,1.0.0/all?startPeriod=2015&format=csv",2026-08-25T07:40:28.773Z
2019,Permanent visa - Family,10,NOM departures,Australian Capital Territory,110,Persons,primary,"https://data.api.abs.gov.au/rest/data/ABS,ABS_NOM_VISA_FY,1.0.0/all?startPeriod=2015&format=csv",2026-08-25T07:40:28.773Z
2019,Permanent visa - Other permanent visas,15,NOM departures,Australian Capital Territory,130,Persons,primary,"https://data.api.abs.gov.au/rest/data/ABS,ABS_NOM_VISA_FY,1.0.0/all?startPeriod=2015&format=csv",2026-08-25T07:40:28.773Z
2019,Permanent visa - Skill,11,NOM departures,Australian Capital Territory,110,Persons,primary,"https://data.api.abs.gov.au/rest/data/ABS,ABS_NOM_VISA_FY,1.0.0/all?startPeriod=2015&format=csv",2026-08-25T07:40:28.773Z
2019,Permanent visa - Special Eligibility and humanitarian,12,NOM departures,Australian Capital Territory,0,Persons,primary,"https://data.api.abs.gov.au/rest/data/ABS,ABS_NOM_VISA_FY,1.0.0/all?startPeriod=2015&format=csv",2026-08-25T07:40:28.773Z
2019,Permanent visa - Total,9,NOM departures,Australian Capital Territory,340,Persons,primary,"https://data.api.abs.gov.au/rest/data/ABS,ABS_NOM_VISA_FY,1.0.0/all?startPeriod=2015&format=csv",2026-08-25T07:40:28.773Z
2019,Temporary visa - Higher education sector,3,NOM departures,Australian Capital Territory,1750,Persons,primary,"https://data.api.abs.gov.au/rest/data/ABS,ABS_NOM_VISA_FY,1.0.0/all?startPeriod=2015&format=csv",2026-08-25T07:40:28.773Z
2019,Temporary visa - Other temporary visas,8,NOM departures,Australian Capital Territory,750,Persons,primary,"https://data.api.abs.gov.au/rest/data/ABS,ABS_NOM_VISA_FY,1.0.0/all?startPeriod=2015&format=csv",2026-08-25T07:40:28.773Z
2019,Temporary visa - Student other,4,NOM departures,Australian Capital Territory,520,Persons,primary,"https://data.api.abs.gov.au/rest/data/ABS,ABS_NOM_VISA_FY,1.0.0/all?startPeriod=2015&format=csv",2026-08-25T07:40:28.773Z
2019,Temporary visa - Temporary work (skilled),5,NOM departures,Australian Capital Territory,180,Persons,primary,"https://data.api.abs.gov.au/rest/data/ABS,ABS_NOM_VISA_FY,1.0.0/all?startPeriod=2015&format=csv",2026-08-25T07:40:28.773Z
2019,Temporary visa - Total,1,NOM departures,Australian Capital Territory,3840,Persons,primary,"https://data.api.abs.gov.au/rest/data/ABS,ABS_NOM_VISA_FY,1.0.0/all?startPeriod=2015&format=csv",2026-08-25T07:40:28.773Z
2019,Temporary visa - Visitor,6,NOM departures,Australian Capital Territory,410,Persons,primary,"https://data.api.abs.gov.au/rest/data/ABS,ABS_NOM_VISA_FY,1.0.0/all?startPeriod=2015&format=csv",2026-08-25T07:40:28.773Z
2019,Temporary visa - Vocational Education and Training sector,2,NOM departures,Australian Capital Territory,110,Persons,primary,"https://data.api.abs.gov.au/rest/data/ABS,ABS_NOM_VISA_FY,1.0.0/all?startPeriod=2015&format=csv",2026-08-25T07:40:28.773Z
2019,Temporary visa - Working Holiday,7,NOM departures,Australian Capital Territory,130,Persons,primary,"https://data.api.abs.gov.au/rest/data/ABS,ABS_NOM_VISA_FY,1.0.0/all?startPeriod=2015&format=csv",2026-08-25T07:40:28.773Z
2019,Total,16,NOM departures,Australian Capital Territory,7140,Persons,primary,"https://data.api.abs.gov.au/rest/data/ABS,ABS_NOM_VISA_FY,1.0.0/all?startPeriod=2015&format=csv",2026-08-25T07:40:28.773Z
2019,Australian Citizen,14,NOM arrivals,New South Wales,27080,Persons,primary,"https://data.api.abs.gov.au/rest/data/ABS,ABS_NOM_VISA_FY,1.0.0/all?startPeriod=2015&format=csv",2026-08-25T07:40:28.773Z
2019,New Zealand Citizen (subclass 444),13,NOM arrivals,New South Wales,7130,Persons,primary,"https://data.api.abs.gov.au/rest/data/ABS,ABS_NOM_VISA_FY,1.0.0/all?startPeriod=2015&format=csv",2026-08-25T07:40:28.773Z
2019,Other Visas,17,NOM arrivals,New South Wales,940,Persons,primary,"https://data.api.abs.gov.au/rest/data/ABS,ABS_NOM_VISA_FY,1.0.0/all?startPeriod=2015&format=csv",2026-08-25T07:40:28.773Z
2019,Permanent visa - Family,10,NOM arrivals,New South Wales,8830,Persons,primary,"https://data.api.abs.gov.au/rest/data/ABS,ABS_NOM_VISA_FY,1.0.0/all?startPeriod=2015&format=csv",2026-08-25T07:40:28.773Z
2019,Permanent visa - Other permanent visas,15,NOM arrivals,New South Wales,2670,Persons,primary,"https://data.api.abs.gov.au/rest/data/ABS,ABS_NOM_VISA_FY,1.0.0/all?startPeriod=2015&format=csv",2026-08-25T07:40:28.773Z
2019,Permanent visa - Skill,11,NOM arrivals,New South Wales,13000,Persons,primary,"https://data.api.abs.gov.au/rest/data/ABS,ABS_NOM_VISA_FY,1.0.0/all?startPeriod=2015&format=csv",2026-08-25T07:40:28.773Z
2019,Permanent visa - Special Eligibility and humanitarian,12,NOM arrivals,New South Wales,6250,Persons,primary,"https://data.api.abs.gov.au/rest/data/ABS,ABS_NOM_VISA_FY,1.0.0/all?startPeriod=2015&format=csv",2026-08-25T07:40:28.773Z
2019,Permanent visa - Total,9,NOM arrivals,New South Wales,30750,Persons,primary,"https://data.api.abs.gov.au/rest/data/ABS,ABS_NOM_VISA_FY,1.0.0/all?startPeriod=2015&format=csv",2026-08-25T07:40:28.773Z
2019,Temporary visa - Higher education sector,3,NOM arrivals,New South Wales,37440,Persons,primary,"https://data.api.abs.gov.au/rest/data/ABS,ABS_NOM_VISA_FY,1.0.0/all?startPeriod=2015&format=csv",2026-08-25T07:40:28.773Z
2019,Temporary visa - Other temporary visas,8,NOM arrivals,New South Wales,4420,Persons,primary,"https://data.api.abs.gov.au/rest/data/ABS,ABS_NOM_VISA_FY,1.0.0/all?startPeriod=2015&format=csv",2026-08-25T07:40:28.773Z
2019,Temporary visa - Student other,4,NOM arrivals,New South Wales,10600,Persons,primary,"https://data.api.abs.gov.au/rest/data/ABS,ABS_NOM_VISA_FY,1.0.0/all?startPeriod=2015&format=csv",2026-08-25T07:40:28.773Z
2019,Temporary visa - Temporary work (skilled),5,NOM arrivals,New South Wales,13780,Persons,primary,"https://data.api.abs.gov.au/rest/data/ABS,ABS_NOM_VISA_FY,1.0.0/all?startPeriod=2015&format=csv",2026-08-25T07:40:28.773Z
2019,Temporary visa - Total,1,NOM arrivals,New South Wales,128380,Persons,primary,"https://data.api.abs.gov.au/rest/data/ABS,ABS_NOM_VISA_FY,1.0.0/all?startPeriod=2015&format=csv",2026-08-25T07:40:28.773Z
2019,Temporary visa - Visitor,6,NOM arrivals,New South Wales,33820,Persons,primary,"https://data.api.abs.gov.au/rest/data/ABS,ABS_NOM_VISA_FY,1.0.0/all?startPeriod=2015&format=csv",2026-08-25T07:40:28.773Z
2019,Temporary visa - Vocational Education and Training sector,2,NOM arrivals,New South Wales,10630,Persons,primary,"https://data.api.abs.gov.au/rest/data/ABS,ABS_NOM_VISA_FY,1.0.0/all?startPeriod=2015&format=csv",2026-08-25T07:40:28.773Z
2019,Temporary visa - Working Holiday,7,NOM arrivals,New South Wales,17700,Persons,primary,"https://data.api.abs.gov.au/rest/data/ABS,ABS_NOM_VISA_FY,1.0.0/all?startPeriod=2015&format=csv",2026-08-25T07:40:28.773Z
2019,Total,16,NOM arrivals,New South Wales,194270,Persons,primary,"https://data.api.abs.gov.au/rest/data/ABS,ABS_NOM_VISA_FY,1.0.0/all?startPeriod=2015&format=csv",2026-08-25T07:40:28.773Z
2019,Australian Citizen,14,NOM departures,New South Wales,30350,Persons,primary,"https://data.api.abs.gov.au/rest/data/ABS,ABS_NOM_VISA_FY,1.0.0/all?startPeriod=2015&format=csv",2026-08-25T07:40:28.773Z
2019,New Zealand Citizen (subclass 444),13,NOM departures,New South Wales,5450,Persons,primary,"https://data.api.abs.gov.au/rest/data/ABS,ABS_NOM_VISA_FY,1.0.0/all?startPeriod=2015&format=csv",2026-08-25T07:40:28.773Z
2019,Other Visas,17,NOM departures,New South Wales,2600,Persons,primary,"https://data.api.abs.gov.au/rest/data/ABS,ABS_NOM_VISA_FY,1.0.0/all?startPeriod=2015&format=csv",2026-08-25T07:40:28.773Z
2019,Permanent visa - Family,10,NOM departures,New South Wales,2190,Persons,primary,"https://data.api.abs.gov.au/rest/data/ABS,ABS_NOM_VISA_FY,1.0.0/all?startPeriod=2015&format=csv",2026-08-25T07:40:28.773Z
2019,Permanent visa - Other permanent visas,15,NOM departures,New South Wales,2950,Persons,primary,"https://data.api.abs.gov.au/rest/data/ABS,ABS_NOM_VISA_FY,1.0.0/all?startPeriod=2015&format=csv",2026-08-25T07:40:28.773Z
2019,Permanent visa - Skill,11,NOM departures,New South Wales,2680,Persons,primary,"https://data.api.abs.gov.au/rest/data/ABS,ABS_NOM_VISA_FY,1.0.0/all?startPeriod=2015&format=csv",2026-08-25T07:40:28.773Z
2019,Permanent visa - Special Eligibility and humanitarian,12,NOM departures,New South Wales,70,Persons,primary,"https://data.api.abs.gov.au/rest/data/ABS,ABS_NOM_VISA_FY,1.0.0/all?startPeriod=2015&format=csv",2026-08-25T07:40:28.773Z
2019,Permanent visa - Total,9,NOM departures,New South Wales,7890,Persons,primary,"https://data.api.abs.gov.au/rest/data/ABS,ABS_NOM_VISA_FY,1.0.0/all?startPeriod=2015&format=csv",2026-08-25T07:40:28.773Z
2019,Temporary visa - Higher education sector,3,NOM departures,New South Wales,15290,Persons,primary,"https://data.api.abs.gov.au/rest/data/ABS,ABS_NOM_VISA_FY,1.0.0/all?startPeriod=2015&format=csv",2026-08-25T07:40:28.773Z
2019,Temporary visa - Other temporary visas,8,NOM departures,New South Wales,11730,Persons,primary,"https://data.api.abs.gov.au/rest/data/ABS,ABS_NOM_VISA_FY,1.0.0/all?startPeriod=2015&format=csv",2026-08-25T07:40:28.773Z
2019,Temporary visa - Student other,4,NOM departures,New South Wales,2750,Persons,primary,"https://data.api.abs.gov.au/rest/data/ABS,ABS_NOM_VISA_FY,1.0.0/all?startPeriod=2015&format=csv",2026-08-25T07:40:28.773Z
2019,Temporary visa - Temporary work (skilled),5,NOM departures,New South Wales,7200,Persons,primary,"https://data.api.abs.gov.au/rest/data/ABS,ABS_NOM_VISA_FY,1.0.0/all?startPeriod=2015&format=csv",2026-08-25T07:40:28.773Z
2019,Temporary visa - Total,1,NOM departures,New South Wales,63440,Persons,primary,"https://data.api.abs.gov.au/rest/data/ABS,ABS_NOM_VISA_FY,1.0.0/all?startPeriod=2015&format=csv",2026-08-25T07:40:28.773Z
2019,Temporary visa - Visitor,6,NOM departures,New South Wales,10320,Persons,primary,"https://data.api.abs.gov.au/rest/data/ABS,ABS_NOM_VISA_FY,1.0.0/all?startPeriod=2015&format=csv",2026-08-25T07:40:28.773Z
2019,Temporary visa - Vocational Education and Training sector,2,NOM departures,New South Wales,7710,Persons,primary,"https://data.api.abs.gov.au/rest/data/ABS,ABS_NOM_VISA_FY,1.0.0/all?startPeriod=2015&format=csv",2026-08-25T07:40:28.773Z
2019,Temporary visa - Working Holiday,7,NOM departures,New South Wales,8450,Persons,primary,"https://data.api.abs.gov.au/rest/data/ABS,ABS_NOM_VISA_FY,1.0.0/all?startPeriod=2015&format=csv",2026-08-25T07:40:28.773Z
2019,Total,16,NOM departures,New South Wales,109720,Persons,primary,"https://data.api.abs.gov.au/rest/data/ABS,ABS_NOM_VISA_FY,1.0.0/all?startPeriod=2015&format=csv",2026-08-25T07:40:28.773Z
2019,Australian Citizen,14,NOM arrivals,Northern Territory,600,Persons,primary,"https://data.api.abs.gov.au/rest/data/ABS,ABS_NOM_VISA_FY,1.0.0/all?startPeriod=2015&format=csv",2026-08-25T07:40:28.773Z
2019,New Zealand Citizen (subclass 444),13,NOM arrivals,Northern Territory,270,Persons,primary,"https://data.api.abs.gov.au/rest/data/ABS,ABS_NOM_VISA_FY,1.0.0/all?startPeriod=2015&format=csv",2026-08-25T07:40:28.773Z
2019,Other Visas,17,NOM arrivals,Northern Territory,880,Persons,primary,"https://data.api.abs.gov.au/rest/data/ABS,ABS_NOM_VISA_FY,1.0.0/all?startPeriod=2015&format=csv",2026-08-25T07:40:28.773Z
2019,Permanent visa - Family,10,NOM arrivals,Northern Territory,180,Persons,primary,"https://data.api.abs.gov.au/rest/data/ABS,ABS_NOM_VISA_FY,1.0.0/all?startPeriod=2015&format=csv",2026-08-25T07:40:28.773Z
2019,Permanent visa - Other permanent visas,15,NOM arrivals,Northern Territory,30,Persons,primary,"https://data.api.abs.gov.au/rest/data/ABS,ABS_NOM_VISA_FY,1.0.0/all?startPeriod=2015&format=csv",2026-08-25T07:40:28.773Z
2019,Permanent visa - Skill,11,NOM arrivals,Northern Territory,590,Persons,primary,"https://data.api.abs.gov.au/rest/data/ABS,ABS_NOM_VISA_FY,1.0.0/all?startPeriod=2015&format=csv",2026-08-25T07:40:28.773Z
2019,Permanent visa - Special Eligibility and humanitarian,12,NOM arrivals,Northern Territory,90,Persons,primary,"https://data.api.abs.gov.au/rest/data/ABS,ABS_NOM_VISA_FY,1.0.0/all?startPeriod=2015&format=csv",2026-08-25T07:40:28.773Z
2019,Permanent visa - Total,9,NOM arrivals,Northern Territory,900,Persons,primary,"https://data.api.abs.gov.au/rest/data/ABS,ABS_NOM_VISA_FY,1.0.0/all?startPeriod=2015&format=csv",2026-08-25T07:40:28.773Z
2019,Temporary visa - Higher education sector,3,NOM arrivals,Northern Territory,290,Persons,primary,"https://data.api.abs.gov.au/rest/data/ABS,ABS_NOM_VISA_FY,1.0.0/all?startPeriod=2015&format=csv",2026-08-25T07:40:28.773Z
2019,Temporary visa - Other temporary visas,8,NOM arrivals,Northern Territory,250,Persons,primary,"https://data.api.abs.gov.au/rest/data/ABS,ABS_NOM_VISA_FY,1.0.0/all?startPeriod=2015&format=csv",2026-08-25T07:40:28.773Z
2019,Temporary visa - Student other,4,NOM arrivals,Northern Territory,100,Persons,primary,"https://data.api.abs.gov.au/rest/data/ABS,ABS_NOM_VISA_FY,1.0.0/all?startPeriod=2015&format=csv",2026-08-25T07:40:28.773Z
2019,Temporary visa - Temporary work (skilled),5,NOM arrivals,Northern Territory,310,Persons,primary,"https://data.api.abs.gov.au/rest/data/ABS,ABS_NOM_VISA_FY,1.0.0/all?startPeriod=2015&format=csv",2026-08-25T07:40:28.773Z
2019,Temporary visa - Total,1,NOM arrivals,Northern Territory,2910,Persons,primary,"https://data.api.abs.gov.au/rest/data/ABS,ABS_NOM_VISA_FY,1.0.0/all?startPeriod=2015&format=csv",2026-08-25T07:40:28.773Z
2019,Temporary visa - Visitor,6,NOM arrivals,Northern Territory,930,Persons,primary,"https://data.api.abs.gov.au/rest/data/ABS,ABS_NOM_VISA_FY,1.0.0/all?startPeriod=2015&format=csv",2026-08-25T07:40:28.773Z
2019,Temporary visa - Vocational Education and Training sector,2,NOM arrivals,Northern Territory,160,Persons,primary,"https://data.api.abs.gov.au/rest/data/ABS,ABS_NOM_VISA_FY,1.0.0/all?startPeriod=2015&format=csv",2026-08-25T07:40:28.773Z
2019,Temporary visa - Working Holiday,7,NOM arrivals,Northern Territory,880,Persons,primary,"https://data.api.abs.gov.au/rest/data/ABS,ABS_NOM_VISA_FY,1.0.0/all?startPeriod=2015&format=csv",2026-08-25T07:40:28.773Z
2019,Total,16,NOM arrivals,Northern Territory,5550,Persons,primary,"https://data.api.abs.gov.au/rest/data/ABS,ABS_NOM_VISA_FY,1.0.0/all?startPeriod=2015&format=csv",2026-08-25T07:40:28.773Z
2019,Australian Citizen,14,NOM departures,Northern Territory,970,Persons,primary,"https://data.api.abs.gov.au/rest/data/ABS,ABS_NOM_VISA_FY,1.0.0/all?startPeriod=2015&format=csv",2026-08-25T07:40:28.773Z
2019,New Zealand Citizen (subclass 444),13,NOM departures,Northern Territory,270,Persons,primary,"https://data.api.abs.gov.au/rest/data/ABS,ABS_NOM_VISA_FY,1.0.0/all?startPeriod=2015&format=csv",2026-08-25T07:40:28.773Z
2019,Other Visas,17,NOM departures,Northern Territory,1590,Persons,primary,"https://data.api.abs.gov.au/rest/data/ABS,ABS_NOM_VISA_FY,1.0.0/all?startPeriod=2015&format=csv",2026-08-25T07:40:28.773Z
2019,Permanent visa - Family,10,NOM departures,Northern Territory,60,Persons,primary,"https://data.api.abs.gov.au/rest/data/ABS,ABS_NOM_VISA_FY,1.0.0/all?startPeriod=2015&format=csv",2026-08-25T07:40:28.773Z
2019,Permanent visa - Other permanent visas,15,NOM departures,Northern Territory,70,Persons,primary,"https://data.api.abs.gov.au/rest/data/ABS,ABS_NOM_VISA_FY,1.0.0/all?startPeriod=2015&format=csv",2026-08-25T07:40:28.773Z
2019,Permanent visa - Skill,11,NOM departures,Northern Territory,80,Persons,primary,"https://data.api.abs.gov.au/rest/data/ABS,ABS_NOM_VISA_FY,1.0.0/all?startPeriod=2015&format=csv",2026-08-25T07:40:28.773Z
2019,Permanent visa - Special Eligibility and humanitarian,12,NOM departures,Northern Territory,0,Persons,primary,"https://data.api.abs.gov.au/rest/data/ABS,ABS_NOM_VISA_FY,1.0.0/all?startPeriod=2015&format=csv",2026-08-25T07:40:28.773Z
2019,Permanent visa - Total,9,NOM departures,Northern Territory,210,Persons,primary,"https://data.api.abs.gov.au/rest/data/ABS,ABS_NOM_VISA_FY,1.0.0/all?startPeriod=2015&format=csv",2026-08-25T07:40:28.773Z
2019,Temporary visa - Higher education sector,3,NOM departures,Northern Territory,30,Persons,primary,"https://data.api.abs.gov.au/rest/data/ABS,ABS_NOM_VISA_FY,1.0.0/all?startPeriod=2015&format=csv",2026-08-25T07:40:28.773Z
2019,Temporary visa - Other temporary visas,8,NOM departures,Northern Territory,390,Persons,primary,"https://data.api.abs.gov.au/rest/data/ABS,ABS_NOM_VISA_FY,1.0.0/all?startPeriod=2015&format=csv",2026-08-25T07:40:28.773Z
2019,Temporary visa - Student other,4,NOM departures,Northern Territory,50,Persons,primary,"https://data.api.abs.gov.au/rest/data/ABS,ABS_NOM_VISA_FY,1.0.0/all?startPeriod=2015&format=csv",2026-08-25T07:40:28.773Z
2019,Temporary visa - Temporary work (skilled),5,NOM departures,Northern Territory,350,Persons,primary,"https://data.api.abs.gov.au/rest/data/ABS,ABS_NOM_VISA_FY,1.0.0/all?startPeriod=2015&format=csv",2026-08-25T07:40:28.773Z
2019,Temporary visa - Total,1,NOM departures,Northern Territory,1590,Persons,primary,"https://data.api.abs.gov.au/rest/data/ABS,ABS_NOM_VISA_FY,1.0.0/all?startPeriod=2015&format=csv",2026-08-25T07:40:28.773Z
2019,Temporary visa - Visitor,6,NOM departures,Northern Territory,220,Persons,primary,"https://data.api.abs.gov.au/rest/data/ABS,ABS_NOM_VISA_FY,1.0.0/all?startPeriod=2015&format=csv",2026-08-25T07:40:28.773Z
2019,Temporary visa - Vocational Education and Training sector,2,NOM departures,Northern Territory,50,Persons,primary,"https://data.api.abs.gov.au/rest/data/ABS,ABS_NOM_VISA_FY,1.0.0/all?startPeriod=2015&format=csv",2026-08-25T07:40:28.773Z
2019,Temporary visa - Working Holiday,7,NOM departures,Northern Territory,500,Persons,primary,"https://data.api.abs.gov.au/rest/data/ABS,ABS_NOM_VISA_FY,1.0.0/all?startPeriod=2015&format=csv",2026-08-25T07:40:28.773Z
2019,Total,16,NOM departures,Northern Territory,4620,Persons,primary,"https://data.api.abs.gov.au/rest/data/ABS,ABS_NOM_VISA_FY,1.0.0/all?startPeriod=2015&format=csv",2026-08-25T07:40:28.773Z
2019,Australian Citizen,14,NOM arrivals,Queensland,15530,Persons,primary,"https://data.api.abs.gov.au/rest/data/ABS,ABS_NOM_VISA_FY,1.0.0/all?startPeriod=2015&format=csv",2026-08-25T07:40:28.773Z
2019,New Zealand Citizen (subclass 444),13,NOM arrivals,Queensland,10210,Persons,primary,"https://data.api.abs.gov.au/rest/data/ABS,ABS_NOM_VISA_FY,1.0.0/all?startPeriod=2015&format=csv",2026-08-25T07:40:28.773Z
2019,Other Visas,17,NOM arrivals,Queensland,1810,Persons,primary,"https://data.api.abs.gov.au/rest/data/ABS,ABS_NOM_VISA_FY,1.0.0/all?startPeriod=2015&format=csv",2026-08-25T07:40:28.773Z
2019,Permanent visa - Family,10,NOM arrivals,Queensland,3040,Persons,primary,"https://data.api.abs.gov.au/rest/data/ABS,ABS_NOM_VISA_FY,1.0.0/all?startPeriod=2015&format=csv",2026-08-25T07:40:28.773Z
2019,Permanent visa - Other permanent visas,15,NOM arrivals,Queensland,1080,Persons,primary,"https://data.api.abs.gov.au/rest/data/ABS,ABS_NOM_VISA_FY,1.0.0/all?startPeriod=2015&format=csv",2026-08-25T07:40:28.773Z
2019,Permanent visa - Skill,11,NOM arrivals,Queensland,4170,Persons,primary,"https://data.api.abs.gov.au/rest/data/ABS,ABS_NOM_VISA_FY,1.0.0/all?startPeriod=2015&format=csv",2026-08-25T07:40:28.773Z
2019,Permanent visa - Special Eligibility and humanitarian,12,NOM arrivals,Queensland,2500,Persons,primary,"https://data.api.abs.gov.au/rest/data/ABS,ABS_NOM_VISA_FY,1.0.0/all?startPeriod=2015&format=csv",2026-08-25T07:40:28.773Z
2019,Permanent visa - Total,9,NOM arrivals,Queensland,10790,Persons,primary,"https://data.api.abs.gov.au/rest/data/ABS,ABS_NOM_VISA_FY,1.0.0/all?startPeriod=2015&format=csv",2026-08-25T07:40:28.773Z
2019,Temporary visa - Higher education sector,3,NOM arrivals,Queensland,13760,Persons,primary,"https://data.api.abs.gov.au/rest/data/ABS,ABS_NOM_VISA_FY,1.0.0/all?startPeriod=2015&format=csv",2026-08-25T07:40:28.773Z
2019,Temporary visa - Other temporary visas,8,NOM arrivals,Queensland,1870,Persons,primary,"https://data.api.abs.gov.au/rest/data/ABS,ABS_NOM_VISA_FY,1.0.0/all?startPeriod=2015&format=csv",2026-08-25T07:40:28.773Z
2019,Temporary visa - Student other,4,NOM arrivals,Queensland,6460,Persons,primary,"https://data.api.abs.gov.au/rest/data/ABS,ABS_NOM_VISA_FY,1.0.0/all?startPeriod=2015&format=csv",2026-08-25T07:40:28.773Z
2019,Temporary visa - Temporary work (skilled),5,NOM arrivals,Queensland,4230,Persons,primary,"https://data.api.abs.gov.au/rest/data/ABS,ABS_NOM_VISA_FY,1.0.0/all?startPeriod=2015&format=csv",2026-08-25T07:40:28.773Z
2019,Temporary visa - Total,1,NOM arrivals,Queensland,53320,Persons,primary,"https://data.api.abs.gov.au/rest/data/ABS,ABS_NOM_VISA_FY,1.0.0/all?startPeriod=2015&format=csv",2026-08-25T07:40:28.773Z
2019,Temporary visa - Visitor,6,NOM arrivals,Queensland,12840,Persons,primary,"https://data.api.abs.gov.au/rest/data/ABS,ABS_NOM_VISA_FY,1.0.0/all?startPeriod=2015&format=csv",2026-08-25T07:40:28.773Z
2019,Temporary visa - Vocational Education and Training sector,2,NOM arrivals,Queensland,3960,Persons,primary,"https://data.api.abs.gov.au/rest/data/ABS,ABS_NOM_VISA_FY,1.0.0/all?startPeriod=2015&format=csv",2026-08-25T07:40:28.773Z
2019,Temporary visa - Working Holiday,7,NOM arrivals,Queensland,10210,Persons,primary,"https://data.api.abs.gov.au/rest/data/ABS,ABS_NOM_VISA_FY,1.0.0/all?startPeriod=2015&format=csv",2026-08-25T07:40:28.773Z
2019,Total,16,NOM arrivals,Queensland,91660,Persons,primary,"https://data.api.abs.gov.au/rest/data/ABS,ABS_NOM_VISA_FY,1.0.0/all?startPeriod=2015&format=csv",2026-08-25T07:40:28.773Z
2019,Australian Citizen,14,NOM departures,Queensland,16620,Persons,primary,"https://data.api.abs.gov.au/rest/data/ABS,ABS_NOM_VISA_FY,1.0.0/all?startPeriod=2015&format=csv",2026-08-25T07:40:28.773Z
2019,New Zealand Citizen (subclass 444),13,NOM departures,Queensland,7660,Persons,primary,"https://data.api.abs.gov.au/rest/data/ABS,ABS_NOM_VISA_FY,1.0.0/all?startPeriod=2015&format=csv",2026-08-25T07:40:28.773Z
2019,Other Visas,17,NOM departures,Queensland,3750,Persons,primary,"https://data.api.abs.gov.au/rest/data/ABS,ABS_NOM_VISA_FY,1.0.0/all?startPeriod=2015&format=csv",2026-08-25T07:40:28.773Z
2019,Permanent visa - Family,10,NOM departures,Queensland,890,Persons,primary,"https://data.api.abs.gov.au/rest/data/ABS,ABS_NOM_VISA_FY,1.0.0/all?startPeriod=2015&format=csv",2026-08-25T07:40:28.773Z
2019,Permanent visa - Other permanent visas,15,NOM departures,Queensland,1210,Persons,primary,"https://data.api.abs.gov.au/rest/data/ABS,ABS_NOM_VISA_FY,1.0.0/all?startPeriod=2015&format=csv",2026-08-25T07:40:28.773Z
2019,Permanent visa - Skill,11,NOM departures,Queensland,910,Persons,primary,"https://data.api.abs.gov.au/rest/data/ABS,ABS_NOM_VISA_FY,1.0.0/all?startPeriod=2015&format=csv",2026-08-25T07:40:28.773Z
2019,Permanent visa - Special Eligibility and humanitarian,12,NOM departures,Queensland,20,Persons,primary,"https://data.api.abs.gov.au/rest/data/ABS,ABS_NOM_VISA_FY,1.0.0/all?startPeriod=2015&format=csv",2026-08-25T07:40:28.773Z
2019,Permanent visa - Total,9,NOM departures,Queensland,3030,Persons,primary,"https://data.api.abs.gov.au/rest/data/ABS,ABS_NOM_VISA_FY,1.0.0/all?startPeriod=2015&format=csv",2026-08-25T07:40:28.773Z
2019,Temporary visa - Higher education sector,3,NOM departures,Queensland,5850,Persons,primary,"https://data.api.abs.gov.au/rest/data/ABS,ABS_NOM_VISA_FY,1.0.0/all?startPeriod=2015&format=csv",2026-08-25T07:40:28.773Z
2019,Temporary visa - Other temporary visas,8,NOM departures,Queensland,4920,Persons,primary,"https://data.api.abs.gov.au/rest/data/ABS,ABS_NOM_VISA_FY,1.0.0/all?startPeriod=2015&format=csv",2026-08-25T07:40:28.773Z
2019,Temporary visa - Student other,4,NOM departures,Queensland,1900,Persons,primary,"https://data.api.abs.gov.au/rest/data/ABS,ABS_NOM_VISA_FY,1.0.0/all?startPeriod=2015&format=csv",2026-08-25T07:40:28.773Z
2019,Temporary visa - Temporary work (skilled),5,NOM departures,Queensland,1920,Persons,primary,"https://data.api.abs.gov.au/rest/data/ABS,ABS_NOM_VISA_FY,1.0.0/all?startPeriod=2015&format=csv",2026-08-25T07:40:28.773Z
2019,Temporary visa - Total,1,NOM departures,Queensland,28860,Persons,primary,"https://data.api.abs.gov.au/rest/data/ABS,ABS_NOM_VISA_FY,1.0.0/all?startPeriod=2015&format=csv",2026-08-25T07:40:28.773Z
2019,Temporary visa - Visitor,6,NOM departures,Queensland,5070,Persons,primary,"https://data.api.abs.gov.au/rest/data/ABS,ABS_NOM_VISA_FY,1.0.0/all?startPeriod=2015&format=csv",2026-08-25T07:40:28.773Z
2019,Temporary visa - Vocational Education and Training sector,2,NOM departures,Queensland,3310,Persons,primary,"https://data.api.abs.gov.au/rest/data/ABS,ABS_NOM_VISA_FY,1.0.0/all?startPeriod=2015&format=csv",2026-08-25T07:40:28.773Z
2019,Temporary visa - Working Holiday,7,NOM departures,Queensland,5880,Persons,primary,"https://data.api.abs.gov.au/rest/data/ABS,ABS_NOM_VISA_FY,1.0.0/all?startPeriod=2015&format=csv",2026-08-25T07:40:28.773Z
2019,Total,16,NOM departures,Queensland,59920,Persons,primary,"https://data.api.abs.gov.au/rest/data/ABS,ABS_NOM_VISA_FY,1.0.0/all?startPeriod=2015&format=csv",2026-08-25T07:40:28.773Z
2019,Australian Citizen,14,NOM arrivals,South Australia,3760,Persons,primary,"https://data.api.abs.gov.au/rest/data/ABS,ABS_NOM_VISA_FY,1.0.0/all?startPeriod=2015&format=csv",2026-08-25T07:40:28.773Z
2019,New Zealand Citizen (subclass 444),13,NOM arrivals,South Australia,550,Persons,primary,"https://data.api.abs.gov.au/rest/data/ABS,ABS_NOM_VISA_FY,1.0.0/all?startPeriod=2015&format=csv",2026-08-25T07:40:28.773Z
2019,Other Visas,17,NOM arrivals,South Australia,130,Persons,primary,"https://data.api.abs.gov.au/rest/data/ABS,ABS_NOM_VISA_FY,1.0.0/all?startPeriod=2015&format=csv",2026-08-25T07:40:28.773Z
2019,Permanent visa - Family,10,NOM arrivals,South Australia,1390,Persons,primary,"https://data.api.abs.gov.au/rest/data/ABS,ABS_NOM_VISA_FY,1.0.0/all?startPeriod=2015&format=csv",2026-08-25T07:40:28.773Z
2019,Permanent visa - Other permanent visas,15,NOM arrivals,South Australia,280,Persons,primary,"https://data.api.abs.gov.au/rest/data/ABS,ABS_NOM_VISA_FY,1.0.0/all?startPeriod=2015&format=csv",2026-08-25T07:40:28.773Z
2019,Permanent visa - Skill,11,NOM arrivals,South Australia,4090,Persons,primary,"https://data.api.abs.gov.au/rest/data/ABS,ABS_NOM_VISA_FY,1.0.0/all?startPeriod=2015&format=csv",2026-08-25T07:40:28.773Z
2019,Permanent visa - Special Eligibility and humanitarian,12,NOM arrivals,South Australia,1000,Persons,primary,"https://data.api.abs.gov.au/rest/data/ABS,ABS_NOM_VISA_FY,1.0.0/all?startPeriod=2015&format=csv",2026-08-25T07:40:28.773Z
2019,Permanent visa - Total,9,NOM arrivals,South Australia,6760,Persons,primary,"https://data.api.abs.gov.au/rest/data/ABS,ABS_NOM_VISA_FY,1.0.0/all?startPeriod=2015&format=csv",2026-08-25T07:40:28.773Z
2019,Temporary visa - Higher education sector,3,NOM arrivals,South Australia,6330,Persons,primary,"https://data.api.abs.gov.au/rest/data/ABS,ABS_NOM_VISA_FY,1.0.0/all?startPeriod=2015&format=csv",2026-08-25T07:40:28.773Z
2019,Temporary visa - Other temporary visas,8,NOM arrivals,South Australia,680,Persons,primary,"https://data.api.abs.gov.au/rest/data/ABS,ABS_NOM_VISA_FY,1.0.0/all?startPeriod=2015&format=csv",2026-08-25T07:40:28.773Z
2019,Temporary visa - Student other,4,NOM arrivals,South Australia,1520,Persons,primary,"https://data.api.abs.gov.au/rest/data/ABS,ABS_NOM_VISA_FY,1.0.0/all?startPeriod=2015&format=csv",2026-08-25T07:40:28.773Z
2019,Temporary visa - Temporary work (skilled),5,NOM arrivals,South Australia,1060,Persons,primary,"https://data.api.abs.gov.au/rest/data/ABS,ABS_NOM_VISA_FY,1.0.0/all?startPeriod=2015&format=csv",2026-08-25T07:40:28.773Z
2019,Temporary visa - Total,1,NOM arrivals,South Australia,15450,Persons,primary,"https://data.api.abs.gov.au/rest/data/ABS,ABS_NOM_VISA_FY,1.0.0/all?startPeriod=2015&format=csv",2026-08-25T07:40:28.773Z
2019,Temporary visa - Visitor,6,NOM arrivals,South Australia,3910,Persons,primary,"https://data.api.abs.gov.au/rest/data/ABS,ABS_NOM_VISA_FY,1.0.0/all?startPeriod=2015&format=csv",2026-08-25T07:40:28.773Z
2019,Temporary visa - Vocational Education and Training sector,2,NOM arrivals,South Australia,820,Persons,primary,"https://data.api.abs.gov.au/rest/data/ABS,ABS_NOM_VISA_FY,1.0.0/all?startPeriod=2015&format=csv",2026-08-25T07:40:28.773Z
2019,Temporary visa - Working Holiday,7,NOM arrivals,South Australia,1120,Persons,primary,"https://data.api.abs.gov.au/rest/data/ABS,ABS_NOM_VISA_FY,1.0.0/all?startPeriod=2015&format=csv",2026-08-25T07:40:28.773Z
2019,Total,16,NOM arrivals,South Australia,26650,Persons,primary,"https://data.api.abs.gov.au/rest/data/ABS,ABS_NOM_VISA_FY,1.0.0/all?startPeriod=2015&format=csv",2026-08-25T07:40:28.773Z
2019,Australian Citizen,14,NOM departures,South Australia,3780,Persons,primary,"https://data.api.abs.gov.au/rest/data/ABS,ABS_NOM_VISA_FY,1.0.0/all?startPeriod=2015&format=csv",2026-08-25T07:40:28.773Z
2019,New Zealand Citizen (subclass 444),13,NOM departures,South Australia,420,Persons,primary,"https://data.api.abs.gov.au/rest/data/ABS,ABS_NOM_VISA_FY,1.0.0/all?startPeriod=2015&format=csv",2026-08-25T07:40:28.773Z
2019,Other Visas,17,NOM departures,South Australia,290,Persons,primary,"https://data.api.abs.gov.au/rest/data/ABS,ABS_NOM_VISA_FY,1.0.0/all?startPeriod=2015&format=csv",2026-08-25T07:40:28.773Z
2019,Permanent visa - Family,10,NOM departures,South Australia,220,Persons,primary,"https://data.api.abs.gov.au/rest/data/ABS,ABS_NOM_VISA_FY,1.0.0/all?startPeriod=2015&format=csv",2026-08-25T07:40:28.773Z
2019,Permanent visa - Other permanent visas,15,NOM departures,South Australia,370,Persons,primary,"https://data.api.abs.gov.au/rest/data/ABS,ABS_NOM_VISA_FY,1.0.0/all?startPeriod=2015&format=csv",2026-08-25T07:40:28.773Z
2019,Permanent visa - Skill,11,NOM departures,South Australia,370,Persons,primary,"https://data.api.abs.gov.au/rest/data/ABS,ABS_NOM_VISA_FY,1.0.0/all?startPeriod=2015&format=csv",2026-08-25T07:40:28.773Z
2019,Permanent visa - Special Eligibility and humanitarian,12,NOM departures,South Australia,10,Persons,primary,"https://data.api.abs.gov.au/rest/data/ABS,ABS_NOM_VISA_FY,1.0.0/all?startPeriod=2015&format=csv",2026-08-25T07:40:28.773Z
2019,Permanent visa - Total,9,NOM departures,South Australia,970,Persons,primary,"https://data.api.abs.gov.au/rest/data/ABS,ABS_NOM_VISA_FY,1.0.0/all?startPeriod=2015&format=csv",2026-08-25T07:40:28.773Z
2019,Temporary visa - Higher education sector,3,NOM departures,South Australia,1970,Persons,primary,"https://data.api.abs.gov.au/rest/data/ABS,ABS_NOM_VISA_FY,1.0.0/all?startPeriod=2015&format=csv",2026-08-25T07:40:28.773Z
2019,Temporary visa - Other temporary visas,8,NOM departures,South Australia,1190,Persons,primary,"https://data.api.abs.gov.au/rest/data/ABS,ABS_NOM_VISA_FY,1.0.0/all?startPeriod=2015&format=csv",2026-08-25T07:40:28.773Z
2019,Temporary visa - Student other,4,NOM departures,South Australia,660,Persons,primary,"https://data.api.abs.gov.au/rest/data/ABS,ABS_NOM_VISA_FY,1.0.0/all?startPeriod=2015&format=csv",2026-08-25T07:40:28.773Z
2019,Temporary visa - Temporary work (skilled),5,NOM departures,South Australia,430,Persons,primary,"https://data.api.abs.gov.au/rest/data/ABS,ABS_NOM_VISA_FY,1.0.0/all?startPeriod=2015&format=csv",2026-08-25T07:40:28.773Z
2019,Temporary visa - Total,1,NOM departures,South Australia,6040,Persons,primary,"https://data.api.abs.gov.au/rest/data/ABS,ABS_NOM_VISA_FY,1.0.0/all?startPeriod=2015&format=csv",2026-08-25T07:40:28.773Z
2019,Temporary visa - Visitor,6,NOM departures,South Australia,880,Persons,primary,"https://data.api.abs.gov.au/rest/data/ABS,ABS_NOM_VISA_FY,1.0.0/all?startPeriod=2015&format=csv",2026-08-25T07:40:28.773Z
2019,Temporary visa - Vocational Education and Training sector,2,NOM departures,South Australia,300,Persons,primary,"https://data.api.abs.gov.au/rest/data/ABS,ABS_NOM_VISA_FY,1.0.0/all?startPeriod=2015&format=csv",2026-08-25T07:40:28.773Z
2019,Temporary visa - Working Holiday,7,NOM departures,South Australia,620,Persons,primary,"https://data.api.abs.gov.au/rest/data/ABS,ABS_NOM_VISA_FY,1.0.0/all?startPeriod=2015&format=csv",2026-08-25T07:40:28.773Z
2019,Total,16,NOM departures,South Australia,11510,Persons,primary,"https://data.api.abs.gov.au/rest/data/ABS,ABS_NOM_VISA_FY,1.0.0/all?startPeriod=2015&format=csv",2026-08-25T07:40:28.773Z
2019,Australian Citizen,14,NOM arrivals,Tasmania,930,Persons,primary,"https://data.api.abs.gov.au/rest/data/ABS,ABS_NOM_VISA_FY,1.0.0/all?startPeriod=2015&format=csv",2026-08-25T07:40:28.773Z
2019,New Zealand Citizen (subclass 444),13,NOM arrivals,Tasmania,140,Persons,primary,"https://data.api.abs.gov.au/rest/data/ABS,ABS_NOM_VISA_FY,1.0.0/all?startPeriod=2015&format=csv",2026-08-25T07:40:28.773Z
2019,Other Visas,17,NOM arrivals,Tasmania,40,Persons,primary,"https://data.api.abs.gov.au/rest/data/ABS,ABS_NOM_VISA_FY,1.0.0/all?startPeriod=2015&format=csv",2026-08-25T07:40:28.773Z
2019,Permanent visa - Family,10,NOM arrivals,Tasmania,160,Persons,primary,"https://data.api.abs.gov.au/rest/data/ABS,ABS_NOM_VISA_FY,1.0.0/all?startPeriod=2015&format=csv",2026-08-25T07:40:28.773Z
2019,Permanent visa - Other permanent visas,15,NOM arrivals,Tasmania,40,Persons,primary,"https://data.api.abs.gov.au/rest/data/ABS,ABS_NOM_VISA_FY,1.0.0/all?startPeriod=2015&format=csv",2026-08-25T07:40:28.773Z
2019,Permanent visa - Skill,11,NOM arrivals,Tasmania,580,Persons,primary,"https://data.api.abs.gov.au/rest/data/ABS,ABS_NOM_VISA_FY,1.0.0/all?startPeriod=2015&format=csv",2026-08-25T07:40:28.773Z
2019,Permanent visa - Special Eligibility and humanitarian,12,NOM arrivals,Tasmania,530,Persons,primary,"https://data.api.abs.gov.au/rest/data/ABS,ABS_NOM_VISA_FY,1.0.0/all?startPeriod=2015&format=csv",2026-08-25T07:40:28.773Z
2019,Permanent visa - Total,9,NOM arrivals,Tasmania,1300,Persons,primary,"https://data.api.abs.gov.au/rest/data/ABS,ABS_NOM_VISA_FY,1.0.0/all?startPeriod=2015&format=csv",2026-08-25T07:40:28.773Z
2019,Temporary visa - Higher education sector,3,NOM arrivals,Tasmania,1360,Persons,primary,"https://data.api.abs.gov.au/rest/data/ABS,ABS_NOM_VISA_FY,1.0.0/all?startPeriod=2015&format=csv",2026-08-25T07:40:28.773Z
2019,Temporary visa - Other temporary visas,8,NOM arrivals,Tasmania,220,Persons,primary,"https://data.api.abs.gov.au/rest/data/ABS,ABS_NOM_VISA_FY,1.0.0/all?startPeriod=2015&format=csv",2026-08-25T07:40:28.773Z
2019,Temporary visa - Student other,4,NOM arrivals,Tasmania,240,Persons,primary,"https://data.api.abs.gov.au/rest/data/ABS,ABS_NOM_VISA_FY,1.0.0/all?startPeriod=2015&format=csv",2026-08-25T07:40:28.773Z
2019,Temporary visa - Temporary work (skilled),5,NOM arrivals,Tasmania,320,Persons,primary,"https://data.api.abs.gov.au/rest/data/ABS,ABS_NOM_VISA_FY,1.0.0/all?startPeriod=2015&format=csv",2026-08-25T07:40:28.773Z
2019,Temporary visa - Total,1,NOM arrivals,Tasmania,3470,Persons,primary,"https://data.api.abs.gov.au/rest/data/ABS,ABS_NOM_VISA_FY,1.0.0/all?startPeriod=2015&format=csv",2026-08-25T07:40:28.773Z
2019,Temporary visa - Visitor,6,NOM arrivals,Tasmania,740,Persons,primary,"https://data.api.abs.gov.au/rest/data/ABS,ABS_NOM_VISA_FY,1.0.0/all?startPeriod=2015&format=csv",2026-08-25T07:40:28.773Z
2019,Temporary visa - Vocational Education and Training sector,2,NOM arrivals,Tasmania,110,Persons,primary,"https://data.api.abs.gov.au/rest/data/ABS,ABS_NOM_VISA_FY,1.0.0/all?startPeriod=2015&format=csv",2026-08-25T07:40:28.773Z
2019,Temporary visa - Working Holiday,7,NOM arrivals,Tasmania,490,Persons,primary,"https://data.api.abs.gov.au/rest/data/ABS,ABS_NOM_VISA_FY,1.0.0/all?startPeriod=2015&format=csv",2026-08-25T07:40:28.773Z
2019,Total,16,NOM arrivals,Tasmania,5880,Persons,primary,"https://data.api.abs.gov.au/rest/data/ABS,ABS_NOM_VISA_FY,1.0.0/all?startPeriod=2015&format=csv",2026-08-25T07:40:28.773Z
2019,Australian Citizen,14,NOM departures,Tasmania,840,Persons,primary,"https://data.api.abs.gov.au/rest/data/ABS,ABS_NOM_VISA_FY,1.0.0/all?startPeriod=2015&format=csv",2026-08-25T07:40:28.773Z
2019,New Zealand Citizen (subclass 444),13,NOM departures,Tasmania,120,Persons,primary,"https://data.api.abs.gov.au/rest/data/ABS,ABS_NOM_VISA_FY,1.0.0/all?startPeriod=2015&format=csv",2026-08-25T07:40:28.773Z
2019,Other Visas,17,NOM departures,Tasmania,100,Persons,primary,"https://data.api.abs.gov.au/rest/data/ABS,ABS_NOM_VISA_FY,1.0.0/all?startPeriod=2015&format=csv",2026-08-25T07:40:28.773Z
2019,Permanent visa - Family,10,NOM departures,Tasmania,40,Persons,primary,"https://data.api.abs.gov.au/rest/data/ABS,ABS_NOM_VISA_FY,1.0.0/all?startPeriod=2015&format=csv",2026-08-25T07:40:28.773Z
2019,Permanent visa - Other permanent visas,15,NOM departures,Tasmania,50,Persons,primary,"https://data.api.abs.gov.au/rest/data/ABS,ABS_NOM_VISA_FY,1.0.0/all?startPeriod=2015&format=csv",2026-08-25T07:40:28.773Z
2019,Permanent visa - Skill,11,NOM departures,Tasmania,110,Persons,primary,"https://data.api.abs.gov.au/rest/data/ABS,ABS_NOM_VISA_FY,1.0.0/all?startPeriod=2015&format=csv",2026-08-25T07:40:28.773Z
2019,Permanent visa - Special Eligibility and humanitarian,12,NOM departures,Tasmania,0,Persons,primary,"https://data.api.abs.gov.au/rest/data/ABS,ABS_NOM_VISA_FY,1.0.0/all?startPeriod=2015&format=csv",2026-08-25T07:40:28.773Z
2019,Permanent visa - Total,9,NOM departures,Tasmania,190,Persons,primary,"https://data.api.abs.gov.au/rest/data/ABS,ABS_NOM_VISA_FY,1.0.0/all?startPeriod=2015&format=csv",2026-08-25T07:40:28.773Z
2019,Temporary visa - Higher education sector,3,NOM departures,Tasmania,360,Persons,primary,"https://data.api.abs.gov.au/rest/data/ABS,ABS_NOM_VISA_FY,1.0.0/all?startPeriod=2015&format=csv",2026-08-25T07:40:28.773Z
2019,Temporary visa - Other temporary visas,8,NOM departures,Tasmania,270,Persons,primary,"https://data.api.abs.gov.au/rest/data/ABS,ABS_NOM_VISA_FY,1.0.0/all?startPeriod=2015&format=csv",2026-08-25T07:40:28.773Z
2019,Temporary visa - Student other,4,NOM departures,Tasmania,140,Persons,primary,"https://data.api.abs.gov.au/rest/data/ABS,ABS_NOM_VISA_FY,1.0.0/all?startPeriod=2015&format=csv",2026-08-25T07:40:28.773Z
2019,Temporary visa - Temporary work (skilled),5,NOM departures,Tasmania,60,Persons,primary,"https://data.api.abs.gov.au/rest/data/ABS,ABS_NOM_VISA_FY,1.0.0/all?startPeriod=2015&format=csv",2026-08-25T07:40:28.773Z
2019,Temporary visa - Total,1,NOM departures,Tasmania,1440,Persons,primary,"https://data.api.abs.gov.au/rest/data/ABS,ABS_NOM_VISA_FY,1.0.0/all?startPeriod=2015&format=csv",2026-08-25T07:40:28.773Z
2019,Temporary visa - Visitor,6,NOM departures,Tasmania,260,Persons,primary,"https://data.api.abs.gov.au/rest/data/ABS,ABS_NOM_VISA_FY,1.0.0/all?startPeriod=2015&format=csv",2026-08-25T07:40:28.773Z
2019,Temporary visa - Vocational Education and Training sector,2,NOM departures,Tasmania,50,Persons,primary,"https://data.api.abs.gov.au/rest/data/ABS,ABS_NOM_VISA_FY,1.0.0/all?startPeriod=2015&format=csv",2026-08-25T07:40:28.773Z
2019,Temporary visa - Working Holiday,7,NOM departures,Tasmania,310,Persons,primary,"https://data.api.abs.gov.au/rest/data/ABS,ABS_NOM_VISA_FY,1.0.0/all?startPeriod=2015&format=csv",2026-08-25T07:40:28.773Z
2019,Total,16,NOM departures,Tasmania,2690,Persons,primary,"https://data.api.abs.gov.au/rest/data/ABS,ABS_NOM_VISA_FY,1.0.0/all?startPeriod=2015&format=csv",2026-08-25T07:40:28.773Z
2019,Australian Citizen,14,NOM arrivals,Victoria,19840,Persons,primary,"https://data.api.abs.gov.au/rest/data/ABS,ABS_NOM_VISA_FY,1.0.0/all?startPeriod=2015&format=csv",2026-08-25T07:40:28.773Z
2019,New Zealand Citizen (subclass 444),13,NOM arrivals,Victoria,8780,Persons,primary,"https://data.api.abs.gov.au/rest/data/ABS,ABS_NOM_VISA_FY,1.0.0/all?startPeriod=2015&format=csv",2026-08-25T07:40:28.773Z
2019,Other Visas,17,NOM arrivals,Victoria,470,Persons,primary,"https://data.api.abs.gov.au/rest/data/ABS,ABS_NOM_VISA_FY,1.0.0/all?startPeriod=2015&format=csv",2026-08-25T07:40:28.773Z
2019,Permanent visa - Family,10,NOM arrivals,Victoria,7960,Persons,primary,"https://data.api.abs.gov.au/rest/data/ABS,ABS_NOM_VISA_FY,1.0.0/all?startPeriod=2015&format=csv",2026-08-25T07:40:28.773Z
2019,Permanent visa - Other permanent visas,15,NOM arrivals,Victoria,2300,Persons,primary,"https://data.api.abs.gov.au/rest/data/ABS,ABS_NOM_VISA_FY,1.0.0/all?startPeriod=2015&format=csv",2026-08-25T07:40:28.773Z
2019,Permanent visa - Skill,11,NOM arrivals,Victoria,12660,Persons,primary,"https://data.api.abs.gov.au/rest/data/ABS,ABS_NOM_VISA_FY,1.0.0/all?startPeriod=2015&format=csv",2026-08-25T07:40:28.773Z
2019,Permanent visa - Special Eligibility and humanitarian,12,NOM arrivals,Victoria,4110,Persons,primary,"https://data.api.abs.gov.au/rest/data/ABS,ABS_NOM_VISA_FY,1.0.0/all?startPeriod=2015&format=csv",2026-08-25T07:40:28.773Z
2019,Permanent visa - Total,9,NOM arrivals,Victoria,27030,Persons,primary,"https://data.api.abs.gov.au/rest/data/ABS,ABS_NOM_VISA_FY,1.0.0/all?startPeriod=2015&format=csv",2026-08-25T07:40:28.773Z
2019,Temporary visa - Higher education sector,3,NOM arrivals,Victoria,41990,Persons,primary,"https://data.api.abs.gov.au/rest/data/ABS,ABS_NOM_VISA_FY,1.0.0/all?startPeriod=2015&format=csv",2026-08-25T07:40:28.773Z
2019,Temporary visa - Other temporary visas,8,NOM arrivals,Victoria,4440,Persons,primary,"https://data.api.abs.gov.au/rest/data/ABS,ABS_NOM_VISA_FY,1.0.0/all?startPeriod=2015&format=csv",2026-08-25T07:40:28.773Z
2019,Temporary visa - Student other,4,NOM arrivals,Victoria,8950,Persons,primary,"https://data.api.abs.gov.au/rest/data/ABS,ABS_NOM_VISA_FY,1.0.0/all?startPeriod=2015&format=csv",2026-08-25T07:40:28.773Z
2019,Temporary visa - Temporary work (skilled),5,NOM arrivals,Victoria,9240,Persons,primary,"https://data.api.abs.gov.au/rest/data/ABS,ABS_NOM_VISA_FY,1.0.0/all?startPeriod=2015&format=csv",2026-08-25T07:40:28.773Z
2019,Temporary visa - Total,1,NOM arrivals,Victoria,112190,Persons,primary,"https://data.api.abs.gov.au/rest/data/ABS,ABS_NOM_VISA_FY,1.0.0/all?startPeriod=2015&format=csv",2026-08-25T07:40:28.773Z
2019,Temporary visa - Visitor,6,NOM arrivals,Victoria,29110,Persons,primary,"https://data.api.abs.gov.au/rest/data/ABS,ABS_NOM_VISA_FY,1.0.0/all?startPeriod=2015&format=csv",2026-08-25T07:40:28.773Z
2019,Temporary visa - Vocational Education and Training sector,2,NOM arrivals,Victoria,5590,Persons,primary,"https://data.api.abs.gov.au/rest/data/ABS,ABS_NOM_VISA_FY,1.0.0/all?startPeriod=2015&format=csv",2026-08-25T07:40:28.773Z
2019,Temporary visa - Working Holiday,7,NOM arrivals,Victoria,12870,Persons,primary,"https://data.api.abs.gov.au/rest/data/ABS,ABS_NOM_VISA_FY,1.0.0/all?startPeriod=2015&format=csv",2026-08-25T07:40:28.773Z
2019,Total,16,NOM arrivals,Victoria,168310,Persons,primary,"https://data.api.abs.gov.au/rest/data/ABS,ABS_NOM_VISA_FY,1.0.0/all?startPeriod=2015&format=csv",2026-08-25T07:40:28.773Z
2019,Australian Citizen,14,NOM departures,Victoria,21470,Persons,primary,"https://data.api.abs.gov.au/rest/data/ABS,ABS_NOM_VISA_FY,1.0.0/all?startPeriod=2015&format=csv",2026-08-25T07:40:28.773Z
2019,New Zealand Citizen (subclass 444),13,NOM departures,Victoria,4930,Persons,primary,"https://data.api.abs.gov.au/rest/data/ABS,ABS_NOM_VISA_FY,1.0.0/all?startPeriod=2015&format=csv",2026-08-25T07:40:28.773Z
2019,Other Visas,17,NOM departures,Victoria,1300,Persons,primary,"https://data.api.abs.gov.au/rest/data/ABS,ABS_NOM_VISA_FY,1.0.0/all?startPeriod=2015&format=csv",2026-08-25T07:40:28.773Z
2019,Permanent visa - Family,10,NOM departures,Victoria,1650,Persons,primary,"https://data.api.abs.gov.au/rest/data/ABS,ABS_NOM_VISA_FY,1.0.0/all?startPeriod=2015&format=csv",2026-08-25T07:40:28.773Z
2019,Permanent visa - Other permanent visas,15,NOM departures,Victoria,2290,Persons,primary,"https://data.api.abs.gov.au/rest/data/ABS,ABS_NOM_VISA_FY,1.0.0/all?startPeriod=2015&format=csv",2026-08-25T07:40:28.773Z
2019,Permanent visa - Skill,11,NOM departures,Victoria,2370,Persons,primary,"https://data.api.abs.gov.au/rest/data/ABS,ABS_NOM_VISA_FY,1.0.0/all?startPeriod=2015&format=csv",2026-08-25T07:40:28.773Z
2019,Permanent visa - Special Eligibility and humanitarian,12,NOM departures,Victoria,50,Persons,primary,"https://data.api.abs.gov.au/rest/data/ABS,ABS_NOM_VISA_FY,1.0.0/all?startPeriod=2015&format=csv",2026-08-25T07:40:28.773Z
2019,Permanent visa - Total,9,NOM departures,Victoria,6350,Persons,primary,"https://data.api.abs.gov.au/rest/data/ABS,ABS_NOM_VISA_FY,1.0.0/all?startPeriod=2015&format=csv",2026-08-25T07:40:28.773Z
2019,Temporary visa - Higher education sector,3,NOM departures,Victoria,13650,Persons,primary,"https://data.api.abs.gov.au/rest/data/ABS,ABS_NOM_VISA_FY,1.0.0/all?startPeriod=2015&format=csv",2026-08-25T07:40:28.773Z
2019,Temporary visa - Other temporary visas,8,NOM departures,Victoria,10560,Persons,primary,"https://data.api.abs.gov.au/rest/data/ABS,ABS_NOM_VISA_FY,1.0.0/all?startPeriod=2015&format=csv",2026-08-25T07:40:28.773Z
2019,Temporary visa - Student other,4,NOM departures,Victoria,2770,Persons,primary,"https://data.api.abs.gov.au/rest/data/ABS,ABS_NOM_VISA_FY,1.0.0/all?startPeriod=2015&format=csv",2026-08-25T07:40:28.773Z
2019,Temporary visa - Temporary work (skilled),5,NOM departures,Victoria,3650,Persons,primary,"https://data.api.abs.gov.au/rest/data/ABS,ABS_NOM_VISA_FY,1.0.0/all?startPeriod=2015&format=csv",2026-08-25T07:40:28.773Z
2019,Temporary visa - Total,1,NOM departures,Victoria,48790,Persons,primary,"https://data.api.abs.gov.au/rest/data/ABS,ABS_NOM_VISA_FY,1.0.0/all?startPeriod=2015&format=csv",2026-08-25T07:40:28.773Z
2019,Temporary visa - Visitor,6,NOM departures,Victoria,7560,Persons,primary,"https://data.api.abs.gov.au/rest/data/ABS,ABS_NOM_VISA_FY,1.0.0/all?startPeriod=2015&format=csv",2026-08-25T07:40:28.773Z
2019,Temporary visa - Vocational Education and Training sector,2,NOM departures,Victoria,4300,Persons,primary,"https://data.api.abs.gov.au/rest/data/ABS,ABS_NOM_VISA_FY,1.0.0/all?startPeriod=2015&format=csv",2026-08-25T07:40:28.773Z
2019,Temporary visa - Working Holiday,7,NOM departures,Victoria,6310,Persons,primary,"https://data.api.abs.gov.au/rest/data/ABS,ABS_NOM_VISA_FY,1.0.0/all?startPeriod=2015&format=csv",2026-08-25T07:40:28.773Z
2019,Total,16,NOM departures,Victoria,82840,Persons,primary,"https://data.api.abs.gov.au/rest/data/ABS,ABS_NOM_VISA_FY,1.0.0/all?startPeriod=2015&format=csv",2026-08-25T07:40:28.773Z
2019,Australian Citizen,14,NOM arrivals,Western Australia,8740,Persons,primary,"https://data.api.abs.gov.au/rest/data/ABS,ABS_NOM_VISA_FY,1.0.0/all?startPeriod=2015&format=csv",2026-08-25T07:40:28.773Z
2019,New Zealand Citizen (subclass 444),13,NOM arrivals,Western Australia,3230,Persons,primary,"https://data.api.abs.gov.au/rest/data/ABS,ABS_NOM_VISA_FY,1.0.0/all?startPeriod=2015&format=csv",2026-08-25T07:40:28.773Z
2019,Other Visas,17,NOM arrivals,Western Australia,400,Persons,primary,"https://data.api.abs.gov.au/rest/data/ABS,ABS_NOM_VISA_FY,1.0.0/all?startPeriod=2015&format=csv",2026-08-25T07:40:28.773Z
2019,Permanent visa - Family,10,NOM arrivals,Western Australia,2360,Persons,primary,"https://data.api.abs.gov.au/rest/data/ABS,ABS_NOM_VISA_FY,1.0.0/all?startPeriod=2015&format=csv",2026-08-25T07:40:28.773Z
2019,Permanent visa - Other permanent visas,15,NOM arrivals,Western Australia,1030,Persons,primary,"https://data.api.abs.gov.au/rest/data/ABS,ABS_NOM_VISA_FY,1.0.0/all?startPeriod=2015&format=csv",2026-08-25T07:40:28.773Z
2019,Permanent visa - Skill,11,NOM arrivals,Western Australia,2560,Persons,primary,"https://data.api.abs.gov.au/rest/data/ABS,ABS_NOM_VISA_FY,1.0.0/all?startPeriod=2015&format=csv",2026-08-25T07:40:28.773Z
2019,Permanent visa - Special Eligibility and humanitarian,12,NOM arrivals,Western Australia,650,Persons,primary,"https://data.api.abs.gov.au/rest/data/ABS,ABS_NOM_VISA_FY,1.0.0/all?startPeriod=2015&format=csv",2026-08-25T07:40:28.773Z
2019,Permanent visa - Total,9,NOM arrivals,Western Australia,6590,Persons,primary,"https://data.api.abs.gov.au/rest/data/ABS,ABS_NOM_VISA_FY,1.0.0/all?startPeriod=2015&format=csv",2026-08-25T07:40:28.773Z
2019,Temporary visa - Higher education sector,3,NOM arrivals,Western Australia,7710,Persons,primary,"https://data.api.abs.gov.au/rest/data/ABS,ABS_NOM_VISA_FY,1.0.0/all?startPeriod=2015&format=csv",2026-08-25T07:40:28.773Z
2019,Temporary visa - Other temporary visas,8,NOM arrivals,Western Australia,1130,Persons,primary,"https://data.api.abs.gov.au/rest/data/ABS,ABS_NOM_VISA_FY,1.0.0/all?startPeriod=2015&format=csv",2026-08-25T07:40:28.773Z
2019,Temporary visa - Student other,4,NOM arrivals,Western Australia,1820,Persons,primary,"https://data.api.abs.gov.au/rest/data/ABS,ABS_NOM_VISA_FY,1.0.0/all?startPeriod=2015&format=csv",2026-08-25T07:40:28.773Z
2019,Temporary visa - Temporary work (skilled),5,NOM arrivals,Western Australia,3200,Persons,primary,"https://data.api.abs.gov.au/rest/data/ABS,ABS_NOM_VISA_FY,1.0.0/all?startPeriod=2015&format=csv",2026-08-25T07:40:28.773Z
2019,Temporary visa - Total,1,NOM arrivals,Western Australia,29120,Persons,primary,"https://data.api.abs.gov.au/rest/data/ABS,ABS_NOM_VISA_FY,1.0.0/all?startPeriod=2015&format=csv",2026-08-25T07:40:28.773Z
2019,Temporary visa - Visitor,6,NOM arrivals,Western Australia,8530,Persons,primary,"https://data.api.abs.gov.au/rest/data/ABS,ABS_NOM_VISA_FY,1.0.0/all?startPeriod=2015&format=csv",2026-08-25T07:40:28.773Z
2019,Temporary visa - Vocational Education and Training sector,2,NOM arrivals,Western Australia,1170,Persons,primary,"https://data.api.abs.gov.au/rest/data/ABS,ABS_NOM_VISA_FY,1.0.0/all?startPeriod=2015&format=csv",2026-08-25T07:40:28.773Z
2019,Temporary visa - Working Holiday,7,NOM arrivals,Western Australia,5560,Persons,primary,"https://data.api.abs.gov.au/rest/data/ABS,ABS_NOM_VISA_FY,1.0.0/all?startPeriod=2015&format=csv",2026-08-25T07:40:28.773Z
2019,Total,16,NOM arrivals,Western Australia,48080,Persons,primary,"https://data.api.abs.gov.au/rest/data/ABS,ABS_NOM_VISA_FY,1.0.0/all?startPeriod=2015&format=csv",2026-08-25T07:40:28.773Z
2019,Australian Citizen,14,NOM departures,Western Australia,9320,Persons,primary,"https://data.api.abs.gov.au/rest/data/ABS,ABS_NOM_VISA_FY,1.0.0/all?startPeriod=2015&format=csv",2026-08-25T07:40:28.773Z
2019,New Zealand Citizen (subclass 444),13,NOM departures,Western Australia,3380,Persons,primary,"https://data.api.abs.gov.au/rest/data/ABS,ABS_NOM_VISA_FY,1.0.0/all?startPeriod=2015&format=csv",2026-08-25T07:40:28.773Z
2019,Other Visas,17,NOM departures,Western Australia,810,Persons,primary,"https://data.api.abs.gov.au/rest/data/ABS,ABS_NOM_VISA_FY,1.0.0/all?startPeriod=2015&format=csv",2026-08-25T07:40:28.773Z
2019,Permanent visa - Family,10,NOM departures,Western Australia,620,Persons,primary,"https://data.api.abs.gov.au/rest/data/ABS,ABS_NOM_VISA_FY,1.0.0/all?startPeriod=2015&format=csv",2026-08-25T07:40:28.773Z
2019,Permanent visa - Other permanent visas,15,NOM departures,Western Australia,1060,Persons,primary,"https://data.api.abs.gov.au/rest/data/ABS,ABS_NOM_VISA_FY,1.0.0/all?startPeriod=2015&format=csv",2026-08-25T07:40:28.773Z
2019,Permanent visa - Skill,11,NOM departures,Western Australia,860,Persons,primary,"https://data.api.abs.gov.au/rest/data/ABS,ABS_NOM_VISA_FY,1.0.0/all?startPeriod=2015&format=csv",2026-08-25T07:40:28.773Z
2019,Permanent visa - Special Eligibility and humanitarian,12,NOM departures,Western Australia,20,Persons,primary,"https://data.api.abs.gov.au/rest/data/ABS,ABS_NOM_VISA_FY,1.0.0/all?startPeriod=2015&format=csv",2026-08-25T07:40:28.773Z
2019,Permanent visa - Total,9,NOM departures,Western Australia,2550,Persons,primary,"https://data.api.abs.gov.au/rest/data/ABS,ABS_NOM_VISA_FY,1.0.0/all?startPeriod=2015&format=csv",2026-08-25T07:40:28.773Z
2019,Temporary visa - Higher education sector,3,NOM departures,Western Australia,2020,Persons,primary,"https://data.api.abs.gov.au/rest/data/ABS,ABS_NOM_VISA_FY,1.0.0/all?startPeriod=2015&format=csv",2026-08-25T07:40:28.773Z
2019,Temporary visa - Other temporary visas,8,NOM departures,Western Australia,3220,Persons,primary,"https://data.api.abs.gov.au/rest/data/ABS,ABS_NOM_VISA_FY,1.0.0/all?startPeriod=2015&format=csv",2026-08-25T07:40:28.773Z
2019,Temporary visa - Student other,4,NOM departures,Western Australia,750,Persons,primary,"https://data.api.abs.gov.au/rest/data/ABS,ABS_NOM_VISA_FY,1.0.0/all?startPeriod=2015&format=csv",2026-08-25T07:40:28.773Z
2019,Temporary visa - Temporary work (skilled),5,NOM departures,Western Australia,1880,Persons,primary,"https://data.api.abs.gov.au/rest/data/ABS,ABS_NOM_VISA_FY,1.0.0/all?startPeriod=2015&format=csv",2026-08-25T07:40:28.773Z
2019,Temporary visa - Total,1,NOM departures,Western Australia,14540,Persons,primary,"https://data.api.abs.gov.au/rest/data/ABS,ABS_NOM_VISA_FY,1.0.0/all?startPeriod=2015&format=csv",2026-08-25T07:40:28.773Z
2019,Temporary visa - Visitor,6,NOM departures,Western Australia,2610,Persons,primary,"https://data.api.abs.gov.au/rest/data/ABS,ABS_NOM_VISA_FY,1.0.0/all?startPeriod=2015&format=csv",2026-08-25T07:40:28.773Z
2019,Temporary visa - Vocational Education and Training sector,2,NOM departures,Western Australia,1160,Persons,primary,"https://data.api.abs.gov.au/rest/data/ABS,ABS_NOM_VISA_FY,1.0.0/all?startPeriod=2015&format=csv",2026-08-25T07:40:28.773Z
2019,Temporary visa - Working Holiday,7,NOM departures,Western Australia,2880,Persons,primary,"https://data.api.abs.gov.au/rest/data/ABS,ABS_NOM_VISA_FY,1.0.0/all?startPeriod=2015&format=csv",2026-08-25T07:40:28.773Z
2019,Total,16,NOM departures,Western Australia,30590,Persons,primary,"https://data.api.abs.gov.au/rest/data/ABS,ABS_NOM_VISA_FY,1.0.0/all?startPeriod=2015&format=csv",2026-08-25T07:40:28.773Z
2020,Australian Citizen,14,NOM arrivals,Australia,96410,Persons,primary,"https://data.api.abs.gov.au/rest/data/ABS,ABS_NOM_VISA_FY,1.0.0/all?startPeriod=2015&format=csv",2026-08-25T07:40:28.773Z
2020,New Zealand Citizen (subclass 444),13,NOM arrivals,Australia,22220,Persons,primary,"https://data.api.abs.gov.au/rest/data/ABS,ABS_NOM_VISA_FY,1.0.0/all?startPeriod=2015&format=csv",2026-08-25T07:40:28.773Z
2020,Other Visas,17,NOM arrivals,Australia,3670,Persons,primary,"https://data.api.abs.gov.au/rest/data/ABS,ABS_NOM_VISA_FY,1.0.0/all?startPeriod=2015&format=csv",2026-08-25T07:40:28.773Z
2020,Permanent visa - Family,10,NOM arrivals,Australia,20300,Persons,primary,"https://data.api.abs.gov.au/rest/data/ABS,ABS_NOM_VISA_FY,1.0.0/all?startPeriod=2015&format=csv",2026-08-25T07:40:28.773Z
2020,Permanent visa - Other permanent visas,15,NOM arrivals,Australia,10320,Persons,primary,"https://data.api.abs.gov.au/rest/data/ABS,ABS_NOM_VISA_FY,1.0.0/all?startPeriod=2015&format=csv",2026-08-25T07:40:28.773Z
2020,Permanent visa - Skill,11,NOM arrivals,Australia,27280,Persons,primary,"https://data.api.abs.gov.au/rest/data/ABS,ABS_NOM_VISA_FY,1.0.0/all?startPeriod=2015&format=csv",2026-08-25T07:40:28.773Z
2020,Permanent visa - Special Eligibility and humanitarian,12,NOM arrivals,Australia,13000,Persons,primary,"https://data.api.abs.gov.au/rest/data/ABS,ABS_NOM_VISA_FY,1.0.0/all?startPeriod=2015&format=csv",2026-08-25T07:40:28.773Z
2020,Permanent visa - Total,9,NOM arrivals,Australia,70890,Persons,primary,"https://data.api.abs.gov.au/rest/data/ABS,ABS_NOM_VISA_FY,1.0.0/all?startPeriod=2015&format=csv",2026-08-25T07:40:28.773Z
2020,Temporary visa - Higher education sector,3,NOM arrivals,Australia,75950,Persons,primary,"https://data.api.abs.gov.au/rest/data/ABS,ABS_NOM_VISA_FY,1.0.0/all?startPeriod=2015&format=csv",2026-08-25T07:40:28.773Z
2020,Temporary visa - Other temporary visas,8,NOM arrivals,Australia,18680,Persons,primary,"https://data.api.abs.gov.au/rest/data/ABS,ABS_NOM_VISA_FY,1.0.0/all?startPeriod=2015&format=csv",2026-08-25T07:40:28.773Z
2020,Temporary visa - Student other,4,NOM arrivals,Australia,23070,Persons,primary,"https://data.api.abs.gov.au/rest/data/ABS,ABS_NOM_VISA_FY,1.0.0/all?startPeriod=2015&format=csv",2026-08-25T07:40:28.773Z
2020,Temporary visa - Temporary work (skilled),5,NOM arrivals,Australia,22840,Persons,primary,"https://data.api.abs.gov.au/rest/data/ABS,ABS_NOM_VISA_FY,1.0.0/all?startPeriod=2015&format=csv",2026-08-25T07:40:28.773Z
2020,Temporary visa - Total,1,NOM arrivals,Australia,313660,Persons,primary,"https://data.api.abs.gov.au/rest/data/ABS,ABS_NOM_VISA_FY,1.0.0/all?startPeriod=2015&format=csv",2026-08-25T07:40:28.773Z
2020,Temporary visa - Visitor,6,NOM arrivals,Australia,117740,Persons,primary,"https://data.api.abs.gov.au/rest/data/ABS,ABS_NOM_VISA_FY,1.0.0/all?startPeriod=2015&format=csv",2026-08-25T07:40:28.773Z
2020,Temporary visa - Vocational Education and Training sector,2,NOM arrivals,Australia,11420,Persons,primary,"https://data.api.abs.gov.au/rest/data/ABS,ABS_NOM_VISA_FY,1.0.0/all?startPeriod=2015&format=csv",2026-08-25T07:40:28.773Z
2020,Temporary visa - Working Holiday,7,NOM arrivals,Australia,43950,Persons,primary,"https://data.api.abs.gov.au/rest/data/ABS,ABS_NOM_VISA_FY,1.0.0/all?startPeriod=2015&format=csv",2026-08-25T07:40:28.773Z
2020,Total,16,NOM arrivals,Australia,506850,Persons,primary,"https://data.api.abs.gov.au/rest/data/ABS,ABS_NOM_VISA_FY,1.0.0/all?startPeriod=2015&format=csv",2026-08-25T07:40:28.773Z
2020,Australian Citizen,14,NOM departures,Australia,60390,Persons,primary,"https://data.api.abs.gov.au/rest/data/ABS,ABS_NOM_VISA_FY,1.0.0/all?startPeriod=2015&format=csv",2026-08-25T07:40:28.773Z
2020,New Zealand Citizen (subclass 444),13,NOM departures,Australia,20850,Persons,primary,"https://data.api.abs.gov.au/rest/data/ABS,ABS_NOM_VISA_FY,1.0.0/all?startPeriod=2015&format=csv",2026-08-25T07:40:28.773Z
2020,Other Visas,17,NOM departures,Australia,11690,Persons,primary,"https://data.api.abs.gov.au/rest/data/ABS,ABS_NOM_VISA_FY,1.0.0/all?startPeriod=2015&format=csv",2026-08-25T07:40:28.773Z
2020,Permanent visa - Family,10,NOM departures,Australia,6380,Persons,primary,"https://data.api.abs.gov.au/rest/data/ABS,ABS_NOM_VISA_FY,1.0.0/all?startPeriod=2015&format=csv",2026-08-25T07:40:28.773Z
2020,Permanent visa - Other permanent visas,15,NOM departures,Australia,9410,Persons,primary,"https://data.api.abs.gov.au/rest/data/ABS,ABS_NOM_VISA_FY,1.0.0/all?startPeriod=2015&format=csv",2026-08-25T07:40:28.773Z
2020,Permanent visa - Skill,11,NOM departures,Australia,8500,Persons,primary,"https://data.api.abs.gov.au/rest/data/ABS,ABS_NOM_VISA_FY,1.0.0/all?startPeriod=2015&format=csv",2026-08-25T07:40:28.773Z
2020,Permanent visa - Special Eligibility and humanitarian,12,NOM departures,Australia,120,Persons,primary,"https://data.api.abs.gov.au/rest/data/ABS,ABS_NOM_VISA_FY,1.0.0/all?startPeriod=2015&format=csv",2026-08-25T07:40:28.773Z
2020,Permanent visa - Total,9,NOM departures,Australia,24410,Persons,primary,"https://data.api.abs.gov.au/rest/data/ABS,ABS_NOM_VISA_FY,1.0.0/all?startPeriod=2015&format=csv",2026-08-25T07:40:28.773Z
2020,Temporary visa - Higher education sector,3,NOM departures,Australia,66030,Persons,primary,"https://data.api.abs.gov.au/rest/data/ABS,ABS_NOM_VISA_FY,1.0.0/all?startPeriod=2015&format=csv",2026-08-25T07:40:28.773Z
2020,Temporary visa - Other temporary visas,8,NOM departures,Australia,39870,Persons,primary,"https://data.api.abs.gov.au/rest/data/ABS,ABS_NOM_VISA_FY,1.0.0/all?startPeriod=2015&format=csv",2026-08-25T07:40:28.773Z
2020,Temporary visa - Student other,4,NOM departures,Australia,12730,Persons,primary,"https://data.api.abs.gov.au/rest/data/ABS,ABS_NOM_VISA_FY,1.0.0/all?startPeriod=2015&format=csv",2026-08-25T07:40:28.773Z
2020,Temporary visa - Temporary work (skilled),5,NOM departures,Australia,13650,Persons,primary,"https://data.api.abs.gov.au/rest/data/ABS,ABS_NOM_VISA_FY,1.0.0/all?startPeriod=2015&format=csv",2026-08-25T07:40:28.773Z
2020,Temporary visa - Total,1,NOM departures,Australia,196830,Persons,primary,"https://data.api.abs.gov.au/rest/data/ABS,ABS_NOM_VISA_FY,1.0.0/all?startPeriod=2015&format=csv",2026-08-25T07:40:28.773Z
2020,Temporary visa - Visitor,6,NOM departures,Australia,16880,Persons,primary,"https://data.api.abs.gov.au/rest/data/ABS,ABS_NOM_VISA_FY,1.0.0/all?startPeriod=2015&format=csv",2026-08-25T07:40:28.773Z
2020,Temporary visa - Vocational Education and Training sector,2,NOM departures,Australia,22160,Persons,primary,"https://data.api.abs.gov.au/rest/data/ABS,ABS_NOM_VISA_FY,1.0.0/all?startPeriod=2015&format=csv",2026-08-25T07:40:28.773Z
2020,Temporary visa - Working Holiday,7,NOM departures,Australia,25520,Persons,primary,"https://data.api.abs.gov.au/rest/data/ABS,ABS_NOM_VISA_FY,1.0.0/all?startPeriod=2015&format=csv",2026-08-25T07:40:28.773Z
2020,Total,16,NOM departures,Australia,314160,Persons,primary,"https://data.api.abs.gov.au/rest/data/ABS,ABS_NOM_VISA_FY,1.0.0/all?startPeriod=2015&format=csv",2026-08-25T07:40:28.773Z
2020,Australian Citizen,14,NOM arrivals,Australian Capital Territory,2770,Persons,primary,"https://data.api.abs.gov.au/rest/data/ABS,ABS_NOM_VISA_FY,1.0.0/all?startPeriod=2015&format=csv",2026-08-25T07:40:28.773Z
2020,New Zealand Citizen (subclass 444),13,NOM arrivals,Australian Capital Territory,180,Persons,primary,"https://data.api.abs.gov.au/rest/data/ABS,ABS_NOM_VISA_FY,1.0.0/all?startPeriod=2015&format=csv",2026-08-25T07:40:28.773Z
2020,Other Visas,17,NOM arrivals,Australian Capital Territory,170,Persons,primary,"https://data.api.abs.gov.au/rest/data/ABS,ABS_NOM_VISA_FY,1.0.0/all?startPeriod=2015&format=csv",2026-08-25T07:40:28.773Z
2020,Permanent visa - Family,10,NOM arrivals,Australian Capital Territory,330,Persons,primary,"https://data.api.abs.gov.au/rest/data/ABS,ABS_NOM_VISA_FY,1.0.0/all?startPeriod=2015&format=csv",2026-08-25T07:40:28.773Z
2020,Permanent visa - Other permanent visas,15,NOM arrivals,Australian Capital Territory,120,Persons,primary,"https://data.api.abs.gov.au/rest/data/ABS,ABS_NOM_VISA_FY,1.0.0/all?startPeriod=2015&format=csv",2026-08-25T07:40:28.773Z
2020,Permanent visa - Skill,11,NOM arrivals,Australian Capital Territory,400,Persons,primary,"https://data.api.abs.gov.au/rest/data/ABS,ABS_NOM_VISA_FY,1.0.0/all?startPeriod=2015&format=csv",2026-08-25T07:40:28.773Z
2020,Permanent visa - Special Eligibility and humanitarian,12,NOM arrivals,Australian Capital Territory,170,Persons,primary,"https://data.api.abs.gov.au/rest/data/ABS,ABS_NOM_VISA_FY,1.0.0/all?startPeriod=2015&format=csv",2026-08-25T07:40:28.773Z
2020,Permanent visa - Total,9,NOM arrivals,Australian Capital Territory,1020,Persons,primary,"https://data.api.abs.gov.au/rest/data/ABS,ABS_NOM_VISA_FY,1.0.0/all?startPeriod=2015&format=csv",2026-08-25T07:40:28.773Z
2020,Temporary visa - Higher education sector,3,NOM arrivals,Australian Capital Territory,1530,Persons,primary,"https://data.api.abs.gov.au/rest/data/ABS,ABS_NOM_VISA_FY,1.0.0/all?startPeriod=2015&format=csv",2026-08-25T07:40:28.773Z
2020,Temporary visa - Other temporary visas,8,NOM arrivals,Australian Capital Territory,340,Persons,primary,"https://data.api.abs.gov.au/rest/data/ABS,ABS_NOM_VISA_FY,1.0.0/all?startPeriod=2015&format=csv",2026-08-25T07:40:28.773Z
2020,Temporary visa - Student other,4,NOM arrivals,Australian Capital Territory,520,Persons,primary,"https://data.api.abs.gov.au/rest/data/ABS,ABS_NOM_VISA_FY,1.0.0/all?startPeriod=2015&format=csv",2026-08-25T07:40:28.773Z
2020,Temporary visa - Temporary work (skilled),5,NOM arrivals,Australian Capital Territory,350,Persons,primary,"https://data.api.abs.gov.au/rest/data/ABS,ABS_NOM_VISA_FY,1.0.0/all?startPeriod=2015&format=csv",2026-08-25T07:40:28.773Z
2020,Temporary visa - Total,1,NOM arrivals,Australian Capital Territory,5240,Persons,primary,"https://data.api.abs.gov.au/rest/data/ABS,ABS_NOM_VISA_FY,1.0.0/all?startPeriod=2015&format=csv",2026-08-25T07:40:28.773Z
2020,Temporary visa - Visitor,6,NOM arrivals,Australian Capital Territory,2190,Persons,primary,"https://data.api.abs.gov.au/rest/data/ABS,ABS_NOM_VISA_FY,1.0.0/all?startPeriod=2015&format=csv",2026-08-25T07:40:28.773Z
2020,Temporary visa - Vocational Education and Training sector,2,NOM arrivals,Australian Capital Territory,120,Persons,primary,"https://data.api.abs.gov.au/rest/data/ABS,ABS_NOM_VISA_FY,1.0.0/all?startPeriod=2015&format=csv",2026-08-25T07:40:28.773Z
2020,Temporary visa - Working Holiday,7,NOM arrivals,Australian Capital Territory,190,Persons,primary,"https://data.api.abs.gov.au/rest/data/ABS,ABS_NOM_VISA_FY,1.0.0/all?startPeriod=2015&format=csv",2026-08-25T07:40:28.773Z
2020,Total,16,NOM arrivals,Australian Capital Territory,9380,Persons,primary,"https://data.api.abs.gov.au/rest/data/ABS,ABS_NOM_VISA_FY,1.0.0/all?startPeriod=2015&format=csv",2026-08-25T07:40:28.773Z
2020,Australian Citizen,14,NOM departures,Australian Capital Territory,1630,Persons,primary,"https://data.api.abs.gov.au/rest/data/ABS,ABS_NOM_VISA_FY,1.0.0/all?startPeriod=2015&format=csv",2026-08-25T07:40:28.773Z
2020,New Zealand Citizen (subclass 444),13,NOM departures,Australian Capital Territory,170,Persons,primary,"https://data.api.abs.gov.au/rest/data/ABS,ABS_NOM_VISA_FY,1.0.0/all?startPeriod=2015&format=csv",2026-08-25T07:40:28.773Z
2020,Other Visas,17,NOM departures,Australian Capital Territory,270,Persons,primary,"https://data.api.abs.gov.au/rest/data/ABS,ABS_NOM_VISA_FY,1.0.0/all?startPeriod=2015&format=csv",2026-08-25T07:40:28.773Z
2020,Permanent visa - Family,10,NOM departures,Australian Capital Territory,110,Persons,primary,"https://data.api.abs.gov.au/rest/data/ABS,ABS_NOM_VISA_FY,1.0.0/all?startPeriod=2015&format=csv",2026-08-25T07:40:28.773Z
2020,Permanent visa - Other permanent visas,15,NOM departures,Australian Capital Territory,120,Persons,primary,"https://data.api.abs.gov.au/rest/data/ABS,ABS_NOM_VISA_FY,1.0.0/all?startPeriod=2015&format=csv",2026-08-25T07:40:28.773Z
2020,Permanent visa - Skill,11,NOM departures,Australian Capital Territory,120,Persons,primary,"https://data.api.abs.gov.au/rest/data/ABS,ABS_NOM_VISA_FY,1.0.0/all?startPeriod=2015&format=csv",2026-08-25T07:40:28.773Z
2020,Permanent visa - Special Eligibility and humanitarian,12,NOM departures,Australian Capital Territory,10,Persons,primary,"https://data.api.abs.gov.au/rest/data/ABS,ABS_NOM_VISA_FY,1.0.0/all?startPeriod=2015&format=csv",2026-08-25T07:40:28.773Z
2020,Permanent visa - Total,9,NOM departures,Australian Capital Territory,360,Persons,primary,"https://data.api.abs.gov.au/rest/data/ABS,ABS_NOM_VISA_FY,1.0.0/all?startPeriod=2015&format=csv",2026-08-25T07:40:28.773Z
2020,Temporary visa - Higher education sector,3,NOM departures,Australian Capital Territory,2480,Persons,primary,"https://data.api.abs.gov.au/rest/data/ABS,ABS_NOM_VISA_FY,1.0.0/all?startPeriod=2015&format=csv",2026-08-25T07:40:28.773Z
2020,Temporary visa - Other temporary visas,8,NOM departures,Australian Capital Territory,910,Persons,primary,"https://data.api.abs.gov.au/rest/data/ABS,ABS_NOM_VISA_FY,1.0.0/all?startPeriod=2015&format=csv",2026-08-25T07:40:28.773Z
2020,Temporary visa - Student other,4,NOM departures,Australian Capital Territory,610,Persons,primary,"https://data.api.abs.gov.au/rest/data/ABS,ABS_NOM_VISA_FY,1.0.0/all?startPeriod=2015&format=csv",2026-08-25T07:40:28.773Z
2020,Temporary visa - Temporary work (skilled),5,NOM departures,Australian Capital Territory,150,Persons,primary,"https://data.api.abs.gov.au/rest/data/ABS,ABS_NOM_VISA_FY,1.0.0/all?startPeriod=2015&format=csv",2026-08-25T07:40:28.773Z
2020,Temporary visa - Total,1,NOM departures,Australian Capital Territory,4720,Persons,primary,"https://data.api.abs.gov.au/rest/data/ABS,ABS_NOM_VISA_FY,1.0.0/all?startPeriod=2015&format=csv",2026-08-25T07:40:28.773Z
2020,Temporary visa - Visitor,6,NOM departures,Australian Capital Territory,290,Persons,primary,"https://data.api.abs.gov.au/rest/data/ABS,ABS_NOM_VISA_FY,1.0.0/all?startPeriod=2015&format=csv",2026-08-25T07:40:28.773Z
2020,Temporary visa - Vocational Education and Training sector,2,NOM departures,Australian Capital Territory,180,Persons,primary,"https://data.api.abs.gov.au/rest/data/ABS,ABS_NOM_VISA_FY,1.0.0/all?startPeriod=2015&format=csv",2026-08-25T07:40:28.773Z
2020,Temporary visa - Working Holiday,7,NOM departures,Australian Capital Territory,100,Persons,primary,"https://data.api.abs.gov.au/rest/data/ABS,ABS_NOM_VISA_FY,1.0.0/all?startPeriod=2015&format=csv",2026-08-25T07:40:28.773Z
2020,Total,16,NOM departures,Australian Capital Territory,7140,Persons,primary,"https://data.api.abs.gov.au/rest/data/ABS,ABS_NOM_VISA_FY,1.0.0/all?startPeriod=2015&format=csv",2026-08-25T07:40:28.773Z
2020,Australian Citizen,14,NOM arrivals,New South Wales,33840,Persons,primary,"https://data.api.abs.gov.au/rest/data/ABS,ABS_NOM_VISA_FY,1.0.0/all?startPeriod=2015&format=csv",2026-08-25T07:40:28.773Z
2020,New Zealand Citizen (subclass 444),13,NOM arrivals,New South Wales,5110,Persons,primary,"https://data.api.abs.gov.au/rest/data/ABS,ABS_NOM_VISA_FY,1.0.0/all?startPeriod=2015&format=csv",2026-08-25T07:40:28.773Z
2020,Other Visas,17,NOM arrivals,New South Wales,740,Persons,primary,"https://data.api.abs.gov.au/rest/data/ABS,ABS_NOM_VISA_FY,1.0.0/all?startPeriod=2015&format=csv",2026-08-25T07:40:28.773Z
2020,Permanent visa - Family,10,NOM arrivals,New South Wales,7330,Persons,primary,"https://data.api.abs.gov.au/rest/data/ABS,ABS_NOM_VISA_FY,1.0.0/all?startPeriod=2015&format=csv",2026-08-25T07:40:28.773Z
2020,Permanent visa - Other permanent visas,15,NOM arrivals,New South Wales,3760,Persons,primary,"https://data.api.abs.gov.au/rest/data/ABS,ABS_NOM_VISA_FY,1.0.0/all?startPeriod=2015&format=csv",2026-08-25T07:40:28.773Z
2020,Permanent visa - Skill,11,NOM arrivals,New South Wales,9290,Persons,primary,"https://data.api.abs.gov.au/rest/data/ABS,ABS_NOM_VISA_FY,1.0.0/all?startPeriod=2015&format=csv",2026-08-25T07:40:28.773Z
2020,Permanent visa - Special Eligibility and humanitarian,12,NOM arrivals,New South Wales,5290,Persons,primary,"https://data.api.abs.gov.au/rest/data/ABS,ABS_NOM_VISA_FY,1.0.0/all?startPeriod=2015&format=csv",2026-08-25T07:40:28.773Z
2020,Permanent visa - Total,9,NOM arrivals,New South Wales,25670,Persons,primary,"https://data.api.abs.gov.au/rest/data/ABS,ABS_NOM_VISA_FY,1.0.0/all?startPeriod=2015&format=csv",2026-08-25T07:40:28.773Z
2020,Temporary visa - Higher education sector,3,NOM arrivals,New South Wales,24240,Persons,primary,"https://data.api.abs.gov.au/rest/data/ABS,ABS_NOM_VISA_FY,1.0.0/all?startPeriod=2015&format=csv",2026-08-25T07:40:28.773Z
2020,Temporary visa - Other temporary visas,8,NOM arrivals,New South Wales,4880,Persons,primary,"https://data.api.abs.gov.au/rest/data/ABS,ABS_NOM_VISA_FY,1.0.0/all?startPeriod=2015&format=csv",2026-08-25T07:40:28.773Z
2020,Temporary visa - Student other,4,NOM arrivals,New South Wales,7600,Persons,primary,"https://data.api.abs.gov.au/rest/data/ABS,ABS_NOM_VISA_FY,1.0.0/all?startPeriod=2015&format=csv",2026-08-25T07:40:28.773Z
2020,Temporary visa - Temporary work (skilled),5,NOM arrivals,New South Wales,9430,Persons,primary,"https://data.api.abs.gov.au/rest/data/ABS,ABS_NOM_VISA_FY,1.0.0/all?startPeriod=2015&format=csv",2026-08-25T07:40:28.773Z
2020,Temporary visa - Total,1,NOM arrivals,New South Wales,107060,Persons,primary,"https://data.api.abs.gov.au/rest/data/ABS,ABS_NOM_VISA_FY,1.0.0/all?startPeriod=2015&format=csv",2026-08-25T07:40:28.773Z
2020,Temporary visa - Visitor,6,NOM arrivals,New South Wales,40660,Persons,primary,"https://data.api.abs.gov.au/rest/data/ABS,ABS_NOM_VISA_FY,1.0.0/all?startPeriod=2015&format=csv",2026-08-25T07:40:28.773Z
2020,Temporary visa - Vocational Education and Training sector,2,NOM arrivals,New South Wales,4360,Persons,primary,"https://data.api.abs.gov.au/rest/data/ABS,ABS_NOM_VISA_FY,1.0.0/all?startPeriod=2015&format=csv",2026-08-25T07:40:28.773Z
2020,Temporary visa - Working Holiday,7,NOM arrivals,New South Wales,15890,Persons,primary,"https://data.api.abs.gov.au/rest/data/ABS,ABS_NOM_VISA_FY,1.0.0/all?startPeriod=2015&format=csv",2026-08-25T07:40:28.773Z
2020,Total,16,NOM arrivals,New South Wales,172430,Persons,primary,"https://data.api.abs.gov.au/rest/data/ABS,ABS_NOM_VISA_FY,1.0.0/all?startPeriod=2015&format=csv",2026-08-25T07:40:28.773Z
2020,Australian Citizen,14,NOM departures,New South Wales,21380,Persons,primary,"https://data.api.abs.gov.au/rest/data/ABS,ABS_NOM_VISA_FY,1.0.0/all?startPeriod=2015&format=csv",2026-08-25T07:40:28.773Z
2020,New Zealand Citizen (subclass 444),13,NOM departures,New South Wales,5070,Persons,primary,"https://data.api.abs.gov.au/rest/data/ABS,ABS_NOM_VISA_FY,1.0.0/all?startPeriod=2015&format=csv",2026-08-25T07:40:28.773Z
2020,Other Visas,17,NOM departures,New South Wales,2740,Persons,primary,"https://data.api.abs.gov.au/rest/data/ABS,ABS_NOM_VISA_FY,1.0.0/all?startPeriod=2015&format=csv",2026-08-25T07:40:28.773Z
2020,Permanent visa - Family,10,NOM departures,New South Wales,2520,Persons,primary,"https://data.api.abs.gov.au/rest/data/ABS,ABS_NOM_VISA_FY,1.0.0/all?startPeriod=2015&format=csv",2026-08-25T07:40:28.773Z
2020,Permanent visa - Other permanent visas,15,NOM departures,New South Wales,3520,Persons,primary,"https://data.api.abs.gov.au/rest/data/ABS,ABS_NOM_VISA_FY,1.0.0/all?startPeriod=2015&format=csv",2026-08-25T07:40:28.773Z
2020,Permanent visa - Skill,11,NOM departures,New South Wales,2820,Persons,primary,"https://data.api.abs.gov.au/rest/data/ABS,ABS_NOM_VISA_FY,1.0.0/all?startPeriod=2015&format=csv",2026-08-25T07:40:28.773Z
2020,Permanent visa - Special Eligibility and humanitarian,12,NOM departures,New South Wales,50,Persons,primary,"https://data.api.abs.gov.au/rest/data/ABS,ABS_NOM_VISA_FY,1.0.0/all?startPeriod=2015&format=csv",2026-08-25T07:40:28.773Z
2020,Permanent visa - Total,9,NOM departures,New South Wales,8910,Persons,primary,"https://data.api.abs.gov.au/rest/data/ABS,ABS_NOM_VISA_FY,1.0.0/all?startPeriod=2015&format=csv",2026-08-25T07:40:28.773Z
2020,Temporary visa - Higher education sector,3,NOM departures,New South Wales,25420,Persons,primary,"https://data.api.abs.gov.au/rest/data/ABS,ABS_NOM_VISA_FY,1.0.0/all?startPeriod=2015&format=csv",2026-08-25T07:40:28.773Z
2020,Temporary visa - Other temporary visas,8,NOM departures,New South Wales,14910,Persons,primary,"https://data.api.abs.gov.au/rest/data/ABS,ABS_NOM_VISA_FY,1.0.0/all?startPeriod=2015&format=csv",2026-08-25T07:40:28.773Z
2020,Temporary visa - Student other,4,NOM departures,New South Wales,3900,Persons,primary,"https://data.api.abs.gov.au/rest/data/ABS,ABS_NOM_VISA_FY,1.0.0/all?startPeriod=2015&format=csv",2026-08-25T07:40:28.773Z
2020,Temporary visa - Temporary work (skilled),5,NOM departures,New South Wales,6640,Persons,primary,"https://data.api.abs.gov.au/rest/data/ABS,ABS_NOM_VISA_FY,1.0.0/all?startPeriod=2015&format=csv",2026-08-25T07:40:28.773Z
2020,Temporary visa - Total,1,NOM departures,New South Wales,76450,Persons,primary,"https://data.api.abs.gov.au/rest/data/ABS,ABS_NOM_VISA_FY,1.0.0/all?startPeriod=2015&format=csv",2026-08-25T07:40:28.773Z
2020,Temporary visa - Visitor,6,NOM departures,New South Wales,6280,Persons,primary,"https://data.api.abs.gov.au/rest/data/ABS,ABS_NOM_VISA_FY,1.0.0/all?startPeriod=2015&format=csv",2026-08-25T07:40:28.773Z
2020,Temporary visa - Vocational Education and Training sector,2,NOM departures,New South Wales,10660,Persons,primary,"https://data.api.abs.gov.au/rest/data/ABS,ABS_NOM_VISA_FY,1.0.0/all?startPeriod=2015&format=csv",2026-08-25T07:40:28.773Z
2020,Temporary visa - Working Holiday,7,NOM departures,New South Wales,8630,Persons,primary,"https://data.api.abs.gov.au/rest/data/ABS,ABS_NOM_VISA_FY,1.0.0/all?startPeriod=2015&format=csv",2026-08-25T07:40:28.773Z
2020,Total,16,NOM departures,New South Wales,114540,Persons,primary,"https://data.api.abs.gov.au/rest/data/ABS,ABS_NOM_VISA_FY,1.0.0/all?startPeriod=2015&format=csv",2026-08-25T07:40:28.773Z
2020,Australian Citizen,14,NOM arrivals,Northern Territory,620,Persons,primary,"https://data.api.abs.gov.au/rest/data/ABS,ABS_NOM_VISA_FY,1.0.0/all?startPeriod=2015&format=csv",2026-08-25T07:40:28.773Z
2020,New Zealand Citizen (subclass 444),13,NOM arrivals,Northern Territory,180,Persons,primary,"https://data.api.abs.gov.au/rest/data/ABS,ABS_NOM_VISA_FY,1.0.0/all?startPeriod=2015&format=csv",2026-08-25T07:40:28.773Z
2020,Other Visas,17,NOM arrivals,Northern Territory,360,Persons,primary,"https://data.api.abs.gov.au/rest/data/ABS,ABS_NOM_VISA_FY,1.0.0/all?startPeriod=2015&format=csv",2026-08-25T07:40:28.773Z
2020,Permanent visa - Family,10,NOM arrivals,Northern Territory,130,Persons,primary,"https://data.api.abs.gov.au/rest/data/ABS,ABS_NOM_VISA_FY,1.0.0/all?startPeriod=2015&format=csv",2026-08-25T07:40:28.773Z
2020,Permanent visa - Other permanent visas,15,NOM arrivals,Northern Territory,30,Persons,primary,"https://data.api.abs.gov.au/rest/data/ABS,ABS_NOM_VISA_FY,1.0.0/all?startPeriod=2015&format=csv",2026-08-25T07:40:28.773Z
2020,Permanent visa - Skill,11,NOM arrivals,Northern Territory,340,Persons,primary,"https://data.api.abs.gov.au/rest/data/ABS,ABS_NOM_VISA_FY,1.0.0/all?startPeriod=2015&format=csv",2026-08-25T07:40:28.773Z
2020,Permanent visa - Special Eligibility and humanitarian,12,NOM arrivals,Northern Territory,60,Persons,primary,"https://data.api.abs.gov.au/rest/data/ABS,ABS_NOM_VISA_FY,1.0.0/all?startPeriod=2015&format=csv",2026-08-25T07:40:28.773Z
2020,Permanent visa - Total,9,NOM arrivals,Northern Territory,550,Persons,primary,"https://data.api.abs.gov.au/rest/data/ABS,ABS_NOM_VISA_FY,1.0.0/all?startPeriod=2015&format=csv",2026-08-25T07:40:28.773Z
2020,Temporary visa - Higher education sector,3,NOM arrivals,Northern Territory,250,Persons,primary,"https://data.api.abs.gov.au/rest/data/ABS,ABS_NOM_VISA_FY,1.0.0/all?startPeriod=2015&format=csv",2026-08-25T07:40:28.773Z
2020,Temporary visa - Other temporary visas,8,NOM arrivals,Northern Territory,330,Persons,primary,"https://data.api.abs.gov.au/rest/data/ABS,ABS_NOM_VISA_FY,1.0.0/all?startPeriod=2015&format=csv",2026-08-25T07:40:28.773Z
2020,Temporary visa - Student other,4,NOM arrivals,Northern Territory,70,Persons,primary,"https://data.api.abs.gov.au/rest/data/ABS,ABS_NOM_VISA_FY,1.0.0/all?startPeriod=2015&format=csv",2026-08-25T07:40:28.773Z
2020,Temporary visa - Temporary work (skilled),5,NOM arrivals,Northern Territory,180,Persons,primary,"https://data.api.abs.gov.au/rest/data/ABS,ABS_NOM_VISA_FY,1.0.0/all?startPeriod=2015&format=csv",2026-08-25T07:40:28.773Z
2020,Temporary visa - Total,1,NOM arrivals,Northern Territory,2420,Persons,primary,"https://data.api.abs.gov.au/rest/data/ABS,ABS_NOM_VISA_FY,1.0.0/all?startPeriod=2015&format=csv",2026-08-25T07:40:28.773Z
2020,Temporary visa - Visitor,6,NOM arrivals,Northern Territory,1060,Persons,primary,"https://data.api.abs.gov.au/rest/data/ABS,ABS_NOM_VISA_FY,1.0.0/all?startPeriod=2015&format=csv",2026-08-25T07:40:28.773Z
2020,Temporary visa - Vocational Education and Training sector,2,NOM arrivals,Northern Territory,60,Persons,primary,"https://data.api.abs.gov.au/rest/data/ABS,ABS_NOM_VISA_FY,1.0.0/all?startPeriod=2015&format=csv",2026-08-25T07:40:28.773Z
2020,Temporary visa - Working Holiday,7,NOM arrivals,Northern Territory,480,Persons,primary,"https://data.api.abs.gov.au/rest/data/ABS,ABS_NOM_VISA_FY,1.0.0/all?startPeriod=2015&format=csv",2026-08-25T07:40:28.773Z
2020,Total,16,NOM arrivals,Northern Territory,4120,Persons,primary,"https://data.api.abs.gov.au/rest/data/ABS,ABS_NOM_VISA_FY,1.0.0/all?startPeriod=2015&format=csv",2026-08-25T07:40:28.773Z
2020,Australian Citizen,14,NOM departures,Northern Territory,720,Persons,primary,"https://data.api.abs.gov.au/rest/data/ABS,ABS_NOM_VISA_FY,1.0.0/all?startPeriod=2015&format=csv",2026-08-25T07:40:28.773Z
2020,New Zealand Citizen (subclass 444),13,NOM departures,Northern Territory,250,Persons,primary,"https://data.api.abs.gov.au/rest/data/ABS,ABS_NOM_VISA_FY,1.0.0/all?startPeriod=2015&format=csv",2026-08-25T07:40:28.773Z
2020,Other Visas,17,NOM departures,Northern Territory,1360,Persons,primary,"https://data.api.abs.gov.au/rest/data/ABS,ABS_NOM_VISA_FY,1.0.0/all?startPeriod=2015&format=csv",2026-08-25T07:40:28.773Z
2020,Permanent visa - Family,10,NOM departures,Northern Territory,40,Persons,primary,"https://data.api.abs.gov.au/rest/data/ABS,ABS_NOM_VISA_FY,1.0.0/all?startPeriod=2015&format=csv",2026-08-25T07:40:28.773Z
2020,Permanent visa - Other permanent visas,15,NOM departures,Northern Territory,90,Persons,primary,"https://data.api.abs.gov.au/rest/data/ABS,ABS_NOM_VISA_FY,1.0.0/all?startPeriod=2015&format=csv",2026-08-25T07:40:28.773Z
2020,Permanent visa - Skill,11,NOM departures,Northern Territory,120,Persons,primary,"https://data.api.abs.gov.au/rest/data/ABS,ABS_NOM_VISA_FY,1.0.0/all?startPeriod=2015&format=csv",2026-08-25T07:40:28.773Z
2020,Permanent visa - Special Eligibility and humanitarian,12,NOM departures,Northern Territory,0,Persons,primary,"https://data.api.abs.gov.au/rest/data/ABS,ABS_NOM_VISA_FY,1.0.0/all?startPeriod=2015&format=csv",2026-08-25T07:40:28.773Z
2020,Permanent visa - Total,9,NOM departures,Northern Territory,250,Persons,primary,"https://data.api.abs.gov.au/rest/data/ABS,ABS_NOM_VISA_FY,1.0.0/all?startPeriod=2015&format=csv",2026-08-25T07:40:28.773Z
2020,Temporary visa - Higher education sector,3,NOM departures,Northern Territory,50,Persons,primary,"https://data.api.abs.gov.au/rest/data/ABS,ABS_NOM_VISA_FY,1.0.0/all?startPeriod=2015&format=csv",2026-08-25T07:40:28.773Z
2020,Temporary visa - Other temporary visas,8,NOM departures,Northern Territory,350,Persons,primary,"https://data.api.abs.gov.au/rest/data/ABS,ABS_NOM_VISA_FY,1.0.0/all?startPeriod=2015&format=csv",2026-08-25T07:40:28.773Z
2020,Temporary visa - Student other,4,NOM departures,Northern Territory,30,Persons,primary,"https://data.api.abs.gov.au/rest/data/ABS,ABS_NOM_VISA_FY,1.0.0/all?startPeriod=2015&format=csv",2026-08-25T07:40:28.773Z
2020,Temporary visa - Temporary work (skilled),5,NOM departures,Northern Territory,150,Persons,primary,"https://data.api.abs.gov.au/rest/data/ABS,ABS_NOM_VISA_FY,1.0.0/all?startPeriod=2015&format=csv",2026-08-25T07:40:28.773Z
2020,Temporary visa - Total,1,NOM departures,Northern Territory,1250,Persons,primary,"https://data.api.abs.gov.au/rest/data/ABS,ABS_NOM_VISA_FY,1.0.0/all?startPeriod=2015&format=csv",2026-08-25T07:40:28.773Z
2020,Temporary visa - Visitor,6,NOM departures,Northern Territory,150,Persons,primary,"https://data.api.abs.gov.au/rest/data/ABS,ABS_NOM_VISA_FY,1.0.0/all?startPeriod=2015&format=csv",2026-08-25T07:40:28.773Z
2020,Temporary visa - Vocational Education and Training sector,2,NOM departures,Northern Territory,50,Persons,primary,"https://data.api.abs.gov.au/rest/data/ABS,ABS_NOM_VISA_FY,1.0.0/all?startPeriod=2015&format=csv",2026-08-25T07:40:28.773Z
2020,Temporary visa - Working Holiday,7,NOM departures,Northern Territory,470,Persons,primary,"https://data.api.abs.gov.au/rest/data/ABS,ABS_NOM_VISA_FY,1.0.0/all?startPeriod=2015&format=csv",2026-08-25T07:40:28.773Z
2020,Total,16,NOM departures,Northern Territory,3840,Persons,primary,"https://data.api.abs.gov.au/rest/data/ABS,ABS_NOM_VISA_FY,1.0.0/all?startPeriod=2015&format=csv",2026-08-25T07:40:28.773Z
2020,Australian Citizen,14,NOM arrivals,Queensland,19250,Persons,primary,"https://data.api.abs.gov.au/rest/data/ABS,ABS_NOM_VISA_FY,1.0.0/all?startPeriod=2015&format=csv",2026-08-25T07:40:28.773Z
2020,New Zealand Citizen (subclass 444),13,NOM arrivals,Queensland,7400,Persons,primary,"https://data.api.abs.gov.au/rest/data/ABS,ABS_NOM_VISA_FY,1.0.0/all?startPeriod=2015&format=csv",2026-08-25T07:40:28.773Z
2020,Other Visas,17,NOM arrivals,Queensland,1490,Persons,primary,"https://data.api.abs.gov.au/rest/data/ABS,ABS_NOM_VISA_FY,1.0.0/all?startPeriod=2015&format=csv",2026-08-25T07:40:28.773Z
2020,Permanent visa - Family,10,NOM arrivals,Queensland,2470,Persons,primary,"https://data.api.abs.gov.au/rest/data/ABS,ABS_NOM_VISA_FY,1.0.0/all?startPeriod=2015&format=csv",2026-08-25T07:40:28.773Z
2020,Permanent visa - Other permanent visas,15,NOM arrivals,Queensland,1250,Persons,primary,"https://data.api.abs.gov.au/rest/data/ABS,ABS_NOM_VISA_FY,1.0.0/all?startPeriod=2015&format=csv",2026-08-25T07:40:28.773Z
2020,Permanent visa - Skill,11,NOM arrivals,Queensland,3240,Persons,primary,"https://data.api.abs.gov.au/rest/data/ABS,ABS_NOM_VISA_FY,1.0.0/all?startPeriod=2015&format=csv",2026-08-25T07:40:28.773Z
2020,Permanent visa - Special Eligibility and humanitarian,12,NOM arrivals,Queensland,1920,Persons,primary,"https://data.api.abs.gov.au/rest/data/ABS,ABS_NOM_VISA_FY,1.0.0/all?startPeriod=2015&format=csv",2026-08-25T07:40:28.773Z
2020,Permanent visa - Total,9,NOM arrivals,Queensland,8870,Persons,primary,"https://data.api.abs.gov.au/rest/data/ABS,ABS_NOM_VISA_FY,1.0.0/all?startPeriod=2015&format=csv",2026-08-25T07:40:28.773Z
2020,Temporary visa - Higher education sector,3,NOM arrivals,Queensland,9710,Persons,primary,"https://data.api.abs.gov.au/rest/data/ABS,ABS_NOM_VISA_FY,1.0.0/all?startPeriod=2015&format=csv",2026-08-25T07:40:28.773Z
2020,Temporary visa - Other temporary visas,8,NOM arrivals,Queensland,3170,Persons,primary,"https://data.api.abs.gov.au/rest/data/ABS,ABS_NOM_VISA_FY,1.0.0/all?startPeriod=2015&format=csv",2026-08-25T07:40:28.773Z
2020,Temporary visa - Student other,4,NOM arrivals,Queensland,5260,Persons,primary,"https://data.api.abs.gov.au/rest/data/ABS,ABS_NOM_VISA_FY,1.0.0/all?startPeriod=2015&format=csv",2026-08-25T07:40:28.773Z
2020,Temporary visa - Temporary work (skilled),5,NOM arrivals,Queensland,3390,Persons,primary,"https://data.api.abs.gov.au/rest/data/ABS,ABS_NOM_VISA_FY,1.0.0/all?startPeriod=2015&format=csv",2026-08-25T07:40:28.773Z
2020,Temporary visa - Total,1,NOM arrivals,Queensland,48570,Persons,primary,"https://data.api.abs.gov.au/rest/data/ABS,ABS_NOM_VISA_FY,1.0.0/all?startPeriod=2015&format=csv",2026-08-25T07:40:28.773Z
2020,Temporary visa - Visitor,6,NOM arrivals,Queensland,16420,Persons,primary,"https://data.api.abs.gov.au/rest/data/ABS,ABS_NOM_VISA_FY,1.0.0/all?startPeriod=2015&format=csv",2026-08-25T07:40:28.773Z
2020,Temporary visa - Vocational Education and Training sector,2,NOM arrivals,Queensland,2250,Persons,primary,"https://data.api.abs.gov.au/rest/data/ABS,ABS_NOM_VISA_FY,1.0.0/all?startPeriod=2015&format=csv",2026-08-25T07:40:28.773Z
2020,Temporary visa - Working Holiday,7,NOM arrivals,Queensland,8370,Persons,primary,"https://data.api.abs.gov.au/rest/data/ABS,ABS_NOM_VISA_FY,1.0.0/all?startPeriod=2015&format=csv",2026-08-25T07:40:28.773Z
2020,Total,16,NOM arrivals,Queensland,85590,Persons,primary,"https://data.api.abs.gov.au/rest/data/ABS,ABS_NOM_VISA_FY,1.0.0/all?startPeriod=2015&format=csv",2026-08-25T07:40:28.773Z
2020,Australian Citizen,14,NOM departures,Queensland,11210,Persons,primary,"https://data.api.abs.gov.au/rest/data/ABS,ABS_NOM_VISA_FY,1.0.0/all?startPeriod=2015&format=csv",2026-08-25T07:40:28.773Z
2020,New Zealand Citizen (subclass 444),13,NOM departures,Queensland,7140,Persons,primary,"https://data.api.abs.gov.au/rest/data/ABS,ABS_NOM_VISA_FY,1.0.0/all?startPeriod=2015&format=csv",2026-08-25T07:40:28.773Z
2020,Other Visas,17,NOM departures,Queensland,5110,Persons,primary,"https://data.api.abs.gov.au/rest/data/ABS,ABS_NOM_VISA_FY,1.0.0/all?startPeriod=2015&format=csv",2026-08-25T07:40:28.773Z
2020,Permanent visa - Family,10,NOM departures,Queensland,930,Persons,primary,"https://data.api.abs.gov.au/rest/data/ABS,ABS_NOM_VISA_FY,1.0.0/all?startPeriod=2015&format=csv",2026-08-25T07:40:28.773Z
2020,Permanent visa - Other permanent visas,15,NOM departures,Queensland,1290,Persons,primary,"https://data.api.abs.gov.au/rest/data/ABS,ABS_NOM_VISA_FY,1.0.0/all?startPeriod=2015&format=csv",2026-08-25T07:40:28.773Z
2020,Permanent visa - Skill,11,NOM departures,Queensland,910,Persons,primary,"https://data.api.abs.gov.au/rest/data/ABS,ABS_NOM_VISA_FY,1.0.0/all?startPeriod=2015&format=csv",2026-08-25T07:40:28.773Z
2020,Permanent visa - Special Eligibility and humanitarian,12,NOM departures,Queensland,20,Persons,primary,"https://data.api.abs.gov.au/rest/data/ABS,ABS_NOM_VISA_FY,1.0.0/all?startPeriod=2015&format=csv",2026-08-25T07:40:28.773Z
2020,Permanent visa - Total,9,NOM departures,Queensland,3160,Persons,primary,"https://data.api.abs.gov.au/rest/data/ABS,ABS_NOM_VISA_FY,1.0.0/all?startPeriod=2015&format=csv",2026-08-25T07:40:28.773Z
2020,Temporary visa - Higher education sector,3,NOM departures,Queensland,9010,Persons,primary,"https://data.api.abs.gov.au/rest/data/ABS,ABS_NOM_VISA_FY,1.0.0/all?startPeriod=2015&format=csv",2026-08-25T07:40:28.773Z
2020,Temporary visa - Other temporary visas,8,NOM departures,Queensland,5370,Persons,primary,"https://data.api.abs.gov.au/rest/data/ABS,ABS_NOM_VISA_FY,1.0.0/all?startPeriod=2015&format=csv",2026-08-25T07:40:28.773Z
2020,Temporary visa - Student other,4,NOM departures,Queensland,2400,Persons,primary,"https://data.api.abs.gov.au/rest/data/ABS,ABS_NOM_VISA_FY,1.0.0/all?startPeriod=2015&format=csv",2026-08-25T07:40:28.773Z
2020,Temporary visa - Temporary work (skilled),5,NOM departures,Queensland,1400,Persons,primary,"https://data.api.abs.gov.au/rest/data/ABS,ABS_NOM_VISA_FY,1.0.0/all?startPeriod=2015&format=csv",2026-08-25T07:40:28.773Z
2020,Temporary visa - Total,1,NOM departures,Queensland,31010,Persons,primary,"https://data.api.abs.gov.au/rest/data/ABS,ABS_NOM_VISA_FY,1.0.0/all?startPeriod=2015&format=csv",2026-08-25T07:40:28.773Z
2020,Temporary visa - Visitor,6,NOM departures,Queensland,3020,Persons,primary,"https://data.api.abs.gov.au/rest/data/ABS,ABS_NOM_VISA_FY,1.0.0/all?startPeriod=2015&format=csv",2026-08-25T07:40:28.773Z
2020,Temporary visa - Vocational Education and Training sector,2,NOM departures,Queensland,3950,Persons,primary,"https://data.api.abs.gov.au/rest/data/ABS,ABS_NOM_VISA_FY,1.0.0/all?startPeriod=2015&format=csv",2026-08-25T07:40:28.773Z
2020,Temporary visa - Working Holiday,7,NOM departures,Queensland,5860,Persons,primary,"https://data.api.abs.gov.au/rest/data/ABS,ABS_NOM_VISA_FY,1.0.0/all?startPeriod=2015&format=csv",2026-08-25T07:40:28.773Z
2020,Total,16,NOM departures,Queensland,57620,Persons,primary,"https://data.api.abs.gov.au/rest/data/ABS,ABS_NOM_VISA_FY,1.0.0/all?startPeriod=2015&format=csv",2026-08-25T07:40:28.773Z
2020,Australian Citizen,14,NOM arrivals,South Australia,4690,Persons,primary,"https://data.api.abs.gov.au/rest/data/ABS,ABS_NOM_VISA_FY,1.0.0/all?startPeriod=2015&format=csv",2026-08-25T07:40:28.773Z
2020,New Zealand Citizen (subclass 444),13,NOM arrivals,South Australia,410,Persons,primary,"https://data.api.abs.gov.au/rest/data/ABS,ABS_NOM_VISA_FY,1.0.0/all?startPeriod=2015&format=csv",2026-08-25T07:40:28.773Z
2020,Other Visas,17,NOM arrivals,South Australia,90,Persons,primary,"https://data.api.abs.gov.au/rest/data/ABS,ABS_NOM_VISA_FY,1.0.0/all?startPeriod=2015&format=csv",2026-08-25T07:40:28.773Z
2020,Permanent visa - Family,10,NOM arrivals,South Australia,1230,Persons,primary,"https://data.api.abs.gov.au/rest/data/ABS,ABS_NOM_VISA_FY,1.0.0/all?startPeriod=2015&format=csv",2026-08-25T07:40:28.773Z
2020,Permanent visa - Other permanent visas,15,NOM arrivals,South Australia,400,Persons,primary,"https://data.api.abs.gov.au/rest/data/ABS,ABS_NOM_VISA_FY,1.0.0/all?startPeriod=2015&format=csv",2026-08-25T07:40:28.773Z
2020,Permanent visa - Skill,11,NOM arrivals,South Australia,3340,Persons,primary,"https://data.api.abs.gov.au/rest/data/ABS,ABS_NOM_VISA_FY,1.0.0/all?startPeriod=2015&format=csv",2026-08-25T07:40:28.773Z
2020,Permanent visa - Special Eligibility and humanitarian,12,NOM arrivals,South Australia,960,Persons,primary,"https://data.api.abs.gov.au/rest/data/ABS,ABS_NOM_VISA_FY,1.0.0/all?startPeriod=2015&format=csv",2026-08-25T07:40:28.773Z
2020,Permanent visa - Total,9,NOM arrivals,South Australia,5930,Persons,primary,"https://data.api.abs.gov.au/rest/data/ABS,ABS_NOM_VISA_FY,1.0.0/all?startPeriod=2015&format=csv",2026-08-25T07:40:28.773Z
2020,Temporary visa - Higher education sector,3,NOM arrivals,South Australia,5800,Persons,primary,"https://data.api.abs.gov.au/rest/data/ABS,ABS_NOM_VISA_FY,1.0.0/all?startPeriod=2015&format=csv",2026-08-25T07:40:28.773Z
2020,Temporary visa - Other temporary visas,8,NOM arrivals,South Australia,1080,Persons,primary,"https://data.api.abs.gov.au/rest/data/ABS,ABS_NOM_VISA_FY,1.0.0/all?startPeriod=2015&format=csv",2026-08-25T07:40:28.773Z
2020,Temporary visa - Student other,4,NOM arrivals,South Australia,1330,Persons,primary,"https://data.api.abs.gov.au/rest/data/ABS,ABS_NOM_VISA_FY,1.0.0/all?startPeriod=2015&format=csv",2026-08-25T07:40:28.773Z
2020,Temporary visa - Temporary work (skilled),5,NOM arrivals,South Australia,720,Persons,primary,"https://data.api.abs.gov.au/rest/data/ABS,ABS_NOM_VISA_FY,1.0.0/all?startPeriod=2015&format=csv",2026-08-25T07:40:28.773Z
2020,Temporary visa - Total,1,NOM arrivals,South Australia,16610,Persons,primary,"https://data.api.abs.gov.au/rest/data/ABS,ABS_NOM_VISA_FY,1.0.0/all?startPeriod=2015&format=csv",2026-08-25T07:40:28.773Z
2020,Temporary visa - Visitor,6,NOM arrivals,South Australia,6050,Persons,primary,"https://data.api.abs.gov.au/rest/data/ABS,ABS_NOM_VISA_FY,1.0.0/all?startPeriod=2015&format=csv",2026-08-25T07:40:28.773Z
2020,Temporary visa - Vocational Education and Training sector,2,NOM arrivals,South Australia,570,Persons,primary,"https://data.api.abs.gov.au/rest/data/ABS,ABS_NOM_VISA_FY,1.0.0/all?startPeriod=2015&format=csv",2026-08-25T07:40:28.773Z
2020,Temporary visa - Working Holiday,7,NOM arrivals,South Australia,1050,Persons,primary,"https://data.api.abs.gov.au/rest/data/ABS,ABS_NOM_VISA_FY,1.0.0/all?startPeriod=2015&format=csv",2026-08-25T07:40:28.773Z
2020,Total,16,NOM arrivals,South Australia,27740,Persons,primary,"https://data.api.abs.gov.au/rest/data/ABS,ABS_NOM_VISA_FY,1.0.0/all?startPeriod=2015&format=csv",2026-08-25T07:40:28.773Z
2020,Australian Citizen,14,NOM departures,South Australia,2640,Persons,primary,"https://data.api.abs.gov.au/rest/data/ABS,ABS_NOM_VISA_FY,1.0.0/all?startPeriod=2015&format=csv",2026-08-25T07:40:28.773Z
2020,New Zealand Citizen (subclass 444),13,NOM departures,South Australia,380,Persons,primary,"https://data.api.abs.gov.au/rest/data/ABS,ABS_NOM_VISA_FY,1.0.0/all?startPeriod=2015&format=csv",2026-08-25T07:40:28.773Z
2020,Other Visas,17,NOM departures,South Australia,330,Persons,primary,"https://data.api.abs.gov.au/rest/data/ABS,ABS_NOM_VISA_FY,1.0.0/all?startPeriod=2015&format=csv",2026-08-25T07:40:28.773Z
2020,Permanent visa - Family,10,NOM departures,South Australia,240,Persons,primary,"https://data.api.abs.gov.au/rest/data/ABS,ABS_NOM_VISA_FY,1.0.0/all?startPeriod=2015&format=csv",2026-08-25T07:40:28.773Z
2020,Permanent visa - Other permanent visas,15,NOM departures,South Australia,370,Persons,primary,"https://data.api.abs.gov.au/rest/data/ABS,ABS_NOM_VISA_FY,1.0.0/all?startPeriod=2015&format=csv",2026-08-25T07:40:28.773Z
2020,Permanent visa - Skill,11,NOM departures,South Australia,510,Persons,primary,"https://data.api.abs.gov.au/rest/data/ABS,ABS_NOM_VISA_FY,1.0.0/all?startPeriod=2015&format=csv",2026-08-25T07:40:28.773Z
2020,Permanent visa - Special Eligibility and humanitarian,12,NOM departures,South Australia,10,Persons,primary,"https://data.api.abs.gov.au/rest/data/ABS,ABS_NOM_VISA_FY,1.0.0/all?startPeriod=2015&format=csv",2026-08-25T07:40:28.773Z
2020,Permanent visa - Total,9,NOM departures,South Australia,1120,Persons,primary,"https://data.api.abs.gov.au/rest/data/ABS,ABS_NOM_VISA_FY,1.0.0/all?startPeriod=2015&format=csv",2026-08-25T07:40:28.773Z
2020,Temporary visa - Higher education sector,3,NOM departures,South Australia,3880,Persons,primary,"https://data.api.abs.gov.au/rest/data/ABS,ABS_NOM_VISA_FY,1.0.0/all?startPeriod=2015&format=csv",2026-08-25T07:40:28.773Z
2020,Temporary visa - Other temporary visas,8,NOM departures,South Australia,1550,Persons,primary,"https://data.api.abs.gov.au/rest/data/ABS,ABS_NOM_VISA_FY,1.0.0/all?startPeriod=2015&format=csv",2026-08-25T07:40:28.773Z
2020,Temporary visa - Student other,4,NOM departures,South Australia,900,Persons,primary,"https://data.api.abs.gov.au/rest/data/ABS,ABS_NOM_VISA_FY,1.0.0/all?startPeriod=2015&format=csv",2026-08-25T07:40:28.773Z
2020,Temporary visa - Temporary work (skilled),5,NOM departures,South Australia,410,Persons,primary,"https://data.api.abs.gov.au/rest/data/ABS,ABS_NOM_VISA_FY,1.0.0/all?startPeriod=2015&format=csv",2026-08-25T07:40:28.773Z
2020,Temporary visa - Total,1,NOM departures,South Australia,8340,Persons,primary,"https://data.api.abs.gov.au/rest/data/ABS,ABS_NOM_VISA_FY,1.0.0/all?startPeriod=2015&format=csv",2026-08-25T07:40:28.773Z
2020,Temporary visa - Visitor,6,NOM departures,South Australia,610,Persons,primary,"https://data.api.abs.gov.au/rest/data/ABS,ABS_NOM_VISA_FY,1.0.0/all?startPeriod=2015&format=csv",2026-08-25T07:40:28.773Z
2020,Temporary visa - Vocational Education and Training sector,2,NOM departures,South Australia,480,Persons,primary,"https://data.api.abs.gov.au/rest/data/ABS,ABS_NOM_VISA_FY,1.0.0/all?startPeriod=2015&format=csv",2026-08-25T07:40:28.773Z
2020,Temporary visa - Working Holiday,7,NOM departures,South Australia,510,Persons,primary,"https://data.api.abs.gov.au/rest/data/ABS,ABS_NOM_VISA_FY,1.0.0/all?startPeriod=2015&format=csv",2026-08-25T07:40:28.773Z
2020,Total,16,NOM departures,South Australia,12810,Persons,primary,"https://data.api.abs.gov.au/rest/data/ABS,ABS_NOM_VISA_FY,1.0.0/all?startPeriod=2015&format=csv",2026-08-25T07:40:28.773Z
2020,Australian Citizen,14,NOM arrivals,Tasmania,1210,Persons,primary,"https://data.api.abs.gov.au/rest/data/ABS,ABS_NOM_VISA_FY,1.0.0/all?startPeriod=2015&format=csv",2026-08-25T07:40:28.773Z
2020,New Zealand Citizen (subclass 444),13,NOM arrivals,Tasmania,140,Persons,primary,"https://data.api.abs.gov.au/rest/data/ABS,ABS_NOM_VISA_FY,1.0.0/all?startPeriod=2015&format=csv",2026-08-25T07:40:28.773Z
2020,Other Visas,17,NOM arrivals,Tasmania,40,Persons,primary,"https://data.api.abs.gov.au/rest/data/ABS,ABS_NOM_VISA_FY,1.0.0/all?startPeriod=2015&format=csv",2026-08-25T07:40:28.773Z
2020,Permanent visa - Family,10,NOM arrivals,Tasmania,130,Persons,primary,"https://data.api.abs.gov.au/rest/data/ABS,ABS_NOM_VISA_FY,1.0.0/all?startPeriod=2015&format=csv",2026-08-25T07:40:28.773Z
2020,Permanent visa - Other permanent visas,15,NOM arrivals,Tasmania,60,Persons,primary,"https://data.api.abs.gov.au/rest/data/ABS,ABS_NOM_VISA_FY,1.0.0/all?startPeriod=2015&format=csv",2026-08-25T07:40:28.773Z
2020,Permanent visa - Skill,11,NOM arrivals,Tasmania,450,Persons,primary,"https://data.api.abs.gov.au/rest/data/ABS,ABS_NOM_VISA_FY,1.0.0/all?startPeriod=2015&format=csv",2026-08-25T07:40:28.773Z
2020,Permanent visa - Special Eligibility and humanitarian,12,NOM arrivals,Tasmania,420,Persons,primary,"https://data.api.abs.gov.au/rest/data/ABS,ABS_NOM_VISA_FY,1.0.0/all?startPeriod=2015&format=csv",2026-08-25T07:40:28.773Z
2020,Permanent visa - Total,9,NOM arrivals,Tasmania,1060,Persons,primary,"https://data.api.abs.gov.au/rest/data/ABS,ABS_NOM_VISA_FY,1.0.0/all?startPeriod=2015&format=csv",2026-08-25T07:40:28.773Z
2020,Temporary visa - Higher education sector,3,NOM arrivals,Tasmania,830,Persons,primary,"https://data.api.abs.gov.au/rest/data/ABS,ABS_NOM_VISA_FY,1.0.0/all?startPeriod=2015&format=csv",2026-08-25T07:40:28.773Z
2020,Temporary visa - Other temporary visas,8,NOM arrivals,Tasmania,1350,Persons,primary,"https://data.api.abs.gov.au/rest/data/ABS,ABS_NOM_VISA_FY,1.0.0/all?startPeriod=2015&format=csv",2026-08-25T07:40:28.773Z
2020,Temporary visa - Student other,4,NOM arrivals,Tasmania,200,Persons,primary,"https://data.api.abs.gov.au/rest/data/ABS,ABS_NOM_VISA_FY,1.0.0/all?startPeriod=2015&format=csv",2026-08-25T07:40:28.773Z
2020,Temporary visa - Temporary work (skilled),5,NOM arrivals,Tasmania,130,Persons,primary,"https://data.api.abs.gov.au/rest/data/ABS,ABS_NOM_VISA_FY,1.0.0/all?startPeriod=2015&format=csv",2026-08-25T07:40:28.773Z
2020,Temporary visa - Total,1,NOM arrivals,Tasmania,4070,Persons,primary,"https://data.api.abs.gov.au/rest/data/ABS,ABS_NOM_VISA_FY,1.0.0/all?startPeriod=2015&format=csv",2026-08-25T07:40:28.773Z
2020,Temporary visa - Visitor,6,NOM arrivals,Tasmania,1080,Persons,primary,"https://data.api.abs.gov.au/rest/data/ABS,ABS_NOM_VISA_FY,1.0.0/all?startPeriod=2015&format=csv",2026-08-25T07:40:28.773Z
2020,Temporary visa - Vocational Education and Training sector,2,NOM arrivals,Tasmania,110,Persons,primary,"https://data.api.abs.gov.au/rest/data/ABS,ABS_NOM_VISA_FY,1.0.0/all?startPeriod=2015&format=csv",2026-08-25T07:40:28.773Z
2020,Temporary visa - Working Holiday,7,NOM arrivals,Tasmania,380,Persons,primary,"https://data.api.abs.gov.au/rest/data/ABS,ABS_NOM_VISA_FY,1.0.0/all?startPeriod=2015&format=csv",2026-08-25T07:40:28.773Z
2020,Total,16,NOM arrivals,Tasmania,6510,Persons,primary,"https://data.api.abs.gov.au/rest/data/ABS,ABS_NOM_VISA_FY,1.0.0/all?startPeriod=2015&format=csv",2026-08-25T07:40:28.773Z
2020,Australian Citizen,14,NOM departures,Tasmania,500,Persons,primary,"https://data.api.abs.gov.au/rest/data/ABS,ABS_NOM_VISA_FY,1.0.0/all?startPeriod=2015&format=csv",2026-08-25T07:40:28.773Z
2020,New Zealand Citizen (subclass 444),13,NOM departures,Tasmania,110,Persons,primary,"https://data.api.abs.gov.au/rest/data/ABS,ABS_NOM_VISA_FY,1.0.0/all?startPeriod=2015&format=csv",2026-08-25T07:40:28.773Z
2020,Other Visas,17,NOM departures,Tasmania,90,Persons,primary,"https://data.api.abs.gov.au/rest/data/ABS,ABS_NOM_VISA_FY,1.0.0/all?startPeriod=2015&format=csv",2026-08-25T07:40:28.773Z
2020,Permanent visa - Family,10,NOM departures,Tasmania,30,Persons,primary,"https://data.api.abs.gov.au/rest/data/ABS,ABS_NOM_VISA_FY,1.0.0/all?startPeriod=2015&format=csv",2026-08-25T07:40:28.773Z
2020,Permanent visa - Other permanent visas,15,NOM departures,Tasmania,50,Persons,primary,"https://data.api.abs.gov.au/rest/data/ABS,ABS_NOM_VISA_FY,1.0.0/all?startPeriod=2015&format=csv",2026-08-25T07:40:28.773Z
2020,Permanent visa - Skill,11,NOM departures,Tasmania,230,Persons,primary,"https://data.api.abs.gov.au/rest/data/ABS,ABS_NOM_VISA_FY,1.0.0/all?startPeriod=2015&format=csv",2026-08-25T07:40:28.773Z
2020,Permanent visa - Special Eligibility and humanitarian,12,NOM departures,Tasmania,0,Persons,primary,"https://data.api.abs.gov.au/rest/data/ABS,ABS_NOM_VISA_FY,1.0.0/all?startPeriod=2015&format=csv",2026-08-25T07:40:28.773Z
2020,Permanent visa - Total,9,NOM departures,Tasmania,320,Persons,primary,"https://data.api.abs.gov.au/rest/data/ABS,ABS_NOM_VISA_FY,1.0.0/all?startPeriod=2015&format=csv",2026-08-25T07:40:28.773Z
2020,Temporary visa - Higher education sector,3,NOM departures,Tasmania,690,Persons,primary,"https://data.api.abs.gov.au/rest/data/ABS,ABS_NOM_VISA_FY,1.0.0/all?startPeriod=2015&format=csv",2026-08-25T07:40:28.773Z
2020,Temporary visa - Other temporary visas,8,NOM departures,Tasmania,420,Persons,primary,"https://data.api.abs.gov.au/rest/data/ABS,ABS_NOM_VISA_FY,1.0.0/all?startPeriod=2015&format=csv",2026-08-25T07:40:28.773Z
2020,Temporary visa - Student other,4,NOM departures,Tasmania,180,Persons,primary,"https://data.api.abs.gov.au/rest/data/ABS,ABS_NOM_VISA_FY,1.0.0/all?startPeriod=2015&format=csv",2026-08-25T07:40:28.773Z
2020,Temporary visa - Temporary work (skilled),5,NOM departures,Tasmania,30,Persons,primary,"https://data.api.abs.gov.au/rest/data/ABS,ABS_NOM_VISA_FY,1.0.0/all?startPeriod=2015&format=csv",2026-08-25T07:40:28.773Z
2020,Temporary visa - Total,1,NOM departures,Tasmania,1860,Persons,primary,"https://data.api.abs.gov.au/rest/data/ABS,ABS_NOM_VISA_FY,1.0.0/all?startPeriod=2015&format=csv",2026-08-25T07:40:28.773Z
2020,Temporary visa - Visitor,6,NOM departures,Tasmania,130,Persons,primary,"https://data.api.abs.gov.au/rest/data/ABS,ABS_NOM_VISA_FY,1.0.0/all?startPeriod=2015&format=csv",2026-08-25T07:40:28.773Z
2020,Temporary visa - Vocational Education and Training sector,2,NOM departures,Tasmania,120,Persons,primary,"https://data.api.abs.gov.au/rest/data/ABS,ABS_NOM_VISA_FY,1.0.0/all?startPeriod=2015&format=csv",2026-08-25T07:40:28.773Z
2020,Temporary visa - Working Holiday,7,NOM departures,Tasmania,290,Persons,primary,"https://data.api.abs.gov.au/rest/data/ABS,ABS_NOM_VISA_FY,1.0.0/all?startPeriod=2015&format=csv",2026-08-25T07:40:28.773Z
2020,Total,16,NOM departures,Tasmania,2870,Persons,primary,"https://data.api.abs.gov.au/rest/data/ABS,ABS_NOM_VISA_FY,1.0.0/all?startPeriod=2015&format=csv",2026-08-25T07:40:28.773Z
2020,Australian Citizen,14,NOM arrivals,Victoria,23150,Persons,primary,"https://data.api.abs.gov.au/rest/data/ABS,ABS_NOM_VISA_FY,1.0.0/all?startPeriod=2015&format=csv",2026-08-25T07:40:28.773Z
2020,New Zealand Citizen (subclass 444),13,NOM arrivals,Victoria,6270,Persons,primary,"https://data.api.abs.gov.au/rest/data/ABS,ABS_NOM_VISA_FY,1.0.0/all?startPeriod=2015&format=csv",2026-08-25T07:40:28.773Z
2020,Other Visas,17,NOM arrivals,Victoria,450,Persons,primary,"https://data.api.abs.gov.au/rest/data/ABS,ABS_NOM_VISA_FY,1.0.0/all?startPeriod=2015&format=csv",2026-08-25T07:40:28.773Z
2020,Permanent visa - Family,10,NOM arrivals,Victoria,6620,Persons,primary,"https://data.api.abs.gov.au/rest/data/ABS,ABS_NOM_VISA_FY,1.0.0/all?startPeriod=2015&format=csv",2026-08-25T07:40:28.773Z
2020,Permanent visa - Other permanent visas,15,NOM arrivals,Victoria,3100,Persons,primary,"https://data.api.abs.gov.au/rest/data/ABS,ABS_NOM_VISA_FY,1.0.0/all?startPeriod=2015&format=csv",2026-08-25T07:40:28.773Z
2020,Permanent visa - Skill,11,NOM arrivals,Victoria,8420,Persons,primary,"https://data.api.abs.gov.au/rest/data/ABS,ABS_NOM_VISA_FY,1.0.0/all?startPeriod=2015&format=csv",2026-08-25T07:40:28.773Z
2020,Permanent visa - Special Eligibility and humanitarian,12,NOM arrivals,Victoria,3650,Persons,primary,"https://data.api.abs.gov.au/rest/data/ABS,ABS_NOM_VISA_FY,1.0.0/all?startPeriod=2015&format=csv",2026-08-25T07:40:28.773Z
2020,Permanent visa - Total,9,NOM arrivals,Victoria,21780,Persons,primary,"https://data.api.abs.gov.au/rest/data/ABS,ABS_NOM_VISA_FY,1.0.0/all?startPeriod=2015&format=csv",2026-08-25T07:40:28.773Z
2020,Temporary visa - Higher education sector,3,NOM arrivals,Victoria,27390,Persons,primary,"https://data.api.abs.gov.au/rest/data/ABS,ABS_NOM_VISA_FY,1.0.0/all?startPeriod=2015&format=csv",2026-08-25T07:40:28.773Z
2020,Temporary visa - Other temporary visas,8,NOM arrivals,Victoria,6040,Persons,primary,"https://data.api.abs.gov.au/rest/data/ABS,ABS_NOM_VISA_FY,1.0.0/all?startPeriod=2015&format=csv",2026-08-25T07:40:28.773Z
2020,Temporary visa - Student other,4,NOM arrivals,Victoria,6670,Persons,primary,"https://data.api.abs.gov.au/rest/data/ABS,ABS_NOM_VISA_FY,1.0.0/all?startPeriod=2015&format=csv",2026-08-25T07:40:28.773Z
2020,Temporary visa - Temporary work (skilled),5,NOM arrivals,Victoria,5850,Persons,primary,"https://data.api.abs.gov.au/rest/data/ABS,ABS_NOM_VISA_FY,1.0.0/all?startPeriod=2015&format=csv",2026-08-25T07:40:28.773Z
2020,Temporary visa - Total,1,NOM arrivals,Victoria,98990,Persons,primary,"https://data.api.abs.gov.au/rest/data/ABS,ABS_NOM_VISA_FY,1.0.0/all?startPeriod=2015&format=csv",2026-08-25T07:40:28.773Z
2020,Temporary visa - Visitor,6,NOM arrivals,Victoria,38240,Persons,primary,"https://data.api.abs.gov.au/rest/data/ABS,ABS_NOM_VISA_FY,1.0.0/all?startPeriod=2015&format=csv",2026-08-25T07:40:28.773Z
2020,Temporary visa - Vocational Education and Training sector,2,NOM arrivals,Victoria,3080,Persons,primary,"https://data.api.abs.gov.au/rest/data/ABS,ABS_NOM_VISA_FY,1.0.0/all?startPeriod=2015&format=csv",2026-08-25T07:40:28.773Z
2020,Temporary visa - Working Holiday,7,NOM arrivals,Victoria,11720,Persons,primary,"https://data.api.abs.gov.au/rest/data/ABS,ABS_NOM_VISA_FY,1.0.0/all?startPeriod=2015&format=csv",2026-08-25T07:40:28.773Z
2020,Total,16,NOM arrivals,Victoria,150640,Persons,primary,"https://data.api.abs.gov.au/rest/data/ABS,ABS_NOM_VISA_FY,1.0.0/all?startPeriod=2015&format=csv",2026-08-25T07:40:28.773Z
2020,Australian Citizen,14,NOM departures,Victoria,15950,Persons,primary,"https://data.api.abs.gov.au/rest/data/ABS,ABS_NOM_VISA_FY,1.0.0/all?startPeriod=2015&format=csv",2026-08-25T07:40:28.773Z
2020,New Zealand Citizen (subclass 444),13,NOM departures,Victoria,4900,Persons,primary,"https://data.api.abs.gov.au/rest/data/ABS,ABS_NOM_VISA_FY,1.0.0/all?startPeriod=2015&format=csv",2026-08-25T07:40:28.773Z
2020,Other Visas,17,NOM departures,Victoria,1080,Persons,primary,"https://data.api.abs.gov.au/rest/data/ABS,ABS_NOM_VISA_FY,1.0.0/all?startPeriod=2015&format=csv",2026-08-25T07:40:28.773Z
2020,Permanent visa - Family,10,NOM departures,Victoria,1900,Persons,primary,"https://data.api.abs.gov.au/rest/data/ABS,ABS_NOM_VISA_FY,1.0.0/all?startPeriod=2015&format=csv",2026-08-25T07:40:28.773Z
2020,Permanent visa - Other permanent visas,15,NOM departures,Victoria,2940,Persons,primary,"https://data.api.abs.gov.au/rest/data/ABS,ABS_NOM_VISA_FY,1.0.0/all?startPeriod=2015&format=csv",2026-08-25T07:40:28.773Z
2020,Permanent visa - Skill,11,NOM departures,Victoria,3090,Persons,primary,"https://data.api.abs.gov.au/rest/data/ABS,ABS_NOM_VISA_FY,1.0.0/all?startPeriod=2015&format=csv",2026-08-25T07:40:28.773Z
2020,Permanent visa - Special Eligibility and humanitarian,12,NOM departures,Victoria,40,Persons,primary,"https://data.api.abs.gov.au/rest/data/ABS,ABS_NOM_VISA_FY,1.0.0/all?startPeriod=2015&format=csv",2026-08-25T07:40:28.773Z
2020,Permanent visa - Total,9,NOM departures,Victoria,7970,Persons,primary,"https://data.api.abs.gov.au/rest/data/ABS,ABS_NOM_VISA_FY,1.0.0/all?startPeriod=2015&format=csv",2026-08-25T07:40:28.773Z
2020,Temporary visa - Higher education sector,3,NOM departures,Victoria,22140,Persons,primary,"https://data.api.abs.gov.au/rest/data/ABS,ABS_NOM_VISA_FY,1.0.0/all?startPeriod=2015&format=csv",2026-08-25T07:40:28.773Z
2020,Temporary visa - Other temporary visas,8,NOM departures,Victoria,13270,Persons,primary,"https://data.api.abs.gov.au/rest/data/ABS,ABS_NOM_VISA_FY,1.0.0/all?startPeriod=2015&format=csv",2026-08-25T07:40:28.773Z
2020,Temporary visa - Student other,4,NOM departures,Victoria,3870,Persons,primary,"https://data.api.abs.gov.au/rest/data/ABS,ABS_NOM_VISA_FY,1.0.0/all?startPeriod=2015&format=csv",2026-08-25T07:40:28.773Z
2020,Temporary visa - Temporary work (skilled),5,NOM departures,Victoria,3460,Persons,primary,"https://data.api.abs.gov.au/rest/data/ABS,ABS_NOM_VISA_FY,1.0.0/all?startPeriod=2015&format=csv",2026-08-25T07:40:28.773Z
2020,Temporary visa - Total,1,NOM departures,Victoria,60180,Persons,primary,"https://data.api.abs.gov.au/rest/data/ABS,ABS_NOM_VISA_FY,1.0.0/all?startPeriod=2015&format=csv",2026-08-25T07:40:28.773Z
2020,Temporary visa - Visitor,6,NOM departures,Victoria,4850,Persons,primary,"https://data.api.abs.gov.au/rest/data/ABS,ABS_NOM_VISA_FY,1.0.0/all?startPeriod=2015&format=csv",2026-08-25T07:40:28.773Z
2020,Temporary visa - Vocational Education and Training sector,2,NOM departures,Victoria,5770,Persons,primary,"https://data.api.abs.gov.au/rest/data/ABS,ABS_NOM_VISA_FY,1.0.0/all?startPeriod=2015&format=csv",2026-08-25T07:40:28.773Z
2020,Temporary visa - Working Holiday,7,NOM departures,Victoria,6820,Persons,primary,"https://data.api.abs.gov.au/rest/data/ABS,ABS_NOM_VISA_FY,1.0.0/all?startPeriod=2015&format=csv",2026-08-25T07:40:28.773Z
2020,Total,16,NOM departures,Victoria,90070,Persons,primary,"https://data.api.abs.gov.au/rest/data/ABS,ABS_NOM_VISA_FY,1.0.0/all?startPeriod=2015&format=csv",2026-08-25T07:40:28.773Z
2020,Australian Citizen,14,NOM arrivals,Western Australia,10860,Persons,primary,"https://data.api.abs.gov.au/rest/data/ABS,ABS_NOM_VISA_FY,1.0.0/all?startPeriod=2015&format=csv",2026-08-25T07:40:28.773Z
2020,New Zealand Citizen (subclass 444),13,NOM arrivals,Western Australia,2530,Persons,primary,"https://data.api.abs.gov.au/rest/data/ABS,ABS_NOM_VISA_FY,1.0.0/all?startPeriod=2015&format=csv",2026-08-25T07:40:28.773Z
2020,Other Visas,17,NOM arrivals,Western Australia,340,Persons,primary,"https://data.api.abs.gov.au/rest/data/ABS,ABS_NOM_VISA_FY,1.0.0/all?startPeriod=2015&format=csv",2026-08-25T07:40:28.773Z
2020,Permanent visa - Family,10,NOM arrivals,Western Australia,2060,Persons,primary,"https://data.api.abs.gov.au/rest/data/ABS,ABS_NOM_VISA_FY,1.0.0/all?startPeriod=2015&format=csv",2026-08-25T07:40:28.773Z
2020,Permanent visa - Other permanent visas,15,NOM arrivals,Western Australia,1600,Persons,primary,"https://data.api.abs.gov.au/rest/data/ABS,ABS_NOM_VISA_FY,1.0.0/all?startPeriod=2015&format=csv",2026-08-25T07:40:28.773Z
2020,Permanent visa - Skill,11,NOM arrivals,Western Australia,1800,Persons,primary,"https://data.api.abs.gov.au/rest/data/ABS,ABS_NOM_VISA_FY,1.0.0/all?startPeriod=2015&format=csv",2026-08-25T07:40:28.773Z
2020,Permanent visa - Special Eligibility and humanitarian,12,NOM arrivals,Western Australia,540,Persons,primary,"https://data.api.abs.gov.au/rest/data/ABS,ABS_NOM_VISA_FY,1.0.0/all?startPeriod=2015&format=csv",2026-08-25T07:40:28.773Z
2020,Permanent visa - Total,9,NOM arrivals,Western Australia,6000,Persons,primary,"https://data.api.abs.gov.au/rest/data/ABS,ABS_NOM_VISA_FY,1.0.0/all?startPeriod=2015&format=csv",2026-08-25T07:40:28.773Z
2020,Temporary visa - Higher education sector,3,NOM arrivals,Western Australia,6210,Persons,primary,"https://data.api.abs.gov.au/rest/data/ABS,ABS_NOM_VISA_FY,1.0.0/all?startPeriod=2015&format=csv",2026-08-25T07:40:28.773Z
2020,Temporary visa - Other temporary visas,8,NOM arrivals,Western Australia,1490,Persons,primary,"https://data.api.abs.gov.au/rest/data/ABS,ABS_NOM_VISA_FY,1.0.0/all?startPeriod=2015&format=csv",2026-08-25T07:40:28.773Z
2020,Temporary visa - Student other,4,NOM arrivals,Western Australia,1420,Persons,primary,"https://data.api.abs.gov.au/rest/data/ABS,ABS_NOM_VISA_FY,1.0.0/all?startPeriod=2015&format=csv",2026-08-25T07:40:28.773Z
2020,Temporary visa - Temporary work (skilled),5,NOM arrivals,Western Australia,2790,Persons,primary,"https://data.api.abs.gov.au/rest/data/ABS,ABS_NOM_VISA_FY,1.0.0/all?startPeriod=2015&format=csv",2026-08-25T07:40:28.773Z
2020,Temporary visa - Total,1,NOM arrivals,Western Australia,30680,Persons,primary,"https://data.api.abs.gov.au/rest/data/ABS,ABS_NOM_VISA_FY,1.0.0/all?startPeriod=2015&format=csv",2026-08-25T07:40:28.773Z
2020,Temporary visa - Visitor,6,NOM arrivals,Western Australia,12050,Persons,primary,"https://data.api.abs.gov.au/rest/data/ABS,ABS_NOM_VISA_FY,1.0.0/all?startPeriod=2015&format=csv",2026-08-25T07:40:28.773Z
2020,Temporary visa - Vocational Education and Training sector,2,NOM arrivals,Western Australia,860,Persons,primary,"https://data.api.abs.gov.au/rest/data/ABS,ABS_NOM_VISA_FY,1.0.0/all?startPeriod=2015&format=csv",2026-08-25T07:40:28.773Z
2020,Temporary visa - Working Holiday,7,NOM arrivals,Western Australia,5870,Persons,primary,"https://data.api.abs.gov.au/rest/data/ABS,ABS_NOM_VISA_FY,1.0.0/all?startPeriod=2015&format=csv",2026-08-25T07:40:28.773Z
2020,Total,16,NOM arrivals,Western Australia,50400,Persons,primary,"https://data.api.abs.gov.au/rest/data/ABS,ABS_NOM_VISA_FY,1.0.0/all?startPeriod=2015&format=csv",2026-08-25T07:40:28.773Z
2020,Australian Citizen,14,NOM departures,Western Australia,6350,Persons,primary,"https://data.api.abs.gov.au/rest/data/ABS,ABS_NOM_VISA_FY,1.0.0/all?startPeriod=2015&format=csv",2026-08-25T07:40:28.773Z
2020,New Zealand Citizen (subclass 444),13,NOM departures,Western Australia,2810,Persons,primary,"https://data.api.abs.gov.au/rest/data/ABS,ABS_NOM_VISA_FY,1.0.0/all?startPeriod=2015&format=csv",2026-08-25T07:40:28.773Z
2020,Other Visas,17,NOM departures,Western Australia,720,Persons,primary,"https://data.api.abs.gov.au/rest/data/ABS,ABS_NOM_VISA_FY,1.0.0/all?startPeriod=2015&format=csv",2026-08-25T07:40:28.773Z
2020,Permanent visa - Family,10,NOM departures,Western Australia,600,Persons,primary,"https://data.api.abs.gov.au/rest/data/ABS,ABS_NOM_VISA_FY,1.0.0/all?startPeriod=2015&format=csv",2026-08-25T07:40:28.773Z
2020,Permanent visa - Other permanent visas,15,NOM departures,Western Australia,1020,Persons,primary,"https://data.api.abs.gov.au/rest/data/ABS,ABS_NOM_VISA_FY,1.0.0/all?startPeriod=2015&format=csv",2026-08-25T07:40:28.773Z
2020,Permanent visa - Skill,11,NOM departures,Western Australia,700,Persons,primary,"https://data.api.abs.gov.au/rest/data/ABS,ABS_NOM_VISA_FY,1.0.0/all?startPeriod=2015&format=csv",2026-08-25T07:40:28.773Z
2020,Permanent visa - Special Eligibility and humanitarian,12,NOM departures,Western Australia,10,Persons,primary,"https://data.api.abs.gov.au/rest/data/ABS,ABS_NOM_VISA_FY,1.0.0/all?startPeriod=2015&format=csv",2026-08-25T07:40:28.773Z
2020,Permanent visa - Total,9,NOM departures,Western Australia,2320,Persons,primary,"https://data.api.abs.gov.au/rest/data/ABS,ABS_NOM_VISA_FY,1.0.0/all?startPeriod=2015&format=csv",2026-08-25T07:40:28.773Z
2020,Temporary visa - Higher education sector,3,NOM departures,Western Australia,2350,Persons,primary,"https://data.api.abs.gov.au/rest/data/ABS,ABS_NOM_VISA_FY,1.0.0/all?startPeriod=2015&format=csv",2026-08-25T07:40:28.773Z
2020,Temporary visa - Other temporary visas,8,NOM departures,Western Australia,3100,Persons,primary,"https://data.api.abs.gov.au/rest/data/ABS,ABS_NOM_VISA_FY,1.0.0/all?startPeriod=2015&format=csv",2026-08-25T07:40:28.773Z
2020,Temporary visa - Student other,4,NOM departures,Western Australia,850,Persons,primary,"https://data.api.abs.gov.au/rest/data/ABS,ABS_NOM_VISA_FY,1.0.0/all?startPeriod=2015&format=csv",2026-08-25T07:40:28.773Z
2020,Temporary visa - Temporary work (skilled),5,NOM departures,Western Australia,1400,Persons,primary,"https://data.api.abs.gov.au/rest/data/ABS,ABS_NOM_VISA_FY,1.0.0/all?startPeriod=2015&format=csv",2026-08-25T07:40:28.773Z
2020,Temporary visa - Total,1,NOM departures,Western Australia,13030,Persons,primary,"https://data.api.abs.gov.au/rest/data/ABS,ABS_NOM_VISA_FY,1.0.0/all?startPeriod=2015&format=csv",2026-08-25T07:40:28.773Z
2020,Temporary visa - Visitor,6,NOM departures,Western Australia,1540,Persons,primary,"https://data.api.abs.gov.au/rest/data/ABS,ABS_NOM_VISA_FY,1.0.0/all?startPeriod=2015&format=csv",2026-08-25T07:40:28.773Z
2020,Temporary visa - Vocational Education and Training sector,2,NOM departures,Western Australia,950,Persons,primary,"https://data.api.abs.gov.au/rest/data/ABS,ABS_NOM_VISA_FY,1.0.0/all?startPeriod=2015&format=csv",2026-08-25T07:40:28.773Z
2020,Temporary visa - Working Holiday,7,NOM departures,Western Australia,2840,Persons,primary,"https://data.api.abs.gov.au/rest/data/ABS,ABS_NOM_VISA_FY,1.0.0/all?startPeriod=2015&format=csv",2026-08-25T07:40:28.773Z
2020,Total,16,NOM departures,Western Australia,25240,Persons,primary,"https://data.api.abs.gov.au/rest/data/ABS,ABS_NOM_VISA_FY,1.0.0/all?startPeriod=2015&format=csv",2026-08-25T07:40:28.773Z
2021,Australian Citizen,14,NOM arrivals,Australia,61370,Persons,primary,"https://data.api.abs.gov.au/rest/data/ABS,ABS_NOM_VISA_FY,1.0.0/all?startPeriod=2015&format=csv",2026-08-25T07:40:28.773Z
2021,New Zealand Citizen (subclass 444),13,NOM arrivals,Australia,16950,Persons,primary,"https://data.api.abs.gov.au/rest/data/ABS,ABS_NOM_VISA_FY,1.0.0/all?startPeriod=2015&format=csv",2026-08-25T07:40:28.773Z
2021,Other Visas,17,NOM arrivals,Australia,1150,Persons,primary,"https://data.api.abs.gov.au/rest/data/ABS,ABS_NOM_VISA_FY,1.0.0/all?startPeriod=2015&format=csv",2026-08-25T07:40:28.773Z
2021,Permanent visa - Family,10,NOM arrivals,Australia,15650,Persons,primary,"https://data.api.abs.gov.au/rest/data/ABS,ABS_NOM_VISA_FY,1.0.0/all?startPeriod=2015&format=csv",2026-08-25T07:40:28.773Z
2021,Permanent visa - Other permanent visas,15,NOM arrivals,Australia,6090,Persons,primary,"https://data.api.abs.gov.au/rest/data/ABS,ABS_NOM_VISA_FY,1.0.0/all?startPeriod=2015&format=csv",2026-08-25T07:40:28.773Z
2021,Permanent visa - Skill,11,NOM arrivals,Australia,14620,Persons,primary,"https://data.api.abs.gov.au/rest/data/ABS,ABS_NOM_VISA_FY,1.0.0/all?startPeriod=2015&format=csv",2026-08-25T07:40:28.773Z
2021,Permanent visa - Special Eligibility and humanitarian,12,NOM arrivals,Australia,590,Persons,primary,"https://data.api.abs.gov.au/rest/data/ABS,ABS_NOM_VISA_FY,1.0.0/all?startPeriod=2015&format=csv",2026-08-25T07:40:28.773Z
2021,Permanent visa - Total,9,NOM arrivals,Australia,36950,Persons,primary,"https://data.api.abs.gov.au/rest/data/ABS,ABS_NOM_VISA_FY,1.0.0/all?startPeriod=2015&format=csv",2026-08-25T07:40:28.773Z
2021,Temporary visa - Higher education sector,3,NOM arrivals,Australia,730,Persons,primary,"https://data.api.abs.gov.au/rest/data/ABS,ABS_NOM_VISA_FY,1.0.0/all?startPeriod=2015&format=csv",2026-08-25T07:40:28.773Z
2021,Temporary visa - Other temporary visas,8,NOM arrivals,Australia,10390,Persons,primary,"https://data.api.abs.gov.au/rest/data/ABS,ABS_NOM_VISA_FY,1.0.0/all?startPeriod=2015&format=csv",2026-08-25T07:40:28.773Z
2021,Temporary visa - Student other,4,NOM arrivals,Australia,670,Persons,primary,"https://data.api.abs.gov.au/rest/data/ABS,ABS_NOM_VISA_FY,1.0.0/all?startPeriod=2015&format=csv",2026-08-25T07:40:28.773Z
2021,Temporary visa - Temporary work (skilled),5,NOM arrivals,Australia,8950,Persons,primary,"https://data.api.abs.gov.au/rest/data/ABS,ABS_NOM_VISA_FY,1.0.0/all?startPeriod=2015&format=csv",2026-08-25T07:40:28.773Z
2021,Temporary visa - Total,1,NOM arrivals,Australia,29580,Persons,primary,"https://data.api.abs.gov.au/rest/data/ABS,ABS_NOM_VISA_FY,1.0.0/all?startPeriod=2015&format=csv",2026-08-25T07:40:28.773Z
2021,Temporary visa - Visitor,6,NOM arrivals,Australia,7700,Persons,primary,"https://data.api.abs.gov.au/rest/data/ABS,ABS_NOM_VISA_FY,1.0.0/all?startPeriod=2015&format=csv",2026-08-25T07:40:28.773Z
2021,Temporary visa - Vocational Education and Training sector,2,NOM arrivals,Australia,120,Persons,primary,"https://data.api.abs.gov.au/rest/data/ABS,ABS_NOM_VISA_FY,1.0.0/all?startPeriod=2015&format=csv",2026-08-25T07:40:28.773Z
2021,Temporary visa - Working Holiday,7,NOM arrivals,Australia,1020,Persons,primary,"https://data.api.abs.gov.au/rest/data/ABS,ABS_NOM_VISA_FY,1.0.0/all?startPeriod=2015&format=csv",2026-08-25T07:40:28.773Z
2021,Total,16,NOM arrivals,Australia,146000,Persons,primary,"https://data.api.abs.gov.au/rest/data/ABS,ABS_NOM_VISA_FY,1.0.0/all?startPeriod=2015&format=csv",2026-08-25T07:40:28.773Z
2021,Australian Citizen,14,NOM departures,Australia,44010,Persons,primary,"https://data.api.abs.gov.au/rest/data/ABS,ABS_NOM_VISA_FY,1.0.0/all?startPeriod=2015&format=csv",2026-08-25T07:40:28.773Z
2021,New Zealand Citizen (subclass 444),13,NOM departures,Australia,19050,Persons,primary,"https://data.api.abs.gov.au/rest/data/ABS,ABS_NOM_VISA_FY,1.0.0/all?startPeriod=2015&format=csv",2026-08-25T07:40:28.773Z
2021,Other Visas,17,NOM departures,Australia,3410,Persons,primary,"https://data.api.abs.gov.au/rest/data/ABS,ABS_NOM_VISA_FY,1.0.0/all?startPeriod=2015&format=csv",2026-08-25T07:40:28.773Z
2021,Permanent visa - Family,10,NOM departures,Australia,4180,Persons,primary,"https://data.api.abs.gov.au/rest/data/ABS,ABS_NOM_VISA_FY,1.0.0/all?startPeriod=2015&format=csv",2026-08-25T07:40:28.773Z
2021,Permanent visa - Other permanent visas,15,NOM departures,Australia,7110,Persons,primary,"https://data.api.abs.gov.au/rest/data/ABS,ABS_NOM_VISA_FY,1.0.0/all?startPeriod=2015&format=csv",2026-08-25T07:40:28.773Z
2021,Permanent visa - Skill,11,NOM departures,Australia,6560,Persons,primary,"https://data.api.abs.gov.au/rest/data/ABS,ABS_NOM_VISA_FY,1.0.0/all?startPeriod=2015&format=csv",2026-08-25T07:40:28.773Z
2021,Permanent visa - Special Eligibility and humanitarian,12,NOM departures,Australia,80,Persons,primary,"https://data.api.abs.gov.au/rest/data/ABS,ABS_NOM_VISA_FY,1.0.0/all?startPeriod=2015&format=csv",2026-08-25T07:40:28.773Z
2021,Permanent visa - Total,9,NOM departures,Australia,17930,Persons,primary,"https://data.api.abs.gov.au/rest/data/ABS,ABS_NOM_VISA_FY,1.0.0/all?startPeriod=2015&format=csv",2026-08-25T07:40:28.773Z
2021,Temporary visa - Higher education sector,3,NOM departures,Australia,43580,Persons,primary,"https://data.api.abs.gov.au/rest/data/ABS,ABS_NOM_VISA_FY,1.0.0/all?startPeriod=2015&format=csv",2026-08-25T07:40:28.773Z
2021,Temporary visa - Other temporary visas,8,NOM departures,Australia,50180,Persons,primary,"https://data.api.abs.gov.au/rest/data/ABS,ABS_NOM_VISA_FY,1.0.0/all?startPeriod=2015&format=csv",2026-08-25T07:40:28.773Z
2021,Temporary visa - Student other,4,NOM departures,Australia,7550,Persons,primary,"https://data.api.abs.gov.au/rest/data/ABS,ABS_NOM_VISA_FY,1.0.0/all?startPeriod=2015&format=csv",2026-08-25T07:40:28.773Z
2021,Temporary visa - Temporary work (skilled),5,NOM departures,Australia,11320,Persons,primary,"https://data.api.abs.gov.au/rest/data/ABS,ABS_NOM_VISA_FY,1.0.0/all?startPeriod=2015&format=csv",2026-08-25T07:40:28.773Z
2021,Temporary visa - Total,1,NOM departures,Australia,146530,Persons,primary,"https://data.api.abs.gov.au/rest/data/ABS,ABS_NOM_VISA_FY,1.0.0/all?startPeriod=2015&format=csv",2026-08-25T07:40:28.773Z
2021,Temporary visa - Visitor,6,NOM departures,Australia,15020,Persons,primary,"https://data.api.abs.gov.au/rest/data/ABS,ABS_NOM_VISA_FY,1.0.0/all?startPeriod=2015&format=csv",2026-08-25T07:40:28.773Z
2021,Temporary visa - Vocational Education and Training sector,2,NOM departures,Australia,11060,Persons,primary,"https://data.api.abs.gov.au/rest/data/ABS,ABS_NOM_VISA_FY,1.0.0/all?startPeriod=2015&format=csv",2026-08-25T07:40:28.773Z
2021,Temporary visa - Working Holiday,7,NOM departures,Australia,7820,Persons,primary,"https://data.api.abs.gov.au/rest/data/ABS,ABS_NOM_VISA_FY,1.0.0/all?startPeriod=2015&format=csv",2026-08-25T07:40:28.773Z
2021,Total,16,NOM departures,Australia,230930,Persons,primary,"https://data.api.abs.gov.au/rest/data/ABS,ABS_NOM_VISA_FY,1.0.0/all?startPeriod=2015&format=csv",2026-08-25T07:40:28.773Z
2021,Australian Citizen,14,NOM arrivals,Australian Capital Territory,1650,Persons,primary,"https://data.api.abs.gov.au/rest/data/ABS,ABS_NOM_VISA_FY,1.0.0/all?startPeriod=2015&format=csv",2026-08-25T07:40:28.773Z
2021,New Zealand Citizen (subclass 444),13,NOM arrivals,Australian Capital Territory,150,Persons,primary,"https://data.api.abs.gov.au/rest/data/ABS,ABS_NOM_VISA_FY,1.0.0/all?startPeriod=2015&format=csv",2026-08-25T07:40:28.773Z
2021,Other Visas,17,NOM arrivals,Australian Capital Territory,30,Persons,primary,"https://data.api.abs.gov.au/rest/data/ABS,ABS_NOM_VISA_FY,1.0.0/all?startPeriod=2015&format=csv",2026-08-25T07:40:28.773Z
2021,Permanent visa - Family,10,NOM arrivals,Australian Capital Territory,250,Persons,primary,"https://data.api.abs.gov.au/rest/data/ABS,ABS_NOM_VISA_FY,1.0.0/all?startPeriod=2015&format=csv",2026-08-25T07:40:28.773Z
2021,Permanent visa - Other permanent visas,15,NOM arrivals,Australian Capital Territory,120,Persons,primary,"https://data.api.abs.gov.au/rest/data/ABS,ABS_NOM_VISA_FY,1.0.0/all?startPeriod=2015&format=csv",2026-08-25T07:40:28.773Z
2021,Permanent visa - Skill,11,NOM arrivals,Australian Capital Territory,220,Persons,primary,"https://data.api.abs.gov.au/rest/data/ABS,ABS_NOM_VISA_FY,1.0.0/all?startPeriod=2015&format=csv",2026-08-25T07:40:28.773Z
2021,Permanent visa - Special Eligibility and humanitarian,12,NOM arrivals,Australian Capital Territory,10,Persons,primary,"https://data.api.abs.gov.au/rest/data/ABS,ABS_NOM_VISA_FY,1.0.0/all?startPeriod=2015&format=csv",2026-08-25T07:40:28.773Z
2021,Permanent visa - Total,9,NOM arrivals,Australian Capital Territory,590,Persons,primary,"https://data.api.abs.gov.au/rest/data/ABS,ABS_NOM_VISA_FY,1.0.0/all?startPeriod=2015&format=csv",2026-08-25T07:40:28.773Z
2021,Temporary visa - Higher education sector,3,NOM arrivals,Australian Capital Territory,20,Persons,primary,"https://data.api.abs.gov.au/rest/data/ABS,ABS_NOM_VISA_FY,1.0.0/all?startPeriod=2015&format=csv",2026-08-25T07:40:28.773Z
2021,Temporary visa - Other temporary visas,8,NOM arrivals,Australian Capital Territory,130,Persons,primary,"https://data.api.abs.gov.au/rest/data/ABS,ABS_NOM_VISA_FY,1.0.0/all?startPeriod=2015&format=csv",2026-08-25T07:40:28.773Z
2021,Temporary visa - Student other,4,NOM arrivals,Australian Capital Territory,50,Persons,primary,"https://data.api.abs.gov.au/rest/data/ABS,ABS_NOM_VISA_FY,1.0.0/all?startPeriod=2015&format=csv",2026-08-25T07:40:28.773Z
2021,Temporary visa - Temporary work (skilled),5,NOM arrivals,Australian Capital Territory,60,Persons,primary,"https://data.api.abs.gov.au/rest/data/ABS,ABS_NOM_VISA_FY,1.0.0/all?startPeriod=2015&format=csv",2026-08-25T07:40:28.773Z
2021,Temporary visa - Total,1,NOM arrivals,Australian Capital Territory,390,Persons,primary,"https://data.api.abs.gov.au/rest/data/ABS,ABS_NOM_VISA_FY,1.0.0/all?startPeriod=2015&format=csv",2026-08-25T07:40:28.773Z
2021,Temporary visa - Visitor,6,NOM arrivals,Australian Capital Territory,120,Persons,primary,"https://data.api.abs.gov.au/rest/data/ABS,ABS_NOM_VISA_FY,1.0.0/all?startPeriod=2015&format=csv",2026-08-25T07:40:28.773Z
2021,Temporary visa - Vocational Education and Training sector,2,NOM arrivals,Australian Capital Territory,0,Persons,primary,"https://data.api.abs.gov.au/rest/data/ABS,ABS_NOM_VISA_FY,1.0.0/all?startPeriod=2015&format=csv",2026-08-25T07:40:28.773Z
2021,Temporary visa - Working Holiday,7,NOM arrivals,Australian Capital Territory,10,Persons,primary,"https://data.api.abs.gov.au/rest/data/ABS,ABS_NOM_VISA_FY,1.0.0/all?startPeriod=2015&format=csv",2026-08-25T07:40:28.773Z
2021,Total,16,NOM arrivals,Australian Capital Territory,2810,Persons,primary,"https://data.api.abs.gov.au/rest/data/ABS,ABS_NOM_VISA_FY,1.0.0/all?startPeriod=2015&format=csv",2026-08-25T07:40:28.773Z
2021,Australian Citizen,14,NOM departures,Australian Capital Territory,1930,Persons,primary,"https://data.api.abs.gov.au/rest/data/ABS,ABS_NOM_VISA_FY,1.0.0/all?startPeriod=2015&format=csv",2026-08-25T07:40:28.773Z
2021,New Zealand Citizen (subclass 444),13,NOM departures,Australian Capital Territory,180,Persons,primary,"https://data.api.abs.gov.au/rest/data/ABS,ABS_NOM_VISA_FY,1.0.0/all?startPeriod=2015&format=csv",2026-08-25T07:40:28.773Z
2021,Other Visas,17,NOM departures,Australian Capital Territory,90,Persons,primary,"https://data.api.abs.gov.au/rest/data/ABS,ABS_NOM_VISA_FY,1.0.0/all?startPeriod=2015&format=csv",2026-08-25T07:40:28.773Z
2021,Permanent visa - Family,10,NOM departures,Australian Capital Territory,70,Persons,primary,"https://data.api.abs.gov.au/rest/data/ABS,ABS_NOM_VISA_FY,1.0.0/all?startPeriod=2015&format=csv",2026-08-25T07:40:28.773Z
2021,Permanent visa - Other permanent visas,15,NOM departures,Australian Capital Territory,70,Persons,primary,"https://data.api.abs.gov.au/rest/data/ABS,ABS_NOM_VISA_FY,1.0.0/all?startPeriod=2015&format=csv",2026-08-25T07:40:28.773Z
2021,Permanent visa - Skill,11,NOM departures,Australian Capital Territory,120,Persons,primary,"https://data.api.abs.gov.au/rest/data/ABS,ABS_NOM_VISA_FY,1.0.0/all?startPeriod=2015&format=csv",2026-08-25T07:40:28.773Z
2021,Permanent visa - Special Eligibility and humanitarian,12,NOM departures,Australian Capital Territory,0,Persons,primary,"https://data.api.abs.gov.au/rest/data/ABS,ABS_NOM_VISA_FY,1.0.0/all?startPeriod=2015&format=csv",2026-08-25T07:40:28.773Z
2021,Permanent visa - Total,9,NOM departures,Australian Capital Territory,270,Persons,primary,"https://data.api.abs.gov.au/rest/data/ABS,ABS_NOM_VISA_FY,1.0.0/all?startPeriod=2015&format=csv",2026-08-25T07:40:28.773Z
2021,Temporary visa - Higher education sector,3,NOM departures,Australian Capital Territory,1420,Persons,primary,"https://data.api.abs.gov.au/rest/data/ABS,ABS_NOM_VISA_FY,1.0.0/all?startPeriod=2015&format=csv",2026-08-25T07:40:28.773Z
2021,Temporary visa - Other temporary visas,8,NOM departures,Australian Capital Territory,1070,Persons,primary,"https://data.api.abs.gov.au/rest/data/ABS,ABS_NOM_VISA_FY,1.0.0/all?startPeriod=2015&format=csv",2026-08-25T07:40:28.773Z
2021,Temporary visa - Student other,4,NOM departures,Australian Capital Territory,380,Persons,primary,"https://data.api.abs.gov.au/rest/data/ABS,ABS_NOM_VISA_FY,1.0.0/all?startPeriod=2015&format=csv",2026-08-25T07:40:28.773Z
2021,Temporary visa - Temporary work (skilled),5,NOM departures,Australian Capital Territory,120,Persons,primary,"https://data.api.abs.gov.au/rest/data/ABS,ABS_NOM_VISA_FY,1.0.0/all?startPeriod=2015&format=csv",2026-08-25T07:40:28.773Z
2021,Temporary visa - Total,1,NOM departures,Australian Capital Territory,3500,Persons,primary,"https://data.api.abs.gov.au/rest/data/ABS,ABS_NOM_VISA_FY,1.0.0/all?startPeriod=2015&format=csv",2026-08-25T07:40:28.773Z
2021,Temporary visa - Visitor,6,NOM departures,Australian Capital Territory,350,Persons,primary,"https://data.api.abs.gov.au/rest/data/ABS,ABS_NOM_VISA_FY,1.0.0/all?startPeriod=2015&format=csv",2026-08-25T07:40:28.773Z
2021,Temporary visa - Vocational Education and Training sector,2,NOM departures,Australian Capital Territory,120,Persons,primary,"https://data.api.abs.gov.au/rest/data/ABS,ABS_NOM_VISA_FY,1.0.0/all?startPeriod=2015&format=csv",2026-08-25T07:40:28.773Z
2021,Temporary visa - Working Holiday,7,NOM departures,Australian Capital Territory,40,Persons,primary,"https://data.api.abs.gov.au/rest/data/ABS,ABS_NOM_VISA_FY,1.0.0/all?startPeriod=2015&format=csv",2026-08-25T07:40:28.773Z
2021,Total,16,NOM departures,Australian Capital Territory,5960,Persons,primary,"https://data.api.abs.gov.au/rest/data/ABS,ABS_NOM_VISA_FY,1.0.0/all?startPeriod=2015&format=csv",2026-08-25T07:40:28.773Z
2021,Australian Citizen,14,NOM arrivals,New South Wales,31060,Persons,primary,"https://data.api.abs.gov.au/rest/data/ABS,ABS_NOM_VISA_FY,1.0.0/all?startPeriod=2015&format=csv",2026-08-25T07:40:28.773Z
2021,New Zealand Citizen (subclass 444),13,NOM arrivals,New South Wales,7460,Persons,primary,"https://data.api.abs.gov.au/rest/data/ABS,ABS_NOM_VISA_FY,1.0.0/all?startPeriod=2015&format=csv",2026-08-25T07:40:28.773Z
2021,Other Visas,17,NOM arrivals,New South Wales,320,Persons,primary,"https://data.api.abs.gov.au/rest/data/ABS,ABS_NOM_VISA_FY,1.0.0/all?startPeriod=2015&format=csv",2026-08-25T07:40:28.773Z
2021,Permanent visa - Family,10,NOM arrivals,New South Wales,7580,Persons,primary,"https://data.api.abs.gov.au/rest/data/ABS,ABS_NOM_VISA_FY,1.0.0/all?startPeriod=2015&format=csv",2026-08-25T07:40:28.773Z
2021,Permanent visa - Other permanent visas,15,NOM arrivals,New South Wales,3040,Persons,primary,"https://data.api.abs.gov.au/rest/data/ABS,ABS_NOM_VISA_FY,1.0.0/all?startPeriod=2015&format=csv",2026-08-25T07:40:28.773Z
2021,Permanent visa - Skill,11,NOM arrivals,New South Wales,7250,Persons,primary,"https://data.api.abs.gov.au/rest/data/ABS,ABS_NOM_VISA_FY,1.0.0/all?startPeriod=2015&format=csv",2026-08-25T07:40:28.773Z
2021,Permanent visa - Special Eligibility and humanitarian,12,NOM arrivals,New South Wales,170,Persons,primary,"https://data.api.abs.gov.au/rest/data/ABS,ABS_NOM_VISA_FY,1.0.0/all?startPeriod=2015&format=csv",2026-08-25T07:40:28.773Z
2021,Permanent visa - Total,9,NOM arrivals,New South Wales,18040,Persons,primary,"https://data.api.abs.gov.au/rest/data/ABS,ABS_NOM_VISA_FY,1.0.0/all?startPeriod=2015&format=csv",2026-08-25T07:40:28.773Z
2021,Temporary visa - Higher education sector,3,NOM arrivals,New South Wales,320,Persons,primary,"https://data.api.abs.gov.au/rest/data/ABS,ABS_NOM_VISA_FY,1.0.0/all?startPeriod=2015&format=csv",2026-08-25T07:40:28.773Z
2021,Temporary visa - Other temporary visas,8,NOM arrivals,New South Wales,4180,Persons,primary,"https://data.api.abs.gov.au/rest/data/ABS,ABS_NOM_VISA_FY,1.0.0/all?startPeriod=2015&format=csv",2026-08-25T07:40:28.773Z
2021,Temporary visa - Student other,4,NOM arrivals,New South Wales,260,Persons,primary,"https://data.api.abs.gov.au/rest/data/ABS,ABS_NOM_VISA_FY,1.0.0/all?startPeriod=2015&format=csv",2026-08-25T07:40:28.773Z
2021,Temporary visa - Temporary work (skilled),5,NOM arrivals,New South Wales,4560,Persons,primary,"https://data.api.abs.gov.au/rest/data/ABS,ABS_NOM_VISA_FY,1.0.0/all?startPeriod=2015&format=csv",2026-08-25T07:40:28.773Z
2021,Temporary visa - Total,1,NOM arrivals,New South Wales,13640,Persons,primary,"https://data.api.abs.gov.au/rest/data/ABS,ABS_NOM_VISA_FY,1.0.0/all?startPeriod=2015&format=csv",2026-08-25T07:40:28.773Z
2021,Temporary visa - Visitor,6,NOM arrivals,New South Wales,3700,Persons,primary,"https://data.api.abs.gov.au/rest/data/ABS,ABS_NOM_VISA_FY,1.0.0/all?startPeriod=2015&format=csv",2026-08-25T07:40:28.773Z
2021,Temporary visa - Vocational Education and Training sector,2,NOM arrivals,New South Wales,60,Persons,primary,"https://data.api.abs.gov.au/rest/data/ABS,ABS_NOM_VISA_FY,1.0.0/all?startPeriod=2015&format=csv",2026-08-25T07:40:28.773Z
2021,Temporary visa - Working Holiday,7,NOM arrivals,New South Wales,560,Persons,primary,"https://data.api.abs.gov.au/rest/data/ABS,ABS_NOM_VISA_FY,1.0.0/all?startPeriod=2015&format=csv",2026-08-25T07:40:28.773Z
2021,Total,16,NOM arrivals,New South Wales,70530,Persons,primary,"https://data.api.abs.gov.au/rest/data/ABS,ABS_NOM_VISA_FY,1.0.0/all?startPeriod=2015&format=csv",2026-08-25T07:40:28.773Z
2021,Australian Citizen,14,NOM departures,New South Wales,15590,Persons,primary,"https://data.api.abs.gov.au/rest/data/ABS,ABS_NOM_VISA_FY,1.0.0/all?startPeriod=2015&format=csv",2026-08-25T07:40:28.773Z
2021,New Zealand Citizen (subclass 444),13,NOM departures,New South Wales,4580,Persons,primary,"https://data.api.abs.gov.au/rest/data/ABS,ABS_NOM_VISA_FY,1.0.0/all?startPeriod=2015&format=csv",2026-08-25T07:40:28.773Z
2021,Other Visas,17,NOM departures,New South Wales,980,Persons,primary,"https://data.api.abs.gov.au/rest/data/ABS,ABS_NOM_VISA_FY,1.0.0/all?startPeriod=2015&format=csv",2026-08-25T07:40:28.773Z
2021,Permanent visa - Family,10,NOM departures,New South Wales,1590,Persons,primary,"https://data.api.abs.gov.au/rest/data/ABS,ABS_NOM_VISA_FY,1.0.0/all?startPeriod=2015&format=csv",2026-08-25T07:40:28.773Z
2021,Permanent visa - Other permanent visas,15,NOM departures,New South Wales,2570,Persons,primary,"https://data.api.abs.gov.au/rest/data/ABS,ABS_NOM_VISA_FY,1.0.0/all?startPeriod=2015&format=csv",2026-08-25T07:40:28.773Z
2021,Permanent visa - Skill,11,NOM departures,New South Wales,2030,Persons,primary,"https://data.api.abs.gov.au/rest/data/ABS,ABS_NOM_VISA_FY,1.0.0/all?startPeriod=2015&format=csv",2026-08-25T07:40:28.773Z
2021,Permanent visa - Special Eligibility and humanitarian,12,NOM departures,New South Wales,40,Persons,primary,"https://data.api.abs.gov.au/rest/data/ABS,ABS_NOM_VISA_FY,1.0.0/all?startPeriod=2015&format=csv",2026-08-25T07:40:28.773Z
2021,Permanent visa - Total,9,NOM departures,New South Wales,6220,Persons,primary,"https://data.api.abs.gov.au/rest/data/ABS,ABS_NOM_VISA_FY,1.0.0/all?startPeriod=2015&format=csv",2026-08-25T07:40:28.773Z
2021,Temporary visa - Higher education sector,3,NOM departures,New South Wales,14630,Persons,primary,"https://data.api.abs.gov.au/rest/data/ABS,ABS_NOM_VISA_FY,1.0.0/all?startPeriod=2015&format=csv",2026-08-25T07:40:28.773Z
2021,Temporary visa - Other temporary visas,8,NOM departures,New South Wales,16500,Persons,primary,"https://data.api.abs.gov.au/rest/data/ABS,ABS_NOM_VISA_FY,1.0.0/all?startPeriod=2015&format=csv",2026-08-25T07:40:28.773Z
2021,Temporary visa - Student other,4,NOM departures,New South Wales,2000,Persons,primary,"https://data.api.abs.gov.au/rest/data/ABS,ABS_NOM_VISA_FY,1.0.0/all?startPeriod=2015&format=csv",2026-08-25T07:40:28.773Z
2021,Temporary visa - Temporary work (skilled),5,NOM departures,New South Wales,4990,Persons,primary,"https://data.api.abs.gov.au/rest/data/ABS,ABS_NOM_VISA_FY,1.0.0/all?startPeriod=2015&format=csv",2026-08-25T07:40:28.773Z
2021,Temporary visa - Total,1,NOM departures,New South Wales,50480,Persons,primary,"https://data.api.abs.gov.au/rest/data/ABS,ABS_NOM_VISA_FY,1.0.0/all?startPeriod=2015&format=csv",2026-08-25T07:40:28.773Z
2021,Temporary visa - Visitor,6,NOM departures,New South Wales,5320,Persons,primary,"https://data.api.abs.gov.au/rest/data/ABS,ABS_NOM_VISA_FY,1.0.0/all?startPeriod=2015&format=csv",2026-08-25T07:40:28.773Z
2021,Temporary visa - Vocational Education and Training sector,2,NOM departures,New South Wales,4790,Persons,primary,"https://data.api.abs.gov.au/rest/data/ABS,ABS_NOM_VISA_FY,1.0.0/all?startPeriod=2015&format=csv",2026-08-25T07:40:28.773Z
2021,Temporary visa - Working Holiday,7,NOM departures,New South Wales,2250,Persons,primary,"https://data.api.abs.gov.au/rest/data/ABS,ABS_NOM_VISA_FY,1.0.0/all?startPeriod=2015&format=csv",2026-08-25T07:40:28.773Z
2021,Total,16,NOM departures,New South Wales,77850,Persons,primary,"https://data.api.abs.gov.au/rest/data/ABS,ABS_NOM_VISA_FY,1.0.0/all?startPeriod=2015&format=csv",2026-08-25T07:40:28.773Z
2021,Australian Citizen,14,NOM arrivals,Northern Territory,330,Persons,primary,"https://data.api.abs.gov.au/rest/data/ABS,ABS_NOM_VISA_FY,1.0.0/all?startPeriod=2015&format=csv",2026-08-25T07:40:28.773Z
2021,New Zealand Citizen (subclass 444),13,NOM arrivals,Northern Territory,130,Persons,primary,"https://data.api.abs.gov.au/rest/data/ABS,ABS_NOM_VISA_FY,1.0.0/all?startPeriod=2015&format=csv",2026-08-25T07:40:28.773Z
2021,Other Visas,17,NOM arrivals,Northern Territory,240,Persons,primary,"https://data.api.abs.gov.au/rest/data/ABS,ABS_NOM_VISA_FY,1.0.0/all?startPeriod=2015&format=csv",2026-08-25T07:40:28.773Z
2021,Permanent visa - Family,10,NOM arrivals,Northern Territory,80,Persons,primary,"https://data.api.abs.gov.au/rest/data/ABS,ABS_NOM_VISA_FY,1.0.0/all?startPeriod=2015&format=csv",2026-08-25T07:40:28.773Z
2021,Permanent visa - Other permanent visas,15,NOM arrivals,Northern Territory,30,Persons,primary,"https://data.api.abs.gov.au/rest/data/ABS,ABS_NOM_VISA_FY,1.0.0/all?startPeriod=2015&format=csv",2026-08-25T07:40:28.773Z
2021,Permanent visa - Skill,11,NOM arrivals,Northern Territory,90,Persons,primary,"https://data.api.abs.gov.au/rest/data/ABS,ABS_NOM_VISA_FY,1.0.0/all?startPeriod=2015&format=csv",2026-08-25T07:40:28.773Z
2021,Permanent visa - Special Eligibility and humanitarian,12,NOM arrivals,Northern Territory,10,Persons,primary,"https://data.api.abs.gov.au/rest/data/ABS,ABS_NOM_VISA_FY,1.0.0/all?startPeriod=2015&format=csv",2026-08-25T07:40:28.773Z
2021,Permanent visa - Total,9,NOM arrivals,Northern Territory,200,Persons,primary,"https://data.api.abs.gov.au/rest/data/ABS,ABS_NOM_VISA_FY,1.0.0/all?startPeriod=2015&format=csv",2026-08-25T07:40:28.773Z
2021,Temporary visa - Higher education sector,3,NOM arrivals,Northern Territory,20,Persons,primary,"https://data.api.abs.gov.au/rest/data/ABS,ABS_NOM_VISA_FY,1.0.0/all?startPeriod=2015&format=csv",2026-08-25T07:40:28.773Z
2021,Temporary visa - Other temporary visas,8,NOM arrivals,Northern Territory,390,Persons,primary,"https://data.api.abs.gov.au/rest/data/ABS,ABS_NOM_VISA_FY,1.0.0/all?startPeriod=2015&format=csv",2026-08-25T07:40:28.773Z
2021,Temporary visa - Student other,4,NOM arrivals,Northern Territory,10,Persons,primary,"https://data.api.abs.gov.au/rest/data/ABS,ABS_NOM_VISA_FY,1.0.0/all?startPeriod=2015&format=csv",2026-08-25T07:40:28.773Z
2021,Temporary visa - Temporary work (skilled),5,NOM arrivals,Northern Territory,60,Persons,primary,"https://data.api.abs.gov.au/rest/data/ABS,ABS_NOM_VISA_FY,1.0.0/all?startPeriod=2015&format=csv",2026-08-25T07:40:28.773Z
2021,Temporary visa - Total,1,NOM arrivals,Northern Territory,560,Persons,primary,"https://data.api.abs.gov.au/rest/data/ABS,ABS_NOM_VISA_FY,1.0.0/all?startPeriod=2015&format=csv",2026-08-25T07:40:28.773Z
2021,Temporary visa - Visitor,6,NOM arrivals,Northern Territory,70,Persons,primary,"https://data.api.abs.gov.au/rest/data/ABS,ABS_NOM_VISA_FY,1.0.0/all?startPeriod=2015&format=csv",2026-08-25T07:40:28.773Z
2021,Temporary visa - Vocational Education and Training sector,2,NOM arrivals,Northern Territory,0,Persons,primary,"https://data.api.abs.gov.au/rest/data/ABS,ABS_NOM_VISA_FY,1.0.0/all?startPeriod=2015&format=csv",2026-08-25T07:40:28.773Z
2021,Temporary visa - Working Holiday,7,NOM arrivals,Northern Territory,10,Persons,primary,"https://data.api.abs.gov.au/rest/data/ABS,ABS_NOM_VISA_FY,1.0.0/all?startPeriod=2015&format=csv",2026-08-25T07:40:28.773Z
2021,Total,16,NOM arrivals,Northern Territory,1450,Persons,primary,"https://data.api.abs.gov.au/rest/data/ABS,ABS_NOM_VISA_FY,1.0.0/all?startPeriod=2015&format=csv",2026-08-25T07:40:28.773Z
2021,Australian Citizen,14,NOM departures,Northern Territory,400,Persons,primary,"https://data.api.abs.gov.au/rest/data/ABS,ABS_NOM_VISA_FY,1.0.0/all?startPeriod=2015&format=csv",2026-08-25T07:40:28.773Z
2021,New Zealand Citizen (subclass 444),13,NOM departures,Northern Territory,180,Persons,primary,"https://data.api.abs.gov.au/rest/data/ABS,ABS_NOM_VISA_FY,1.0.0/all?startPeriod=2015&format=csv",2026-08-25T07:40:28.773Z
2021,Other Visas,17,NOM departures,Northern Territory,370,Persons,primary,"https://data.api.abs.gov.au/rest/data/ABS,ABS_NOM_VISA_FY,1.0.0/all?startPeriod=2015&format=csv",2026-08-25T07:40:28.773Z
2021,Permanent visa - Family,10,NOM departures,Northern Territory,20,Persons,primary,"https://data.api.abs.gov.au/rest/data/ABS,ABS_NOM_VISA_FY,1.0.0/all?startPeriod=2015&format=csv",2026-08-25T07:40:28.773Z
2021,Permanent visa - Other permanent visas,15,NOM departures,Northern Territory,30,Persons,primary,"https://data.api.abs.gov.au/rest/data/ABS,ABS_NOM_VISA_FY,1.0.0/all?startPeriod=2015&format=csv",2026-08-25T07:40:28.773Z
2021,Permanent visa - Skill,11,NOM departures,Northern Territory,50,Persons,primary,"https://data.api.abs.gov.au/rest/data/ABS,ABS_NOM_VISA_FY,1.0.0/all?startPeriod=2015&format=csv",2026-08-25T07:40:28.773Z
2021,Permanent visa - Special Eligibility and humanitarian,12,NOM departures,Northern Territory,0,Persons,primary,"https://data.api.abs.gov.au/rest/data/ABS,ABS_NOM_VISA_FY,1.0.0/all?startPeriod=2015&format=csv",2026-08-25T07:40:28.773Z
2021,Permanent visa - Total,9,NOM departures,Northern Territory,100,Persons,primary,"https://data.api.abs.gov.au/rest/data/ABS,ABS_NOM_VISA_FY,1.0.0/all?startPeriod=2015&format=csv",2026-08-25T07:40:28.773Z
2021,Temporary visa - Higher education sector,3,NOM departures,Northern Territory,20,Persons,primary,"https://data.api.abs.gov.au/rest/data/ABS,ABS_NOM_VISA_FY,1.0.0/all?startPeriod=2015&format=csv",2026-08-25T07:40:28.773Z
2021,Temporary visa - Other temporary visas,8,NOM departures,Northern Territory,410,Persons,primary,"https://data.api.abs.gov.au/rest/data/ABS,ABS_NOM_VISA_FY,1.0.0/all?startPeriod=2015&format=csv",2026-08-25T07:40:28.773Z
2021,Temporary visa - Student other,4,NOM departures,Northern Territory,20,Persons,primary,"https://data.api.abs.gov.au/rest/data/ABS,ABS_NOM_VISA_FY,1.0.0/all?startPeriod=2015&format=csv",2026-08-25T07:40:28.773Z
2021,Temporary visa - Temporary work (skilled),5,NOM departures,Northern Territory,90,Persons,primary,"https://data.api.abs.gov.au/rest/data/ABS,ABS_NOM_VISA_FY,1.0.0/all?startPeriod=2015&format=csv",2026-08-25T07:40:28.773Z
2021,Temporary visa - Total,1,NOM departures,Northern Territory,820,Persons,primary,"https://data.api.abs.gov.au/rest/data/ABS,ABS_NOM_VISA_FY,1.0.0/all?startPeriod=2015&format=csv",2026-08-25T07:40:28.773Z
2021,Temporary visa - Visitor,6,NOM departures,Northern Territory,110,Persons,primary,"https://data.api.abs.gov.au/rest/data/ABS,ABS_NOM_VISA_FY,1.0.0/all?startPeriod=2015&format=csv",2026-08-25T07:40:28.773Z
2021,Temporary visa - Vocational Education and Training sector,2,NOM departures,Northern Territory,30,Persons,primary,"https://data.api.abs.gov.au/rest/data/ABS,ABS_NOM_VISA_FY,1.0.0/all?startPeriod=2015&format=csv",2026-08-25T07:40:28.773Z
2021,Temporary visa - Working Holiday,7,NOM departures,Northern Territory,140,Persons,primary,"https://data.api.abs.gov.au/rest/data/ABS,ABS_NOM_VISA_FY,1.0.0/all?startPeriod=2015&format=csv",2026-08-25T07:40:28.773Z
2021,Total,16,NOM departures,Northern Territory,1870,Persons,primary,"https://data.api.abs.gov.au/rest/data/ABS,ABS_NOM_VISA_FY,1.0.0/all?startPeriod=2015&format=csv",2026-08-25T07:40:28.773Z
2021,Australian Citizen,14,NOM arrivals,Queensland,9470,Persons,primary,"https://data.api.abs.gov.au/rest/data/ABS,ABS_NOM_VISA_FY,1.0.0/all?startPeriod=2015&format=csv",2026-08-25T07:40:28.773Z
2021,New Zealand Citizen (subclass 444),13,NOM arrivals,Queensland,4140,Persons,primary,"https://data.api.abs.gov.au/rest/data/ABS,ABS_NOM_VISA_FY,1.0.0/all?startPeriod=2015&format=csv",2026-08-25T07:40:28.773Z
2021,Other Visas,17,NOM arrivals,Queensland,390,Persons,primary,"https://data.api.abs.gov.au/rest/data/ABS,ABS_NOM_VISA_FY,1.0.0/all?startPeriod=2015&format=csv",2026-08-25T07:40:28.773Z
2021,Permanent visa - Family,10,NOM arrivals,Queensland,1740,Persons,primary,"https://data.api.abs.gov.au/rest/data/ABS,ABS_NOM_VISA_FY,1.0.0/all?startPeriod=2015&format=csv",2026-08-25T07:40:28.773Z
2021,Permanent visa - Other permanent visas,15,NOM arrivals,Queensland,680,Persons,primary,"https://data.api.abs.gov.au/rest/data/ABS,ABS_NOM_VISA_FY,1.0.0/all?startPeriod=2015&format=csv",2026-08-25T07:40:28.773Z
2021,Permanent visa - Skill,11,NOM arrivals,Queensland,1550,Persons,primary,"https://data.api.abs.gov.au/rest/data/ABS,ABS_NOM_VISA_FY,1.0.0/all?startPeriod=2015&format=csv",2026-08-25T07:40:28.773Z
2021,Permanent visa - Special Eligibility and humanitarian,12,NOM arrivals,Queensland,130,Persons,primary,"https://data.api.abs.gov.au/rest/data/ABS,ABS_NOM_VISA_FY,1.0.0/all?startPeriod=2015&format=csv",2026-08-25T07:40:28.773Z
2021,Permanent visa - Total,9,NOM arrivals,Queensland,4090,Persons,primary,"https://data.api.abs.gov.au/rest/data/ABS,ABS_NOM_VISA_FY,1.0.0/all?startPeriod=2015&format=csv",2026-08-25T07:40:28.773Z
2021,Temporary visa - Higher education sector,3,NOM arrivals,Queensland,130,Persons,primary,"https://data.api.abs.gov.au/rest/data/ABS,ABS_NOM_VISA_FY,1.0.0/all?startPeriod=2015&format=csv",2026-08-25T07:40:28.773Z
2021,Temporary visa - Other temporary visas,8,NOM arrivals,Queensland,2430,Persons,primary,"https://data.api.abs.gov.au/rest/data/ABS,ABS_NOM_VISA_FY,1.0.0/all?startPeriod=2015&format=csv",2026-08-25T07:40:28.773Z
2021,Temporary visa - Student other,4,NOM arrivals,Queensland,130,Persons,primary,"https://data.api.abs.gov.au/rest/data/ABS,ABS_NOM_VISA_FY,1.0.0/all?startPeriod=2015&format=csv",2026-08-25T07:40:28.773Z
2021,Temporary visa - Temporary work (skilled),5,NOM arrivals,Queensland,1320,Persons,primary,"https://data.api.abs.gov.au/rest/data/ABS,ABS_NOM_VISA_FY,1.0.0/all?startPeriod=2015&format=csv",2026-08-25T07:40:28.773Z
2021,Temporary visa - Total,1,NOM arrivals,Queensland,5350,Persons,primary,"https://data.api.abs.gov.au/rest/data/ABS,ABS_NOM_VISA_FY,1.0.0/all?startPeriod=2015&format=csv",2026-08-25T07:40:28.773Z
2021,Temporary visa - Visitor,6,NOM arrivals,Queensland,1160,Persons,primary,"https://data.api.abs.gov.au/rest/data/ABS,ABS_NOM_VISA_FY,1.0.0/all?startPeriod=2015&format=csv",2026-08-25T07:40:28.773Z
2021,Temporary visa - Vocational Education and Training sector,2,NOM arrivals,Queensland,20,Persons,primary,"https://data.api.abs.gov.au/rest/data/ABS,ABS_NOM_VISA_FY,1.0.0/all?startPeriod=2015&format=csv",2026-08-25T07:40:28.773Z
2021,Temporary visa - Working Holiday,7,NOM arrivals,Queensland,180,Persons,primary,"https://data.api.abs.gov.au/rest/data/ABS,ABS_NOM_VISA_FY,1.0.0/all?startPeriod=2015&format=csv",2026-08-25T07:40:28.773Z
2021,Total,16,NOM arrivals,Queensland,23440,Persons,primary,"https://data.api.abs.gov.au/rest/data/ABS,ABS_NOM_VISA_FY,1.0.0/all?startPeriod=2015&format=csv",2026-08-25T07:40:28.773Z
2021,Australian Citizen,14,NOM departures,Queensland,7210,Persons,primary,"https://data.api.abs.gov.au/rest/data/ABS,ABS_NOM_VISA_FY,1.0.0/all?startPeriod=2015&format=csv",2026-08-25T07:40:28.773Z
2021,New Zealand Citizen (subclass 444),13,NOM departures,Queensland,5990,Persons,primary,"https://data.api.abs.gov.au/rest/data/ABS,ABS_NOM_VISA_FY,1.0.0/all?startPeriod=2015&format=csv",2026-08-25T07:40:28.773Z
2021,Other Visas,17,NOM departures,Queensland,630,Persons,primary,"https://data.api.abs.gov.au/rest/data/ABS,ABS_NOM_VISA_FY,1.0.0/all?startPeriod=2015&format=csv",2026-08-25T07:40:28.773Z
2021,Permanent visa - Family,10,NOM departures,Queensland,530,Persons,primary,"https://data.api.abs.gov.au/rest/data/ABS,ABS_NOM_VISA_FY,1.0.0/all?startPeriod=2015&format=csv",2026-08-25T07:40:28.773Z
2021,Permanent visa - Other permanent visas,15,NOM departures,Queensland,850,Persons,primary,"https://data.api.abs.gov.au/rest/data/ABS,ABS_NOM_VISA_FY,1.0.0/all?startPeriod=2015&format=csv",2026-08-25T07:40:28.773Z
2021,Permanent visa - Skill,11,NOM departures,Queensland,710,Persons,primary,"https://data.api.abs.gov.au/rest/data/ABS,ABS_NOM_VISA_FY,1.0.0/all?startPeriod=2015&format=csv",2026-08-25T07:40:28.773Z
2021,Permanent visa - Special Eligibility and humanitarian,12,NOM departures,Queensland,10,Persons,primary,"https://data.api.abs.gov.au/rest/data/ABS,ABS_NOM_VISA_FY,1.0.0/all?startPeriod=2015&format=csv",2026-08-25T07:40:28.773Z
2021,Permanent visa - Total,9,NOM departures,Queensland,2110,Persons,primary,"https://data.api.abs.gov.au/rest/data/ABS,ABS_NOM_VISA_FY,1.0.0/all?startPeriod=2015&format=csv",2026-08-25T07:40:28.773Z
2021,Temporary visa - Higher education sector,3,NOM departures,Queensland,5630,Persons,primary,"https://data.api.abs.gov.au/rest/data/ABS,ABS_NOM_VISA_FY,1.0.0/all?startPeriod=2015&format=csv",2026-08-25T07:40:28.773Z
2021,Temporary visa - Other temporary visas,8,NOM departures,Queensland,6420,Persons,primary,"https://data.api.abs.gov.au/rest/data/ABS,ABS_NOM_VISA_FY,1.0.0/all?startPeriod=2015&format=csv",2026-08-25T07:40:28.773Z
2021,Temporary visa - Student other,4,NOM departures,Queensland,1370,Persons,primary,"https://data.api.abs.gov.au/rest/data/ABS,ABS_NOM_VISA_FY,1.0.0/all?startPeriod=2015&format=csv",2026-08-25T07:40:28.773Z
2021,Temporary visa - Temporary work (skilled),5,NOM departures,Queensland,1220,Persons,primary,"https://data.api.abs.gov.au/rest/data/ABS,ABS_NOM_VISA_FY,1.0.0/all?startPeriod=2015&format=csv",2026-08-25T07:40:28.773Z
2021,Temporary visa - Total,1,NOM departures,Queensland,20360,Persons,primary,"https://data.api.abs.gov.au/rest/data/ABS,ABS_NOM_VISA_FY,1.0.0/all?startPeriod=2015&format=csv",2026-08-25T07:40:28.773Z
2021,Temporary visa - Visitor,6,NOM departures,Queensland,2060,Persons,primary,"https://data.api.abs.gov.au/rest/data/ABS,ABS_NOM_VISA_FY,1.0.0/all?startPeriod=2015&format=csv",2026-08-25T07:40:28.773Z
2021,Temporary visa - Vocational Education and Training sector,2,NOM departures,Queensland,1700,Persons,primary,"https://data.api.abs.gov.au/rest/data/ABS,ABS_NOM_VISA_FY,1.0.0/all?startPeriod=2015&format=csv",2026-08-25T07:40:28.773Z
2021,Temporary visa - Working Holiday,7,NOM departures,Queensland,1960,Persons,primary,"https://data.api.abs.gov.au/rest/data/ABS,ABS_NOM_VISA_FY,1.0.0/all?startPeriod=2015&format=csv",2026-08-25T07:40:28.773Z
2021,Total,16,NOM departures,Queensland,36300,Persons,primary,"https://data.api.abs.gov.au/rest/data/ABS,ABS_NOM_VISA_FY,1.0.0/all?startPeriod=2015&format=csv",2026-08-25T07:40:28.773Z
2021,Australian Citizen,14,NOM arrivals,South Australia,2420,Persons,primary,"https://data.api.abs.gov.au/rest/data/ABS,ABS_NOM_VISA_FY,1.0.0/all?startPeriod=2015&format=csv",2026-08-25T07:40:28.773Z
2021,New Zealand Citizen (subclass 444),13,NOM arrivals,South Australia,270,Persons,primary,"https://data.api.abs.gov.au/rest/data/ABS,ABS_NOM_VISA_FY,1.0.0/all?startPeriod=2015&format=csv",2026-08-25T07:40:28.773Z
2021,Other Visas,17,NOM arrivals,South Australia,20,Persons,primary,"https://data.api.abs.gov.au/rest/data/ABS,ABS_NOM_VISA_FY,1.0.0/all?startPeriod=2015&format=csv",2026-08-25T07:40:28.773Z
2021,Permanent visa - Family,10,NOM arrivals,South Australia,770,Persons,primary,"https://data.api.abs.gov.au/rest/data/ABS,ABS_NOM_VISA_FY,1.0.0/all?startPeriod=2015&format=csv",2026-08-25T07:40:28.773Z
2021,Permanent visa - Other permanent visas,15,NOM arrivals,South Australia,210,Persons,primary,"https://data.api.abs.gov.au/rest/data/ABS,ABS_NOM_VISA_FY,1.0.0/all?startPeriod=2015&format=csv",2026-08-25T07:40:28.773Z
2021,Permanent visa - Skill,11,NOM arrivals,South Australia,780,Persons,primary,"https://data.api.abs.gov.au/rest/data/ABS,ABS_NOM_VISA_FY,1.0.0/all?startPeriod=2015&format=csv",2026-08-25T07:40:28.773Z
2021,Permanent visa - Special Eligibility and humanitarian,12,NOM arrivals,South Australia,90,Persons,primary,"https://data.api.abs.gov.au/rest/data/ABS,ABS_NOM_VISA_FY,1.0.0/all?startPeriod=2015&format=csv",2026-08-25T07:40:28.773Z
2021,Permanent visa - Total,9,NOM arrivals,South Australia,1860,Persons,primary,"https://data.api.abs.gov.au/rest/data/ABS,ABS_NOM_VISA_FY,1.0.0/all?startPeriod=2015&format=csv",2026-08-25T07:40:28.773Z
2021,Temporary visa - Higher education sector,3,NOM arrivals,South Australia,40,Persons,primary,"https://data.api.abs.gov.au/rest/data/ABS,ABS_NOM_VISA_FY,1.0.0/all?startPeriod=2015&format=csv",2026-08-25T07:40:28.773Z
2021,Temporary visa - Other temporary visas,8,NOM arrivals,South Australia,720,Persons,primary,"https://data.api.abs.gov.au/rest/data/ABS,ABS_NOM_VISA_FY,1.0.0/all?startPeriod=2015&format=csv",2026-08-25T07:40:28.773Z
2021,Temporary visa - Student other,4,NOM arrivals,South Australia,30,Persons,primary,"https://data.api.abs.gov.au/rest/data/ABS,ABS_NOM_VISA_FY,1.0.0/all?startPeriod=2015&format=csv",2026-08-25T07:40:28.773Z
2021,Temporary visa - Temporary work (skilled),5,NOM arrivals,South Australia,340,Persons,primary,"https://data.api.abs.gov.au/rest/data/ABS,ABS_NOM_VISA_FY,1.0.0/all?startPeriod=2015&format=csv",2026-08-25T07:40:28.773Z
2021,Temporary visa - Total,1,NOM arrivals,South Australia,1450,Persons,primary,"https://data.api.abs.gov.au/rest/data/ABS,ABS_NOM_VISA_FY,1.0.0/all?startPeriod=2015&format=csv",2026-08-25T07:40:28.773Z
2021,Temporary visa - Visitor,6,NOM arrivals,South Australia,290,Persons,primary,"https://data.api.abs.gov.au/rest/data/ABS,ABS_NOM_VISA_FY,1.0.0/all?startPeriod=2015&format=csv",2026-08-25T07:40:28.773Z
2021,Temporary visa - Vocational Education and Training sector,2,NOM arrivals,South Australia,10,Persons,primary,"https://data.api.abs.gov.au/rest/data/ABS,ABS_NOM_VISA_FY,1.0.0/all?startPeriod=2015&format=csv",2026-08-25T07:40:28.773Z
2021,Temporary visa - Working Holiday,7,NOM arrivals,South Australia,30,Persons,primary,"https://data.api.abs.gov.au/rest/data/ABS,ABS_NOM_VISA_FY,1.0.0/all?startPeriod=2015&format=csv",2026-08-25T07:40:28.773Z
2021,Total,16,NOM arrivals,South Australia,6020,Persons,primary,"https://data.api.abs.gov.au/rest/data/ABS,ABS_NOM_VISA_FY,1.0.0/all?startPeriod=2015&format=csv",2026-08-25T07:40:28.773Z
2021,Australian Citizen,14,NOM departures,South Australia,1750,Persons,primary,"https://data.api.abs.gov.au/rest/data/ABS,ABS_NOM_VISA_FY,1.0.0/all?startPeriod=2015&format=csv",2026-08-25T07:40:28.773Z
2021,New Zealand Citizen (subclass 444),13,NOM departures,South Australia,300,Persons,primary,"https://data.api.abs.gov.au/rest/data/ABS,ABS_NOM_VISA_FY,1.0.0/all?startPeriod=2015&format=csv",2026-08-25T07:40:28.773Z
2021,Other Visas,17,NOM departures,South Australia,160,Persons,primary,"https://data.api.abs.gov.au/rest/data/ABS,ABS_NOM_VISA_FY,1.0.0/all?startPeriod=2015&format=csv",2026-08-25T07:40:28.773Z
2021,Permanent visa - Family,10,NOM departures,South Australia,140,Persons,primary,"https://data.api.abs.gov.au/rest/data/ABS,ABS_NOM_VISA_FY,1.0.0/all?startPeriod=2015&format=csv",2026-08-25T07:40:28.773Z
2021,Permanent visa - Other permanent visas,15,NOM departures,South Australia,280,Persons,primary,"https://data.api.abs.gov.au/rest/data/ABS,ABS_NOM_VISA_FY,1.0.0/all?startPeriod=2015&format=csv",2026-08-25T07:40:28.773Z
2021,Permanent visa - Skill,11,NOM departures,South Australia,290,Persons,primary,"https://data.api.abs.gov.au/rest/data/ABS,ABS_NOM_VISA_FY,1.0.0/all?startPeriod=2015&format=csv",2026-08-25T07:40:28.773Z
2021,Permanent visa - Special Eligibility and humanitarian,12,NOM departures,South Australia,10,Persons,primary,"https://data.api.abs.gov.au/rest/data/ABS,ABS_NOM_VISA_FY,1.0.0/all?startPeriod=2015&format=csv",2026-08-25T07:40:28.773Z
2021,Permanent visa - Total,9,NOM departures,South Australia,720,Persons,primary,"https://data.api.abs.gov.au/rest/data/ABS,ABS_NOM_VISA_FY,1.0.0/all?startPeriod=2015&format=csv",2026-08-25T07:40:28.773Z
2021,Temporary visa - Higher education sector,3,NOM departures,South Australia,1760,Persons,primary,"https://data.api.abs.gov.au/rest/data/ABS,ABS_NOM_VISA_FY,1.0.0/all?startPeriod=2015&format=csv",2026-08-25T07:40:28.773Z
2021,Temporary visa - Other temporary visas,8,NOM departures,South Australia,2030,Persons,primary,"https://data.api.abs.gov.au/rest/data/ABS,ABS_NOM_VISA_FY,1.0.0/all?startPeriod=2015&format=csv",2026-08-25T07:40:28.773Z
2021,Temporary visa - Student other,4,NOM departures,South Australia,570,Persons,primary,"https://data.api.abs.gov.au/rest/data/ABS,ABS_NOM_VISA_FY,1.0.0/all?startPeriod=2015&format=csv",2026-08-25T07:40:28.773Z
2021,Temporary visa - Temporary work (skilled),5,NOM departures,South Australia,310,Persons,primary,"https://data.api.abs.gov.au/rest/data/ABS,ABS_NOM_VISA_FY,1.0.0/all?startPeriod=2015&format=csv",2026-08-25T07:40:28.773Z
2021,Temporary visa - Total,1,NOM departures,South Australia,5920,Persons,primary,"https://data.api.abs.gov.au/rest/data/ABS,ABS_NOM_VISA_FY,1.0.0/all?startPeriod=2015&format=csv",2026-08-25T07:40:28.773Z
2021,Temporary visa - Visitor,6,NOM departures,South Australia,750,Persons,primary,"https://data.api.abs.gov.au/rest/data/ABS,ABS_NOM_VISA_FY,1.0.0/all?startPeriod=2015&format=csv",2026-08-25T07:40:28.773Z
2021,Temporary visa - Vocational Education and Training sector,2,NOM departures,South Australia,270,Persons,primary,"https://data.api.abs.gov.au/rest/data/ABS,ABS_NOM_VISA_FY,1.0.0/all?startPeriod=2015&format=csv",2026-08-25T07:40:28.773Z
2021,Temporary visa - Working Holiday,7,NOM departures,South Australia,230,Persons,primary,"https://data.api.abs.gov.au/rest/data/ABS,ABS_NOM_VISA_FY,1.0.0/all?startPeriod=2015&format=csv",2026-08-25T07:40:28.773Z
2021,Total,16,NOM departures,South Australia,8840,Persons,primary,"https://data.api.abs.gov.au/rest/data/ABS,ABS_NOM_VISA_FY,1.0.0/all?startPeriod=2015&format=csv",2026-08-25T07:40:28.773Z
2021,Australian Citizen,14,NOM arrivals,Tasmania,480,Persons,primary,"https://data.api.abs.gov.au/rest/data/ABS,ABS_NOM_VISA_FY,1.0.0/all?startPeriod=2015&format=csv",2026-08-25T07:40:28.773Z
2021,New Zealand Citizen (subclass 444),13,NOM arrivals,Tasmania,70,Persons,primary,"https://data.api.abs.gov.au/rest/data/ABS,ABS_NOM_VISA_FY,1.0.0/all?startPeriod=2015&format=csv",2026-08-25T07:40:28.773Z
2021,Other Visas,17,NOM arrivals,Tasmania,10,Persons,primary,"https://data.api.abs.gov.au/rest/data/ABS,ABS_NOM_VISA_FY,1.0.0/all?startPeriod=2015&format=csv",2026-08-25T07:40:28.773Z
2021,Permanent visa - Family,10,NOM arrivals,Tasmania,80,Persons,primary,"https://data.api.abs.gov.au/rest/data/ABS,ABS_NOM_VISA_FY,1.0.0/all?startPeriod=2015&format=csv",2026-08-25T07:40:28.773Z
2021,Permanent visa - Other permanent visas,15,NOM arrivals,Tasmania,20,Persons,primary,"https://data.api.abs.gov.au/rest/data/ABS,ABS_NOM_VISA_FY,1.0.0/all?startPeriod=2015&format=csv",2026-08-25T07:40:28.773Z
2021,Permanent visa - Skill,11,NOM arrivals,Tasmania,160,Persons,primary,"https://data.api.abs.gov.au/rest/data/ABS,ABS_NOM_VISA_FY,1.0.0/all?startPeriod=2015&format=csv",2026-08-25T07:40:28.773Z
2021,Permanent visa - Special Eligibility and humanitarian,12,NOM arrivals,Tasmania,0,Persons,primary,"https://data.api.abs.gov.au/rest/data/ABS,ABS_NOM_VISA_FY,1.0.0/all?startPeriod=2015&format=csv",2026-08-25T07:40:28.773Z
2021,Permanent visa - Total,9,NOM arrivals,Tasmania,260,Persons,primary,"https://data.api.abs.gov.au/rest/data/ABS,ABS_NOM_VISA_FY,1.0.0/all?startPeriod=2015&format=csv",2026-08-25T07:40:28.773Z
2021,Temporary visa - Higher education sector,3,NOM arrivals,Tasmania,10,Persons,primary,"https://data.api.abs.gov.au/rest/data/ABS,ABS_NOM_VISA_FY,1.0.0/all?startPeriod=2015&format=csv",2026-08-25T07:40:28.773Z
2021,Temporary visa - Other temporary visas,8,NOM arrivals,Tasmania,620,Persons,primary,"https://data.api.abs.gov.au/rest/data/ABS,ABS_NOM_VISA_FY,1.0.0/all?startPeriod=2015&format=csv",2026-08-25T07:40:28.773Z
2021,Temporary visa - Student other,4,NOM arrivals,Tasmania,20,Persons,primary,"https://data.api.abs.gov.au/rest/data/ABS,ABS_NOM_VISA_FY,1.0.0/all?startPeriod=2015&format=csv",2026-08-25T07:40:28.773Z
2021,Temporary visa - Temporary work (skilled),5,NOM arrivals,Tasmania,60,Persons,primary,"https://data.api.abs.gov.au/rest/data/ABS,ABS_NOM_VISA_FY,1.0.0/all?startPeriod=2015&format=csv",2026-08-25T07:40:28.773Z
2021,Temporary visa - Total,1,NOM arrivals,Tasmania,790,Persons,primary,"https://data.api.abs.gov.au/rest/data/ABS,ABS_NOM_VISA_FY,1.0.0/all?startPeriod=2015&format=csv",2026-08-25T07:40:28.773Z
2021,Temporary visa - Visitor,6,NOM arrivals,Tasmania,70,Persons,primary,"https://data.api.abs.gov.au/rest/data/ABS,ABS_NOM_VISA_FY,1.0.0/all?startPeriod=2015&format=csv",2026-08-25T07:40:28.773Z
2021,Temporary visa - Vocational Education and Training sector,2,NOM arrivals,Tasmania,10,Persons,primary,"https://data.api.abs.gov.au/rest/data/ABS,ABS_NOM_VISA_FY,1.0.0/all?startPeriod=2015&format=csv",2026-08-25T07:40:28.773Z
2021,Temporary visa - Working Holiday,7,NOM arrivals,Tasmania,10,Persons,primary,"https://data.api.abs.gov.au/rest/data/ABS,ABS_NOM_VISA_FY,1.0.0/all?startPeriod=2015&format=csv",2026-08-25T07:40:28.773Z
2021,Total,16,NOM arrivals,Tasmania,1610,Persons,primary,"https://data.api.abs.gov.au/rest/data/ABS,ABS_NOM_VISA_FY,1.0.0/all?startPeriod=2015&format=csv",2026-08-25T07:40:28.773Z
2021,Australian Citizen,14,NOM departures,Tasmania,410,Persons,primary,"https://data.api.abs.gov.au/rest/data/ABS,ABS_NOM_VISA_FY,1.0.0/all?startPeriod=2015&format=csv",2026-08-25T07:40:28.773Z
2021,New Zealand Citizen (subclass 444),13,NOM departures,Tasmania,90,Persons,primary,"https://data.api.abs.gov.au/rest/data/ABS,ABS_NOM_VISA_FY,1.0.0/all?startPeriod=2015&format=csv",2026-08-25T07:40:28.773Z
2021,Other Visas,17,NOM departures,Tasmania,50,Persons,primary,"https://data.api.abs.gov.au/rest/data/ABS,ABS_NOM_VISA_FY,1.0.0/all?startPeriod=2015&format=csv",2026-08-25T07:40:28.773Z
2021,Permanent visa - Family,10,NOM departures,Tasmania,30,Persons,primary,"https://data.api.abs.gov.au/rest/data/ABS,ABS_NOM_VISA_FY,1.0.0/all?startPeriod=2015&format=csv",2026-08-25T07:40:28.773Z
2021,Permanent visa - Other permanent visas,15,NOM departures,Tasmania,30,Persons,primary,"https://data.api.abs.gov.au/rest/data/ABS,ABS_NOM_VISA_FY,1.0.0/all?startPeriod=2015&format=csv",2026-08-25T07:40:28.773Z
2021,Permanent visa - Skill,11,NOM departures,Tasmania,130,Persons,primary,"https://data.api.abs.gov.au/rest/data/ABS,ABS_NOM_VISA_FY,1.0.0/all?startPeriod=2015&format=csv",2026-08-25T07:40:28.773Z
2021,Permanent visa - Special Eligibility and humanitarian,12,NOM departures,Tasmania,0,Persons,primary,"https://data.api.abs.gov.au/rest/data/ABS,ABS_NOM_VISA_FY,1.0.0/all?startPeriod=2015&format=csv",2026-08-25T07:40:28.773Z
2021,Permanent visa - Total,9,NOM departures,Tasmania,190,Persons,primary,"https://data.api.abs.gov.au/rest/data/ABS,ABS_NOM_VISA_FY,1.0.0/all?startPeriod=2015&format=csv",2026-08-25T07:40:28.773Z
2021,Temporary visa - Higher education sector,3,NOM departures,Tasmania,220,Persons,primary,"https://data.api.abs.gov.au/rest/data/ABS,ABS_NOM_VISA_FY,1.0.0/all?startPeriod=2015&format=csv",2026-08-25T07:40:28.773Z
2021,Temporary visa - Other temporary visas,8,NOM departures,Tasmania,520,Persons,primary,"https://data.api.abs.gov.au/rest/data/ABS,ABS_NOM_VISA_FY,1.0.0/all?startPeriod=2015&format=csv",2026-08-25T07:40:28.773Z
2021,Temporary visa - Student other,4,NOM departures,Tasmania,80,Persons,primary,"https://data.api.abs.gov.au/rest/data/ABS,ABS_NOM_VISA_FY,1.0.0/all?startPeriod=2015&format=csv",2026-08-25T07:40:28.773Z
2021,Temporary visa - Temporary work (skilled),5,NOM departures,Tasmania,50,Persons,primary,"https://data.api.abs.gov.au/rest/data/ABS,ABS_NOM_VISA_FY,1.0.0/all?startPeriod=2015&format=csv",2026-08-25T07:40:28.773Z
2021,Temporary visa - Total,1,NOM departures,Tasmania,1190,Persons,primary,"https://data.api.abs.gov.au/rest/data/ABS,ABS_NOM_VISA_FY,1.0.0/all?startPeriod=2015&format=csv",2026-08-25T07:40:28.773Z
2021,Temporary visa - Visitor,6,NOM departures,Tasmania,150,Persons,primary,"https://data.api.abs.gov.au/rest/data/ABS,ABS_NOM_VISA_FY,1.0.0/all?startPeriod=2015&format=csv",2026-08-25T07:40:28.773Z
2021,Temporary visa - Vocational Education and Training sector,2,NOM departures,Tasmania,70,Persons,primary,"https://data.api.abs.gov.au/rest/data/ABS,ABS_NOM_VISA_FY,1.0.0/all?startPeriod=2015&format=csv",2026-08-25T07:40:28.773Z
2021,Temporary visa - Working Holiday,7,NOM departures,Tasmania,110,Persons,primary,"https://data.api.abs.gov.au/rest/data/ABS,ABS_NOM_VISA_FY,1.0.0/all?startPeriod=2015&format=csv",2026-08-25T07:40:28.773Z
2021,Total,16,NOM departures,Tasmania,1930,Persons,primary,"https://data.api.abs.gov.au/rest/data/ABS,ABS_NOM_VISA_FY,1.0.0/all?startPeriod=2015&format=csv",2026-08-25T07:40:28.773Z
2021,Australian Citizen,14,NOM arrivals,Victoria,10360,Persons,primary,"https://data.api.abs.gov.au/rest/data/ABS,ABS_NOM_VISA_FY,1.0.0/all?startPeriod=2015&format=csv",2026-08-25T07:40:28.773Z
2021,New Zealand Citizen (subclass 444),13,NOM arrivals,Victoria,3310,Persons,primary,"https://data.api.abs.gov.au/rest/data/ABS,ABS_NOM_VISA_FY,1.0.0/all?startPeriod=2015&format=csv",2026-08-25T07:40:28.773Z
2021,Other Visas,17,NOM arrivals,Victoria,90,Persons,primary,"https://data.api.abs.gov.au/rest/data/ABS,ABS_NOM_VISA_FY,1.0.0/all?startPeriod=2015&format=csv",2026-08-25T07:40:28.773Z
2021,Permanent visa - Family,10,NOM arrivals,Victoria,3920,Persons,primary,"https://data.api.abs.gov.au/rest/data/ABS,ABS_NOM_VISA_FY,1.0.0/all?startPeriod=2015&format=csv",2026-08-25T07:40:28.773Z
2021,Permanent visa - Other permanent visas,15,NOM arrivals,Victoria,1300,Persons,primary,"https://data.api.abs.gov.au/rest/data/ABS,ABS_NOM_VISA_FY,1.0.0/all?startPeriod=2015&format=csv",2026-08-25T07:40:28.773Z
2021,Permanent visa - Skill,11,NOM arrivals,Victoria,3630,Persons,primary,"https://data.api.abs.gov.au/rest/data/ABS,ABS_NOM_VISA_FY,1.0.0/all?startPeriod=2015&format=csv",2026-08-25T07:40:28.773Z
2021,Permanent visa - Special Eligibility and humanitarian,12,NOM arrivals,Victoria,150,Persons,primary,"https://data.api.abs.gov.au/rest/data/ABS,ABS_NOM_VISA_FY,1.0.0/all?startPeriod=2015&format=csv",2026-08-25T07:40:28.773Z
2021,Permanent visa - Total,9,NOM arrivals,Victoria,9000,Persons,primary,"https://data.api.abs.gov.au/rest/data/ABS,ABS_NOM_VISA_FY,1.0.0/all?startPeriod=2015&format=csv",2026-08-25T07:40:28.773Z
2021,Temporary visa - Higher education sector,3,NOM arrivals,Victoria,160,Persons,primary,"https://data.api.abs.gov.au/rest/data/ABS,ABS_NOM_VISA_FY,1.0.0/all?startPeriod=2015&format=csv",2026-08-25T07:40:28.773Z
2021,Temporary visa - Other temporary visas,8,NOM arrivals,Victoria,1040,Persons,primary,"https://data.api.abs.gov.au/rest/data/ABS,ABS_NOM_VISA_FY,1.0.0/all?startPeriod=2015&format=csv",2026-08-25T07:40:28.773Z
2021,Temporary visa - Student other,4,NOM arrivals,Victoria,130,Persons,primary,"https://data.api.abs.gov.au/rest/data/ABS,ABS_NOM_VISA_FY,1.0.0/all?startPeriod=2015&format=csv",2026-08-25T07:40:28.773Z
2021,Temporary visa - Temporary work (skilled),5,NOM arrivals,Victoria,1400,Persons,primary,"https://data.api.abs.gov.au/rest/data/ABS,ABS_NOM_VISA_FY,1.0.0/all?startPeriod=2015&format=csv",2026-08-25T07:40:28.773Z
2021,Temporary visa - Total,1,NOM arrivals,Victoria,4390,Persons,primary,"https://data.api.abs.gov.au/rest/data/ABS,ABS_NOM_VISA_FY,1.0.0/all?startPeriod=2015&format=csv",2026-08-25T07:40:28.773Z
2021,Temporary visa - Visitor,6,NOM arrivals,Victoria,1480,Persons,primary,"https://data.api.abs.gov.au/rest/data/ABS,ABS_NOM_VISA_FY,1.0.0/all?startPeriod=2015&format=csv",2026-08-25T07:40:28.773Z
2021,Temporary visa - Vocational Education and Training sector,2,NOM arrivals,Victoria,20,Persons,primary,"https://data.api.abs.gov.au/rest/data/ABS,ABS_NOM_VISA_FY,1.0.0/all?startPeriod=2015&format=csv",2026-08-25T07:40:28.773Z
2021,Temporary visa - Working Holiday,7,NOM arrivals,Victoria,160,Persons,primary,"https://data.api.abs.gov.au/rest/data/ABS,ABS_NOM_VISA_FY,1.0.0/all?startPeriod=2015&format=csv",2026-08-25T07:40:28.773Z
2021,Total,16,NOM arrivals,Victoria,27140,Persons,primary,"https://data.api.abs.gov.au/rest/data/ABS,ABS_NOM_VISA_FY,1.0.0/all?startPeriod=2015&format=csv",2026-08-25T07:40:28.773Z
2021,Australian Citizen,14,NOM departures,Victoria,12320,Persons,primary,"https://data.api.abs.gov.au/rest/data/ABS,ABS_NOM_VISA_FY,1.0.0/all?startPeriod=2015&format=csv",2026-08-25T07:40:28.773Z
2021,New Zealand Citizen (subclass 444),13,NOM departures,Victoria,5380,Persons,primary,"https://data.api.abs.gov.au/rest/data/ABS,ABS_NOM_VISA_FY,1.0.0/all?startPeriod=2015&format=csv",2026-08-25T07:40:28.773Z
2021,Other Visas,17,NOM departures,Victoria,810,Persons,primary,"https://data.api.abs.gov.au/rest/data/ABS,ABS_NOM_VISA_FY,1.0.0/all?startPeriod=2015&format=csv",2026-08-25T07:40:28.773Z
2021,Permanent visa - Family,10,NOM departures,Victoria,1490,Persons,primary,"https://data.api.abs.gov.au/rest/data/ABS,ABS_NOM_VISA_FY,1.0.0/all?startPeriod=2015&format=csv",2026-08-25T07:40:28.773Z
2021,Permanent visa - Other permanent visas,15,NOM departures,Victoria,2640,Persons,primary,"https://data.api.abs.gov.au/rest/data/ABS,ABS_NOM_VISA_FY,1.0.0/all?startPeriod=2015&format=csv",2026-08-25T07:40:28.773Z
2021,Permanent visa - Skill,11,NOM departures,Victoria,2880,Persons,primary,"https://data.api.abs.gov.au/rest/data/ABS,ABS_NOM_VISA_FY,1.0.0/all?startPeriod=2015&format=csv",2026-08-25T07:40:28.773Z
2021,Permanent visa - Special Eligibility and humanitarian,12,NOM departures,Victoria,20,Persons,primary,"https://data.api.abs.gov.au/rest/data/ABS,ABS_NOM_VISA_FY,1.0.0/all?startPeriod=2015&format=csv",2026-08-25T07:40:28.773Z
2021,Permanent visa - Total,9,NOM departures,Victoria,7030,Persons,primary,"https://data.api.abs.gov.au/rest/data/ABS,ABS_NOM_VISA_FY,1.0.0/all?startPeriod=2015&format=csv",2026-08-25T07:40:28.773Z
2021,Temporary visa - Higher education sector,3,NOM departures,Victoria,18390,Persons,primary,"https://data.api.abs.gov.au/rest/data/ABS,ABS_NOM_VISA_FY,1.0.0/all?startPeriod=2015&format=csv",2026-08-25T07:40:28.773Z
2021,Temporary visa - Other temporary visas,8,NOM departures,Victoria,19560,Persons,primary,"https://data.api.abs.gov.au/rest/data/ABS,ABS_NOM_VISA_FY,1.0.0/all?startPeriod=2015&format=csv",2026-08-25T07:40:28.773Z
2021,Temporary visa - Student other,4,NOM departures,Victoria,2620,Persons,primary,"https://data.api.abs.gov.au/rest/data/ABS,ABS_NOM_VISA_FY,1.0.0/all?startPeriod=2015&format=csv",2026-08-25T07:40:28.773Z
2021,Temporary visa - Temporary work (skilled),5,NOM departures,Victoria,3330,Persons,primary,"https://data.api.abs.gov.au/rest/data/ABS,ABS_NOM_VISA_FY,1.0.0/all?startPeriod=2015&format=csv",2026-08-25T07:40:28.773Z
2021,Temporary visa - Total,1,NOM departures,Victoria,54590,Persons,primary,"https://data.api.abs.gov.au/rest/data/ABS,ABS_NOM_VISA_FY,1.0.0/all?startPeriod=2015&format=csv",2026-08-25T07:40:28.773Z
2021,Temporary visa - Visitor,6,NOM departures,Victoria,4910,Persons,primary,"https://data.api.abs.gov.au/rest/data/ABS,ABS_NOM_VISA_FY,1.0.0/all?startPeriod=2015&format=csv",2026-08-25T07:40:28.773Z
2021,Temporary visa - Vocational Education and Training sector,2,NOM departures,Victoria,3660,Persons,primary,"https://data.api.abs.gov.au/rest/data/ABS,ABS_NOM_VISA_FY,1.0.0/all?startPeriod=2015&format=csv",2026-08-25T07:40:28.773Z
2021,Temporary visa - Working Holiday,7,NOM departures,Victoria,2120,Persons,primary,"https://data.api.abs.gov.au/rest/data/ABS,ABS_NOM_VISA_FY,1.0.0/all?startPeriod=2015&format=csv",2026-08-25T07:40:28.773Z
2021,Total,16,NOM departures,Victoria,80130,Persons,primary,"https://data.api.abs.gov.au/rest/data/ABS,ABS_NOM_VISA_FY,1.0.0/all?startPeriod=2015&format=csv",2026-08-25T07:40:28.773Z
2021,Australian Citizen,14,NOM arrivals,Western Australia,5570,Persons,primary,"https://data.api.abs.gov.au/rest/data/ABS,ABS_NOM_VISA_FY,1.0.0/all?startPeriod=2015&format=csv",2026-08-25T07:40:28.773Z
2021,New Zealand Citizen (subclass 444),13,NOM arrivals,Western Australia,1420,Persons,primary,"https://data.api.abs.gov.au/rest/data/ABS,ABS_NOM_VISA_FY,1.0.0/all?startPeriod=2015&format=csv",2026-08-25T07:40:28.773Z
2021,Other Visas,17,NOM arrivals,Western Australia,60,Persons,primary,"https://data.api.abs.gov.au/rest/data/ABS,ABS_NOM_VISA_FY,1.0.0/all?startPeriod=2015&format=csv",2026-08-25T07:40:28.773Z
2021,Permanent visa - Family,10,NOM arrivals,Western Australia,1230,Persons,primary,"https://data.api.abs.gov.au/rest/data/ABS,ABS_NOM_VISA_FY,1.0.0/all?startPeriod=2015&format=csv",2026-08-25T07:40:28.773Z
2021,Permanent visa - Other permanent visas,15,NOM arrivals,Western Australia,690,Persons,primary,"https://data.api.abs.gov.au/rest/data/ABS,ABS_NOM_VISA_FY,1.0.0/all?startPeriod=2015&format=csv",2026-08-25T07:40:28.773Z
2021,Permanent visa - Skill,11,NOM arrivals,Western Australia,950,Persons,primary,"https://data.api.abs.gov.au/rest/data/ABS,ABS_NOM_VISA_FY,1.0.0/all?startPeriod=2015&format=csv",2026-08-25T07:40:28.773Z
2021,Permanent visa - Special Eligibility and humanitarian,12,NOM arrivals,Western Australia,40,Persons,primary,"https://data.api.abs.gov.au/rest/data/ABS,ABS_NOM_VISA_FY,1.0.0/all?startPeriod=2015&format=csv",2026-08-25T07:40:28.773Z
2021,Permanent visa - Total,9,NOM arrivals,Western Australia,2910,Persons,primary,"https://data.api.abs.gov.au/rest/data/ABS,ABS_NOM_VISA_FY,1.0.0/all?startPeriod=2015&format=csv",2026-08-25T07:40:28.773Z
2021,Temporary visa - Higher education sector,3,NOM arrivals,Western Australia,30,Persons,primary,"https://data.api.abs.gov.au/rest/data/ABS,ABS_NOM_VISA_FY,1.0.0/all?startPeriod=2015&format=csv",2026-08-25T07:40:28.773Z
2021,Temporary visa - Other temporary visas,8,NOM arrivals,Western Australia,890,Persons,primary,"https://data.api.abs.gov.au/rest/data/ABS,ABS_NOM_VISA_FY,1.0.0/all?startPeriod=2015&format=csv",2026-08-25T07:40:28.773Z
2021,Temporary visa - Student other,4,NOM arrivals,Western Australia,50,Persons,primary,"https://data.api.abs.gov.au/rest/data/ABS,ABS_NOM_VISA_FY,1.0.0/all?startPeriod=2015&format=csv",2026-08-25T07:40:28.773Z
2021,Temporary visa - Temporary work (skilled),5,NOM arrivals,Western Australia,1150,Persons,primary,"https://data.api.abs.gov.au/rest/data/ABS,ABS_NOM_VISA_FY,1.0.0/all?startPeriod=2015&format=csv",2026-08-25T07:40:28.773Z
2021,Temporary visa - Total,1,NOM arrivals,Western Australia,3000,Persons,primary,"https://data.api.abs.gov.au/rest/data/ABS,ABS_NOM_VISA_FY,1.0.0/all?startPeriod=2015&format=csv",2026-08-25T07:40:28.773Z
2021,Temporary visa - Visitor,6,NOM arrivals,Western Australia,810,Persons,primary,"https://data.api.abs.gov.au/rest/data/ABS,ABS_NOM_VISA_FY,1.0.0/all?startPeriod=2015&format=csv",2026-08-25T07:40:28.773Z
2021,Temporary visa - Vocational Education and Training sector,2,NOM arrivals,Western Australia,10,Persons,primary,"https://data.api.abs.gov.au/rest/data/ABS,ABS_NOM_VISA_FY,1.0.0/all?startPeriod=2015&format=csv",2026-08-25T07:40:28.773Z
2021,Temporary visa - Working Holiday,7,NOM arrivals,Western Australia,80,Persons,primary,"https://data.api.abs.gov.au/rest/data/ABS,ABS_NOM_VISA_FY,1.0.0/all?startPeriod=2015&format=csv",2026-08-25T07:40:28.773Z
2021,Total,16,NOM arrivals,Western Australia,12970,Persons,primary,"https://data.api.abs.gov.au/rest/data/ABS,ABS_NOM_VISA_FY,1.0.0/all?startPeriod=2015&format=csv",2026-08-25T07:40:28.773Z
2021,Australian Citizen,14,NOM departures,Western Australia,4410,Persons,primary,"https://data.api.abs.gov.au/rest/data/ABS,ABS_NOM_VISA_FY,1.0.0/all?startPeriod=2015&format=csv",2026-08-25T07:40:28.773Z
2021,New Zealand Citizen (subclass 444),13,NOM departures,Western Australia,2330,Persons,primary,"https://data.api.abs.gov.au/rest/data/ABS,ABS_NOM_VISA_FY,1.0.0/all?startPeriod=2015&format=csv",2026-08-25T07:40:28.773Z
2021,Other Visas,17,NOM departures,Western Australia,320,Persons,primary,"https://data.api.abs.gov.au/rest/data/ABS,ABS_NOM_VISA_FY,1.0.0/all?startPeriod=2015&format=csv",2026-08-25T07:40:28.773Z
2021,Permanent visa - Family,10,NOM departures,Western Australia,310,Persons,primary,"https://data.api.abs.gov.au/rest/data/ABS,ABS_NOM_VISA_FY,1.0.0/all?startPeriod=2015&format=csv",2026-08-25T07:40:28.773Z
2021,Permanent visa - Other permanent visas,15,NOM departures,Western Australia,660,Persons,primary,"https://data.api.abs.gov.au/rest/data/ABS,ABS_NOM_VISA_FY,1.0.0/all?startPeriod=2015&format=csv",2026-08-25T07:40:28.773Z
2021,Permanent visa - Skill,11,NOM departures,Western Australia,350,Persons,primary,"https://data.api.abs.gov.au/rest/data/ABS,ABS_NOM_VISA_FY,1.0.0/all?startPeriod=2015&format=csv",2026-08-25T07:40:28.773Z
2021,Permanent visa - Special Eligibility and humanitarian,12,NOM departures,Western Australia,0,Persons,primary,"https://data.api.abs.gov.au/rest/data/ABS,ABS_NOM_VISA_FY,1.0.0/all?startPeriod=2015&format=csv",2026-08-25T07:40:28.773Z
2021,Permanent visa - Total,9,NOM departures,Western Australia,1310,Persons,primary,"https://data.api.abs.gov.au/rest/data/ABS,ABS_NOM_VISA_FY,1.0.0/all?startPeriod=2015&format=csv",2026-08-25T07:40:28.773Z
2021,Temporary visa - Higher education sector,3,NOM departures,Western Australia,1510,Persons,primary,"https://data.api.abs.gov.au/rest/data/ABS,ABS_NOM_VISA_FY,1.0.0/all?startPeriod=2015&format=csv",2026-08-25T07:40:28.773Z
2021,Temporary visa - Other temporary visas,8,NOM departures,Western Australia,3670,Persons,primary,"https://data.api.abs.gov.au/rest/data/ABS,ABS_NOM_VISA_FY,1.0.0/all?startPeriod=2015&format=csv",2026-08-25T07:40:28.773Z
2021,Temporary visa - Student other,4,NOM departures,Western Australia,500,Persons,primary,"https://data.api.abs.gov.au/rest/data/ABS,ABS_NOM_VISA_FY,1.0.0/all?startPeriod=2015&format=csv",2026-08-25T07:40:28.773Z
2021,Temporary visa - Temporary work (skilled),5,NOM departures,Western Australia,1210,Persons,primary,"https://data.api.abs.gov.au/rest/data/ABS,ABS_NOM_VISA_FY,1.0.0/all?startPeriod=2015&format=csv",2026-08-25T07:40:28.773Z
2021,Temporary visa - Total,1,NOM departures,Western Australia,9670,Persons,primary,"https://data.api.abs.gov.au/rest/data/ABS,ABS_NOM_VISA_FY,1.0.0/all?startPeriod=2015&format=csv",2026-08-25T07:40:28.773Z
2021,Temporary visa - Visitor,6,NOM departures,Western Australia,1380,Persons,primary,"https://data.api.abs.gov.au/rest/data/ABS,ABS_NOM_VISA_FY,1.0.0/all?startPeriod=2015&format=csv",2026-08-25T07:40:28.773Z
2021,Temporary visa - Vocational Education and Training sector,2,NOM departures,Western Australia,420,Persons,primary,"https://data.api.abs.gov.au/rest/data/ABS,ABS_NOM_VISA_FY,1.0.0/all?startPeriod=2015&format=csv",2026-08-25T07:40:28.773Z
2021,Temporary visa - Working Holiday,7,NOM departures,Western Australia,980,Persons,primary,"https://data.api.abs.gov.au/rest/data/ABS,ABS_NOM_VISA_FY,1.0.0/all?startPeriod=2015&format=csv",2026-08-25T07:40:28.773Z
2021,Total,16,NOM departures,Western Australia,18030,Persons,primary,"https://data.api.abs.gov.au/rest/data/ABS,ABS_NOM_VISA_FY,1.0.0/all?startPeriod=2015&format=csv",2026-08-25T07:40:28.773Z
2022,Australian Citizen,14,NOM arrivals,Australia,62480,Persons,primary,"https://data.api.abs.gov.au/rest/data/ABS,ABS_NOM_VISA_FY,1.0.0/all?startPeriod=2015&format=csv",2026-08-25T07:40:28.773Z
2022,New Zealand Citizen (subclass 444),13,NOM arrivals,Australia,24120,Persons,primary,"https://data.api.abs.gov.au/rest/data/ABS,ABS_NOM_VISA_FY,1.0.0/all?startPeriod=2015&format=csv",2026-08-25T07:40:28.773Z
2022,Other Visas,17,NOM arrivals,Australia,2820,Persons,primary,"https://data.api.abs.gov.au/rest/data/ABS,ABS_NOM_VISA_FY,1.0.0/all?startPeriod=2015&format=csv",2026-08-25T07:40:28.773Z
2022,Permanent visa - Family,10,NOM arrivals,Australia,25910,Persons,primary,"https://data.api.abs.gov.au/rest/data/ABS,ABS_NOM_VISA_FY,1.0.0/all?startPeriod=2015&format=csv",2026-08-25T07:40:28.773Z
2022,Permanent visa - Other permanent visas,15,NOM arrivals,Australia,9320,Persons,primary,"https://data.api.abs.gov.au/rest/data/ABS,ABS_NOM_VISA_FY,1.0.0/all?startPeriod=2015&format=csv",2026-08-25T07:40:28.773Z
2022,Permanent visa - Skill,11,NOM arrivals,Australia,28100,Persons,primary,"https://data.api.abs.gov.au/rest/data/ABS,ABS_NOM_VISA_FY,1.0.0/all?startPeriod=2015&format=csv",2026-08-25T07:40:28.773Z
2022,Permanent visa - Special Eligibility and humanitarian,12,NOM arrivals,Australia,7780,Persons,primary,"https://data.api.abs.gov.au/rest/data/ABS,ABS_NOM_VISA_FY,1.0.0/all?startPeriod=2015&format=csv",2026-08-25T07:40:28.773Z
2022,Permanent visa - Total,9,NOM arrivals,Australia,71100,Persons,primary,"https://data.api.abs.gov.au/rest/data/ABS,ABS_NOM_VISA_FY,1.0.0/all?startPeriod=2015&format=csv",2026-08-25T07:40:28.773Z
2022,Temporary visa - Higher education sector,3,NOM arrivals,Australia,98410,Persons,primary,"https://data.api.abs.gov.au/rest/data/ABS,ABS_NOM_VISA_FY,1.0.0/all?startPeriod=2015&format=csv",2026-08-25T07:40:28.773Z
2022,Temporary visa - Other temporary visas,8,NOM arrivals,Australia,32490,Persons,primary,"https://data.api.abs.gov.au/rest/data/ABS,ABS_NOM_VISA_FY,1.0.0/all?startPeriod=2015&format=csv",2026-08-25T07:40:28.773Z
2022,Temporary visa - Student other,4,NOM arrivals,Australia,21540,Persons,primary,"https://data.api.abs.gov.au/rest/data/ABS,ABS_NOM_VISA_FY,1.0.0/all?startPeriod=2015&format=csv",2026-08-25T07:40:28.773Z
2022,Temporary visa - Temporary work (skilled),5,NOM arrivals,Australia,24420,Persons,primary,"https://data.api.abs.gov.au/rest/data/ABS,ABS_NOM_VISA_FY,1.0.0/all?startPeriod=2015&format=csv",2026-08-25T07:40:28.773Z
2022,Temporary visa - Total,1,NOM arrivals,Australia,266210,Persons,primary,"https://data.api.abs.gov.au/rest/data/ABS,ABS_NOM_VISA_FY,1.0.0/all?startPeriod=2015&format=csv",2026-08-25T07:40:28.773Z
2022,Temporary visa - Visitor,6,NOM arrivals,Australia,47410,Persons,primary,"https://data.api.abs.gov.au/rest/data/ABS,ABS_NOM_VISA_FY,1.0.0/all?startPeriod=2015&format=csv",2026-08-25T07:40:28.773Z
2022,Temporary visa - Vocational Education and Training sector,2,NOM arrivals,Australia,21470,Persons,primary,"https://data.api.abs.gov.au/rest/data/ABS,ABS_NOM_VISA_FY,1.0.0/all?startPeriod=2015&format=csv",2026-08-25T07:40:28.773Z
2022,Temporary visa - Working Holiday,7,NOM arrivals,Australia,20470,Persons,primary,"https://data.api.abs.gov.au/rest/data/ABS,ABS_NOM_VISA_FY,1.0.0/all?startPeriod=2015&format=csv",2026-08-25T07:40:28.773Z
2022,Total,16,NOM arrivals,Australia,426730,Persons,primary,"https://data.api.abs.gov.au/rest/data/ABS,ABS_NOM_VISA_FY,1.0.0/all?startPeriod=2015&format=csv",2026-08-25T07:40:28.773Z
2022,Australian Citizen,14,NOM departures,Australia,77670,Persons,primary,"https://data.api.abs.gov.au/rest/data/ABS,ABS_NOM_VISA_FY,1.0.0/all?startPeriod=2015&format=csv",2026-08-25T07:40:28.773Z
2022,New Zealand Citizen (subclass 444),13,NOM departures,Australia,15230,Persons,primary,"https://data.api.abs.gov.au/rest/data/ABS,ABS_NOM_VISA_FY,1.0.0/all?startPeriod=2015&format=csv",2026-08-25T07:40:28.773Z
2022,Other Visas,17,NOM departures,Australia,7140,Persons,primary,"https://data.api.abs.gov.au/rest/data/ABS,ABS_NOM_VISA_FY,1.0.0/all?startPeriod=2015&format=csv",2026-08-25T07:40:28.773Z
2022,Permanent visa - Family,10,NOM departures,Australia,6370,Persons,primary,"https://data.api.abs.gov.au/rest/data/ABS,ABS_NOM_VISA_FY,1.0.0/all?startPeriod=2015&format=csv",2026-08-25T07:40:28.773Z
2022,Permanent visa - Other permanent visas,15,NOM departures,Australia,10250,Persons,primary,"https://data.api.abs.gov.au/rest/data/ABS,ABS_NOM_VISA_FY,1.0.0/all?startPeriod=2015&format=csv",2026-08-25T07:40:28.773Z
2022,Permanent visa - Skill,11,NOM departures,Australia,6930,Persons,primary,"https://data.api.abs.gov.au/rest/data/ABS,ABS_NOM_VISA_FY,1.0.0/all?startPeriod=2015&format=csv",2026-08-25T07:40:28.773Z
2022,Permanent visa - Special Eligibility and humanitarian,12,NOM departures,Australia,110,Persons,primary,"https://data.api.abs.gov.au/rest/data/ABS,ABS_NOM_VISA_FY,1.0.0/all?startPeriod=2015&format=csv",2026-08-25T07:40:28.773Z
2022,Permanent visa - Total,9,NOM departures,Australia,23650,Persons,primary,"https://data.api.abs.gov.au/rest/data/ABS,ABS_NOM_VISA_FY,1.0.0/all?startPeriod=2015&format=csv",2026-08-25T07:40:28.773Z
2022,Temporary visa - Higher education sector,3,NOM departures,Australia,15530,Persons,primary,"https://data.api.abs.gov.au/rest/data/ABS,ABS_NOM_VISA_FY,1.0.0/all?startPeriod=2015&format=csv",2026-08-25T07:40:28.773Z
2022,Temporary visa - Other temporary visas,8,NOM departures,Australia,42180,Persons,primary,"https://data.api.abs.gov.au/rest/data/ABS,ABS_NOM_VISA_FY,1.0.0/all?startPeriod=2015&format=csv",2026-08-25T07:40:28.773Z
2022,Temporary visa - Student other,4,NOM departures,Australia,4330,Persons,primary,"https://data.api.abs.gov.au/rest/data/ABS,ABS_NOM_VISA_FY,1.0.0/all?startPeriod=2015&format=csv",2026-08-25T07:40:28.773Z
2022,Temporary visa - Temporary work (skilled),5,NOM departures,Australia,8730,Persons,primary,"https://data.api.abs.gov.au/rest/data/ABS,ABS_NOM_VISA_FY,1.0.0/all?startPeriod=2015&format=csv",2026-08-25T07:40:28.773Z
2022,Temporary visa - Total,1,NOM departures,Australia,99450,Persons,primary,"https://data.api.abs.gov.au/rest/data/ABS,ABS_NOM_VISA_FY,1.0.0/all?startPeriod=2015&format=csv",2026-08-25T07:40:28.773Z
2022,Temporary visa - Visitor,6,NOM departures,Australia,17100,Persons,primary,"https://data.api.abs.gov.au/rest/data/ABS,ABS_NOM_VISA_FY,1.0.0/all?startPeriod=2015&format=csv",2026-08-25T07:40:28.773Z
2022,Temporary visa - Vocational Education and Training sector,2,NOM departures,Australia,7000,Persons,primary,"https://data.api.abs.gov.au/rest/data/ABS,ABS_NOM_VISA_FY,1.0.0/all?startPeriod=2015&format=csv",2026-08-25T07:40:28.773Z
2022,Temporary visa - Working Holiday,7,NOM departures,Australia,4580,Persons,primary,"https://data.api.abs.gov.au/rest/data/ABS,ABS_NOM_VISA_FY,1.0.0/all?startPeriod=2015&format=csv",2026-08-25T07:40:28.773Z
2022,Total,16,NOM departures,Australia,223140,Persons,primary,"https://data.api.abs.gov.au/rest/data/ABS,ABS_NOM_VISA_FY,1.0.0/all?startPeriod=2015&format=csv",2026-08-25T07:40:28.773Z
2022,Australian Citizen,14,NOM arrivals,Australian Capital Territory,1810,Persons,primary,"https://data.api.abs.gov.au/rest/data/ABS,ABS_NOM_VISA_FY,1.0.0/all?startPeriod=2015&format=csv",2026-08-25T07:40:28.773Z
2022,New Zealand Citizen (subclass 444),13,NOM arrivals,Australian Capital Territory,160,Persons,primary,"https://data.api.abs.gov.au/rest/data/ABS,ABS_NOM_VISA_FY,1.0.0/all?startPeriod=2015&format=csv",2026-08-25T07:40:28.773Z
2022,Other Visas,17,NOM arrivals,Australian Capital Territory,120,Persons,primary,"https://data.api.abs.gov.au/rest/data/ABS,ABS_NOM_VISA_FY,1.0.0/all?startPeriod=2015&format=csv",2026-08-25T07:40:28.773Z
2022,Permanent visa - Family,10,NOM arrivals,Australian Capital Territory,450,Persons,primary,"https://data.api.abs.gov.au/rest/data/ABS,ABS_NOM_VISA_FY,1.0.0/all?startPeriod=2015&format=csv",2026-08-25T07:40:28.773Z
2022,Permanent visa - Other permanent visas,15,NOM arrivals,Australian Capital Territory,110,Persons,primary,"https://data.api.abs.gov.au/rest/data/ABS,ABS_NOM_VISA_FY,1.0.0/all?startPeriod=2015&format=csv",2026-08-25T07:40:28.773Z
2022,Permanent visa - Skill,11,NOM arrivals,Australian Capital Territory,520,Persons,primary,"https://data.api.abs.gov.au/rest/data/ABS,ABS_NOM_VISA_FY,1.0.0/all?startPeriod=2015&format=csv",2026-08-25T07:40:28.773Z
2022,Permanent visa - Special Eligibility and humanitarian,12,NOM arrivals,Australian Capital Territory,100,Persons,primary,"https://data.api.abs.gov.au/rest/data/ABS,ABS_NOM_VISA_FY,1.0.0/all?startPeriod=2015&format=csv",2026-08-25T07:40:28.773Z
2022,Permanent visa - Total,9,NOM arrivals,Australian Capital Territory,1180,Persons,primary,"https://data.api.abs.gov.au/rest/data/ABS,ABS_NOM_VISA_FY,1.0.0/all?startPeriod=2015&format=csv",2026-08-25T07:40:28.773Z
2022,Temporary visa - Higher education sector,3,NOM arrivals,Australian Capital Territory,2560,Persons,primary,"https://data.api.abs.gov.au/rest/data/ABS,ABS_NOM_VISA_FY,1.0.0/all?startPeriod=2015&format=csv",2026-08-25T07:40:28.773Z
2022,Temporary visa - Other temporary visas,8,NOM arrivals,Australian Capital Territory,720,Persons,primary,"https://data.api.abs.gov.au/rest/data/ABS,ABS_NOM_VISA_FY,1.0.0/all?startPeriod=2015&format=csv",2026-08-25T07:40:28.773Z
2022,Temporary visa - Student other,4,NOM arrivals,Australian Capital Territory,770,Persons,primary,"https://data.api.abs.gov.au/rest/data/ABS,ABS_NOM_VISA_FY,1.0.0/all?startPeriod=2015&format=csv",2026-08-25T07:40:28.773Z
2022,Temporary visa - Temporary work (skilled),5,NOM arrivals,Australian Capital Territory,230,Persons,primary,"https://data.api.abs.gov.au/rest/data/ABS,ABS_NOM_VISA_FY,1.0.0/all?startPeriod=2015&format=csv",2026-08-25T07:40:28.773Z
2022,Temporary visa - Total,1,NOM arrivals,Australian Capital Territory,5690,Persons,primary,"https://data.api.abs.gov.au/rest/data/ABS,ABS_NOM_VISA_FY,1.0.0/all?startPeriod=2015&format=csv",2026-08-25T07:40:28.773Z
2022,Temporary visa - Visitor,6,NOM arrivals,Australian Capital Territory,950,Persons,primary,"https://data.api.abs.gov.au/rest/data/ABS,ABS_NOM_VISA_FY,1.0.0/all?startPeriod=2015&format=csv",2026-08-25T07:40:28.773Z
2022,Temporary visa - Vocational Education and Training sector,2,NOM arrivals,Australian Capital Territory,350,Persons,primary,"https://data.api.abs.gov.au/rest/data/ABS,ABS_NOM_VISA_FY,1.0.0/all?startPeriod=2015&format=csv",2026-08-25T07:40:28.773Z
2022,Temporary visa - Working Holiday,7,NOM arrivals,Australian Capital Territory,100,Persons,primary,"https://data.api.abs.gov.au/rest/data/ABS,ABS_NOM_VISA_FY,1.0.0/all?startPeriod=2015&format=csv",2026-08-25T07:40:28.773Z
2022,Total,16,NOM arrivals,Australian Capital Territory,8970,Persons,primary,"https://data.api.abs.gov.au/rest/data/ABS,ABS_NOM_VISA_FY,1.0.0/all?startPeriod=2015&format=csv",2026-08-25T07:40:28.773Z
2022,Australian Citizen,14,NOM departures,Australian Capital Territory,2680,Persons,primary,"https://data.api.abs.gov.au/rest/data/ABS,ABS_NOM_VISA_FY,1.0.0/all?startPeriod=2015&format=csv",2026-08-25T07:40:28.773Z
2022,New Zealand Citizen (subclass 444),13,NOM departures,Australian Capital Territory,150,Persons,primary,"https://data.api.abs.gov.au/rest/data/ABS,ABS_NOM_VISA_FY,1.0.0/all?startPeriod=2015&format=csv",2026-08-25T07:40:28.773Z
2022,Other Visas,17,NOM departures,Australian Capital Territory,140,Persons,primary,"https://data.api.abs.gov.au/rest/data/ABS,ABS_NOM_VISA_FY,1.0.0/all?startPeriod=2015&format=csv",2026-08-25T07:40:28.773Z
2022,Permanent visa - Family,10,NOM departures,Australian Capital Territory,110,Persons,primary,"https://data.api.abs.gov.au/rest/data/ABS,ABS_NOM_VISA_FY,1.0.0/all?startPeriod=2015&format=csv",2026-08-25T07:40:28.773Z
2022,Permanent visa - Other permanent visas,15,NOM departures,Australian Capital Territory,150,Persons,primary,"https://data.api.abs.gov.au/rest/data/ABS,ABS_NOM_VISA_FY,1.0.0/all?startPeriod=2015&format=csv",2026-08-25T07:40:28.773Z
2022,Permanent visa - Skill,11,NOM departures,Australian Capital Territory,160,Persons,primary,"https://data.api.abs.gov.au/rest/data/ABS,ABS_NOM_VISA_FY,1.0.0/all?startPeriod=2015&format=csv",2026-08-25T07:40:28.773Z
2022,Permanent visa - Special Eligibility and humanitarian,12,NOM departures,Australian Capital Territory,0,Persons,primary,"https://data.api.abs.gov.au/rest/data/ABS,ABS_NOM_VISA_FY,1.0.0/all?startPeriod=2015&format=csv",2026-08-25T07:40:28.773Z
2022,Permanent visa - Total,9,NOM departures,Australian Capital Territory,420,Persons,primary,"https://data.api.abs.gov.au/rest/data/ABS,ABS_NOM_VISA_FY,1.0.0/all?startPeriod=2015&format=csv",2026-08-25T07:40:28.773Z
2022,Temporary visa - Higher education sector,3,NOM departures,Australian Capital Territory,440,Persons,primary,"https://data.api.abs.gov.au/rest/data/ABS,ABS_NOM_VISA_FY,1.0.0/all?startPeriod=2015&format=csv",2026-08-25T07:40:28.773Z
2022,Temporary visa - Other temporary visas,8,NOM departures,Australian Capital Territory,940,Persons,primary,"https://data.api.abs.gov.au/rest/data/ABS,ABS_NOM_VISA_FY,1.0.0/all?startPeriod=2015&format=csv",2026-08-25T07:40:28.773Z
2022,Temporary visa - Student other,4,NOM departures,Australian Capital Territory,250,Persons,primary,"https://data.api.abs.gov.au/rest/data/ABS,ABS_NOM_VISA_FY,1.0.0/all?startPeriod=2015&format=csv",2026-08-25T07:40:28.773Z
2022,Temporary visa - Temporary work (skilled),5,NOM departures,Australian Capital Territory,110,Persons,primary,"https://data.api.abs.gov.au/rest/data/ABS,ABS_NOM_VISA_FY,1.0.0/all?startPeriod=2015&format=csv",2026-08-25T07:40:28.773Z
2022,Temporary visa - Total,1,NOM departures,Australian Capital Territory,2190,Persons,primary,"https://data.api.abs.gov.au/rest/data/ABS,ABS_NOM_VISA_FY,1.0.0/all?startPeriod=2015&format=csv",2026-08-25T07:40:28.773Z
2022,Temporary visa - Visitor,6,NOM departures,Australian Capital Territory,370,Persons,primary,"https://data.api.abs.gov.au/rest/data/ABS,ABS_NOM_VISA_FY,1.0.0/all?startPeriod=2015&format=csv",2026-08-25T07:40:28.773Z
2022,Temporary visa - Vocational Education and Training sector,2,NOM departures,Australian Capital Territory,70,Persons,primary,"https://data.api.abs.gov.au/rest/data/ABS,ABS_NOM_VISA_FY,1.0.0/all?startPeriod=2015&format=csv",2026-08-25T07:40:28.773Z
2022,Temporary visa - Working Holiday,7,NOM departures,Australian Capital Territory,20,Persons,primary,"https://data.api.abs.gov.au/rest/data/ABS,ABS_NOM_VISA_FY,1.0.0/all?startPeriod=2015&format=csv",2026-08-25T07:40:28.773Z
2022,Total,16,NOM departures,Australian Capital Territory,5580,Persons,primary,"https://data.api.abs.gov.au/rest/data/ABS,ABS_NOM_VISA_FY,1.0.0/all?startPeriod=2015&format=csv",2026-08-25T07:40:28.773Z
2022,Australian Citizen,14,NOM arrivals,New South Wales,23760,Persons,primary,"https://data.api.abs.gov.au/rest/data/ABS,ABS_NOM_VISA_FY,1.0.0/all?startPeriod=2015&format=csv",2026-08-25T07:40:28.773Z
2022,New Zealand Citizen (subclass 444),13,NOM arrivals,New South Wales,5370,Persons,primary,"https://data.api.abs.gov.au/rest/data/ABS,ABS_NOM_VISA_FY,1.0.0/all?startPeriod=2015&format=csv",2026-08-25T07:40:28.773Z
2022,Other Visas,17,NOM arrivals,New South Wales,650,Persons,primary,"https://data.api.abs.gov.au/rest/data/ABS,ABS_NOM_VISA_FY,1.0.0/all?startPeriod=2015&format=csv",2026-08-25T07:40:28.773Z
2022,Permanent visa - Family,10,NOM arrivals,New South Wales,9630,Persons,primary,"https://data.api.abs.gov.au/rest/data/ABS,ABS_NOM_VISA_FY,1.0.0/all?startPeriod=2015&format=csv",2026-08-25T07:40:28.773Z
2022,Permanent visa - Other permanent visas,15,NOM arrivals,New South Wales,3540,Persons,primary,"https://data.api.abs.gov.au/rest/data/ABS,ABS_NOM_VISA_FY,1.0.0/all?startPeriod=2015&format=csv",2026-08-25T07:40:28.773Z
2022,Permanent visa - Skill,11,NOM arrivals,New South Wales,8790,Persons,primary,"https://data.api.abs.gov.au/rest/data/ABS,ABS_NOM_VISA_FY,1.0.0/all?startPeriod=2015&format=csv",2026-08-25T07:40:28.773Z
2022,Permanent visa - Special Eligibility and humanitarian,12,NOM arrivals,New South Wales,3150,Persons,primary,"https://data.api.abs.gov.au/rest/data/ABS,ABS_NOM_VISA_FY,1.0.0/all?startPeriod=2015&format=csv",2026-08-25T07:40:28.773Z
2022,Permanent visa - Total,9,NOM arrivals,New South Wales,25110,Persons,primary,"https://data.api.abs.gov.au/rest/data/ABS,ABS_NOM_VISA_FY,1.0.0/all?startPeriod=2015&format=csv",2026-08-25T07:40:28.773Z
2022,Temporary visa - Higher education sector,3,NOM arrivals,New South Wales,37240,Persons,primary,"https://data.api.abs.gov.au/rest/data/ABS,ABS_NOM_VISA_FY,1.0.0/all?startPeriod=2015&format=csv",2026-08-25T07:40:28.773Z
2022,Temporary visa - Other temporary visas,8,NOM arrivals,New South Wales,8910,Persons,primary,"https://data.api.abs.gov.au/rest/data/ABS,ABS_NOM_VISA_FY,1.0.0/all?startPeriod=2015&format=csv",2026-08-25T07:40:28.773Z
2022,Temporary visa - Student other,4,NOM arrivals,New South Wales,7190,Persons,primary,"https://data.api.abs.gov.au/rest/data/ABS,ABS_NOM_VISA_FY,1.0.0/all?startPeriod=2015&format=csv",2026-08-25T07:40:28.773Z
2022,Temporary visa - Temporary work (skilled),5,NOM arrivals,New South Wales,9880,Persons,primary,"https://data.api.abs.gov.au/rest/data/ABS,ABS_NOM_VISA_FY,1.0.0/all?startPeriod=2015&format=csv",2026-08-25T07:40:28.773Z
2022,Temporary visa - Total,1,NOM arrivals,New South Wales,97990,Persons,primary,"https://data.api.abs.gov.au/rest/data/ABS,ABS_NOM_VISA_FY,1.0.0/all?startPeriod=2015&format=csv",2026-08-25T07:40:28.773Z
2022,Temporary visa - Visitor,6,NOM arrivals,New South Wales,16250,Persons,primary,"https://data.api.abs.gov.au/rest/data/ABS,ABS_NOM_VISA_FY,1.0.0/all?startPeriod=2015&format=csv",2026-08-25T07:40:28.773Z
2022,Temporary visa - Vocational Education and Training sector,2,NOM arrivals,New South Wales,10920,Persons,primary,"https://data.api.abs.gov.au/rest/data/ABS,ABS_NOM_VISA_FY,1.0.0/all?startPeriod=2015&format=csv",2026-08-25T07:40:28.773Z
2022,Temporary visa - Working Holiday,7,NOM arrivals,New South Wales,7600,Persons,primary,"https://data.api.abs.gov.au/rest/data/ABS,ABS_NOM_VISA_FY,1.0.0/all?startPeriod=2015&format=csv",2026-08-25T07:40:28.773Z
2022,Total,16,NOM arrivals,New South Wales,152870,Persons,primary,"https://data.api.abs.gov.au/rest/data/ABS,ABS_NOM_VISA_FY,1.0.0/all?startPeriod=2015&format=csv",2026-08-25T07:40:28.773Z
2022,Australian Citizen,14,NOM departures,New South Wales,29740,Persons,primary,"https://data.api.abs.gov.au/rest/data/ABS,ABS_NOM_VISA_FY,1.0.0/all?startPeriod=2015&format=csv",2026-08-25T07:40:28.773Z
2022,New Zealand Citizen (subclass 444),13,NOM departures,New South Wales,4680,Persons,primary,"https://data.api.abs.gov.au/rest/data/ABS,ABS_NOM_VISA_FY,1.0.0/all?startPeriod=2015&format=csv",2026-08-25T07:40:28.773Z
2022,Other Visas,17,NOM departures,New South Wales,2270,Persons,primary,"https://data.api.abs.gov.au/rest/data/ABS,ABS_NOM_VISA_FY,1.0.0/all?startPeriod=2015&format=csv",2026-08-25T07:40:28.773Z
2022,Permanent visa - Family,10,NOM departures,New South Wales,2650,Persons,primary,"https://data.api.abs.gov.au/rest/data/ABS,ABS_NOM_VISA_FY,1.0.0/all?startPeriod=2015&format=csv",2026-08-25T07:40:28.773Z
2022,Permanent visa - Other permanent visas,15,NOM departures,New South Wales,4070,Persons,primary,"https://data.api.abs.gov.au/rest/data/ABS,ABS_NOM_VISA_FY,1.0.0/all?startPeriod=2015&format=csv",2026-08-25T07:40:28.773Z
2022,Permanent visa - Skill,11,NOM departures,New South Wales,2660,Persons,primary,"https://data.api.abs.gov.au/rest/data/ABS,ABS_NOM_VISA_FY,1.0.0/all?startPeriod=2015&format=csv",2026-08-25T07:40:28.773Z
2022,Permanent visa - Special Eligibility and humanitarian,12,NOM departures,New South Wales,50,Persons,primary,"https://data.api.abs.gov.au/rest/data/ABS,ABS_NOM_VISA_FY,1.0.0/all?startPeriod=2015&format=csv",2026-08-25T07:40:28.773Z
2022,Permanent visa - Total,9,NOM departures,New South Wales,9430,Persons,primary,"https://data.api.abs.gov.au/rest/data/ABS,ABS_NOM_VISA_FY,1.0.0/all?startPeriod=2015&format=csv",2026-08-25T07:40:28.773Z
2022,Temporary visa - Higher education sector,3,NOM departures,New South Wales,5430,Persons,primary,"https://data.api.abs.gov.au/rest/data/ABS,ABS_NOM_VISA_FY,1.0.0/all?startPeriod=2015&format=csv",2026-08-25T07:40:28.773Z
2022,Temporary visa - Other temporary visas,8,NOM departures,New South Wales,15910,Persons,primary,"https://data.api.abs.gov.au/rest/data/ABS,ABS_NOM_VISA_FY,1.0.0/all?startPeriod=2015&format=csv",2026-08-25T07:40:28.773Z
2022,Temporary visa - Student other,4,NOM departures,New South Wales,1260,Persons,primary,"https://data.api.abs.gov.au/rest/data/ABS,ABS_NOM_VISA_FY,1.0.0/all?startPeriod=2015&format=csv",2026-08-25T07:40:28.773Z
2022,Temporary visa - Temporary work (skilled),5,NOM departures,New South Wales,4190,Persons,primary,"https://data.api.abs.gov.au/rest/data/ABS,ABS_NOM_VISA_FY,1.0.0/all?startPeriod=2015&format=csv",2026-08-25T07:40:28.773Z
2022,Temporary visa - Total,1,NOM departures,New South Wales,37630,Persons,primary,"https://data.api.abs.gov.au/rest/data/ABS,ABS_NOM_VISA_FY,1.0.0/all?startPeriod=2015&format=csv",2026-08-25T07:40:28.773Z
2022,Temporary visa - Visitor,6,NOM departures,New South Wales,5900,Persons,primary,"https://data.api.abs.gov.au/rest/data/ABS,ABS_NOM_VISA_FY,1.0.0/all?startPeriod=2015&format=csv",2026-08-25T07:40:28.773Z
2022,Temporary visa - Vocational Education and Training sector,2,NOM departures,New South Wales,3340,Persons,primary,"https://data.api.abs.gov.au/rest/data/ABS,ABS_NOM_VISA_FY,1.0.0/all?startPeriod=2015&format=csv",2026-08-25T07:40:28.773Z
2022,Temporary visa - Working Holiday,7,NOM departures,New South Wales,1590,Persons,primary,"https://data.api.abs.gov.au/rest/data/ABS,ABS_NOM_VISA_FY,1.0.0/all?startPeriod=2015&format=csv",2026-08-25T07:40:28.773Z
2022,Total,16,NOM departures,New South Wales,83750,Persons,primary,"https://data.api.abs.gov.au/rest/data/ABS,ABS_NOM_VISA_FY,1.0.0/all?startPeriod=2015&format=csv",2026-08-25T07:40:28.773Z
2022,Australian Citizen,14,NOM arrivals,Northern Territory,550,Persons,primary,"https://data.api.abs.gov.au/rest/data/ABS,ABS_NOM_VISA_FY,1.0.0/all?startPeriod=2015&format=csv",2026-08-25T07:40:28.773Z
2022,New Zealand Citizen (subclass 444),13,NOM arrivals,Northern Territory,150,Persons,primary,"https://data.api.abs.gov.au/rest/data/ABS,ABS_NOM_VISA_FY,1.0.0/all?startPeriod=2015&format=csv",2026-08-25T07:40:28.773Z
2022,Other Visas,17,NOM arrivals,Northern Territory,380,Persons,primary,"https://data.api.abs.gov.au/rest/data/ABS,ABS_NOM_VISA_FY,1.0.0/all?startPeriod=2015&format=csv",2026-08-25T07:40:28.773Z
2022,Permanent visa - Family,10,NOM arrivals,Northern Territory,230,Persons,primary,"https://data.api.abs.gov.au/rest/data/ABS,ABS_NOM_VISA_FY,1.0.0/all?startPeriod=2015&format=csv",2026-08-25T07:40:28.773Z
2022,Permanent visa - Other permanent visas,15,NOM arrivals,Northern Territory,80,Persons,primary,"https://data.api.abs.gov.au/rest/data/ABS,ABS_NOM_VISA_FY,1.0.0/all?startPeriod=2015&format=csv",2026-08-25T07:40:28.773Z
2022,Permanent visa - Skill,11,NOM arrivals,Northern Territory,480,Persons,primary,"https://data.api.abs.gov.au/rest/data/ABS,ABS_NOM_VISA_FY,1.0.0/all?startPeriod=2015&format=csv",2026-08-25T07:40:28.773Z
2022,Permanent visa - Special Eligibility and humanitarian,12,NOM arrivals,Northern Territory,70,Persons,primary,"https://data.api.abs.gov.au/rest/data/ABS,ABS_NOM_VISA_FY,1.0.0/all?startPeriod=2015&format=csv",2026-08-25T07:40:28.773Z
2022,Permanent visa - Total,9,NOM arrivals,Northern Territory,860,Persons,primary,"https://data.api.abs.gov.au/rest/data/ABS,ABS_NOM_VISA_FY,1.0.0/all?startPeriod=2015&format=csv",2026-08-25T07:40:28.773Z
2022,Temporary visa - Higher education sector,3,NOM arrivals,Northern Territory,410,Persons,primary,"https://data.api.abs.gov.au/rest/data/ABS,ABS_NOM_VISA_FY,1.0.0/all?startPeriod=2015&format=csv",2026-08-25T07:40:28.773Z
2022,Temporary visa - Other temporary visas,8,NOM arrivals,Northern Territory,1560,Persons,primary,"https://data.api.abs.gov.au/rest/data/ABS,ABS_NOM_VISA_FY,1.0.0/all?startPeriod=2015&format=csv",2026-08-25T07:40:28.773Z
2022,Temporary visa - Student other,4,NOM arrivals,Northern Territory,70,Persons,primary,"https://data.api.abs.gov.au/rest/data/ABS,ABS_NOM_VISA_FY,1.0.0/all?startPeriod=2015&format=csv",2026-08-25T07:40:28.773Z
2022,Temporary visa - Temporary work (skilled),5,NOM arrivals,Northern Territory,240,Persons,primary,"https://data.api.abs.gov.au/rest/data/ABS,ABS_NOM_VISA_FY,1.0.0/all?startPeriod=2015&format=csv",2026-08-25T07:40:28.773Z
2022,Temporary visa - Total,1,NOM arrivals,Northern Territory,3240,Persons,primary,"https://data.api.abs.gov.au/rest/data/ABS,ABS_NOM_VISA_FY,1.0.0/all?startPeriod=2015&format=csv",2026-08-25T07:40:28.773Z
2022,Temporary visa - Visitor,6,NOM arrivals,Northern Territory,420,Persons,primary,"https://data.api.abs.gov.au/rest/data/ABS,ABS_NOM_VISA_FY,1.0.0/all?startPeriod=2015&format=csv",2026-08-25T07:40:28.773Z
2022,Temporary visa - Vocational Education and Training sector,2,NOM arrivals,Northern Territory,150,Persons,primary,"https://data.api.abs.gov.au/rest/data/ABS,ABS_NOM_VISA_FY,1.0.0/all?startPeriod=2015&format=csv",2026-08-25T07:40:28.773Z
2022,Temporary visa - Working Holiday,7,NOM arrivals,Northern Territory,390,Persons,primary,"https://data.api.abs.gov.au/rest/data/ABS,ABS_NOM_VISA_FY,1.0.0/all?startPeriod=2015&format=csv",2026-08-25T07:40:28.773Z
2022,Total,16,NOM arrivals,Northern Territory,5170,Persons,primary,"https://data.api.abs.gov.au/rest/data/ABS,ABS_NOM_VISA_FY,1.0.0/all?startPeriod=2015&format=csv",2026-08-25T07:40:28.773Z
2022,Australian Citizen,14,NOM departures,Northern Territory,720,Persons,primary,"https://data.api.abs.gov.au/rest/data/ABS,ABS_NOM_VISA_FY,1.0.0/all?startPeriod=2015&format=csv",2026-08-25T07:40:28.773Z
2022,New Zealand Citizen (subclass 444),13,NOM departures,Northern Territory,180,Persons,primary,"https://data.api.abs.gov.au/rest/data/ABS,ABS_NOM_VISA_FY,1.0.0/all?startPeriod=2015&format=csv",2026-08-25T07:40:28.773Z
2022,Other Visas,17,NOM departures,Northern Territory,870,Persons,primary,"https://data.api.abs.gov.au/rest/data/ABS,ABS_NOM_VISA_FY,1.0.0/all?startPeriod=2015&format=csv",2026-08-25T07:40:28.773Z
2022,Permanent visa - Family,10,NOM departures,Northern Territory,50,Persons,primary,"https://data.api.abs.gov.au/rest/data/ABS,ABS_NOM_VISA_FY,1.0.0/all?startPeriod=2015&format=csv",2026-08-25T07:40:28.773Z
2022,Permanent visa - Other permanent visas,15,NOM departures,Northern Territory,70,Persons,primary,"https://data.api.abs.gov.au/rest/data/ABS,ABS_NOM_VISA_FY,1.0.0/all?startPeriod=2015&format=csv",2026-08-25T07:40:28.773Z
2022,Permanent visa - Skill,11,NOM departures,Northern Territory,80,Persons,primary,"https://data.api.abs.gov.au/rest/data/ABS,ABS_NOM_VISA_FY,1.0.0/all?startPeriod=2015&format=csv",2026-08-25T07:40:28.773Z
2022,Permanent visa - Special Eligibility and humanitarian,12,NOM departures,Northern Territory,0,Persons,primary,"https://data.api.abs.gov.au/rest/data/ABS,ABS_NOM_VISA_FY,1.0.0/all?startPeriod=2015&format=csv",2026-08-25T07:40:28.773Z
2022,Permanent visa - Total,9,NOM departures,Northern Territory,190,Persons,primary,"https://data.api.abs.gov.au/rest/data/ABS,ABS_NOM_VISA_FY,1.0.0/all?startPeriod=2015&format=csv",2026-08-25T07:40:28.773Z
2022,Temporary visa - Higher education sector,3,NOM departures,Northern Territory,20,Persons,primary,"https://data.api.abs.gov.au/rest/data/ABS,ABS_NOM_VISA_FY,1.0.0/all?startPeriod=2015&format=csv",2026-08-25T07:40:28.773Z
2022,Temporary visa - Other temporary visas,8,NOM departures,Northern Territory,520,Persons,primary,"https://data.api.abs.gov.au/rest/data/ABS,ABS_NOM_VISA_FY,1.0.0/all?startPeriod=2015&format=csv",2026-08-25T07:40:28.773Z
2022,Temporary visa - Student other,4,NOM departures,Northern Territory,20,Persons,primary,"https://data.api.abs.gov.au/rest/data/ABS,ABS_NOM_VISA_FY,1.0.0/all?startPeriod=2015&format=csv",2026-08-25T07:40:28.773Z
2022,Temporary visa - Temporary work (skilled),5,NOM departures,Northern Territory,50,Persons,primary,"https://data.api.abs.gov.au/rest/data/ABS,ABS_NOM_VISA_FY,1.0.0/all?startPeriod=2015&format=csv",2026-08-25T07:40:28.773Z
2022,Temporary visa - Total,1,NOM departures,Northern Territory,880,Persons,primary,"https://data.api.abs.gov.au/rest/data/ABS,ABS_NOM_VISA_FY,1.0.0/all?startPeriod=2015&format=csv",2026-08-25T07:40:28.773Z
2022,Temporary visa - Visitor,6,NOM departures,Northern Territory,180,Persons,primary,"https://data.api.abs.gov.au/rest/data/ABS,ABS_NOM_VISA_FY,1.0.0/all?startPeriod=2015&format=csv",2026-08-25T07:40:28.773Z
2022,Temporary visa - Vocational Education and Training sector,2,NOM departures,Northern Territory,30,Persons,primary,"https://data.api.abs.gov.au/rest/data/ABS,ABS_NOM_VISA_FY,1.0.0/all?startPeriod=2015&format=csv",2026-08-25T07:40:28.773Z
2022,Temporary visa - Working Holiday,7,NOM departures,Northern Territory,60,Persons,primary,"https://data.api.abs.gov.au/rest/data/ABS,ABS_NOM_VISA_FY,1.0.0/all?startPeriod=2015&format=csv",2026-08-25T07:40:28.773Z
2022,Total,16,NOM departures,Northern Territory,2840,Persons,primary,"https://data.api.abs.gov.au/rest/data/ABS,ABS_NOM_VISA_FY,1.0.0/all?startPeriod=2015&format=csv",2026-08-25T07:40:28.773Z
2022,Australian Citizen,14,NOM arrivals,Queensland,10800,Persons,primary,"https://data.api.abs.gov.au/rest/data/ABS,ABS_NOM_VISA_FY,1.0.0/all?startPeriod=2015&format=csv",2026-08-25T07:40:28.773Z
2022,New Zealand Citizen (subclass 444),13,NOM arrivals,Queensland,7770,Persons,primary,"https://data.api.abs.gov.au/rest/data/ABS,ABS_NOM_VISA_FY,1.0.0/all?startPeriod=2015&format=csv",2026-08-25T07:40:28.773Z
2022,Other Visas,17,NOM arrivals,Queensland,750,Persons,primary,"https://data.api.abs.gov.au/rest/data/ABS,ABS_NOM_VISA_FY,1.0.0/all?startPeriod=2015&format=csv",2026-08-25T07:40:28.773Z
2022,Permanent visa - Family,10,NOM arrivals,Queensland,3480,Persons,primary,"https://data.api.abs.gov.au/rest/data/ABS,ABS_NOM_VISA_FY,1.0.0/all?startPeriod=2015&format=csv",2026-08-25T07:40:28.773Z
2022,Permanent visa - Other permanent visas,15,NOM arrivals,Queensland,1160,Persons,primary,"https://data.api.abs.gov.au/rest/data/ABS,ABS_NOM_VISA_FY,1.0.0/all?startPeriod=2015&format=csv",2026-08-25T07:40:28.773Z
2022,Permanent visa - Skill,11,NOM arrivals,Queensland,3340,Persons,primary,"https://data.api.abs.gov.au/rest/data/ABS,ABS_NOM_VISA_FY,1.0.0/all?startPeriod=2015&format=csv",2026-08-25T07:40:28.773Z
2022,Permanent visa - Special Eligibility and humanitarian,12,NOM arrivals,Queensland,720,Persons,primary,"https://data.api.abs.gov.au/rest/data/ABS,ABS_NOM_VISA_FY,1.0.0/all?startPeriod=2015&format=csv",2026-08-25T07:40:28.773Z
2022,Permanent visa - Total,9,NOM arrivals,Queensland,8710,Persons,primary,"https://data.api.abs.gov.au/rest/data/ABS,ABS_NOM_VISA_FY,1.0.0/all?startPeriod=2015&format=csv",2026-08-25T07:40:28.773Z
2022,Temporary visa - Higher education sector,3,NOM arrivals,Queensland,10200,Persons,primary,"https://data.api.abs.gov.au/rest/data/ABS,ABS_NOM_VISA_FY,1.0.0/all?startPeriod=2015&format=csv",2026-08-25T07:40:28.773Z
2022,Temporary visa - Other temporary visas,8,NOM arrivals,Queensland,6160,Persons,primary,"https://data.api.abs.gov.au/rest/data/ABS,ABS_NOM_VISA_FY,1.0.0/all?startPeriod=2015&format=csv",2026-08-25T07:40:28.773Z
2022,Temporary visa - Student other,4,NOM arrivals,Queensland,4130,Persons,primary,"https://data.api.abs.gov.au/rest/data/ABS,ABS_NOM_VISA_FY,1.0.0/all?startPeriod=2015&format=csv",2026-08-25T07:40:28.773Z
2022,Temporary visa - Temporary work (skilled),5,NOM arrivals,Queensland,3320,Persons,primary,"https://data.api.abs.gov.au/rest/data/ABS,ABS_NOM_VISA_FY,1.0.0/all?startPeriod=2015&format=csv",2026-08-25T07:40:28.773Z
2022,Temporary visa - Total,1,NOM arrivals,Queensland,37420,Persons,primary,"https://data.api.abs.gov.au/rest/data/ABS,ABS_NOM_VISA_FY,1.0.0/all?startPeriod=2015&format=csv",2026-08-25T07:40:28.773Z
2022,Temporary visa - Visitor,6,NOM arrivals,Queensland,6760,Persons,primary,"https://data.api.abs.gov.au/rest/data/ABS,ABS_NOM_VISA_FY,1.0.0/all?startPeriod=2015&format=csv",2026-08-25T07:40:28.773Z
2022,Temporary visa - Vocational Education and Training sector,2,NOM arrivals,Queensland,2740,Persons,primary,"https://data.api.abs.gov.au/rest/data/ABS,ABS_NOM_VISA_FY,1.0.0/all?startPeriod=2015&format=csv",2026-08-25T07:40:28.773Z
2022,Temporary visa - Working Holiday,7,NOM arrivals,Queensland,4110,Persons,primary,"https://data.api.abs.gov.au/rest/data/ABS,ABS_NOM_VISA_FY,1.0.0/all?startPeriod=2015&format=csv",2026-08-25T07:40:28.773Z
2022,Total,16,NOM arrivals,Queensland,65440,Persons,primary,"https://data.api.abs.gov.au/rest/data/ABS,ABS_NOM_VISA_FY,1.0.0/all?startPeriod=2015&format=csv",2026-08-25T07:40:28.773Z
2022,Australian Citizen,14,NOM departures,Queensland,12290,Persons,primary,"https://data.api.abs.gov.au/rest/data/ABS,ABS_NOM_VISA_FY,1.0.0/all?startPeriod=2015&format=csv",2026-08-25T07:40:28.773Z
2022,New Zealand Citizen (subclass 444),13,NOM departures,Queensland,4340,Persons,primary,"https://data.api.abs.gov.au/rest/data/ABS,ABS_NOM_VISA_FY,1.0.0/all?startPeriod=2015&format=csv",2026-08-25T07:40:28.773Z
2022,Other Visas,17,NOM departures,Queensland,1710,Persons,primary,"https://data.api.abs.gov.au/rest/data/ABS,ABS_NOM_VISA_FY,1.0.0/all?startPeriod=2015&format=csv",2026-08-25T07:40:28.773Z
2022,Permanent visa - Family,10,NOM departures,Queensland,860,Persons,primary,"https://data.api.abs.gov.au/rest/data/ABS,ABS_NOM_VISA_FY,1.0.0/all?startPeriod=2015&format=csv",2026-08-25T07:40:28.773Z
2022,Permanent visa - Other permanent visas,15,NOM departures,Queensland,1210,Persons,primary,"https://data.api.abs.gov.au/rest/data/ABS,ABS_NOM_VISA_FY,1.0.0/all?startPeriod=2015&format=csv",2026-08-25T07:40:28.773Z
2022,Permanent visa - Skill,11,NOM departures,Queensland,800,Persons,primary,"https://data.api.abs.gov.au/rest/data/ABS,ABS_NOM_VISA_FY,1.0.0/all?startPeriod=2015&format=csv",2026-08-25T07:40:28.773Z
2022,Permanent visa - Special Eligibility and humanitarian,12,NOM departures,Queensland,20,Persons,primary,"https://data.api.abs.gov.au/rest/data/ABS,ABS_NOM_VISA_FY,1.0.0/all?startPeriod=2015&format=csv",2026-08-25T07:40:28.773Z
2022,Permanent visa - Total,9,NOM departures,Queensland,2890,Persons,primary,"https://data.api.abs.gov.au/rest/data/ABS,ABS_NOM_VISA_FY,1.0.0/all?startPeriod=2015&format=csv",2026-08-25T07:40:28.773Z
2022,Temporary visa - Higher education sector,3,NOM departures,Queensland,2680,Persons,primary,"https://data.api.abs.gov.au/rest/data/ABS,ABS_NOM_VISA_FY,1.0.0/all?startPeriod=2015&format=csv",2026-08-25T07:40:28.773Z
2022,Temporary visa - Other temporary visas,8,NOM departures,Queensland,5710,Persons,primary,"https://data.api.abs.gov.au/rest/data/ABS,ABS_NOM_VISA_FY,1.0.0/all?startPeriod=2015&format=csv",2026-08-25T07:40:28.773Z
2022,Temporary visa - Student other,4,NOM departures,Queensland,820,Persons,primary,"https://data.api.abs.gov.au/rest/data/ABS,ABS_NOM_VISA_FY,1.0.0/all?startPeriod=2015&format=csv",2026-08-25T07:40:28.773Z
2022,Temporary visa - Temporary work (skilled),5,NOM departures,Queensland,1020,Persons,primary,"https://data.api.abs.gov.au/rest/data/ABS,ABS_NOM_VISA_FY,1.0.0/all?startPeriod=2015&format=csv",2026-08-25T07:40:28.773Z
2022,Temporary visa - Total,1,NOM departures,Queensland,14600,Persons,primary,"https://data.api.abs.gov.au/rest/data/ABS,ABS_NOM_VISA_FY,1.0.0/all?startPeriod=2015&format=csv",2026-08-25T07:40:28.773Z
2022,Temporary visa - Visitor,6,NOM departures,Queensland,2200,Persons,primary,"https://data.api.abs.gov.au/rest/data/ABS,ABS_NOM_VISA_FY,1.0.0/all?startPeriod=2015&format=csv",2026-08-25T07:40:28.773Z
2022,Temporary visa - Vocational Education and Training sector,2,NOM departures,Queensland,1140,Persons,primary,"https://data.api.abs.gov.au/rest/data/ABS,ABS_NOM_VISA_FY,1.0.0/all?startPeriod=2015&format=csv",2026-08-25T07:40:28.773Z
2022,Temporary visa - Working Holiday,7,NOM departures,Queensland,1020,Persons,primary,"https://data.api.abs.gov.au/rest/data/ABS,ABS_NOM_VISA_FY,1.0.0/all?startPeriod=2015&format=csv",2026-08-25T07:40:28.773Z
2022,Total,16,NOM departures,Queensland,35810,Persons,primary,"https://data.api.abs.gov.au/rest/data/ABS,ABS_NOM_VISA_FY,1.0.0/all?startPeriod=2015&format=csv",2026-08-25T07:40:28.773Z
2022,Australian Citizen,14,NOM arrivals,South Australia,2640,Persons,primary,"https://data.api.abs.gov.au/rest/data/ABS,ABS_NOM_VISA_FY,1.0.0/all?startPeriod=2015&format=csv",2026-08-25T07:40:28.773Z
2022,New Zealand Citizen (subclass 444),13,NOM arrivals,South Australia,430,Persons,primary,"https://data.api.abs.gov.au/rest/data/ABS,ABS_NOM_VISA_FY,1.0.0/all?startPeriod=2015&format=csv",2026-08-25T07:40:28.773Z
2022,Other Visas,17,NOM arrivals,South Australia,90,Persons,primary,"https://data.api.abs.gov.au/rest/data/ABS,ABS_NOM_VISA_FY,1.0.0/all?startPeriod=2015&format=csv",2026-08-25T07:40:28.773Z
2022,Permanent visa - Family,10,NOM arrivals,South Australia,1380,Persons,primary,"https://data.api.abs.gov.au/rest/data/ABS,ABS_NOM_VISA_FY,1.0.0/all?startPeriod=2015&format=csv",2026-08-25T07:40:28.773Z
2022,Permanent visa - Other permanent visas,15,NOM arrivals,South Australia,340,Persons,primary,"https://data.api.abs.gov.au/rest/data/ABS,ABS_NOM_VISA_FY,1.0.0/all?startPeriod=2015&format=csv",2026-08-25T07:40:28.773Z
2022,Permanent visa - Skill,11,NOM arrivals,South Australia,2870,Persons,primary,"https://data.api.abs.gov.au/rest/data/ABS,ABS_NOM_VISA_FY,1.0.0/all?startPeriod=2015&format=csv",2026-08-25T07:40:28.773Z
2022,Permanent visa - Special Eligibility and humanitarian,12,NOM arrivals,South Australia,580,Persons,primary,"https://data.api.abs.gov.au/rest/data/ABS,ABS_NOM_VISA_FY,1.0.0/all?startPeriod=2015&format=csv",2026-08-25T07:40:28.773Z
2022,Permanent visa - Total,9,NOM arrivals,South Australia,5170,Persons,primary,"https://data.api.abs.gov.au/rest/data/ABS,ABS_NOM_VISA_FY,1.0.0/all?startPeriod=2015&format=csv",2026-08-25T07:40:28.773Z
2022,Temporary visa - Higher education sector,3,NOM arrivals,South Australia,6750,Persons,primary,"https://data.api.abs.gov.au/rest/data/ABS,ABS_NOM_VISA_FY,1.0.0/all?startPeriod=2015&format=csv",2026-08-25T07:40:28.773Z
2022,Temporary visa - Other temporary visas,8,NOM arrivals,South Australia,1730,Persons,primary,"https://data.api.abs.gov.au/rest/data/ABS,ABS_NOM_VISA_FY,1.0.0/all?startPeriod=2015&format=csv",2026-08-25T07:40:28.773Z
2022,Temporary visa - Student other,4,NOM arrivals,South Australia,1280,Persons,primary,"https://data.api.abs.gov.au/rest/data/ABS,ABS_NOM_VISA_FY,1.0.0/all?startPeriod=2015&format=csv",2026-08-25T07:40:28.773Z
2022,Temporary visa - Temporary work (skilled),5,NOM arrivals,South Australia,880,Persons,primary,"https://data.api.abs.gov.au/rest/data/ABS,ABS_NOM_VISA_FY,1.0.0/all?startPeriod=2015&format=csv",2026-08-25T07:40:28.773Z
2022,Temporary visa - Total,1,NOM arrivals,South Australia,14830,Persons,primary,"https://data.api.abs.gov.au/rest/data/ABS,ABS_NOM_VISA_FY,1.0.0/all?startPeriod=2015&format=csv",2026-08-25T07:40:28.773Z
2022,Temporary visa - Visitor,6,NOM arrivals,South Australia,2580,Persons,primary,"https://data.api.abs.gov.au/rest/data/ABS,ABS_NOM_VISA_FY,1.0.0/all?startPeriod=2015&format=csv",2026-08-25T07:40:28.773Z
2022,Temporary visa - Vocational Education and Training sector,2,NOM arrivals,South Australia,1010,Persons,primary,"https://data.api.abs.gov.au/rest/data/ABS,ABS_NOM_VISA_FY,1.0.0/all?startPeriod=2015&format=csv",2026-08-25T07:40:28.773Z
2022,Temporary visa - Working Holiday,7,NOM arrivals,South Australia,590,Persons,primary,"https://data.api.abs.gov.au/rest/data/ABS,ABS_NOM_VISA_FY,1.0.0/all?startPeriod=2015&format=csv",2026-08-25T07:40:28.773Z
2022,Total,16,NOM arrivals,South Australia,23150,Persons,primary,"https://data.api.abs.gov.au/rest/data/ABS,ABS_NOM_VISA_FY,1.0.0/all?startPeriod=2015&format=csv",2026-08-25T07:40:28.773Z
2022,Australian Citizen,14,NOM departures,South Australia,3020,Persons,primary,"https://data.api.abs.gov.au/rest/data/ABS,ABS_NOM_VISA_FY,1.0.0/all?startPeriod=2015&format=csv",2026-08-25T07:40:28.773Z
2022,New Zealand Citizen (subclass 444),13,NOM departures,South Australia,270,Persons,primary,"https://data.api.abs.gov.au/rest/data/ABS,ABS_NOM_VISA_FY,1.0.0/all?startPeriod=2015&format=csv",2026-08-25T07:40:28.773Z
2022,Other Visas,17,NOM departures,South Australia,240,Persons,primary,"https://data.api.abs.gov.au/rest/data/ABS,ABS_NOM_VISA_FY,1.0.0/all?startPeriod=2015&format=csv",2026-08-25T07:40:28.773Z
2022,Permanent visa - Family,10,NOM departures,South Australia,230,Persons,primary,"https://data.api.abs.gov.au/rest/data/ABS,ABS_NOM_VISA_FY,1.0.0/all?startPeriod=2015&format=csv",2026-08-25T07:40:28.773Z
2022,Permanent visa - Other permanent visas,15,NOM departures,South Australia,390,Persons,primary,"https://data.api.abs.gov.au/rest/data/ABS,ABS_NOM_VISA_FY,1.0.0/all?startPeriod=2015&format=csv",2026-08-25T07:40:28.773Z
2022,Permanent visa - Skill,11,NOM departures,South Australia,330,Persons,primary,"https://data.api.abs.gov.au/rest/data/ABS,ABS_NOM_VISA_FY,1.0.0/all?startPeriod=2015&format=csv",2026-08-25T07:40:28.773Z
2022,Permanent visa - Special Eligibility and humanitarian,12,NOM departures,South Australia,10,Persons,primary,"https://data.api.abs.gov.au/rest/data/ABS,ABS_NOM_VISA_FY,1.0.0/all?startPeriod=2015&format=csv",2026-08-25T07:40:28.773Z
2022,Permanent visa - Total,9,NOM departures,South Australia,960,Persons,primary,"https://data.api.abs.gov.au/rest/data/ABS,ABS_NOM_VISA_FY,1.0.0/all?startPeriod=2015&format=csv",2026-08-25T07:40:28.773Z
2022,Temporary visa - Higher education sector,3,NOM departures,South Australia,930,Persons,primary,"https://data.api.abs.gov.au/rest/data/ABS,ABS_NOM_VISA_FY,1.0.0/all?startPeriod=2015&format=csv",2026-08-25T07:40:28.773Z
2022,Temporary visa - Other temporary visas,8,NOM departures,South Australia,1650,Persons,primary,"https://data.api.abs.gov.au/rest/data/ABS,ABS_NOM_VISA_FY,1.0.0/all?startPeriod=2015&format=csv",2026-08-25T07:40:28.773Z
2022,Temporary visa - Student other,4,NOM departures,South Australia,330,Persons,primary,"https://data.api.abs.gov.au/rest/data/ABS,ABS_NOM_VISA_FY,1.0.0/all?startPeriod=2015&format=csv",2026-08-25T07:40:28.773Z
2022,Temporary visa - Temporary work (skilled),5,NOM departures,South Australia,220,Persons,primary,"https://data.api.abs.gov.au/rest/data/ABS,ABS_NOM_VISA_FY,1.0.0/all?startPeriod=2015&format=csv",2026-08-25T07:40:28.773Z
2022,Temporary visa - Total,1,NOM departures,South Australia,4350,Persons,primary,"https://data.api.abs.gov.au/rest/data/ABS,ABS_NOM_VISA_FY,1.0.0/all?startPeriod=2015&format=csv",2026-08-25T07:40:28.773Z
2022,Temporary visa - Visitor,6,NOM departures,South Australia,970,Persons,primary,"https://data.api.abs.gov.au/rest/data/ABS,ABS_NOM_VISA_FY,1.0.0/all?startPeriod=2015&format=csv",2026-08-25T07:40:28.773Z
2022,Temporary visa - Vocational Education and Training sector,2,NOM departures,South Australia,130,Persons,primary,"https://data.api.abs.gov.au/rest/data/ABS,ABS_NOM_VISA_FY,1.0.0/all?startPeriod=2015&format=csv",2026-08-25T07:40:28.773Z
2022,Temporary visa - Working Holiday,7,NOM departures,South Australia,120,Persons,primary,"https://data.api.abs.gov.au/rest/data/ABS,ABS_NOM_VISA_FY,1.0.0/all?startPeriod=2015&format=csv",2026-08-25T07:40:28.773Z
2022,Total,16,NOM departures,South Australia,8830,Persons,primary,"https://data.api.abs.gov.au/rest/data/ABS,ABS_NOM_VISA_FY,1.0.0/all?startPeriod=2015&format=csv",2026-08-25T07:40:28.773Z
2022,Australian Citizen,14,NOM arrivals,Tasmania,610,Persons,primary,"https://data.api.abs.gov.au/rest/data/ABS,ABS_NOM_VISA_FY,1.0.0/all?startPeriod=2015&format=csv",2026-08-25T07:40:28.773Z
2022,New Zealand Citizen (subclass 444),13,NOM arrivals,Tasmania,140,Persons,primary,"https://data.api.abs.gov.au/rest/data/ABS,ABS_NOM_VISA_FY,1.0.0/all?startPeriod=2015&format=csv",2026-08-25T07:40:28.773Z
2022,Other Visas,17,NOM arrivals,Tasmania,20,Persons,primary,"https://data.api.abs.gov.au/rest/data/ABS,ABS_NOM_VISA_FY,1.0.0/all?startPeriod=2015&format=csv",2026-08-25T07:40:28.773Z
2022,Permanent visa - Family,10,NOM arrivals,Tasmania,180,Persons,primary,"https://data.api.abs.gov.au/rest/data/ABS,ABS_NOM_VISA_FY,1.0.0/all?startPeriod=2015&format=csv",2026-08-25T07:40:28.773Z
2022,Permanent visa - Other permanent visas,15,NOM arrivals,Tasmania,40,Persons,primary,"https://data.api.abs.gov.au/rest/data/ABS,ABS_NOM_VISA_FY,1.0.0/all?startPeriod=2015&format=csv",2026-08-25T07:40:28.773Z
2022,Permanent visa - Skill,11,NOM arrivals,Tasmania,710,Persons,primary,"https://data.api.abs.gov.au/rest/data/ABS,ABS_NOM_VISA_FY,1.0.0/all?startPeriod=2015&format=csv",2026-08-25T07:40:28.773Z
2022,Permanent visa - Special Eligibility and humanitarian,12,NOM arrivals,Tasmania,70,Persons,primary,"https://data.api.abs.gov.au/rest/data/ABS,ABS_NOM_VISA_FY,1.0.0/all?startPeriod=2015&format=csv",2026-08-25T07:40:28.773Z
2022,Permanent visa - Total,9,NOM arrivals,Tasmania,1000,Persons,primary,"https://data.api.abs.gov.au/rest/data/ABS,ABS_NOM_VISA_FY,1.0.0/all?startPeriod=2015&format=csv",2026-08-25T07:40:28.773Z
2022,Temporary visa - Higher education sector,3,NOM arrivals,Tasmania,970,Persons,primary,"https://data.api.abs.gov.au/rest/data/ABS,ABS_NOM_VISA_FY,1.0.0/all?startPeriod=2015&format=csv",2026-08-25T07:40:28.773Z
2022,Temporary visa - Other temporary visas,8,NOM arrivals,Tasmania,1470,Persons,primary,"https://data.api.abs.gov.au/rest/data/ABS,ABS_NOM_VISA_FY,1.0.0/all?startPeriod=2015&format=csv",2026-08-25T07:40:28.773Z
2022,Temporary visa - Student other,4,NOM arrivals,Tasmania,160,Persons,primary,"https://data.api.abs.gov.au/rest/data/ABS,ABS_NOM_VISA_FY,1.0.0/all?startPeriod=2015&format=csv",2026-08-25T07:40:28.773Z
2022,Temporary visa - Temporary work (skilled),5,NOM arrivals,Tasmania,210,Persons,primary,"https://data.api.abs.gov.au/rest/data/ABS,ABS_NOM_VISA_FY,1.0.0/all?startPeriod=2015&format=csv",2026-08-25T07:40:28.773Z
2022,Temporary visa - Total,1,NOM arrivals,Tasmania,3610,Persons,primary,"https://data.api.abs.gov.au/rest/data/ABS,ABS_NOM_VISA_FY,1.0.0/all?startPeriod=2015&format=csv",2026-08-25T07:40:28.773Z
2022,Temporary visa - Visitor,6,NOM arrivals,Tasmania,460,Persons,primary,"https://data.api.abs.gov.au/rest/data/ABS,ABS_NOM_VISA_FY,1.0.0/all?startPeriod=2015&format=csv",2026-08-25T07:40:28.773Z
2022,Temporary visa - Vocational Education and Training sector,2,NOM arrivals,Tasmania,190,Persons,primary,"https://data.api.abs.gov.au/rest/data/ABS,ABS_NOM_VISA_FY,1.0.0/all?startPeriod=2015&format=csv",2026-08-25T07:40:28.773Z
2022,Temporary visa - Working Holiday,7,NOM arrivals,Tasmania,140,Persons,primary,"https://data.api.abs.gov.au/rest/data/ABS,ABS_NOM_VISA_FY,1.0.0/all?startPeriod=2015&format=csv",2026-08-25T07:40:28.773Z
2022,Total,16,NOM arrivals,Tasmania,5380,Persons,primary,"https://data.api.abs.gov.au/rest/data/ABS,ABS_NOM_VISA_FY,1.0.0/all?startPeriod=2015&format=csv",2026-08-25T07:40:28.773Z
2022,Australian Citizen,14,NOM departures,Tasmania,680,Persons,primary,"https://data.api.abs.gov.au/rest/data/ABS,ABS_NOM_VISA_FY,1.0.0/all?startPeriod=2015&format=csv",2026-08-25T07:40:28.773Z
2022,New Zealand Citizen (subclass 444),13,NOM departures,Tasmania,100,Persons,primary,"https://data.api.abs.gov.au/rest/data/ABS,ABS_NOM_VISA_FY,1.0.0/all?startPeriod=2015&format=csv",2026-08-25T07:40:28.773Z
2022,Other Visas,17,NOM departures,Tasmania,100,Persons,primary,"https://data.api.abs.gov.au/rest/data/ABS,ABS_NOM_VISA_FY,1.0.0/all?startPeriod=2015&format=csv",2026-08-25T07:40:28.773Z
2022,Permanent visa - Family,10,NOM departures,Tasmania,60,Persons,primary,"https://data.api.abs.gov.au/rest/data/ABS,ABS_NOM_VISA_FY,1.0.0/all?startPeriod=2015&format=csv",2026-08-25T07:40:28.773Z
2022,Permanent visa - Other permanent visas,15,NOM departures,Tasmania,70,Persons,primary,"https://data.api.abs.gov.au/rest/data/ABS,ABS_NOM_VISA_FY,1.0.0/all?startPeriod=2015&format=csv",2026-08-25T07:40:28.773Z
2022,Permanent visa - Skill,11,NOM departures,Tasmania,160,Persons,primary,"https://data.api.abs.gov.au/rest/data/ABS,ABS_NOM_VISA_FY,1.0.0/all?startPeriod=2015&format=csv",2026-08-25T07:40:28.773Z
2022,Permanent visa - Special Eligibility and humanitarian,12,NOM departures,Tasmania,0,Persons,primary,"https://data.api.abs.gov.au/rest/data/ABS,ABS_NOM_VISA_FY,1.0.0/all?startPeriod=2015&format=csv",2026-08-25T07:40:28.773Z
2022,Permanent visa - Total,9,NOM departures,Tasmania,280,Persons,primary,"https://data.api.abs.gov.au/rest/data/ABS,ABS_NOM_VISA_FY,1.0.0/all?startPeriod=2015&format=csv",2026-08-25T07:40:28.773Z
2022,Temporary visa - Higher education sector,3,NOM departures,Tasmania,80,Persons,primary,"https://data.api.abs.gov.au/rest/data/ABS,ABS_NOM_VISA_FY,1.0.0/all?startPeriod=2015&format=csv",2026-08-25T07:40:28.773Z
2022,Temporary visa - Other temporary visas,8,NOM departures,Tasmania,440,Persons,primary,"https://data.api.abs.gov.au/rest/data/ABS,ABS_NOM_VISA_FY,1.0.0/all?startPeriod=2015&format=csv",2026-08-25T07:40:28.773Z
2022,Temporary visa - Student other,4,NOM departures,Tasmania,70,Persons,primary,"https://data.api.abs.gov.au/rest/data/ABS,ABS_NOM_VISA_FY,1.0.0/all?startPeriod=2015&format=csv",2026-08-25T07:40:28.773Z
2022,Temporary visa - Temporary work (skilled),5,NOM departures,Tasmania,30,Persons,primary,"https://data.api.abs.gov.au/rest/data/ABS,ABS_NOM_VISA_FY,1.0.0/all?startPeriod=2015&format=csv",2026-08-25T07:40:28.773Z
2022,Temporary visa - Total,1,NOM departures,Tasmania,870,Persons,primary,"https://data.api.abs.gov.au/rest/data/ABS,ABS_NOM_VISA_FY,1.0.0/all?startPeriod=2015&format=csv",2026-08-25T07:40:28.773Z
2022,Temporary visa - Visitor,6,NOM departures,Tasmania,150,Persons,primary,"https://data.api.abs.gov.au/rest/data/ABS,ABS_NOM_VISA_FY,1.0.0/all?startPeriod=2015&format=csv",2026-08-25T07:40:28.773Z
2022,Temporary visa - Vocational Education and Training sector,2,NOM departures,Tasmania,50,Persons,primary,"https://data.api.abs.gov.au/rest/data/ABS,ABS_NOM_VISA_FY,1.0.0/all?startPeriod=2015&format=csv",2026-08-25T07:40:28.773Z
2022,Temporary visa - Working Holiday,7,NOM departures,Tasmania,50,Persons,primary,"https://data.api.abs.gov.au/rest/data/ABS,ABS_NOM_VISA_FY,1.0.0/all?startPeriod=2015&format=csv",2026-08-25T07:40:28.773Z
2022,Total,16,NOM departures,Tasmania,2020,Persons,primary,"https://data.api.abs.gov.au/rest/data/ABS,ABS_NOM_VISA_FY,1.0.0/all?startPeriod=2015&format=csv",2026-08-25T07:40:28.773Z
2022,Australian Citizen,14,NOM arrivals,Victoria,16170,Persons,primary,"https://data.api.abs.gov.au/rest/data/ABS,ABS_NOM_VISA_FY,1.0.0/all?startPeriod=2015&format=csv",2026-08-25T07:40:28.773Z
2022,New Zealand Citizen (subclass 444),13,NOM arrivals,Victoria,7050,Persons,primary,"https://data.api.abs.gov.au/rest/data/ABS,ABS_NOM_VISA_FY,1.0.0/all?startPeriod=2015&format=csv",2026-08-25T07:40:28.773Z
2022,Other Visas,17,NOM arrivals,Victoria,590,Persons,primary,"https://data.api.abs.gov.au/rest/data/ABS,ABS_NOM_VISA_FY,1.0.0/all?startPeriod=2015&format=csv",2026-08-25T07:40:28.773Z
2022,Permanent visa - Family,10,NOM arrivals,Victoria,8040,Persons,primary,"https://data.api.abs.gov.au/rest/data/ABS,ABS_NOM_VISA_FY,1.0.0/all?startPeriod=2015&format=csv",2026-08-25T07:40:28.773Z
2022,Permanent visa - Other permanent visas,15,NOM arrivals,Victoria,3060,Persons,primary,"https://data.api.abs.gov.au/rest/data/ABS,ABS_NOM_VISA_FY,1.0.0/all?startPeriod=2015&format=csv",2026-08-25T07:40:28.773Z
2022,Permanent visa - Skill,11,NOM arrivals,Victoria,9260,Persons,primary,"https://data.api.abs.gov.au/rest/data/ABS,ABS_NOM_VISA_FY,1.0.0/all?startPeriod=2015&format=csv",2026-08-25T07:40:28.773Z
2022,Permanent visa - Special Eligibility and humanitarian,12,NOM arrivals,Victoria,2740,Persons,primary,"https://data.api.abs.gov.au/rest/data/ABS,ABS_NOM_VISA_FY,1.0.0/all?startPeriod=2015&format=csv",2026-08-25T07:40:28.773Z
2022,Permanent visa - Total,9,NOM arrivals,Victoria,23110,Persons,primary,"https://data.api.abs.gov.au/rest/data/ABS,ABS_NOM_VISA_FY,1.0.0/all?startPeriod=2015&format=csv",2026-08-25T07:40:28.773Z
2022,Temporary visa - Higher education sector,3,NOM arrivals,Victoria,35020,Persons,primary,"https://data.api.abs.gov.au/rest/data/ABS,ABS_NOM_VISA_FY,1.0.0/all?startPeriod=2015&format=csv",2026-08-25T07:40:28.773Z
2022,Temporary visa - Other temporary visas,8,NOM arrivals,Victoria,8850,Persons,primary,"https://data.api.abs.gov.au/rest/data/ABS,ABS_NOM_VISA_FY,1.0.0/all?startPeriod=2015&format=csv",2026-08-25T07:40:28.773Z
2022,Temporary visa - Student other,4,NOM arrivals,Victoria,6630,Persons,primary,"https://data.api.abs.gov.au/rest/data/ABS,ABS_NOM_VISA_FY,1.0.0/all?startPeriod=2015&format=csv",2026-08-25T07:40:28.773Z
2022,Temporary visa - Temporary work (skilled),5,NOM arrivals,Victoria,6310,Persons,primary,"https://data.api.abs.gov.au/rest/data/ABS,ABS_NOM_VISA_FY,1.0.0/all?startPeriod=2015&format=csv",2026-08-25T07:40:28.773Z
2022,Temporary visa - Total,1,NOM arrivals,Victoria,82390,Persons,primary,"https://data.api.abs.gov.au/rest/data/ABS,ABS_NOM_VISA_FY,1.0.0/all?startPeriod=2015&format=csv",2026-08-25T07:40:28.773Z
2022,Temporary visa - Visitor,6,NOM arrivals,Victoria,15580,Persons,primary,"https://data.api.abs.gov.au/rest/data/ABS,ABS_NOM_VISA_FY,1.0.0/all?startPeriod=2015&format=csv",2026-08-25T07:40:28.773Z
2022,Temporary visa - Vocational Education and Training sector,2,NOM arrivals,Victoria,5100,Persons,primary,"https://data.api.abs.gov.au/rest/data/ABS,ABS_NOM_VISA_FY,1.0.0/all?startPeriod=2015&format=csv",2026-08-25T07:40:28.773Z
2022,Temporary visa - Working Holiday,7,NOM arrivals,Victoria,4910,Persons,primary,"https://data.api.abs.gov.au/rest/data/ABS,ABS_NOM_VISA_FY,1.0.0/all?startPeriod=2015&format=csv",2026-08-25T07:40:28.773Z
2022,Total,16,NOM arrivals,Victoria,129310,Persons,primary,"https://data.api.abs.gov.au/rest/data/ABS,ABS_NOM_VISA_FY,1.0.0/all?startPeriod=2015&format=csv",2026-08-25T07:40:28.773Z
2022,Australian Citizen,14,NOM departures,Victoria,20600,Persons,primary,"https://data.api.abs.gov.au/rest/data/ABS,ABS_NOM_VISA_FY,1.0.0/all?startPeriod=2015&format=csv",2026-08-25T07:40:28.773Z
2022,New Zealand Citizen (subclass 444),13,NOM departures,Victoria,3650,Persons,primary,"https://data.api.abs.gov.au/rest/data/ABS,ABS_NOM_VISA_FY,1.0.0/all?startPeriod=2015&format=csv",2026-08-25T07:40:28.773Z
2022,Other Visas,17,NOM departures,Victoria,1230,Persons,primary,"https://data.api.abs.gov.au/rest/data/ABS,ABS_NOM_VISA_FY,1.0.0/all?startPeriod=2015&format=csv",2026-08-25T07:40:28.773Z
2022,Permanent visa - Family,10,NOM departures,Victoria,1860,Persons,primary,"https://data.api.abs.gov.au/rest/data/ABS,ABS_NOM_VISA_FY,1.0.0/all?startPeriod=2015&format=csv",2026-08-25T07:40:28.773Z
2022,Permanent visa - Other permanent visas,15,NOM departures,Victoria,3240,Persons,primary,"https://data.api.abs.gov.au/rest/data/ABS,ABS_NOM_VISA_FY,1.0.0/all?startPeriod=2015&format=csv",2026-08-25T07:40:28.773Z
2022,Permanent visa - Skill,11,NOM departures,Victoria,2250,Persons,primary,"https://data.api.abs.gov.au/rest/data/ABS,ABS_NOM_VISA_FY,1.0.0/all?startPeriod=2015&format=csv",2026-08-25T07:40:28.773Z
2022,Permanent visa - Special Eligibility and humanitarian,12,NOM departures,Victoria,30,Persons,primary,"https://data.api.abs.gov.au/rest/data/ABS,ABS_NOM_VISA_FY,1.0.0/all?startPeriod=2015&format=csv",2026-08-25T07:40:28.773Z
2022,Permanent visa - Total,9,NOM departures,Victoria,7380,Persons,primary,"https://data.api.abs.gov.au/rest/data/ABS,ABS_NOM_VISA_FY,1.0.0/all?startPeriod=2015&format=csv",2026-08-25T07:40:28.773Z
2022,Temporary visa - Higher education sector,3,NOM departures,Victoria,5140,Persons,primary,"https://data.api.abs.gov.au/rest/data/ABS,ABS_NOM_VISA_FY,1.0.0/all?startPeriod=2015&format=csv",2026-08-25T07:40:28.773Z
2022,Temporary visa - Other temporary visas,8,NOM departures,Victoria,13520,Persons,primary,"https://data.api.abs.gov.au/rest/data/ABS,ABS_NOM_VISA_FY,1.0.0/all?startPeriod=2015&format=csv",2026-08-25T07:40:28.773Z
2022,Temporary visa - Student other,4,NOM departures,Victoria,1210,Persons,primary,"https://data.api.abs.gov.au/rest/data/ABS,ABS_NOM_VISA_FY,1.0.0/all?startPeriod=2015&format=csv",2026-08-25T07:40:28.773Z
2022,Temporary visa - Temporary work (skilled),5,NOM departures,Victoria,2230,Persons,primary,"https://data.api.abs.gov.au/rest/data/ABS,ABS_NOM_VISA_FY,1.0.0/all?startPeriod=2015&format=csv",2026-08-25T07:40:28.773Z
2022,Temporary visa - Total,1,NOM departures,Victoria,30400,Persons,primary,"https://data.api.abs.gov.au/rest/data/ABS,ABS_NOM_VISA_FY,1.0.0/all?startPeriod=2015&format=csv",2026-08-25T07:40:28.773Z
2022,Temporary visa - Visitor,6,NOM departures,Victoria,5350,Persons,primary,"https://data.api.abs.gov.au/rest/data/ABS,ABS_NOM_VISA_FY,1.0.0/all?startPeriod=2015&format=csv",2026-08-25T07:40:28.773Z
2022,Temporary visa - Vocational Education and Training sector,2,NOM departures,Victoria,1910,Persons,primary,"https://data.api.abs.gov.au/rest/data/ABS,ABS_NOM_VISA_FY,1.0.0/all?startPeriod=2015&format=csv",2026-08-25T07:40:28.773Z
2022,Temporary visa - Working Holiday,7,NOM departures,Victoria,1060,Persons,primary,"https://data.api.abs.gov.au/rest/data/ABS,ABS_NOM_VISA_FY,1.0.0/all?startPeriod=2015&format=csv",2026-08-25T07:40:28.773Z
2022,Total,16,NOM departures,Victoria,63260,Persons,primary,"https://data.api.abs.gov.au/rest/data/ABS,ABS_NOM_VISA_FY,1.0.0/all?startPeriod=2015&format=csv",2026-08-25T07:40:28.773Z
2022,Australian Citizen,14,NOM arrivals,Western Australia,6120,Persons,primary,"https://data.api.abs.gov.au/rest/data/ABS,ABS_NOM_VISA_FY,1.0.0/all?startPeriod=2015&format=csv",2026-08-25T07:40:28.773Z
2022,New Zealand Citizen (subclass 444),13,NOM arrivals,Western Australia,3050,Persons,primary,"https://data.api.abs.gov.au/rest/data/ABS,ABS_NOM_VISA_FY,1.0.0/all?startPeriod=2015&format=csv",2026-08-25T07:40:28.773Z
2022,Other Visas,17,NOM arrivals,Western Australia,230,Persons,primary,"https://data.api.abs.gov.au/rest/data/ABS,ABS_NOM_VISA_FY,1.0.0/all?startPeriod=2015&format=csv",2026-08-25T07:40:28.773Z
2022,Permanent visa - Family,10,NOM arrivals,Western Australia,2510,Persons,primary,"https://data.api.abs.gov.au/rest/data/ABS,ABS_NOM_VISA_FY,1.0.0/all?startPeriod=2015&format=csv",2026-08-25T07:40:28.773Z
2022,Permanent visa - Other permanent visas,15,NOM arrivals,Western Australia,970,Persons,primary,"https://data.api.abs.gov.au/rest/data/ABS,ABS_NOM_VISA_FY,1.0.0/all?startPeriod=2015&format=csv",2026-08-25T07:40:28.773Z
2022,Permanent visa - Skill,11,NOM arrivals,Western Australia,2130,Persons,primary,"https://data.api.abs.gov.au/rest/data/ABS,ABS_NOM_VISA_FY,1.0.0/all?startPeriod=2015&format=csv",2026-08-25T07:40:28.773Z
2022,Permanent visa - Special Eligibility and humanitarian,12,NOM arrivals,Western Australia,350,Persons,primary,"https://data.api.abs.gov.au/rest/data/ABS,ABS_NOM_VISA_FY,1.0.0/all?startPeriod=2015&format=csv",2026-08-25T07:40:28.773Z
2022,Permanent visa - Total,9,NOM arrivals,Western Australia,5950,Persons,primary,"https://data.api.abs.gov.au/rest/data/ABS,ABS_NOM_VISA_FY,1.0.0/all?startPeriod=2015&format=csv",2026-08-25T07:40:28.773Z
2022,Temporary visa - Higher education sector,3,NOM arrivals,Western Australia,5240,Persons,primary,"https://data.api.abs.gov.au/rest/data/ABS,ABS_NOM_VISA_FY,1.0.0/all?startPeriod=2015&format=csv",2026-08-25T07:40:28.773Z
2022,Temporary visa - Other temporary visas,8,NOM arrivals,Western Australia,3070,Persons,primary,"https://data.api.abs.gov.au/rest/data/ABS,ABS_NOM_VISA_FY,1.0.0/all?startPeriod=2015&format=csv",2026-08-25T07:40:28.773Z
2022,Temporary visa - Student other,4,NOM arrivals,Western Australia,1300,Persons,primary,"https://data.api.abs.gov.au/rest/data/ABS,ABS_NOM_VISA_FY,1.0.0/all?startPeriod=2015&format=csv",2026-08-25T07:40:28.773Z
2022,Temporary visa - Temporary work (skilled),5,NOM arrivals,Western Australia,3360,Persons,primary,"https://data.api.abs.gov.au/rest/data/ABS,ABS_NOM_VISA_FY,1.0.0/all?startPeriod=2015&format=csv",2026-08-25T07:40:28.773Z
2022,Temporary visa - Total,1,NOM arrivals,Western Australia,21010,Persons,primary,"https://data.api.abs.gov.au/rest/data/ABS,ABS_NOM_VISA_FY,1.0.0/all?startPeriod=2015&format=csv",2026-08-25T07:40:28.773Z
2022,Temporary visa - Visitor,6,NOM arrivals,Western Australia,4410,Persons,primary,"https://data.api.abs.gov.au/rest/data/ABS,ABS_NOM_VISA_FY,1.0.0/all?startPeriod=2015&format=csv",2026-08-25T07:40:28.773Z
2022,Temporary visa - Vocational Education and Training sector,2,NOM arrivals,Western Australia,1000,Persons,primary,"https://data.api.abs.gov.au/rest/data/ABS,ABS_NOM_VISA_FY,1.0.0/all?startPeriod=2015&format=csv",2026-08-25T07:40:28.773Z
2022,Temporary visa - Working Holiday,7,NOM arrivals,Western Australia,2630,Persons,primary,"https://data.api.abs.gov.au/rest/data/ABS,ABS_NOM_VISA_FY,1.0.0/all?startPeriod=2015&format=csv",2026-08-25T07:40:28.773Z
2022,Total,16,NOM arrivals,Western Australia,36360,Persons,primary,"https://data.api.abs.gov.au/rest/data/ABS,ABS_NOM_VISA_FY,1.0.0/all?startPeriod=2015&format=csv",2026-08-25T07:40:28.773Z
2022,Australian Citizen,14,NOM departures,Western Australia,7930,Persons,primary,"https://data.api.abs.gov.au/rest/data/ABS,ABS_NOM_VISA_FY,1.0.0/all?startPeriod=2015&format=csv",2026-08-25T07:40:28.773Z
2022,New Zealand Citizen (subclass 444),13,NOM departures,Western Australia,1870,Persons,primary,"https://data.api.abs.gov.au/rest/data/ABS,ABS_NOM_VISA_FY,1.0.0/all?startPeriod=2015&format=csv",2026-08-25T07:40:28.773Z
2022,Other Visas,17,NOM departures,Western Australia,580,Persons,primary,"https://data.api.abs.gov.au/rest/data/ABS,ABS_NOM_VISA_FY,1.0.0/all?startPeriod=2015&format=csv",2026-08-25T07:40:28.773Z
2022,Permanent visa - Family,10,NOM departures,Western Australia,550,Persons,primary,"https://data.api.abs.gov.au/rest/data/ABS,ABS_NOM_VISA_FY,1.0.0/all?startPeriod=2015&format=csv",2026-08-25T07:40:28.773Z
2022,Permanent visa - Other permanent visas,15,NOM departures,Western Australia,1050,Persons,primary,"https://data.api.abs.gov.au/rest/data/ABS,ABS_NOM_VISA_FY,1.0.0/all?startPeriod=2015&format=csv",2026-08-25T07:40:28.773Z
2022,Permanent visa - Skill,11,NOM departures,Western Australia,500,Persons,primary,"https://data.api.abs.gov.au/rest/data/ABS,ABS_NOM_VISA_FY,1.0.0/all?startPeriod=2015&format=csv",2026-08-25T07:40:28.773Z
2022,Permanent visa - Special Eligibility and humanitarian,12,NOM departures,Western Australia,10,Persons,primary,"https://data.api.abs.gov.au/rest/data/ABS,ABS_NOM_VISA_FY,1.0.0/all?startPeriod=2015&format=csv",2026-08-25T07:40:28.773Z
2022,Permanent visa - Total,9,NOM departures,Western Australia,2100,Persons,primary,"https://data.api.abs.gov.au/rest/data/ABS,ABS_NOM_VISA_FY,1.0.0/all?startPeriod=2015&format=csv",2026-08-25T07:40:28.773Z
2022,Temporary visa - Higher education sector,3,NOM departures,Western Australia,810,Persons,primary,"https://data.api.abs.gov.au/rest/data/ABS,ABS_NOM_VISA_FY,1.0.0/all?startPeriod=2015&format=csv",2026-08-25T07:40:28.773Z
2022,Temporary visa - Other temporary visas,8,NOM departures,Western Australia,3500,Persons,primary,"https://data.api.abs.gov.au/rest/data/ABS,ABS_NOM_VISA_FY,1.0.0/all?startPeriod=2015&format=csv",2026-08-25T07:40:28.773Z
2022,Temporary visa - Student other,4,NOM departures,Western Australia,380,Persons,primary,"https://data.api.abs.gov.au/rest/data/ABS,ABS_NOM_VISA_FY,1.0.0/all?startPeriod=2015&format=csv",2026-08-25T07:40:28.773Z
2022,Temporary visa - Temporary work (skilled),5,NOM departures,Western Australia,880,Persons,primary,"https://data.api.abs.gov.au/rest/data/ABS,ABS_NOM_VISA_FY,1.0.0/all?startPeriod=2015&format=csv",2026-08-25T07:40:28.773Z
2022,Temporary visa - Total,1,NOM departures,Western Australia,8540,Persons,primary,"https://data.api.abs.gov.au/rest/data/ABS,ABS_NOM_VISA_FY,1.0.0/all?startPeriod=2015&format=csv",2026-08-25T07:40:28.773Z
2022,Temporary visa - Visitor,6,NOM departures,Western Australia,1980,Persons,primary,"https://data.api.abs.gov.au/rest/data/ABS,ABS_NOM_VISA_FY,1.0.0/all?startPeriod=2015&format=csv",2026-08-25T07:40:28.773Z
2022,Temporary visa - Vocational Education and Training sector,2,NOM departures,Western Australia,330,Persons,primary,"https://data.api.abs.gov.au/rest/data/ABS,ABS_NOM_VISA_FY,1.0.0/all?startPeriod=2015&format=csv",2026-08-25T07:40:28.773Z
2022,Temporary visa - Working Holiday,7,NOM departures,Western Australia,660,Persons,primary,"https://data.api.abs.gov.au/rest/data/ABS,ABS_NOM_VISA_FY,1.0.0/all?startPeriod=2015&format=csv",2026-08-25T07:40:28.773Z
2022,Total,16,NOM departures,Western Australia,21020,Persons,primary,"https://data.api.abs.gov.au/rest/data/ABS,ABS_NOM_VISA_FY,1.0.0/all?startPeriod=2015&format=csv",2026-08-25T07:40:28.773Z
2023,Australian Citizen,14,NOM arrivals,Australia,59400,Persons,primary,"https://data.api.abs.gov.au/rest/data/ABS,ABS_NOM_VISA_FY,1.0.0/all?startPeriod=2015&format=csv",2026-08-25T07:40:28.773Z
2023,New Zealand Citizen (subclass 444),13,NOM arrivals,Australia,41320,Persons,primary,"https://data.api.abs.gov.au/rest/data/ABS,ABS_NOM_VISA_FY,1.0.0/all?startPeriod=2015&format=csv",2026-08-25T07:40:28.773Z
2023,Other Visas,17,NOM arrivals,Australia,3240,Persons,primary,"https://data.api.abs.gov.au/rest/data/ABS,ABS_NOM_VISA_FY,1.0.0/all?startPeriod=2015&format=csv",2026-08-25T07:40:28.773Z
2023,Permanent visa - Family,10,NOM arrivals,Australia,21120,Persons,primary,"https://data.api.abs.gov.au/rest/data/ABS,ABS_NOM_VISA_FY,1.0.0/all?startPeriod=2015&format=csv",2026-08-25T07:40:28.773Z
2023,Permanent visa - Other permanent visas,15,NOM arrivals,Australia,10790,Persons,primary,"https://data.api.abs.gov.au/rest/data/ABS,ABS_NOM_VISA_FY,1.0.0/all?startPeriod=2015&format=csv",2026-08-25T07:40:28.773Z
2023,Permanent visa - Skill,11,NOM arrivals,Australia,35050,Persons,primary,"https://data.api.abs.gov.au/rest/data/ABS,ABS_NOM_VISA_FY,1.0.0/all?startPeriod=2015&format=csv",2026-08-25T07:40:28.773Z
2023,Permanent visa - Special Eligibility and humanitarian,12,NOM arrivals,Australia,12710,Persons,primary,"https://data.api.abs.gov.au/rest/data/ABS,ABS_NOM_VISA_FY,1.0.0/all?startPeriod=2015&format=csv",2026-08-25T07:40:28.773Z
2023,Permanent visa - Total,9,NOM arrivals,Australia,79670,Persons,primary,"https://data.api.abs.gov.au/rest/data/ABS,ABS_NOM_VISA_FY,1.0.0/all?startPeriod=2015&format=csv",2026-08-25T07:40:28.773Z
2023,Temporary visa - Higher education sector,3,NOM arrivals,Australia,183060,Persons,primary,"https://data.api.abs.gov.au/rest/data/ABS,ABS_NOM_VISA_FY,1.0.0/all?startPeriod=2015&format=csv",2026-08-25T07:40:28.773Z
2023,Temporary visa - Other temporary visas,8,NOM arrivals,Australia,46910,Persons,primary,"https://data.api.abs.gov.au/rest/data/ABS,ABS_NOM_VISA_FY,1.0.0/all?startPeriod=2015&format=csv",2026-08-25T07:40:28.773Z
2023,Temporary visa - Student other,4,NOM arrivals,Australia,62890,Persons,primary,"https://data.api.abs.gov.au/rest/data/ABS,ABS_NOM_VISA_FY,1.0.0/all?startPeriod=2015&format=csv",2026-08-25T07:40:28.773Z
2023,Temporary visa - Temporary work (skilled),5,NOM arrivals,Australia,48720,Persons,primary,"https://data.api.abs.gov.au/rest/data/ABS,ABS_NOM_VISA_FY,1.0.0/all?startPeriod=2015&format=csv",2026-08-25T07:40:28.773Z
2023,Temporary visa - Total,1,NOM arrivals,Australia,553540,Persons,primary,"https://data.api.abs.gov.au/rest/data/ABS,ABS_NOM_VISA_FY,1.0.0/all?startPeriod=2015&format=csv",2026-08-25T07:40:28.773Z
2023,Temporary visa - Visitor,6,NOM arrivals,Australia,105770,Persons,primary,"https://data.api.abs.gov.au/rest/data/ABS,ABS_NOM_VISA_FY,1.0.0/all?startPeriod=2015&format=csv",2026-08-25T07:40:28.773Z
2023,Temporary visa - Vocational Education and Training sector,2,NOM arrivals,Australia,36620,Persons,primary,"https://data.api.abs.gov.au/rest/data/ABS,ABS_NOM_VISA_FY,1.0.0/all?startPeriod=2015&format=csv",2026-08-25T07:40:28.773Z
2023,Temporary visa - Working Holiday,7,NOM arrivals,Australia,69570,Persons,primary,"https://data.api.abs.gov.au/rest/data/ABS,ABS_NOM_VISA_FY,1.0.0/all?startPeriod=2015&format=csv",2026-08-25T07:40:28.773Z
2023,Total,16,NOM arrivals,Australia,737170,Persons,primary,"https://data.api.abs.gov.au/rest/data/ABS,ABS_NOM_VISA_FY,1.0.0/all?startPeriod=2015&format=csv",2026-08-25T07:40:28.773Z
2023,Australian Citizen,14,NOM departures,Australia,94440,Persons,primary,"https://data.api.abs.gov.au/rest/data/ABS,ABS_NOM_VISA_FY,1.0.0/all?startPeriod=2015&format=csv",2026-08-25T07:40:28.773Z
2023,New Zealand Citizen (subclass 444),13,NOM departures,Australia,17110,Persons,primary,"https://data.api.abs.gov.au/rest/data/ABS,ABS_NOM_VISA_FY,1.0.0/all?startPeriod=2015&format=csv",2026-08-25T07:40:28.773Z
2023,Other Visas,17,NOM departures,Australia,9040,Persons,primary,"https://data.api.abs.gov.au/rest/data/ABS,ABS_NOM_VISA_FY,1.0.0/all?startPeriod=2015&format=csv",2026-08-25T07:40:28.773Z
2023,Permanent visa - Family,10,NOM departures,Australia,6100,Persons,primary,"https://data.api.abs.gov.au/rest/data/ABS,ABS_NOM_VISA_FY,1.0.0/all?startPeriod=2015&format=csv",2026-08-25T07:40:28.773Z
2023,Permanent visa - Other permanent visas,15,NOM departures,Australia,10690,Persons,primary,"https://data.api.abs.gov.au/rest/data/ABS,ABS_NOM_VISA_FY,1.0.0/all?startPeriod=2015&format=csv",2026-08-25T07:40:28.773Z
2023,Permanent visa - Skill,11,NOM departures,Australia,5200,Persons,primary,"https://data.api.abs.gov.au/rest/data/ABS,ABS_NOM_VISA_FY,1.0.0/all?startPeriod=2015&format=csv",2026-08-25T07:40:28.773Z
2023,Permanent visa - Special Eligibility and humanitarian,12,NOM departures,Australia,120,Persons,primary,"https://data.api.abs.gov.au/rest/data/ABS,ABS_NOM_VISA_FY,1.0.0/all?startPeriod=2015&format=csv",2026-08-25T07:40:28.773Z
2023,Permanent visa - Total,9,NOM departures,Australia,22100,Persons,primary,"https://data.api.abs.gov.au/rest/data/ABS,ABS_NOM_VISA_FY,1.0.0/all?startPeriod=2015&format=csv",2026-08-25T07:40:28.773Z
2023,Temporary visa - Higher education sector,3,NOM departures,Australia,7400,Persons,primary,"https://data.api.abs.gov.au/rest/data/ABS,ABS_NOM_VISA_FY,1.0.0/all?startPeriod=2015&format=csv",2026-08-25T07:40:28.773Z
2023,Temporary visa - Other temporary visas,8,NOM departures,Australia,33830,Persons,primary,"https://data.api.abs.gov.au/rest/data/ABS,ABS_NOM_VISA_FY,1.0.0/all?startPeriod=2015&format=csv",2026-08-25T07:40:28.773Z
2023,Temporary visa - Student other,4,NOM departures,Australia,2930,Persons,primary,"https://data.api.abs.gov.au/rest/data/ABS,ABS_NOM_VISA_FY,1.0.0/all?startPeriod=2015&format=csv",2026-08-25T07:40:28.773Z
2023,Temporary visa - Temporary work (skilled),5,NOM departures,Australia,5590,Persons,primary,"https://data.api.abs.gov.au/rest/data/ABS,ABS_NOM_VISA_FY,1.0.0/all?startPeriod=2015&format=csv",2026-08-25T07:40:28.773Z
2023,Temporary visa - Total,1,NOM departures,Australia,76380,Persons,primary,"https://data.api.abs.gov.au/rest/data/ABS,ABS_NOM_VISA_FY,1.0.0/all?startPeriod=2015&format=csv",2026-08-25T07:40:28.773Z
2023,Temporary visa - Visitor,6,NOM departures,Australia,19110,Persons,primary,"https://data.api.abs.gov.au/rest/data/ABS,ABS_NOM_VISA_FY,1.0.0/all?startPeriod=2015&format=csv",2026-08-25T07:40:28.773Z
2023,Temporary visa - Vocational Education and Training sector,2,NOM departures,Australia,4520,Persons,primary,"https://data.api.abs.gov.au/rest/data/ABS,ABS_NOM_VISA_FY,1.0.0/all?startPeriod=2015&format=csv",2026-08-25T07:40:28.773Z
2023,Temporary visa - Working Holiday,7,NOM departures,Australia,3010,Persons,primary,"https://data.api.abs.gov.au/rest/data/ABS,ABS_NOM_VISA_FY,1.0.0/all?startPeriod=2015&format=csv",2026-08-25T07:40:28.773Z
2023,Total,16,NOM departures,Australia,219080,Persons,primary,"https://data.api.abs.gov.au/rest/data/ABS,ABS_NOM_VISA_FY,1.0.0/all?startPeriod=2015&format=csv",2026-08-25T07:40:28.773Z
2023,Australian Citizen,14,NOM arrivals,Australian Capital Territory,1610,Persons,primary,"https://data.api.abs.gov.au/rest/data/ABS,ABS_NOM_VISA_FY,1.0.0/all?startPeriod=2015&format=csv",2026-08-25T07:40:28.773Z
2023,New Zealand Citizen (subclass 444),13,NOM arrivals,Australian Capital Territory,340,Persons,primary,"https://data.api.abs.gov.au/rest/data/ABS,ABS_NOM_VISA_FY,1.0.0/all?startPeriod=2015&format=csv",2026-08-25T07:40:28.773Z
2023,Other Visas,17,NOM arrivals,Australian Capital Territory,190,Persons,primary,"https://data.api.abs.gov.au/rest/data/ABS,ABS_NOM_VISA_FY,1.0.0/all?startPeriod=2015&format=csv",2026-08-25T07:40:28.773Z
2023,Permanent visa - Family,10,NOM arrivals,Australian Capital Territory,320,Persons,primary,"https://data.api.abs.gov.au/rest/data/ABS,ABS_NOM_VISA_FY,1.0.0/all?startPeriod=2015&format=csv",2026-08-25T07:40:28.773Z
2023,Permanent visa - Other permanent visas,15,NOM arrivals,Australian Capital Territory,120,Persons,primary,"https://data.api.abs.gov.au/rest/data/ABS,ABS_NOM_VISA_FY,1.0.0/all?startPeriod=2015&format=csv",2026-08-25T07:40:28.773Z
2023,Permanent visa - Skill,11,NOM arrivals,Australian Capital Territory,910,Persons,primary,"https://data.api.abs.gov.au/rest/data/ABS,ABS_NOM_VISA_FY,1.0.0/all?startPeriod=2015&format=csv",2026-08-25T07:40:28.773Z
2023,Permanent visa - Special Eligibility and humanitarian,12,NOM arrivals,Australian Capital Territory,180,Persons,primary,"https://data.api.abs.gov.au/rest/data/ABS,ABS_NOM_VISA_FY,1.0.0/all?startPeriod=2015&format=csv",2026-08-25T07:40:28.773Z
2023,Permanent visa - Total,9,NOM arrivals,Australian Capital Territory,1530,Persons,primary,"https://data.api.abs.gov.au/rest/data/ABS,ABS_NOM_VISA_FY,1.0.0/all?startPeriod=2015&format=csv",2026-08-25T07:40:28.773Z
2023,Temporary visa - Higher education sector,3,NOM arrivals,Australian Capital Territory,5160,Persons,primary,"https://data.api.abs.gov.au/rest/data/ABS,ABS_NOM_VISA_FY,1.0.0/all?startPeriod=2015&format=csv",2026-08-25T07:40:28.773Z
2023,Temporary visa - Other temporary visas,8,NOM arrivals,Australian Capital Territory,1020,Persons,primary,"https://data.api.abs.gov.au/rest/data/ABS,ABS_NOM_VISA_FY,1.0.0/all?startPeriod=2015&format=csv",2026-08-25T07:40:28.773Z
2023,Temporary visa - Student other,4,NOM arrivals,Australian Capital Territory,930,Persons,primary,"https://data.api.abs.gov.au/rest/data/ABS,ABS_NOM_VISA_FY,1.0.0/all?startPeriod=2015&format=csv",2026-08-25T07:40:28.773Z
2023,Temporary visa - Temporary work (skilled),5,NOM arrivals,Australian Capital Territory,480,Persons,primary,"https://data.api.abs.gov.au/rest/data/ABS,ABS_NOM_VISA_FY,1.0.0/all?startPeriod=2015&format=csv",2026-08-25T07:40:28.773Z
2023,Temporary visa - Total,1,NOM arrivals,Australian Capital Territory,10180,Persons,primary,"https://data.api.abs.gov.au/rest/data/ABS,ABS_NOM_VISA_FY,1.0.0/all?startPeriod=2015&format=csv",2026-08-25T07:40:28.773Z
2023,Temporary visa - Visitor,6,NOM arrivals,Australian Capital Territory,1980,Persons,primary,"https://data.api.abs.gov.au/rest/data/ABS,ABS_NOM_VISA_FY,1.0.0/all?startPeriod=2015&format=csv",2026-08-25T07:40:28.773Z
2023,Temporary visa - Vocational Education and Training sector,2,NOM arrivals,Australian Capital Territory,380,Persons,primary,"https://data.api.abs.gov.au/rest/data/ABS,ABS_NOM_VISA_FY,1.0.0/all?startPeriod=2015&format=csv",2026-08-25T07:40:28.773Z
2023,Temporary visa - Working Holiday,7,NOM arrivals,Australian Capital Territory,240,Persons,primary,"https://data.api.abs.gov.au/rest/data/ABS,ABS_NOM_VISA_FY,1.0.0/all?startPeriod=2015&format=csv",2026-08-25T07:40:28.773Z
2023,Total,16,NOM arrivals,Australian Capital Territory,13850,Persons,primary,"https://data.api.abs.gov.au/rest/data/ABS,ABS_NOM_VISA_FY,1.0.0/all?startPeriod=2015&format=csv",2026-08-25T07:40:28.773Z
2023,Australian Citizen,14,NOM departures,Australian Capital Territory,2670,Persons,primary,"https://data.api.abs.gov.au/rest/data/ABS,ABS_NOM_VISA_FY,1.0.0/all?startPeriod=2015&format=csv",2026-08-25T07:40:28.773Z
2023,New Zealand Citizen (subclass 444),13,NOM departures,Australian Capital Territory,140,Persons,primary,"https://data.api.abs.gov.au/rest/data/ABS,ABS_NOM_VISA_FY,1.0.0/all?startPeriod=2015&format=csv",2026-08-25T07:40:28.773Z
2023,Other Visas,17,NOM departures,Australian Capital Territory,210,Persons,primary,"https://data.api.abs.gov.au/rest/data/ABS,ABS_NOM_VISA_FY,1.0.0/all?startPeriod=2015&format=csv",2026-08-25T07:40:28.773Z
2023,Permanent visa - Family,10,NOM departures,Australian Capital Territory,110,Persons,primary,"https://data.api.abs.gov.au/rest/data/ABS,ABS_NOM_VISA_FY,1.0.0/all?startPeriod=2015&format=csv",2026-08-25T07:40:28.773Z
2023,Permanent visa - Other permanent visas,15,NOM departures,Australian Capital Territory,150,Persons,primary,"https://data.api.abs.gov.au/rest/data/ABS,ABS_NOM_VISA_FY,1.0.0/all?startPeriod=2015&format=csv",2026-08-25T07:40:28.773Z
2023,Permanent visa - Skill,11,NOM departures,Australian Capital Territory,130,Persons,primary,"https://data.api.abs.gov.au/rest/data/ABS,ABS_NOM_VISA_FY,1.0.0/all?startPeriod=2015&format=csv",2026-08-25T07:40:28.773Z
2023,Permanent visa - Special Eligibility and humanitarian,12,NOM departures,Australian Capital Territory,0,Persons,primary,"https://data.api.abs.gov.au/rest/data/ABS,ABS_NOM_VISA_FY,1.0.0/all?startPeriod=2015&format=csv",2026-08-25T07:40:28.773Z
2023,Permanent visa - Total,9,NOM departures,Australian Capital Territory,400,Persons,primary,"https://data.api.abs.gov.au/rest/data/ABS,ABS_NOM_VISA_FY,1.0.0/all?startPeriod=2015&format=csv",2026-08-25T07:40:28.773Z
2023,Temporary visa - Higher education sector,3,NOM departures,Australian Capital Territory,230,Persons,primary,"https://data.api.abs.gov.au/rest/data/ABS,ABS_NOM_VISA_FY,1.0.0/all?startPeriod=2015&format=csv",2026-08-25T07:40:28.773Z
2023,Temporary visa - Other temporary visas,8,NOM departures,Australian Capital Territory,660,Persons,primary,"https://data.api.abs.gov.au/rest/data/ABS,ABS_NOM_VISA_FY,1.0.0/all?startPeriod=2015&format=csv",2026-08-25T07:40:28.773Z
2023,Temporary visa - Student other,4,NOM departures,Australian Capital Territory,260,Persons,primary,"https://data.api.abs.gov.au/rest/data/ABS,ABS_NOM_VISA_FY,1.0.0/all?startPeriod=2015&format=csv",2026-08-25T07:40:28.773Z
2023,Temporary visa - Temporary work (skilled),5,NOM departures,Australian Capital Territory,80,Persons,primary,"https://data.api.abs.gov.au/rest/data/ABS,ABS_NOM_VISA_FY,1.0.0/all?startPeriod=2015&format=csv",2026-08-25T07:40:28.773Z
2023,Temporary visa - Total,1,NOM departures,Australian Capital Territory,1640,Persons,primary,"https://data.api.abs.gov.au/rest/data/ABS,ABS_NOM_VISA_FY,1.0.0/all?startPeriod=2015&format=csv",2026-08-25T07:40:28.773Z
2023,Temporary visa - Visitor,6,NOM departures,Australian Capital Territory,350,Persons,primary,"https://data.api.abs.gov.au/rest/data/ABS,ABS_NOM_VISA_FY,1.0.0/all?startPeriod=2015&format=csv",2026-08-25T07:40:28.773Z
2023,Temporary visa - Vocational Education and Training sector,2,NOM departures,Australian Capital Territory,60,Persons,primary,"https://data.api.abs.gov.au/rest/data/ABS,ABS_NOM_VISA_FY,1.0.0/all?startPeriod=2015&format=csv",2026-08-25T07:40:28.773Z
2023,Temporary visa - Working Holiday,7,NOM departures,Australian Capital Territory,10,Persons,primary,"https://data.api.abs.gov.au/rest/data/ABS,ABS_NOM_VISA_FY,1.0.0/all?startPeriod=2015&format=csv",2026-08-25T07:40:28.773Z
2023,Total,16,NOM departures,Australian Capital Territory,5070,Persons,primary,"https://data.api.abs.gov.au/rest/data/ABS,ABS_NOM_VISA_FY,1.0.0/all?startPeriod=2015&format=csv",2026-08-25T07:40:28.773Z
2023,Australian Citizen,14,NOM arrivals,New South Wales,20400,Persons,primary,"https://data.api.abs.gov.au/rest/data/ABS,ABS_NOM_VISA_FY,1.0.0/all?startPeriod=2015&format=csv",2026-08-25T07:40:28.773Z
2023,New Zealand Citizen (subclass 444),13,NOM arrivals,New South Wales,8180,Persons,primary,"https://data.api.abs.gov.au/rest/data/ABS,ABS_NOM_VISA_FY,1.0.0/all?startPeriod=2015&format=csv",2026-08-25T07:40:28.773Z
2023,Other Visas,17,NOM arrivals,New South Wales,740,Persons,primary,"https://data.api.abs.gov.au/rest/data/ABS,ABS_NOM_VISA_FY,1.0.0/all?startPeriod=2015&format=csv",2026-08-25T07:40:28.773Z
2023,Permanent visa - Family,10,NOM arrivals,New South Wales,7420,Persons,primary,"https://data.api.abs.gov.au/rest/data/ABS,ABS_NOM_VISA_FY,1.0.0/all?startPeriod=2015&format=csv",2026-08-25T07:40:28.773Z
2023,Permanent visa - Other permanent visas,15,NOM arrivals,New South Wales,4120,Persons,primary,"https://data.api.abs.gov.au/rest/data/ABS,ABS_NOM_VISA_FY,1.0.0/all?startPeriod=2015&format=csv",2026-08-25T07:40:28.773Z
2023,Permanent visa - Skill,11,NOM arrivals,New South Wales,9620,Persons,primary,"https://data.api.abs.gov.au/rest/data/ABS,ABS_NOM_VISA_FY,1.0.0/all?startPeriod=2015&format=csv",2026-08-25T07:40:28.773Z
2023,Permanent visa - Special Eligibility and humanitarian,12,NOM arrivals,New South Wales,4260,Persons,primary,"https://data.api.abs.gov.au/rest/data/ABS,ABS_NOM_VISA_FY,1.0.0/all?startPeriod=2015&format=csv",2026-08-25T07:40:28.773Z
2023,Permanent visa - Total,9,NOM arrivals,New South Wales,25420,Persons,primary,"https://data.api.abs.gov.au/rest/data/ABS,ABS_NOM_VISA_FY,1.0.0/all?startPeriod=2015&format=csv",2026-08-25T07:40:28.773Z
2023,Temporary visa - Higher education sector,3,NOM arrivals,New South Wales,66010,Persons,primary,"https://data.api.abs.gov.au/rest/data/ABS,ABS_NOM_VISA_FY,1.0.0/all?startPeriod=2015&format=csv",2026-08-25T07:40:28.773Z
2023,Temporary visa - Other temporary visas,8,NOM arrivals,New South Wales,12820,Persons,primary,"https://data.api.abs.gov.au/rest/data/ABS,ABS_NOM_VISA_FY,1.0.0/all?startPeriod=2015&format=csv",2026-08-25T07:40:28.773Z
2023,Temporary visa - Student other,4,NOM arrivals,New South Wales,20170,Persons,primary,"https://data.api.abs.gov.au/rest/data/ABS,ABS_NOM_VISA_FY,1.0.0/all?startPeriod=2015&format=csv",2026-08-25T07:40:28.773Z
2023,Temporary visa - Temporary work (skilled),5,NOM arrivals,New South Wales,18100,Persons,primary,"https://data.api.abs.gov.au/rest/data/ABS,ABS_NOM_VISA_FY,1.0.0/all?startPeriod=2015&format=csv",2026-08-25T07:40:28.773Z
2023,Temporary visa - Total,1,NOM arrivals,New South Wales,196820,Persons,primary,"https://data.api.abs.gov.au/rest/data/ABS,ABS_NOM_VISA_FY,1.0.0/all?startPeriod=2015&format=csv",2026-08-25T07:40:28.773Z
2023,Temporary visa - Visitor,6,NOM arrivals,New South Wales,39510,Persons,primary,"https://data.api.abs.gov.au/rest/data/ABS,ABS_NOM_VISA_FY,1.0.0/all?startPeriod=2015&format=csv",2026-08-25T07:40:28.773Z
2023,Temporary visa - Vocational Education and Training sector,2,NOM arrivals,New South Wales,13870,Persons,primary,"https://data.api.abs.gov.au/rest/data/ABS,ABS_NOM_VISA_FY,1.0.0/all?startPeriod=2015&format=csv",2026-08-25T07:40:28.773Z
2023,Temporary visa - Working Holiday,7,NOM arrivals,New South Wales,26330,Persons,primary,"https://data.api.abs.gov.au/rest/data/ABS,ABS_NOM_VISA_FY,1.0.0/all?startPeriod=2015&format=csv",2026-08-25T07:40:28.773Z
2023,Total,16,NOM arrivals,New South Wales,251560,Persons,primary,"https://data.api.abs.gov.au/rest/data/ABS,ABS_NOM_VISA_FY,1.0.0/all?startPeriod=2015&format=csv",2026-08-25T07:40:28.773Z
2023,Australian Citizen,14,NOM departures,New South Wales,34090,Persons,primary,"https://data.api.abs.gov.au/rest/data/ABS,ABS_NOM_VISA_FY,1.0.0/all?startPeriod=2015&format=csv",2026-08-25T07:40:28.773Z
2023,New Zealand Citizen (subclass 444),13,NOM departures,New South Wales,4770,Persons,primary,"https://data.api.abs.gov.au/rest/data/ABS,ABS_NOM_VISA_FY,1.0.0/all?startPeriod=2015&format=csv",2026-08-25T07:40:28.773Z
2023,Other Visas,17,NOM departures,New South Wales,2780,Persons,primary,"https://data.api.abs.gov.au/rest/data/ABS,ABS_NOM_VISA_FY,1.0.0/all?startPeriod=2015&format=csv",2026-08-25T07:40:28.773Z
2023,Permanent visa - Family,10,NOM departures,New South Wales,2320,Persons,primary,"https://data.api.abs.gov.au/rest/data/ABS,ABS_NOM_VISA_FY,1.0.0/all?startPeriod=2015&format=csv",2026-08-25T07:40:28.773Z
2023,Permanent visa - Other permanent visas,15,NOM departures,New South Wales,4100,Persons,primary,"https://data.api.abs.gov.au/rest/data/ABS,ABS_NOM_VISA_FY,1.0.0/all?startPeriod=2015&format=csv",2026-08-25T07:40:28.773Z
2023,Permanent visa - Skill,11,NOM departures,New South Wales,1830,Persons,primary,"https://data.api.abs.gov.au/rest/data/ABS,ABS_NOM_VISA_FY,1.0.0/all?startPeriod=2015&format=csv",2026-08-25T07:40:28.773Z
2023,Permanent visa - Special Eligibility and humanitarian,12,NOM departures,New South Wales,40,Persons,primary,"https://data.api.abs.gov.au/rest/data/ABS,ABS_NOM_VISA_FY,1.0.0/all?startPeriod=2015&format=csv",2026-08-25T07:40:28.773Z
2023,Permanent visa - Total,9,NOM departures,New South Wales,8280,Persons,primary,"https://data.api.abs.gov.au/rest/data/ABS,ABS_NOM_VISA_FY,1.0.0/all?startPeriod=2015&format=csv",2026-08-25T07:40:28.773Z
2023,Temporary visa - Higher education sector,3,NOM departures,New South Wales,2620,Persons,primary,"https://data.api.abs.gov.au/rest/data/ABS,ABS_NOM_VISA_FY,1.0.0/all?startPeriod=2015&format=csv",2026-08-25T07:40:28.773Z
2023,Temporary visa - Other temporary visas,8,NOM departures,New South Wales,11550,Persons,primary,"https://data.api.abs.gov.au/rest/data/ABS,ABS_NOM_VISA_FY,1.0.0/all?startPeriod=2015&format=csv",2026-08-25T07:40:28.773Z
2023,Temporary visa - Student other,4,NOM departures,New South Wales,890,Persons,primary,"https://data.api.abs.gov.au/rest/data/ABS,ABS_NOM_VISA_FY,1.0.0/all?startPeriod=2015&format=csv",2026-08-25T07:40:28.773Z
2023,Temporary visa - Temporary work (skilled),5,NOM departures,New South Wales,2600,Persons,primary,"https://data.api.abs.gov.au/rest/data/ABS,ABS_NOM_VISA_FY,1.0.0/all?startPeriod=2015&format=csv",2026-08-25T07:40:28.773Z
2023,Temporary visa - Total,1,NOM departures,New South Wales,27440,Persons,primary,"https://data.api.abs.gov.au/rest/data/ABS,ABS_NOM_VISA_FY,1.0.0/all?startPeriod=2015&format=csv",2026-08-25T07:40:28.773Z
2023,Temporary visa - Visitor,6,NOM departures,New South Wales,6720,Persons,primary,"https://data.api.abs.gov.au/rest/data/ABS,ABS_NOM_VISA_FY,1.0.0/all?startPeriod=2015&format=csv",2026-08-25T07:40:28.773Z
2023,Temporary visa - Vocational Education and Training sector,2,NOM departures,New South Wales,2120,Persons,primary,"https://data.api.abs.gov.au/rest/data/ABS,ABS_NOM_VISA_FY,1.0.0/all?startPeriod=2015&format=csv",2026-08-25T07:40:28.773Z
2023,Temporary visa - Working Holiday,7,NOM departures,New South Wales,940,Persons,primary,"https://data.api.abs.gov.au/rest/data/ABS,ABS_NOM_VISA_FY,1.0.0/all?startPeriod=2015&format=csv",2026-08-25T07:40:28.773Z
2023,Total,16,NOM departures,New South Wales,77360,Persons,primary,"https://data.api.abs.gov.au/rest/data/ABS,ABS_NOM_VISA_FY,1.0.0/all?startPeriod=2015&format=csv",2026-08-25T07:40:28.773Z
2023,Australian Citizen,14,NOM arrivals,Northern Territory,390,Persons,primary,"https://data.api.abs.gov.au/rest/data/ABS,ABS_NOM_VISA_FY,1.0.0/all?startPeriod=2015&format=csv",2026-08-25T07:40:28.773Z
2023,New Zealand Citizen (subclass 444),13,NOM arrivals,Northern Territory,260,Persons,primary,"https://data.api.abs.gov.au/rest/data/ABS,ABS_NOM_VISA_FY,1.0.0/all?startPeriod=2015&format=csv",2026-08-25T07:40:28.773Z
2023,Other Visas,17,NOM arrivals,Northern Territory,710,Persons,primary,"https://data.api.abs.gov.au/rest/data/ABS,ABS_NOM_VISA_FY,1.0.0/all?startPeriod=2015&format=csv",2026-08-25T07:40:28.773Z
2023,Permanent visa - Family,10,NOM arrivals,Northern Territory,110,Persons,primary,"https://data.api.abs.gov.au/rest/data/ABS,ABS_NOM_VISA_FY,1.0.0/all?startPeriod=2015&format=csv",2026-08-25T07:40:28.773Z
2023,Permanent visa - Other permanent visas,15,NOM arrivals,Northern Territory,40,Persons,primary,"https://data.api.abs.gov.au/rest/data/ABS,ABS_NOM_VISA_FY,1.0.0/all?startPeriod=2015&format=csv",2026-08-25T07:40:28.773Z
2023,Permanent visa - Skill,11,NOM arrivals,Northern Territory,610,Persons,primary,"https://data.api.abs.gov.au/rest/data/ABS,ABS_NOM_VISA_FY,1.0.0/all?startPeriod=2015&format=csv",2026-08-25T07:40:28.773Z
2023,Permanent visa - Special Eligibility and humanitarian,12,NOM arrivals,Northern Territory,190,Persons,primary,"https://data.api.abs.gov.au/rest/data/ABS,ABS_NOM_VISA_FY,1.0.0/all?startPeriod=2015&format=csv",2026-08-25T07:40:28.773Z
2023,Permanent visa - Total,9,NOM arrivals,Northern Territory,950,Persons,primary,"https://data.api.abs.gov.au/rest/data/ABS,ABS_NOM_VISA_FY,1.0.0/all?startPeriod=2015&format=csv",2026-08-25T07:40:28.773Z
2023,Temporary visa - Higher education sector,3,NOM arrivals,Northern Territory,1130,Persons,primary,"https://data.api.abs.gov.au/rest/data/ABS,ABS_NOM_VISA_FY,1.0.0/all?startPeriod=2015&format=csv",2026-08-25T07:40:28.773Z
2023,Temporary visa - Other temporary visas,8,NOM arrivals,Northern Territory,850,Persons,primary,"https://data.api.abs.gov.au/rest/data/ABS,ABS_NOM_VISA_FY,1.0.0/all?startPeriod=2015&format=csv",2026-08-25T07:40:28.773Z
2023,Temporary visa - Student other,4,NOM arrivals,Northern Territory,150,Persons,primary,"https://data.api.abs.gov.au/rest/data/ABS,ABS_NOM_VISA_FY,1.0.0/all?startPeriod=2015&format=csv",2026-08-25T07:40:28.773Z
2023,Temporary visa - Temporary work (skilled),5,NOM arrivals,Northern Territory,430,Persons,primary,"https://data.api.abs.gov.au/rest/data/ABS,ABS_NOM_VISA_FY,1.0.0/all?startPeriod=2015&format=csv",2026-08-25T07:40:28.773Z
2023,Temporary visa - Total,1,NOM arrivals,Northern Territory,4480,Persons,primary,"https://data.api.abs.gov.au/rest/data/ABS,ABS_NOM_VISA_FY,1.0.0/all?startPeriod=2015&format=csv",2026-08-25T07:40:28.773Z
2023,Temporary visa - Visitor,6,NOM arrivals,Northern Territory,850,Persons,primary,"https://data.api.abs.gov.au/rest/data/ABS,ABS_NOM_VISA_FY,1.0.0/all?startPeriod=2015&format=csv",2026-08-25T07:40:28.773Z
2023,Temporary visa - Vocational Education and Training sector,2,NOM arrivals,Northern Territory,240,Persons,primary,"https://data.api.abs.gov.au/rest/data/ABS,ABS_NOM_VISA_FY,1.0.0/all?startPeriod=2015&format=csv",2026-08-25T07:40:28.773Z
2023,Temporary visa - Working Holiday,7,NOM arrivals,Northern Territory,830,Persons,primary,"https://data.api.abs.gov.au/rest/data/ABS,ABS_NOM_VISA_FY,1.0.0/all?startPeriod=2015&format=csv",2026-08-25T07:40:28.773Z
2023,Total,16,NOM arrivals,Northern Territory,6780,Persons,primary,"https://data.api.abs.gov.au/rest/data/ABS,ABS_NOM_VISA_FY,1.0.0/all?startPeriod=2015&format=csv",2026-08-25T07:40:28.773Z
2023,Australian Citizen,14,NOM departures,Northern Territory,800,Persons,primary,"https://data.api.abs.gov.au/rest/data/ABS,ABS_NOM_VISA_FY,1.0.0/all?startPeriod=2015&format=csv",2026-08-25T07:40:28.773Z
2023,New Zealand Citizen (subclass 444),13,NOM departures,Northern Territory,160,Persons,primary,"https://data.api.abs.gov.au/rest/data/ABS,ABS_NOM_VISA_FY,1.0.0/all?startPeriod=2015&format=csv",2026-08-25T07:40:28.773Z
2023,Other Visas,17,NOM departures,Northern Territory,1460,Persons,primary,"https://data.api.abs.gov.au/rest/data/ABS,ABS_NOM_VISA_FY,1.0.0/all?startPeriod=2015&format=csv",2026-08-25T07:40:28.773Z
2023,Permanent visa - Family,10,NOM departures,Northern Territory,40,Persons,primary,"https://data.api.abs.gov.au/rest/data/ABS,ABS_NOM_VISA_FY,1.0.0/all?startPeriod=2015&format=csv",2026-08-25T07:40:28.773Z
2023,Permanent visa - Other permanent visas,15,NOM departures,Northern Territory,50,Persons,primary,"https://data.api.abs.gov.au/rest/data/ABS,ABS_NOM_VISA_FY,1.0.0/all?startPeriod=2015&format=csv",2026-08-25T07:40:28.773Z
2023,Permanent visa - Skill,11,NOM departures,Northern Territory,80,Persons,primary,"https://data.api.abs.gov.au/rest/data/ABS,ABS_NOM_VISA_FY,1.0.0/all?startPeriod=2015&format=csv",2026-08-25T07:40:28.773Z
2023,Permanent visa - Special Eligibility and humanitarian,12,NOM departures,Northern Territory,0,Persons,primary,"https://data.api.abs.gov.au/rest/data/ABS,ABS_NOM_VISA_FY,1.0.0/all?startPeriod=2015&format=csv",2026-08-25T07:40:28.773Z
2023,Permanent visa - Total,9,NOM departures,Northern Territory,170,Persons,primary,"https://data.api.abs.gov.au/rest/data/ABS,ABS_NOM_VISA_FY,1.0.0/all?startPeriod=2015&format=csv",2026-08-25T07:40:28.773Z
2023,Temporary visa - Higher education sector,3,NOM departures,Northern Territory,10,Persons,primary,"https://data.api.abs.gov.au/rest/data/ABS,ABS_NOM_VISA_FY,1.0.0/all?startPeriod=2015&format=csv",2026-08-25T07:40:28.773Z
2023,Temporary visa - Other temporary visas,8,NOM departures,Northern Territory,550,Persons,primary,"https://data.api.abs.gov.au/rest/data/ABS,ABS_NOM_VISA_FY,1.0.0/all?startPeriod=2015&format=csv",2026-08-25T07:40:28.773Z
2023,Temporary visa - Student other,4,NOM departures,Northern Territory,10,Persons,primary,"https://data.api.abs.gov.au/rest/data/ABS,ABS_NOM_VISA_FY,1.0.0/all?startPeriod=2015&format=csv",2026-08-25T07:40:28.773Z
2023,Temporary visa - Temporary work (skilled),5,NOM departures,Northern Territory,40,Persons,primary,"https://data.api.abs.gov.au/rest/data/ABS,ABS_NOM_VISA_FY,1.0.0/all?startPeriod=2015&format=csv",2026-08-25T07:40:28.773Z
2023,Temporary visa - Total,1,NOM departures,Northern Territory,850,Persons,primary,"https://data.api.abs.gov.au/rest/data/ABS,ABS_NOM_VISA_FY,1.0.0/all?startPeriod=2015&format=csv",2026-08-25T07:40:28.773Z
2023,Temporary visa - Visitor,6,NOM departures,Northern Territory,180,Persons,primary,"https://data.api.abs.gov.au/rest/data/ABS,ABS_NOM_VISA_FY,1.0.0/all?startPeriod=2015&format=csv",2026-08-25T07:40:28.773Z
2023,Temporary visa - Vocational Education and Training sector,2,NOM departures,Northern Territory,20,Persons,primary,"https://data.api.abs.gov.au/rest/data/ABS,ABS_NOM_VISA_FY,1.0.0/all?startPeriod=2015&format=csv",2026-08-25T07:40:28.773Z
2023,Temporary visa - Working Holiday,7,NOM departures,Northern Territory,40,Persons,primary,"https://data.api.abs.gov.au/rest/data/ABS,ABS_NOM_VISA_FY,1.0.0/all?startPeriod=2015&format=csv",2026-08-25T07:40:28.773Z
2023,Total,16,NOM departures,Northern Territory,3450,Persons,primary,"https://data.api.abs.gov.au/rest/data/ABS,ABS_NOM_VISA_FY,1.0.0/all?startPeriod=2015&format=csv",2026-08-25T07:40:28.773Z
2023,Australian Citizen,14,NOM arrivals,Queensland,11490,Persons,primary,"https://data.api.abs.gov.au/rest/data/ABS,ABS_NOM_VISA_FY,1.0.0/all?startPeriod=2015&format=csv",2026-08-25T07:40:28.773Z
2023,New Zealand Citizen (subclass 444),13,NOM arrivals,Queensland,13020,Persons,primary,"https://data.api.abs.gov.au/rest/data/ABS,ABS_NOM_VISA_FY,1.0.0/all?startPeriod=2015&format=csv",2026-08-25T07:40:28.773Z
2023,Other Visas,17,NOM arrivals,Queensland,720,Persons,primary,"https://data.api.abs.gov.au/rest/data/ABS,ABS_NOM_VISA_FY,1.0.0/all?startPeriod=2015&format=csv",2026-08-25T07:40:28.773Z
2023,Permanent visa - Family,10,NOM arrivals,Queensland,2760,Persons,primary,"https://data.api.abs.gov.au/rest/data/ABS,ABS_NOM_VISA_FY,1.0.0/all?startPeriod=2015&format=csv",2026-08-25T07:40:28.773Z
2023,Permanent visa - Other permanent visas,15,NOM arrivals,Queensland,1340,Persons,primary,"https://data.api.abs.gov.au/rest/data/ABS,ABS_NOM_VISA_FY,1.0.0/all?startPeriod=2015&format=csv",2026-08-25T07:40:28.773Z
2023,Permanent visa - Skill,11,NOM arrivals,Queensland,4750,Persons,primary,"https://data.api.abs.gov.au/rest/data/ABS,ABS_NOM_VISA_FY,1.0.0/all?startPeriod=2015&format=csv",2026-08-25T07:40:28.773Z
2023,Permanent visa - Special Eligibility and humanitarian,12,NOM arrivals,Queensland,1330,Persons,primary,"https://data.api.abs.gov.au/rest/data/ABS,ABS_NOM_VISA_FY,1.0.0/all?startPeriod=2015&format=csv",2026-08-25T07:40:28.773Z
2023,Permanent visa - Total,9,NOM arrivals,Queensland,10190,Persons,primary,"https://data.api.abs.gov.au/rest/data/ABS,ABS_NOM_VISA_FY,1.0.0/all?startPeriod=2015&format=csv",2026-08-25T07:40:28.773Z
2023,Temporary visa - Higher education sector,3,NOM arrivals,Queensland,21640,Persons,primary,"https://data.api.abs.gov.au/rest/data/ABS,ABS_NOM_VISA_FY,1.0.0/all?startPeriod=2015&format=csv",2026-08-25T07:40:28.773Z
2023,Temporary visa - Other temporary visas,8,NOM arrivals,Queensland,9050,Persons,primary,"https://data.api.abs.gov.au/rest/data/ABS,ABS_NOM_VISA_FY,1.0.0/all?startPeriod=2015&format=csv",2026-08-25T07:40:28.773Z
2023,Temporary visa - Student other,4,NOM arrivals,Queensland,15420,Persons,primary,"https://data.api.abs.gov.au/rest/data/ABS,ABS_NOM_VISA_FY,1.0.0/all?startPeriod=2015&format=csv",2026-08-25T07:40:28.773Z
2023,Temporary visa - Temporary work (skilled),5,NOM arrivals,Queensland,7220,Persons,primary,"https://data.api.abs.gov.au/rest/data/ABS,ABS_NOM_VISA_FY,1.0.0/all?startPeriod=2015&format=csv",2026-08-25T07:40:28.773Z
2023,Temporary visa - Total,1,NOM arrivals,Queensland,89220,Persons,primary,"https://data.api.abs.gov.au/rest/data/ABS,ABS_NOM_VISA_FY,1.0.0/all?startPeriod=2015&format=csv",2026-08-25T07:40:28.773Z
2023,Temporary visa - Visitor,6,NOM arrivals,Queensland,14680,Persons,primary,"https://data.api.abs.gov.au/rest/data/ABS,ABS_NOM_VISA_FY,1.0.0/all?startPeriod=2015&format=csv",2026-08-25T07:40:28.773Z
2023,Temporary visa - Vocational Education and Training sector,2,NOM arrivals,Queensland,7110,Persons,primary,"https://data.api.abs.gov.au/rest/data/ABS,ABS_NOM_VISA_FY,1.0.0/all?startPeriod=2015&format=csv",2026-08-25T07:40:28.773Z
2023,Temporary visa - Working Holiday,7,NOM arrivals,Queensland,14100,Persons,primary,"https://data.api.abs.gov.au/rest/data/ABS,ABS_NOM_VISA_FY,1.0.0/all?startPeriod=2015&format=csv",2026-08-25T07:40:28.773Z
2023,Total,16,NOM arrivals,Queensland,124640,Persons,primary,"https://data.api.abs.gov.au/rest/data/ABS,ABS_NOM_VISA_FY,1.0.0/all?startPeriod=2015&format=csv",2026-08-25T07:40:28.773Z
2023,Australian Citizen,14,NOM departures,Queensland,17080,Persons,primary,"https://data.api.abs.gov.au/rest/data/ABS,ABS_NOM_VISA_FY,1.0.0/all?startPeriod=2015&format=csv",2026-08-25T07:40:28.773Z
2023,New Zealand Citizen (subclass 444),13,NOM departures,Queensland,5550,Persons,primary,"https://data.api.abs.gov.au/rest/data/ABS,ABS_NOM_VISA_FY,1.0.0/all?startPeriod=2015&format=csv",2026-08-25T07:40:28.773Z
2023,Other Visas,17,NOM departures,Queensland,1850,Persons,primary,"https://data.api.abs.gov.au/rest/data/ABS,ABS_NOM_VISA_FY,1.0.0/all?startPeriod=2015&format=csv",2026-08-25T07:40:28.773Z
2023,Permanent visa - Family,10,NOM departures,Queensland,1000,Persons,primary,"https://data.api.abs.gov.au/rest/data/ABS,ABS_NOM_VISA_FY,1.0.0/all?startPeriod=2015&format=csv",2026-08-25T07:40:28.773Z
2023,Permanent visa - Other permanent visas,15,NOM departures,Queensland,1470,Persons,primary,"https://data.api.abs.gov.au/rest/data/ABS,ABS_NOM_VISA_FY,1.0.0/all?startPeriod=2015&format=csv",2026-08-25T07:40:28.773Z
2023,Permanent visa - Skill,11,NOM departures,Queensland,730,Persons,primary,"https://data.api.abs.gov.au/rest/data/ABS,ABS_NOM_VISA_FY,1.0.0/all?startPeriod=2015&format=csv",2026-08-25T07:40:28.773Z
2023,Permanent visa - Special Eligibility and humanitarian,12,NOM departures,Queensland,20,Persons,primary,"https://data.api.abs.gov.au/rest/data/ABS,ABS_NOM_VISA_FY,1.0.0/all?startPeriod=2015&format=csv",2026-08-25T07:40:28.773Z
2023,Permanent visa - Total,9,NOM departures,Queensland,3220,Persons,primary,"https://data.api.abs.gov.au/rest/data/ABS,ABS_NOM_VISA_FY,1.0.0/all?startPeriod=2015&format=csv",2026-08-25T07:40:28.773Z
2023,Temporary visa - Higher education sector,3,NOM departures,Queensland,1140,Persons,primary,"https://data.api.abs.gov.au/rest/data/ABS,ABS_NOM_VISA_FY,1.0.0/all?startPeriod=2015&format=csv",2026-08-25T07:40:28.773Z
2023,Temporary visa - Other temporary visas,8,NOM departures,Queensland,5980,Persons,primary,"https://data.api.abs.gov.au/rest/data/ABS,ABS_NOM_VISA_FY,1.0.0/all?startPeriod=2015&format=csv",2026-08-25T07:40:28.773Z
2023,Temporary visa - Student other,4,NOM departures,Queensland,620,Persons,primary,"https://data.api.abs.gov.au/rest/data/ABS,ABS_NOM_VISA_FY,1.0.0/all?startPeriod=2015&format=csv",2026-08-25T07:40:28.773Z
2023,Temporary visa - Temporary work (skilled),5,NOM departures,Queensland,750,Persons,primary,"https://data.api.abs.gov.au/rest/data/ABS,ABS_NOM_VISA_FY,1.0.0/all?startPeriod=2015&format=csv",2026-08-25T07:40:28.773Z
2023,Temporary visa - Total,1,NOM departures,Queensland,12940,Persons,primary,"https://data.api.abs.gov.au/rest/data/ABS,ABS_NOM_VISA_FY,1.0.0/all?startPeriod=2015&format=csv",2026-08-25T07:40:28.773Z
2023,Temporary visa - Visitor,6,NOM departures,Queensland,3030,Persons,primary,"https://data.api.abs.gov.au/rest/data/ABS,ABS_NOM_VISA_FY,1.0.0/all?startPeriod=2015&format=csv",2026-08-25T07:40:28.773Z
2023,Temporary visa - Vocational Education and Training sector,2,NOM departures,Queensland,780,Persons,primary,"https://data.api.abs.gov.au/rest/data/ABS,ABS_NOM_VISA_FY,1.0.0/all?startPeriod=2015&format=csv",2026-08-25T07:40:28.773Z
2023,Temporary visa - Working Holiday,7,NOM departures,Queensland,660,Persons,primary,"https://data.api.abs.gov.au/rest/data/ABS,ABS_NOM_VISA_FY,1.0.0/all?startPeriod=2015&format=csv",2026-08-25T07:40:28.773Z
2023,Total,16,NOM departures,Queensland,40640,Persons,primary,"https://data.api.abs.gov.au/rest/data/ABS,ABS_NOM_VISA_FY,1.0.0/all?startPeriod=2015&format=csv",2026-08-25T07:40:28.773Z
2023,Australian Citizen,14,NOM arrivals,South Australia,2510,Persons,primary,"https://data.api.abs.gov.au/rest/data/ABS,ABS_NOM_VISA_FY,1.0.0/all?startPeriod=2015&format=csv",2026-08-25T07:40:28.773Z
2023,New Zealand Citizen (subclass 444),13,NOM arrivals,South Australia,830,Persons,primary,"https://data.api.abs.gov.au/rest/data/ABS,ABS_NOM_VISA_FY,1.0.0/all?startPeriod=2015&format=csv",2026-08-25T07:40:28.773Z
2023,Other Visas,17,NOM arrivals,South Australia,90,Persons,primary,"https://data.api.abs.gov.au/rest/data/ABS,ABS_NOM_VISA_FY,1.0.0/all?startPeriod=2015&format=csv",2026-08-25T07:40:28.773Z
2023,Permanent visa - Family,10,NOM arrivals,South Australia,1240,Persons,primary,"https://data.api.abs.gov.au/rest/data/ABS,ABS_NOM_VISA_FY,1.0.0/all?startPeriod=2015&format=csv",2026-08-25T07:40:28.773Z
2023,Permanent visa - Other permanent visas,15,NOM arrivals,South Australia,370,Persons,primary,"https://data.api.abs.gov.au/rest/data/ABS,ABS_NOM_VISA_FY,1.0.0/all?startPeriod=2015&format=csv",2026-08-25T07:40:28.773Z
2023,Permanent visa - Skill,11,NOM arrivals,South Australia,3980,Persons,primary,"https://data.api.abs.gov.au/rest/data/ABS,ABS_NOM_VISA_FY,1.0.0/all?startPeriod=2015&format=csv",2026-08-25T07:40:28.773Z
2023,Permanent visa - Special Eligibility and humanitarian,12,NOM arrivals,South Australia,1250,Persons,primary,"https://data.api.abs.gov.au/rest/data/ABS,ABS_NOM_VISA_FY,1.0.0/all?startPeriod=2015&format=csv",2026-08-25T07:40:28.773Z
2023,Permanent visa - Total,9,NOM arrivals,South Australia,6830,Persons,primary,"https://data.api.abs.gov.au/rest/data/ABS,ABS_NOM_VISA_FY,1.0.0/all?startPeriod=2015&format=csv",2026-08-25T07:40:28.773Z
2023,Temporary visa - Higher education sector,3,NOM arrivals,South Australia,11270,Persons,primary,"https://data.api.abs.gov.au/rest/data/ABS,ABS_NOM_VISA_FY,1.0.0/all?startPeriod=2015&format=csv",2026-08-25T07:40:28.773Z
2023,Temporary visa - Other temporary visas,8,NOM arrivals,South Australia,2910,Persons,primary,"https://data.api.abs.gov.au/rest/data/ABS,ABS_NOM_VISA_FY,1.0.0/all?startPeriod=2015&format=csv",2026-08-25T07:40:28.773Z
2023,Temporary visa - Student other,4,NOM arrivals,South Australia,3350,Persons,primary,"https://data.api.abs.gov.au/rest/data/ABS,ABS_NOM_VISA_FY,1.0.0/all?startPeriod=2015&format=csv",2026-08-25T07:40:28.773Z
2023,Temporary visa - Temporary work (skilled),5,NOM arrivals,South Australia,1680,Persons,primary,"https://data.api.abs.gov.au/rest/data/ABS,ABS_NOM_VISA_FY,1.0.0/all?startPeriod=2015&format=csv",2026-08-25T07:40:28.773Z
2023,Temporary visa - Total,1,NOM arrivals,South Australia,27090,Persons,primary,"https://data.api.abs.gov.au/rest/data/ABS,ABS_NOM_VISA_FY,1.0.0/all?startPeriod=2015&format=csv",2026-08-25T07:40:28.773Z
2023,Temporary visa - Visitor,6,NOM arrivals,South Australia,4820,Persons,primary,"https://data.api.abs.gov.au/rest/data/ABS,ABS_NOM_VISA_FY,1.0.0/all?startPeriod=2015&format=csv",2026-08-25T07:40:28.773Z
2023,Temporary visa - Vocational Education and Training sector,2,NOM arrivals,South Australia,1600,Persons,primary,"https://data.api.abs.gov.au/rest/data/ABS,ABS_NOM_VISA_FY,1.0.0/all?startPeriod=2015&format=csv",2026-08-25T07:40:28.773Z
2023,Temporary visa - Working Holiday,7,NOM arrivals,South Australia,1460,Persons,primary,"https://data.api.abs.gov.au/rest/data/ABS,ABS_NOM_VISA_FY,1.0.0/all?startPeriod=2015&format=csv",2026-08-25T07:40:28.773Z
2023,Total,16,NOM arrivals,South Australia,37360,Persons,primary,"https://data.api.abs.gov.au/rest/data/ABS,ABS_NOM_VISA_FY,1.0.0/all?startPeriod=2015&format=csv",2026-08-25T07:40:28.773Z
2023,Australian Citizen,14,NOM departures,South Australia,4260,Persons,primary,"https://data.api.abs.gov.au/rest/data/ABS,ABS_NOM_VISA_FY,1.0.0/all?startPeriod=2015&format=csv",2026-08-25T07:40:28.773Z
2023,New Zealand Citizen (subclass 444),13,NOM departures,South Australia,300,Persons,primary,"https://data.api.abs.gov.au/rest/data/ABS,ABS_NOM_VISA_FY,1.0.0/all?startPeriod=2015&format=csv",2026-08-25T07:40:28.773Z
2023,Other Visas,17,NOM departures,South Australia,290,Persons,primary,"https://data.api.abs.gov.au/rest/data/ABS,ABS_NOM_VISA_FY,1.0.0/all?startPeriod=2015&format=csv",2026-08-25T07:40:28.773Z
2023,Permanent visa - Family,10,NOM departures,South Australia,260,Persons,primary,"https://data.api.abs.gov.au/rest/data/ABS,ABS_NOM_VISA_FY,1.0.0/all?startPeriod=2015&format=csv",2026-08-25T07:40:28.773Z
2023,Permanent visa - Other permanent visas,15,NOM departures,South Australia,460,Persons,primary,"https://data.api.abs.gov.au/rest/data/ABS,ABS_NOM_VISA_FY,1.0.0/all?startPeriod=2015&format=csv",2026-08-25T07:40:28.773Z
2023,Permanent visa - Skill,11,NOM departures,South Australia,340,Persons,primary,"https://data.api.abs.gov.au/rest/data/ABS,ABS_NOM_VISA_FY,1.0.0/all?startPeriod=2015&format=csv",2026-08-25T07:40:28.773Z
2023,Permanent visa - Special Eligibility and humanitarian,12,NOM departures,South Australia,0,Persons,primary,"https://data.api.abs.gov.au/rest/data/ABS,ABS_NOM_VISA_FY,1.0.0/all?startPeriod=2015&format=csv",2026-08-25T07:40:28.773Z
2023,Permanent visa - Total,9,NOM departures,South Australia,1060,Persons,primary,"https://data.api.abs.gov.au/rest/data/ABS,ABS_NOM_VISA_FY,1.0.0/all?startPeriod=2015&format=csv",2026-08-25T07:40:28.773Z
2023,Temporary visa - Higher education sector,3,NOM departures,South Australia,500,Persons,primary,"https://data.api.abs.gov.au/rest/data/ABS,ABS_NOM_VISA_FY,1.0.0/all?startPeriod=2015&format=csv",2026-08-25T07:40:28.773Z
2023,Temporary visa - Other temporary visas,8,NOM departures,South Australia,1660,Persons,primary,"https://data.api.abs.gov.au/rest/data/ABS,ABS_NOM_VISA_FY,1.0.0/all?startPeriod=2015&format=csv",2026-08-25T07:40:28.773Z
2023,Temporary visa - Student other,4,NOM departures,South Australia,160,Persons,primary,"https://data.api.abs.gov.au/rest/data/ABS,ABS_NOM_VISA_FY,1.0.0/all?startPeriod=2015&format=csv",2026-08-25T07:40:28.773Z
2023,Temporary visa - Temporary work (skilled),5,NOM departures,South Australia,160,Persons,primary,"https://data.api.abs.gov.au/rest/data/ABS,ABS_NOM_VISA_FY,1.0.0/all?startPeriod=2015&format=csv",2026-08-25T07:40:28.773Z
2023,Temporary visa - Total,1,NOM departures,South Australia,3590,Persons,primary,"https://data.api.abs.gov.au/rest/data/ABS,ABS_NOM_VISA_FY,1.0.0/all?startPeriod=2015&format=csv",2026-08-25T07:40:28.773Z
2023,Temporary visa - Visitor,6,NOM departures,South Australia,880,Persons,primary,"https://data.api.abs.gov.au/rest/data/ABS,ABS_NOM_VISA_FY,1.0.0/all?startPeriod=2015&format=csv",2026-08-25T07:40:28.773Z
2023,Temporary visa - Vocational Education and Training sector,2,NOM departures,South Australia,150,Persons,primary,"https://data.api.abs.gov.au/rest/data/ABS,ABS_NOM_VISA_FY,1.0.0/all?startPeriod=2015&format=csv",2026-08-25T07:40:28.773Z
2023,Temporary visa - Working Holiday,7,NOM departures,South Australia,80,Persons,primary,"https://data.api.abs.gov.au/rest/data/ABS,ABS_NOM_VISA_FY,1.0.0/all?startPeriod=2015&format=csv",2026-08-25T07:40:28.773Z
2023,Total,16,NOM departures,South Australia,9500,Persons,primary,"https://data.api.abs.gov.au/rest/data/ABS,ABS_NOM_VISA_FY,1.0.0/all?startPeriod=2015&format=csv",2026-08-25T07:40:28.773Z
2023,Australian Citizen,14,NOM arrivals,Tasmania,650,Persons,primary,"https://data.api.abs.gov.au/rest/data/ABS,ABS_NOM_VISA_FY,1.0.0/all?startPeriod=2015&format=csv",2026-08-25T07:40:28.773Z
2023,New Zealand Citizen (subclass 444),13,NOM arrivals,Tasmania,210,Persons,primary,"https://data.api.abs.gov.au/rest/data/ABS,ABS_NOM_VISA_FY,1.0.0/all?startPeriod=2015&format=csv",2026-08-25T07:40:28.773Z
2023,Other Visas,17,NOM arrivals,Tasmania,20,Persons,primary,"https://data.api.abs.gov.au/rest/data/ABS,ABS_NOM_VISA_FY,1.0.0/all?startPeriod=2015&format=csv",2026-08-25T07:40:28.773Z
2023,Permanent visa - Family,10,NOM arrivals,Tasmania,130,Persons,primary,"https://data.api.abs.gov.au/rest/data/ABS,ABS_NOM_VISA_FY,1.0.0/all?startPeriod=2015&format=csv",2026-08-25T07:40:28.773Z
2023,Permanent visa - Other permanent visas,15,NOM arrivals,Tasmania,60,Persons,primary,"https://data.api.abs.gov.au/rest/data/ABS,ABS_NOM_VISA_FY,1.0.0/all?startPeriod=2015&format=csv",2026-08-25T07:40:28.773Z
2023,Permanent visa - Skill,11,NOM arrivals,Tasmania,730,Persons,primary,"https://data.api.abs.gov.au/rest/data/ABS,ABS_NOM_VISA_FY,1.0.0/all?startPeriod=2015&format=csv",2026-08-25T07:40:28.773Z
2023,Permanent visa - Special Eligibility and humanitarian,12,NOM arrivals,Tasmania,330,Persons,primary,"https://data.api.abs.gov.au/rest/data/ABS,ABS_NOM_VISA_FY,1.0.0/all?startPeriod=2015&format=csv",2026-08-25T07:40:28.773Z
2023,Permanent visa - Total,9,NOM arrivals,Tasmania,1240,Persons,primary,"https://data.api.abs.gov.au/rest/data/ABS,ABS_NOM_VISA_FY,1.0.0/all?startPeriod=2015&format=csv",2026-08-25T07:40:28.773Z
2023,Temporary visa - Higher education sector,3,NOM arrivals,Tasmania,1330,Persons,primary,"https://data.api.abs.gov.au/rest/data/ABS,ABS_NOM_VISA_FY,1.0.0/all?startPeriod=2015&format=csv",2026-08-25T07:40:28.773Z
2023,Temporary visa - Other temporary visas,8,NOM arrivals,Tasmania,1370,Persons,primary,"https://data.api.abs.gov.au/rest/data/ABS,ABS_NOM_VISA_FY,1.0.0/all?startPeriod=2015&format=csv",2026-08-25T07:40:28.773Z
2023,Temporary visa - Student other,4,NOM arrivals,Tasmania,330,Persons,primary,"https://data.api.abs.gov.au/rest/data/ABS,ABS_NOM_VISA_FY,1.0.0/all?startPeriod=2015&format=csv",2026-08-25T07:40:28.773Z
2023,Temporary visa - Temporary work (skilled),5,NOM arrivals,Tasmania,380,Persons,primary,"https://data.api.abs.gov.au/rest/data/ABS,ABS_NOM_VISA_FY,1.0.0/all?startPeriod=2015&format=csv",2026-08-25T07:40:28.773Z
2023,Temporary visa - Total,1,NOM arrivals,Tasmania,4940,Persons,primary,"https://data.api.abs.gov.au/rest/data/ABS,ABS_NOM_VISA_FY,1.0.0/all?startPeriod=2015&format=csv",2026-08-25T07:40:28.773Z
2023,Temporary visa - Visitor,6,NOM arrivals,Tasmania,900,Persons,primary,"https://data.api.abs.gov.au/rest/data/ABS,ABS_NOM_VISA_FY,1.0.0/all?startPeriod=2015&format=csv",2026-08-25T07:40:28.773Z
2023,Temporary visa - Vocational Education and Training sector,2,NOM arrivals,Tasmania,280,Persons,primary,"https://data.api.abs.gov.au/rest/data/ABS,ABS_NOM_VISA_FY,1.0.0/all?startPeriod=2015&format=csv",2026-08-25T07:40:28.773Z
2023,Temporary visa - Working Holiday,7,NOM arrivals,Tasmania,340,Persons,primary,"https://data.api.abs.gov.au/rest/data/ABS,ABS_NOM_VISA_FY,1.0.0/all?startPeriod=2015&format=csv",2026-08-25T07:40:28.773Z
2023,Total,16,NOM arrivals,Tasmania,7060,Persons,primary,"https://data.api.abs.gov.au/rest/data/ABS,ABS_NOM_VISA_FY,1.0.0/all?startPeriod=2015&format=csv",2026-08-25T07:40:28.773Z
2023,Australian Citizen,14,NOM departures,Tasmania,1040,Persons,primary,"https://data.api.abs.gov.au/rest/data/ABS,ABS_NOM_VISA_FY,1.0.0/all?startPeriod=2015&format=csv",2026-08-25T07:40:28.773Z
2023,New Zealand Citizen (subclass 444),13,NOM departures,Tasmania,160,Persons,primary,"https://data.api.abs.gov.au/rest/data/ABS,ABS_NOM_VISA_FY,1.0.0/all?startPeriod=2015&format=csv",2026-08-25T07:40:28.773Z
2023,Other Visas,17,NOM departures,Tasmania,130,Persons,primary,"https://data.api.abs.gov.au/rest/data/ABS,ABS_NOM_VISA_FY,1.0.0/all?startPeriod=2015&format=csv",2026-08-25T07:40:28.773Z
2023,Permanent visa - Family,10,NOM departures,Tasmania,50,Persons,primary,"https://data.api.abs.gov.au/rest/data/ABS,ABS_NOM_VISA_FY,1.0.0/all?startPeriod=2015&format=csv",2026-08-25T07:40:28.773Z
2023,Permanent visa - Other permanent visas,15,NOM departures,Tasmania,70,Persons,primary,"https://data.api.abs.gov.au/rest/data/ABS,ABS_NOM_VISA_FY,1.0.0/all?startPeriod=2015&format=csv",2026-08-25T07:40:28.773Z
2023,Permanent visa - Skill,11,NOM departures,Tasmania,170,Persons,primary,"https://data.api.abs.gov.au/rest/data/ABS,ABS_NOM_VISA_FY,1.0.0/all?startPeriod=2015&format=csv",2026-08-25T07:40:28.773Z
2023,Permanent visa - Special Eligibility and humanitarian,12,NOM departures,Tasmania,0,Persons,primary,"https://data.api.abs.gov.au/rest/data/ABS,ABS_NOM_VISA_FY,1.0.0/all?startPeriod=2015&format=csv",2026-08-25T07:40:28.773Z
2023,Permanent visa - Total,9,NOM departures,Tasmania,290,Persons,primary,"https://data.api.abs.gov.au/rest/data/ABS,ABS_NOM_VISA_FY,1.0.0/all?startPeriod=2015&format=csv",2026-08-25T07:40:28.773Z
2023,Temporary visa - Higher education sector,3,NOM departures,Tasmania,60,Persons,primary,"https://data.api.abs.gov.au/rest/data/ABS,ABS_NOM_VISA_FY,1.0.0/all?startPeriod=2015&format=csv",2026-08-25T07:40:28.773Z
2023,Temporary visa - Other temporary visas,8,NOM departures,Tasmania,1040,Persons,primary,"https://data.api.abs.gov.au/rest/data/ABS,ABS_NOM_VISA_FY,1.0.0/all?startPeriod=2015&format=csv",2026-08-25T07:40:28.773Z
2023,Temporary visa - Student other,4,NOM departures,Tasmania,40,Persons,primary,"https://data.api.abs.gov.au/rest/data/ABS,ABS_NOM_VISA_FY,1.0.0/all?startPeriod=2015&format=csv",2026-08-25T07:40:28.773Z
2023,Temporary visa - Temporary work (skilled),5,NOM departures,Tasmania,20,Persons,primary,"https://data.api.abs.gov.au/rest/data/ABS,ABS_NOM_VISA_FY,1.0.0/all?startPeriod=2015&format=csv",2026-08-25T07:40:28.773Z
2023,Temporary visa - Total,1,NOM departures,Tasmania,1410,Persons,primary,"https://data.api.abs.gov.au/rest/data/ABS,ABS_NOM_VISA_FY,1.0.0/all?startPeriod=2015&format=csv",2026-08-25T07:40:28.773Z
2023,Temporary visa - Visitor,6,NOM departures,Tasmania,190,Persons,primary,"https://data.api.abs.gov.au/rest/data/ABS,ABS_NOM_VISA_FY,1.0.0/all?startPeriod=2015&format=csv",2026-08-25T07:40:28.773Z
2023,Temporary visa - Vocational Education and Training sector,2,NOM departures,Tasmania,30,Persons,primary,"https://data.api.abs.gov.au/rest/data/ABS,ABS_NOM_VISA_FY,1.0.0/all?startPeriod=2015&format=csv",2026-08-25T07:40:28.773Z
2023,Temporary visa - Working Holiday,7,NOM departures,Tasmania,30,Persons,primary,"https://data.api.abs.gov.au/rest/data/ABS,ABS_NOM_VISA_FY,1.0.0/all?startPeriod=2015&format=csv",2026-08-25T07:40:28.773Z
2023,Total,16,NOM departures,Tasmania,3030,Persons,primary,"https://data.api.abs.gov.au/rest/data/ABS,ABS_NOM_VISA_FY,1.0.0/all?startPeriod=2015&format=csv",2026-08-25T07:40:28.773Z
2023,Australian Citizen,14,NOM arrivals,Victoria,15480,Persons,primary,"https://data.api.abs.gov.au/rest/data/ABS,ABS_NOM_VISA_FY,1.0.0/all?startPeriod=2015&format=csv",2026-08-25T07:40:28.773Z
2023,New Zealand Citizen (subclass 444),13,NOM arrivals,Victoria,12330,Persons,primary,"https://data.api.abs.gov.au/rest/data/ABS,ABS_NOM_VISA_FY,1.0.0/all?startPeriod=2015&format=csv",2026-08-25T07:40:28.773Z
2023,Other Visas,17,NOM arrivals,Victoria,370,Persons,primary,"https://data.api.abs.gov.au/rest/data/ABS,ABS_NOM_VISA_FY,1.0.0/all?startPeriod=2015&format=csv",2026-08-25T07:40:28.773Z
2023,Permanent visa - Family,10,NOM arrivals,Victoria,6910,Persons,primary,"https://data.api.abs.gov.au/rest/data/ABS,ABS_NOM_VISA_FY,1.0.0/all?startPeriod=2015&format=csv",2026-08-25T07:40:28.773Z
2023,Permanent visa - Other permanent visas,15,NOM arrivals,Victoria,3620,Persons,primary,"https://data.api.abs.gov.au/rest/data/ABS,ABS_NOM_VISA_FY,1.0.0/all?startPeriod=2015&format=csv",2026-08-25T07:40:28.773Z
2023,Permanent visa - Skill,11,NOM arrivals,Victoria,10620,Persons,primary,"https://data.api.abs.gov.au/rest/data/ABS,ABS_NOM_VISA_FY,1.0.0/all?startPeriod=2015&format=csv",2026-08-25T07:40:28.773Z
2023,Permanent visa - Special Eligibility and humanitarian,12,NOM arrivals,Victoria,4360,Persons,primary,"https://data.api.abs.gov.au/rest/data/ABS,ABS_NOM_VISA_FY,1.0.0/all?startPeriod=2015&format=csv",2026-08-25T07:40:28.773Z
2023,Permanent visa - Total,9,NOM arrivals,Victoria,25510,Persons,primary,"https://data.api.abs.gov.au/rest/data/ABS,ABS_NOM_VISA_FY,1.0.0/all?startPeriod=2015&format=csv",2026-08-25T07:40:28.773Z
2023,Temporary visa - Higher education sector,3,NOM arrivals,Victoria,53770,Persons,primary,"https://data.api.abs.gov.au/rest/data/ABS,ABS_NOM_VISA_FY,1.0.0/all?startPeriod=2015&format=csv",2026-08-25T07:40:28.773Z
2023,Temporary visa - Other temporary visas,8,NOM arrivals,Victoria,13080,Persons,primary,"https://data.api.abs.gov.au/rest/data/ABS,ABS_NOM_VISA_FY,1.0.0/all?startPeriod=2015&format=csv",2026-08-25T07:40:28.773Z
2023,Temporary visa - Student other,4,NOM arrivals,Victoria,18830,Persons,primary,"https://data.api.abs.gov.au/rest/data/ABS,ABS_NOM_VISA_FY,1.0.0/all?startPeriod=2015&format=csv",2026-08-25T07:40:28.773Z
2023,Temporary visa - Temporary work (skilled),5,NOM arrivals,Victoria,13530,Persons,primary,"https://data.api.abs.gov.au/rest/data/ABS,ABS_NOM_VISA_FY,1.0.0/all?startPeriod=2015&format=csv",2026-08-25T07:40:28.773Z
2023,Temporary visa - Total,1,NOM arrivals,Victoria,158260,Persons,primary,"https://data.api.abs.gov.au/rest/data/ABS,ABS_NOM_VISA_FY,1.0.0/all?startPeriod=2015&format=csv",2026-08-25T07:40:28.773Z
2023,Temporary visa - Visitor,6,NOM arrivals,Victoria,32510,Persons,primary,"https://data.api.abs.gov.au/rest/data/ABS,ABS_NOM_VISA_FY,1.0.0/all?startPeriod=2015&format=csv",2026-08-25T07:40:28.773Z
2023,Temporary visa - Vocational Education and Training sector,2,NOM arrivals,Victoria,9670,Persons,primary,"https://data.api.abs.gov.au/rest/data/ABS,ABS_NOM_VISA_FY,1.0.0/all?startPeriod=2015&format=csv",2026-08-25T07:40:28.773Z
2023,Temporary visa - Working Holiday,7,NOM arrivals,Victoria,16870,Persons,primary,"https://data.api.abs.gov.au/rest/data/ABS,ABS_NOM_VISA_FY,1.0.0/all?startPeriod=2015&format=csv",2026-08-25T07:40:28.773Z
2023,Total,16,NOM arrivals,Victoria,211950,Persons,primary,"https://data.api.abs.gov.au/rest/data/ABS,ABS_NOM_VISA_FY,1.0.0/all?startPeriod=2015&format=csv",2026-08-25T07:40:28.773Z
2023,Australian Citizen,14,NOM departures,Victoria,24340,Persons,primary,"https://data.api.abs.gov.au/rest/data/ABS,ABS_NOM_VISA_FY,1.0.0/all?startPeriod=2015&format=csv",2026-08-25T07:40:28.773Z
2023,New Zealand Citizen (subclass 444),13,NOM departures,Victoria,3890,Persons,primary,"https://data.api.abs.gov.au/rest/data/ABS,ABS_NOM_VISA_FY,1.0.0/all?startPeriod=2015&format=csv",2026-08-25T07:40:28.773Z
2023,Other Visas,17,NOM departures,Victoria,1460,Persons,primary,"https://data.api.abs.gov.au/rest/data/ABS,ABS_NOM_VISA_FY,1.0.0/all?startPeriod=2015&format=csv",2026-08-25T07:40:28.773Z
2023,Permanent visa - Family,10,NOM departures,Victoria,1730,Persons,primary,"https://data.api.abs.gov.au/rest/data/ABS,ABS_NOM_VISA_FY,1.0.0/all?startPeriod=2015&format=csv",2026-08-25T07:40:28.773Z
2023,Permanent visa - Other permanent visas,15,NOM departures,Victoria,3220,Persons,primary,"https://data.api.abs.gov.au/rest/data/ABS,ABS_NOM_VISA_FY,1.0.0/all?startPeriod=2015&format=csv",2026-08-25T07:40:28.773Z
2023,Permanent visa - Skill,11,NOM departures,Victoria,1480,Persons,primary,"https://data.api.abs.gov.au/rest/data/ABS,ABS_NOM_VISA_FY,1.0.0/all?startPeriod=2015&format=csv",2026-08-25T07:40:28.773Z
2023,Permanent visa - Special Eligibility and humanitarian,12,NOM departures,Victoria,40,Persons,primary,"https://data.api.abs.gov.au/rest/data/ABS,ABS_NOM_VISA_FY,1.0.0/all?startPeriod=2015&format=csv",2026-08-25T07:40:28.773Z
2023,Permanent visa - Total,9,NOM departures,Victoria,6460,Persons,primary,"https://data.api.abs.gov.au/rest/data/ABS,ABS_NOM_VISA_FY,1.0.0/all?startPeriod=2015&format=csv",2026-08-25T07:40:28.773Z
2023,Temporary visa - Higher education sector,3,NOM departures,Victoria,2430,Persons,primary,"https://data.api.abs.gov.au/rest/data/ABS,ABS_NOM_VISA_FY,1.0.0/all?startPeriod=2015&format=csv",2026-08-25T07:40:28.773Z
2023,Temporary visa - Other temporary visas,8,NOM departures,Victoria,9600,Persons,primary,"https://data.api.abs.gov.au/rest/data/ABS,ABS_NOM_VISA_FY,1.0.0/all?startPeriod=2015&format=csv",2026-08-25T07:40:28.773Z
2023,Temporary visa - Student other,4,NOM departures,Victoria,770,Persons,primary,"https://data.api.abs.gov.au/rest/data/ABS,ABS_NOM_VISA_FY,1.0.0/all?startPeriod=2015&format=csv",2026-08-25T07:40:28.773Z
2023,Temporary visa - Temporary work (skilled),5,NOM departures,Victoria,1250,Persons,primary,"https://data.api.abs.gov.au/rest/data/ABS,ABS_NOM_VISA_FY,1.0.0/all?startPeriod=2015&format=csv",2026-08-25T07:40:28.773Z
2023,Temporary visa - Total,1,NOM departures,Victoria,21540,Persons,primary,"https://data.api.abs.gov.au/rest/data/ABS,ABS_NOM_VISA_FY,1.0.0/all?startPeriod=2015&format=csv",2026-08-25T07:40:28.773Z
2023,Temporary visa - Visitor,6,NOM departures,Victoria,5650,Persons,primary,"https://data.api.abs.gov.au/rest/data/ABS,ABS_NOM_VISA_FY,1.0.0/all?startPeriod=2015&format=csv",2026-08-25T07:40:28.773Z
2023,Temporary visa - Vocational Education and Training sector,2,NOM departures,Victoria,1150,Persons,primary,"https://data.api.abs.gov.au/rest/data/ABS,ABS_NOM_VISA_FY,1.0.0/all?startPeriod=2015&format=csv",2026-08-25T07:40:28.773Z
2023,Temporary visa - Working Holiday,7,NOM departures,Victoria,700,Persons,primary,"https://data.api.abs.gov.au/rest/data/ABS,ABS_NOM_VISA_FY,1.0.0/all?startPeriod=2015&format=csv",2026-08-25T07:40:28.773Z
2023,Total,16,NOM departures,Victoria,57690,Persons,primary,"https://data.api.abs.gov.au/rest/data/ABS,ABS_NOM_VISA_FY,1.0.0/all?startPeriod=2015&format=csv",2026-08-25T07:40:28.773Z
2023,Australian Citizen,14,NOM arrivals,Western Australia,6840,Persons,primary,"https://data.api.abs.gov.au/rest/data/ABS,ABS_NOM_VISA_FY,1.0.0/all?startPeriod=2015&format=csv",2026-08-25T07:40:28.773Z
2023,New Zealand Citizen (subclass 444),13,NOM arrivals,Western Australia,6150,Persons,primary,"https://data.api.abs.gov.au/rest/data/ABS,ABS_NOM_VISA_FY,1.0.0/all?startPeriod=2015&format=csv",2026-08-25T07:40:28.773Z
2023,Other Visas,17,NOM arrivals,Western Australia,400,Persons,primary,"https://data.api.abs.gov.au/rest/data/ABS,ABS_NOM_VISA_FY,1.0.0/all?startPeriod=2015&format=csv",2026-08-25T07:40:28.773Z
2023,Permanent visa - Family,10,NOM arrivals,Western Australia,2230,Persons,primary,"https://data.api.abs.gov.au/rest/data/ABS,ABS_NOM_VISA_FY,1.0.0/all?startPeriod=2015&format=csv",2026-08-25T07:40:28.773Z
2023,Permanent visa - Other permanent visas,15,NOM arrivals,Western Australia,1120,Persons,primary,"https://data.api.abs.gov.au/rest/data/ABS,ABS_NOM_VISA_FY,1.0.0/all?startPeriod=2015&format=csv",2026-08-25T07:40:28.773Z
2023,Permanent visa - Skill,11,NOM arrivals,Western Australia,3830,Persons,primary,"https://data.api.abs.gov.au/rest/data/ABS,ABS_NOM_VISA_FY,1.0.0/all?startPeriod=2015&format=csv",2026-08-25T07:40:28.773Z
2023,Permanent visa - Special Eligibility and humanitarian,12,NOM arrivals,Western Australia,810,Persons,primary,"https://data.api.abs.gov.au/rest/data/ABS,ABS_NOM_VISA_FY,1.0.0/all?startPeriod=2015&format=csv",2026-08-25T07:40:28.773Z
2023,Permanent visa - Total,9,NOM arrivals,Western Australia,7990,Persons,primary,"https://data.api.abs.gov.au/rest/data/ABS,ABS_NOM_VISA_FY,1.0.0/all?startPeriod=2015&format=csv",2026-08-25T07:40:28.773Z
2023,Temporary visa - Higher education sector,3,NOM arrivals,Western Australia,22730,Persons,primary,"https://data.api.abs.gov.au/rest/data/ABS,ABS_NOM_VISA_FY,1.0.0/all?startPeriod=2015&format=csv",2026-08-25T07:40:28.773Z
2023,Temporary visa - Other temporary visas,8,NOM arrivals,Western Australia,5800,Persons,primary,"https://data.api.abs.gov.au/rest/data/ABS,ABS_NOM_VISA_FY,1.0.0/all?startPeriod=2015&format=csv",2026-08-25T07:40:28.773Z
2023,Temporary visa - Student other,4,NOM arrivals,Western Australia,3690,Persons,primary,"https://data.api.abs.gov.au/rest/data/ABS,ABS_NOM_VISA_FY,1.0.0/all?startPeriod=2015&format=csv",2026-08-25T07:40:28.773Z
2023,Temporary visa - Temporary work (skilled),5,NOM arrivals,Western Australia,6910,Persons,primary,"https://data.api.abs.gov.au/rest/data/ABS,ABS_NOM_VISA_FY,1.0.0/all?startPeriod=2015&format=csv",2026-08-25T07:40:28.773Z
2023,Temporary visa - Total,1,NOM arrivals,Western Australia,62510,Persons,primary,"https://data.api.abs.gov.au/rest/data/ABS,ABS_NOM_VISA_FY,1.0.0/all?startPeriod=2015&format=csv",2026-08-25T07:40:28.773Z
2023,Temporary visa - Visitor,6,NOM arrivals,Western Australia,10500,Persons,primary,"https://data.api.abs.gov.au/rest/data/ABS,ABS_NOM_VISA_FY,1.0.0/all?startPeriod=2015&format=csv",2026-08-25T07:40:28.773Z
2023,Temporary visa - Vocational Education and Training sector,2,NOM arrivals,Western Australia,3470,Persons,primary,"https://data.api.abs.gov.au/rest/data/ABS,ABS_NOM_VISA_FY,1.0.0/all?startPeriod=2015&format=csv",2026-08-25T07:40:28.773Z
2023,Temporary visa - Working Holiday,7,NOM arrivals,Western Australia,9410,Persons,primary,"https://data.api.abs.gov.au/rest/data/ABS,ABS_NOM_VISA_FY,1.0.0/all?startPeriod=2015&format=csv",2026-08-25T07:40:28.773Z
2023,Total,16,NOM arrivals,Western Australia,83890,Persons,primary,"https://data.api.abs.gov.au/rest/data/ABS,ABS_NOM_VISA_FY,1.0.0/all?startPeriod=2015&format=csv",2026-08-25T07:40:28.773Z
2023,Australian Citizen,14,NOM departures,Western Australia,10130,Persons,primary,"https://data.api.abs.gov.au/rest/data/ABS,ABS_NOM_VISA_FY,1.0.0/all?startPeriod=2015&format=csv",2026-08-25T07:40:28.773Z
2023,New Zealand Citizen (subclass 444),13,NOM departures,Western Australia,2130,Persons,primary,"https://data.api.abs.gov.au/rest/data/ABS,ABS_NOM_VISA_FY,1.0.0/all?startPeriod=2015&format=csv",2026-08-25T07:40:28.773Z
2023,Other Visas,17,NOM departures,Western Australia,850,Persons,primary,"https://data.api.abs.gov.au/rest/data/ABS,ABS_NOM_VISA_FY,1.0.0/all?startPeriod=2015&format=csv",2026-08-25T07:40:28.773Z
2023,Permanent visa - Family,10,NOM departures,Western Australia,580,Persons,primary,"https://data.api.abs.gov.au/rest/data/ABS,ABS_NOM_VISA_FY,1.0.0/all?startPeriod=2015&format=csv",2026-08-25T07:40:28.773Z
2023,Permanent visa - Other permanent visas,15,NOM departures,Western Australia,1170,Persons,primary,"https://data.api.abs.gov.au/rest/data/ABS,ABS_NOM_VISA_FY,1.0.0/all?startPeriod=2015&format=csv",2026-08-25T07:40:28.773Z
2023,Permanent visa - Skill,11,NOM departures,Western Australia,450,Persons,primary,"https://data.api.abs.gov.au/rest/data/ABS,ABS_NOM_VISA_FY,1.0.0/all?startPeriod=2015&format=csv",2026-08-25T07:40:28.773Z
2023,Permanent visa - Special Eligibility and humanitarian,12,NOM departures,Western Australia,10,Persons,primary,"https://data.api.abs.gov.au/rest/data/ABS,ABS_NOM_VISA_FY,1.0.0/all?startPeriod=2015&format=csv",2026-08-25T07:40:28.773Z
2023,Permanent visa - Total,9,NOM departures,Western Australia,2210,Persons,primary,"https://data.api.abs.gov.au/rest/data/ABS,ABS_NOM_VISA_FY,1.0.0/all?startPeriod=2015&format=csv",2026-08-25T07:40:28.773Z
2023,Temporary visa - Higher education sector,3,NOM departures,Western Australia,410,Persons,primary,"https://data.api.abs.gov.au/rest/data/ABS,ABS_NOM_VISA_FY,1.0.0/all?startPeriod=2015&format=csv",2026-08-25T07:40:28.773Z
2023,Temporary visa - Other temporary visas,8,NOM departures,Western Australia,2800,Persons,primary,"https://data.api.abs.gov.au/rest/data/ABS,ABS_NOM_VISA_FY,1.0.0/all?startPeriod=2015&format=csv",2026-08-25T07:40:28.773Z
2023,Temporary visa - Student other,4,NOM departures,Western Australia,190,Persons,primary,"https://data.api.abs.gov.au/rest/data/ABS,ABS_NOM_VISA_FY,1.0.0/all?startPeriod=2015&format=csv",2026-08-25T07:40:28.773Z
2023,Temporary visa - Temporary work (skilled),5,NOM departures,Western Australia,690,Persons,primary,"https://data.api.abs.gov.au/rest/data/ABS,ABS_NOM_VISA_FY,1.0.0/all?startPeriod=2015&format=csv",2026-08-25T07:40:28.773Z
2023,Temporary visa - Total,1,NOM departures,Western Australia,6980,Persons,primary,"https://data.api.abs.gov.au/rest/data/ABS,ABS_NOM_VISA_FY,1.0.0/all?startPeriod=2015&format=csv",2026-08-25T07:40:28.773Z
2023,Temporary visa - Visitor,6,NOM departures,Western Australia,2120,Persons,primary,"https://data.api.abs.gov.au/rest/data/ABS,ABS_NOM_VISA_FY,1.0.0/all?startPeriod=2015&format=csv",2026-08-25T07:40:28.773Z
2023,Temporary visa - Vocational Education and Training sector,2,NOM departures,Western Australia,220,Persons,primary,"https://data.api.abs.gov.au/rest/data/ABS,ABS_NOM_VISA_FY,1.0.0/all?startPeriod=2015&format=csv",2026-08-25T07:40:28.773Z
2023,Temporary visa - Working Holiday,7,NOM departures,Western Australia,540,Persons,primary,"https://data.api.abs.gov.au/rest/data/ABS,ABS_NOM_VISA_FY,1.0.0/all?startPeriod=2015&format=csv",2026-08-25T07:40:28.773Z
2023,Total,16,NOM departures,Western Australia,22300,Persons,primary,"https://data.api.abs.gov.au/rest/data/ABS,ABS_NOM_VISA_FY,1.0.0/all?startPeriod=2015&format=csv",2026-08-25T07:40:28.773Z
