origin_country,origin_agency,destination_country,persons,period_start,period_end,instrument,instrument_measures,covers_australia,source_tier,source_url,source_retrieved_at
Bangladesh,"Bureau of Manpower, Employment and Training (Overseas Employment Platform)",Saudi Arabia,1962884,2023-06-04,2026-08-26,Overseas employment clearance,"Workers cleared to depart under a vetted foreign employment contract. Excludes students, skilled independent migrants, family migration and anyone travelling without a cleared labour contract.",yes,primary,https://www.oep.gov.bd/reports/country-clearance?draw=1&start=0&length=300&approval_date_from=2023-06-04&approval_date_to=2026-08-26&all_skills=0,2026-08-26T10:57:49.480Z
Bangladesh,"Bureau of Manpower, Employment and Training (Overseas Employment Platform)",Malaysia,311589,2023-06-04,2026-08-26,Overseas employment clearance,"Workers cleared to depart under a vetted foreign employment contract. Excludes students, skilled independent migrants, family migration and anyone travelling without a cleared labour contract.",yes,primary,https://www.oep.gov.bd/reports/country-clearance?draw=1&start=0&length=300&approval_date_from=2023-06-04&approval_date_to=2026-08-26&all_skills=0,2026-08-26T10:57:49.480Z
Bangladesh,"Bureau of Manpower, Employment and Training (Overseas Employment Platform)",Qatar,269700,2023-06-04,2026-08-26,Overseas employment clearance,"Workers cleared to depart under a vetted foreign employment contract. Excludes students, skilled independent migrants, family migration and anyone travelling without a cleared labour contract.",yes,primary,https://www.oep.gov.bd/reports/country-clearance?draw=1&start=0&length=300&approval_date_from=2023-06-04&approval_date_to=2026-08-26&all_skills=0,2026-08-26T10:57:49.480Z
Bangladesh,"Bureau of Manpower, Employment and Training (Overseas Employment Platform)",Singapore,208688,2023-06-04,2026-08-26,Overseas employment clearance,"Workers cleared to depart under a vetted foreign employment contract. Excludes students, skilled independent migrants, family migration and anyone travelling without a cleared labour contract.",yes,primary,https://www.oep.gov.bd/reports/country-clearance?draw=1&start=0&length=300&approval_date_from=2023-06-04&approval_date_to=2026-08-26&all_skills=0,2026-08-26T10:57:49.480Z
Bangladesh,"Bureau of Manpower, Employment and Training (Overseas Employment Platform)",United Arab Emirates (UAE),138976,2023-06-04,2026-08-26,Overseas employment clearance,"Workers cleared to depart under a vetted foreign employment contract. Excludes students, skilled independent migrants, family migration and anyone travelling without a cleared labour contract.",yes,primary,https://www.oep.gov.bd/reports/country-clearance?draw=1&start=0&length=300&approval_date_from=2023-06-04&approval_date_to=2026-08-26&all_skills=0,2026-08-26T10:57:49.480Z
Bangladesh,"Bureau of Manpower, Employment and Training (Overseas Employment Platform)",Kuwait,118060,2023-06-04,2026-08-26,Overseas employment clearance,"Workers cleared to depart under a vetted foreign employment contract. Excludes students, skilled independent migrants, family migration and anyone travelling without a cleared labour contract.",yes,primary,https://www.oep.gov.bd/reports/country-clearance?draw=1&start=0&length=300&approval_date_from=2023-06-04&approval_date_to=2026-08-26&all_skills=0,2026-08-26T10:57:49.480Z
Bangladesh,"Bureau of Manpower, Employment and Training (Overseas Employment Platform)",Maldives,68120,2023-06-04,2026-08-26,Overseas employment clearance,"Workers cleared to depart under a vetted foreign employment contract. Excludes students, skilled independent migrants, family migration and anyone travelling without a cleared labour contract.",yes,primary,https://www.oep.gov.bd/reports/country-clearance?draw=1&start=0&length=300&approval_date_from=2023-06-04&approval_date_to=2026-08-26&all_skills=0,2026-08-26T10:57:49.480Z
Bangladesh,"Bureau of Manpower, Employment and Training (Overseas Employment Platform)",Oman,60288,2023-06-04,2026-08-26,Overseas employment clearance,"Workers cleared to depart under a vetted foreign employment contract. Excludes students, skilled independent migrants, family migration and anyone travelling without a cleared labour contract.",yes,primary,https://www.oep.gov.bd/reports/country-clearance?draw=1&start=0&length=300&approval_date_from=2023-06-04&approval_date_to=2026-08-26&all_skills=0,2026-08-26T10:57:49.480Z
Bangladesh,"Bureau of Manpower, Employment and Training (Overseas Employment Platform)",Jordan,45527,2023-06-04,2026-08-26,Overseas employment clearance,"Workers cleared to depart under a vetted foreign employment contract. Excludes students, skilled independent migrants, family migration and anyone travelling without a cleared labour contract.",yes,primary,https://www.oep.gov.bd/reports/country-clearance?draw=1&start=0&length=300&approval_date_from=2023-06-04&approval_date_to=2026-08-26&all_skills=0,2026-08-26T10:57:49.480Z
Bangladesh,"Bureau of Manpower, Employment and Training (Overseas Employment Platform)",Italy,30658,2023-06-04,2026-08-26,Overseas employment clearance,"Workers cleared to depart under a vetted foreign employment contract. Excludes students, skilled independent migrants, family migration and anyone travelling without a cleared labour contract.",yes,primary,https://www.oep.gov.bd/reports/country-clearance?draw=1&start=0&length=300&approval_date_from=2023-06-04&approval_date_to=2026-08-26&all_skills=0,2026-08-26T10:57:49.480Z
Bangladesh,"Bureau of Manpower, Employment and Training (Overseas Employment Platform)",Kyrgyzstan,21041,2023-06-04,2026-08-26,Overseas employment clearance,"Workers cleared to depart under a vetted foreign employment contract. Excludes students, skilled independent migrants, family migration and anyone travelling without a cleared labour contract.",yes,primary,https://www.oep.gov.bd/reports/country-clearance?draw=1&start=0&length=300&approval_date_from=2023-06-04&approval_date_to=2026-08-26&all_skills=0,2026-08-26T10:57:49.480Z
Bangladesh,"Bureau of Manpower, Employment and Training (Overseas Employment Platform)",Cambodia,17409,2023-06-04,2026-08-26,Overseas employment clearance,"Workers cleared to depart under a vetted foreign employment contract. Excludes students, skilled independent migrants, family migration and anyone travelling without a cleared labour contract.",yes,primary,https://www.oep.gov.bd/reports/country-clearance?draw=1&start=0&length=300&approval_date_from=2023-06-04&approval_date_to=2026-08-26&all_skills=0,2026-08-26T10:57:49.480Z
Bangladesh,"Bureau of Manpower, Employment and Training (Overseas Employment Platform)",United Kingdom (UK),12238,2023-06-04,2026-08-26,Overseas employment clearance,"Workers cleared to depart under a vetted foreign employment contract. Excludes students, skilled independent migrants, family migration and anyone travelling without a cleared labour contract.",yes,primary,https://www.oep.gov.bd/reports/country-clearance?draw=1&start=0&length=300&approval_date_from=2023-06-04&approval_date_to=2026-08-26&all_skills=0,2026-08-26T10:57:49.480Z
Bangladesh,"Bureau of Manpower, Employment and Training (Overseas Employment Platform)",Lebanon,12209,2023-06-04,2026-08-26,Overseas employment clearance,"Workers cleared to depart under a vetted foreign employment contract. Excludes students, skilled independent migrants, family migration and anyone travelling without a cleared labour contract.",yes,primary,https://www.oep.gov.bd/reports/country-clearance?draw=1&start=0&length=300&approval_date_from=2023-06-04&approval_date_to=2026-08-26&all_skills=0,2026-08-26T10:57:49.480Z
Bangladesh,"Bureau of Manpower, Employment and Training (Overseas Employment Platform)",Portugal,11935,2023-06-04,2026-08-26,Overseas employment clearance,"Workers cleared to depart under a vetted foreign employment contract. Excludes students, skilled independent migrants, family migration and anyone travelling without a cleared labour contract.",yes,primary,https://www.oep.gov.bd/reports/country-clearance?draw=1&start=0&length=300&approval_date_from=2023-06-04&approval_date_to=2026-08-26&all_skills=0,2026-08-26T10:57:49.480Z
Bangladesh,"Bureau of Manpower, Employment and Training (Overseas Employment Platform)",Iraq,11408,2023-06-04,2026-08-26,Overseas employment clearance,"Workers cleared to depart under a vetted foreign employment contract. Excludes students, skilled independent migrants, family migration and anyone travelling without a cleared labour contract.",yes,primary,https://www.oep.gov.bd/reports/country-clearance?draw=1&start=0&length=300&approval_date_from=2023-06-04&approval_date_to=2026-08-26&all_skills=0,2026-08-26T10:57:49.480Z
Bangladesh,"Bureau of Manpower, Employment and Training (Overseas Employment Platform)",Brunei,9855,2023-06-04,2026-08-26,Overseas employment clearance,"Workers cleared to depart under a vetted foreign employment contract. Excludes students, skilled independent migrants, family migration and anyone travelling without a cleared labour contract.",yes,primary,https://www.oep.gov.bd/reports/country-clearance?draw=1&start=0&length=300&approval_date_from=2023-06-04&approval_date_to=2026-08-26&all_skills=0,2026-08-26T10:57:49.480Z
Bangladesh,"Bureau of Manpower, Employment and Training (Overseas Employment Platform)",Russian Federation,8682,2023-06-04,2026-08-26,Overseas employment clearance,"Workers cleared to depart under a vetted foreign employment contract. Excludes students, skilled independent migrants, family migration and anyone travelling without a cleared labour contract.",yes,primary,https://www.oep.gov.bd/reports/country-clearance?draw=1&start=0&length=300&approval_date_from=2023-06-04&approval_date_to=2026-08-26&all_skills=0,2026-08-26T10:57:49.480Z
Bangladesh,"Bureau of Manpower, Employment and Training (Overseas Employment Platform)",Romania,8505,2023-06-04,2026-08-26,Overseas employment clearance,"Workers cleared to depart under a vetted foreign employment contract. Excludes students, skilled independent migrants, family migration and anyone travelling without a cleared labour contract.",yes,primary,https://www.oep.gov.bd/reports/country-clearance?draw=1&start=0&length=300&approval_date_from=2023-06-04&approval_date_to=2026-08-26&all_skills=0,2026-08-26T10:57:49.480Z
Bangladesh,"Bureau of Manpower, Employment and Training (Overseas Employment Platform)",Serbia,8084,2023-06-04,2026-08-26,Overseas employment clearance,"Workers cleared to depart under a vetted foreign employment contract. Excludes students, skilled independent migrants, family migration and anyone travelling without a cleared labour contract.",yes,primary,https://www.oep.gov.bd/reports/country-clearance?draw=1&start=0&length=300&approval_date_from=2023-06-04&approval_date_to=2026-08-26&all_skills=0,2026-08-26T10:57:49.480Z
Bangladesh,"Bureau of Manpower, Employment and Training (Overseas Employment Platform)",Cyprus,7921,2023-06-04,2026-08-26,Overseas employment clearance,"Workers cleared to depart under a vetted foreign employment contract. Excludes students, skilled independent migrants, family migration and anyone travelling without a cleared labour contract.",yes,primary,https://www.oep.gov.bd/reports/country-clearance?draw=1&start=0&length=300&approval_date_from=2023-06-04&approval_date_to=2026-08-26&all_skills=0,2026-08-26T10:57:49.480Z
Bangladesh,"Bureau of Manpower, Employment and Training (Overseas Employment Platform)",South Korea,7881,2023-06-04,2026-08-26,Overseas employment clearance,"Workers cleared to depart under a vetted foreign employment contract. Excludes students, skilled independent migrants, family migration and anyone travelling without a cleared labour contract.",yes,primary,https://www.oep.gov.bd/reports/country-clearance?draw=1&start=0&length=300&approval_date_from=2023-06-04&approval_date_to=2026-08-26&all_skills=0,2026-08-26T10:57:49.480Z
Bangladesh,"Bureau of Manpower, Employment and Training (Overseas Employment Platform)",Laos,7262,2023-06-04,2026-08-26,Overseas employment clearance,"Workers cleared to depart under a vetted foreign employment contract. Excludes students, skilled independent migrants, family migration and anyone travelling without a cleared labour contract.",yes,primary,https://www.oep.gov.bd/reports/country-clearance?draw=1&start=0&length=300&approval_date_from=2023-06-04&approval_date_to=2026-08-26&all_skills=0,2026-08-26T10:57:49.480Z
Bangladesh,"Bureau of Manpower, Employment and Training (Overseas Employment Platform)",Fiji,6463,2023-06-04,2026-08-26,Overseas employment clearance,"Workers cleared to depart under a vetted foreign employment contract. Excludes students, skilled independent migrants, family migration and anyone travelling without a cleared labour contract.",yes,primary,https://www.oep.gov.bd/reports/country-clearance?draw=1&start=0&length=300&approval_date_from=2023-06-04&approval_date_to=2026-08-26&all_skills=0,2026-08-26T10:57:49.480Z
Bangladesh,"Bureau of Manpower, Employment and Training (Overseas Employment Platform)",Croatia,5991,2023-06-04,2026-08-26,Overseas employment clearance,"Workers cleared to depart under a vetted foreign employment contract. Excludes students, skilled independent migrants, family migration and anyone travelling without a cleared labour contract.",yes,primary,https://www.oep.gov.bd/reports/country-clearance?draw=1&start=0&length=300&approval_date_from=2023-06-04&approval_date_to=2026-08-26&all_skills=0,2026-08-26T10:57:49.480Z
Bangladesh,"Bureau of Manpower, Employment and Training (Overseas Employment Platform)",Congo,5551,2023-06-04,2026-08-26,Overseas employment clearance,"Workers cleared to depart under a vetted foreign employment contract. Excludes students, skilled independent migrants, family migration and anyone travelling without a cleared labour contract.",yes,primary,https://www.oep.gov.bd/reports/country-clearance?draw=1&start=0&length=300&approval_date_from=2023-06-04&approval_date_to=2026-08-26&all_skills=0,2026-08-26T10:57:49.480Z
Bangladesh,"Bureau of Manpower, Employment and Training (Overseas Employment Platform)",Japan,4755,2023-06-04,2026-08-26,Overseas employment clearance,"Workers cleared to depart under a vetted foreign employment contract. Excludes students, skilled independent migrants, family migration and anyone travelling without a cleared labour contract.",yes,primary,https://www.oep.gov.bd/reports/country-clearance?draw=1&start=0&length=300&approval_date_from=2023-06-04&approval_date_to=2026-08-26&all_skills=0,2026-08-26T10:57:49.480Z
Bangladesh,"Bureau of Manpower, Employment and Training (Overseas Employment Platform)",Belarus,3482,2023-06-04,2026-08-26,Overseas employment clearance,"Workers cleared to depart under a vetted foreign employment contract. Excludes students, skilled independent migrants, family migration and anyone travelling without a cleared labour contract.",yes,primary,https://www.oep.gov.bd/reports/country-clearance?draw=1&start=0&length=300&approval_date_from=2023-06-04&approval_date_to=2026-08-26&all_skills=0,2026-08-26T10:57:49.480Z
Bangladesh,"Bureau of Manpower, Employment and Training (Overseas Employment Platform)",Seychelles,3267,2023-06-04,2026-08-26,Overseas employment clearance,"Workers cleared to depart under a vetted foreign employment contract. Excludes students, skilled independent migrants, family migration and anyone travelling without a cleared labour contract.",yes,primary,https://www.oep.gov.bd/reports/country-clearance?draw=1&start=0&length=300&approval_date_from=2023-06-04&approval_date_to=2026-08-26&all_skills=0,2026-08-26T10:57:49.480Z
Bangladesh,"Bureau of Manpower, Employment and Training (Overseas Employment Platform)",Brazil,2765,2023-06-04,2026-08-26,Overseas employment clearance,"Workers cleared to depart under a vetted foreign employment contract. Excludes students, skilled independent migrants, family migration and anyone travelling without a cleared labour contract.",yes,primary,https://www.oep.gov.bd/reports/country-clearance?draw=1&start=0&length=300&approval_date_from=2023-06-04&approval_date_to=2026-08-26&all_skills=0,2026-08-26T10:57:49.480Z
Bangladesh,"Bureau of Manpower, Employment and Training (Overseas Employment Platform)",North Macedonia (formerly Macedonia),2654,2023-06-04,2026-08-26,Overseas employment clearance,"Workers cleared to depart under a vetted foreign employment contract. Excludes students, skilled independent migrants, family migration and anyone travelling without a cleared labour contract.",yes,primary,https://www.oep.gov.bd/reports/country-clearance?draw=1&start=0&length=300&approval_date_from=2023-06-04&approval_date_to=2026-08-26&all_skills=0,2026-08-26T10:57:49.480Z
Bangladesh,"Bureau of Manpower, Employment and Training (Overseas Employment Platform)",Vietnam,2517,2023-06-04,2026-08-26,Overseas employment clearance,"Workers cleared to depart under a vetted foreign employment contract. Excludes students, skilled independent migrants, family migration and anyone travelling without a cleared labour contract.",yes,primary,https://www.oep.gov.bd/reports/country-clearance?draw=1&start=0&length=300&approval_date_from=2023-06-04&approval_date_to=2026-08-26&all_skills=0,2026-08-26T10:57:49.480Z
Bangladesh,"Bureau of Manpower, Employment and Training (Overseas Employment Platform)",Mauritius,2506,2023-06-04,2026-08-26,Overseas employment clearance,"Workers cleared to depart under a vetted foreign employment contract. Excludes students, skilled independent migrants, family migration and anyone travelling without a cleared labour contract.",yes,primary,https://www.oep.gov.bd/reports/country-clearance?draw=1&start=0&length=300&approval_date_from=2023-06-04&approval_date_to=2026-08-26&all_skills=0,2026-08-26T10:57:49.480Z
Bangladesh,"Bureau of Manpower, Employment and Training (Overseas Employment Platform)",Malta,2173,2023-06-04,2026-08-26,Overseas employment clearance,"Workers cleared to depart under a vetted foreign employment contract. Excludes students, skilled independent migrants, family migration and anyone travelling without a cleared labour contract.",yes,primary,https://www.oep.gov.bd/reports/country-clearance?draw=1&start=0&length=300&approval_date_from=2023-06-04&approval_date_to=2026-08-26&all_skills=0,2026-08-26T10:57:49.480Z
Bangladesh,"Bureau of Manpower, Employment and Training (Overseas Employment Platform)",Mongolia,1901,2023-06-04,2026-08-26,Overseas employment clearance,"Workers cleared to depart under a vetted foreign employment contract. Excludes students, skilled independent migrants, family migration and anyone travelling without a cleared labour contract.",yes,primary,https://www.oep.gov.bd/reports/country-clearance?draw=1&start=0&length=300&approval_date_from=2023-06-04&approval_date_to=2026-08-26&all_skills=0,2026-08-26T10:57:49.480Z
Bangladesh,"Bureau of Manpower, Employment and Training (Overseas Employment Platform)",Greece,1828,2023-06-04,2026-08-26,Overseas employment clearance,"Workers cleared to depart under a vetted foreign employment contract. Excludes students, skilled independent migrants, family migration and anyone travelling without a cleared labour contract.",yes,primary,https://www.oep.gov.bd/reports/country-clearance?draw=1&start=0&length=300&approval_date_from=2023-06-04&approval_date_to=2026-08-26&all_skills=0,2026-08-26T10:57:49.480Z
Bangladesh,"Bureau of Manpower, Employment and Training (Overseas Employment Platform)",Libya,1278,2023-06-04,2026-08-26,Overseas employment clearance,"Workers cleared to depart under a vetted foreign employment contract. Excludes students, skilled independent migrants, family migration and anyone travelling without a cleared labour contract.",yes,primary,https://www.oep.gov.bd/reports/country-clearance?draw=1&start=0&length=300&approval_date_from=2023-06-04&approval_date_to=2026-08-26&all_skills=0,2026-08-26T10:57:49.480Z
Bangladesh,"Bureau of Manpower, Employment and Training (Overseas Employment Platform)",Bulgaria,1201,2023-06-04,2026-08-26,Overseas employment clearance,"Workers cleared to depart under a vetted foreign employment contract. Excludes students, skilled independent migrants, family migration and anyone travelling without a cleared labour contract.",yes,primary,https://www.oep.gov.bd/reports/country-clearance?draw=1&start=0&length=300&approval_date_from=2023-06-04&approval_date_to=2026-08-26&all_skills=0,2026-08-26T10:57:49.480Z
Bangladesh,"Bureau of Manpower, Employment and Training (Overseas Employment Platform)",Poland,1160,2023-06-04,2026-08-26,Overseas employment clearance,"Workers cleared to depart under a vetted foreign employment contract. Excludes students, skilled independent migrants, family migration and anyone travelling without a cleared labour contract.",yes,primary,https://www.oep.gov.bd/reports/country-clearance?draw=1&start=0&length=300&approval_date_from=2023-06-04&approval_date_to=2026-08-26&all_skills=0,2026-08-26T10:57:49.480Z
Bangladesh,"Bureau of Manpower, Employment and Training (Overseas Employment Platform)",Kosovo,1058,2023-06-04,2026-08-26,Overseas employment clearance,"Workers cleared to depart under a vetted foreign employment contract. Excludes students, skilled independent migrants, family migration and anyone travelling without a cleared labour contract.",yes,primary,https://www.oep.gov.bd/reports/country-clearance?draw=1&start=0&length=300&approval_date_from=2023-06-04&approval_date_to=2026-08-26&all_skills=0,2026-08-26T10:57:49.480Z
Bangladesh,"Bureau of Manpower, Employment and Training (Overseas Employment Platform)",Canada,1053,2023-06-04,2026-08-26,Overseas employment clearance,"Workers cleared to depart under a vetted foreign employment contract. Excludes students, skilled independent migrants, family migration and anyone travelling without a cleared labour contract.",yes,primary,https://www.oep.gov.bd/reports/country-clearance?draw=1&start=0&length=300&approval_date_from=2023-06-04&approval_date_to=2026-08-26&all_skills=0,2026-08-26T10:57:49.480Z
Bangladesh,"Bureau of Manpower, Employment and Training (Overseas Employment Platform)",Mozambique,1040,2023-06-04,2026-08-26,Overseas employment clearance,"Workers cleared to depart under a vetted foreign employment contract. Excludes students, skilled independent migrants, family migration and anyone travelling without a cleared labour contract.",yes,primary,https://www.oep.gov.bd/reports/country-clearance?draw=1&start=0&length=300&approval_date_from=2023-06-04&approval_date_to=2026-08-26&all_skills=0,2026-08-26T10:57:49.480Z
Bangladesh,"Bureau of Manpower, Employment and Training (Overseas Employment Platform)",Hong Kong,896,2023-06-04,2026-08-26,Overseas employment clearance,"Workers cleared to depart under a vetted foreign employment contract. Excludes students, skilled independent migrants, family migration and anyone travelling without a cleared labour contract.",yes,primary,https://www.oep.gov.bd/reports/country-clearance?draw=1&start=0&length=300&approval_date_from=2023-06-04&approval_date_to=2026-08-26&all_skills=0,2026-08-26T10:57:49.480Z
Bangladesh,"Bureau of Manpower, Employment and Training (Overseas Employment Platform)",Moldova,870,2023-06-04,2026-08-26,Overseas employment clearance,"Workers cleared to depart under a vetted foreign employment contract. Excludes students, skilled independent migrants, family migration and anyone travelling without a cleared labour contract.",yes,primary,https://www.oep.gov.bd/reports/country-clearance?draw=1&start=0&length=300&approval_date_from=2023-06-04&approval_date_to=2026-08-26&all_skills=0,2026-08-26T10:57:49.480Z
Bangladesh,"Bureau of Manpower, Employment and Training (Overseas Employment Platform)",Hungary,869,2023-06-04,2026-08-26,Overseas employment clearance,"Workers cleared to depart under a vetted foreign employment contract. Excludes students, skilled independent migrants, family migration and anyone travelling without a cleared labour contract.",yes,primary,https://www.oep.gov.bd/reports/country-clearance?draw=1&start=0&length=300&approval_date_from=2023-06-04&approval_date_to=2026-08-26&all_skills=0,2026-08-26T10:57:49.480Z
Bangladesh,"Bureau of Manpower, Employment and Training (Overseas Employment Platform)",Palau,847,2023-06-04,2026-08-26,Overseas employment clearance,"Workers cleared to depart under a vetted foreign employment contract. Excludes students, skilled independent migrants, family migration and anyone travelling without a cleared labour contract.",yes,primary,https://www.oep.gov.bd/reports/country-clearance?draw=1&start=0&length=300&approval_date_from=2023-06-04&approval_date_to=2026-08-26&all_skills=0,2026-08-26T10:57:49.480Z
Bangladesh,"Bureau of Manpower, Employment and Training (Overseas Employment Platform)",Slovenia,829,2023-06-04,2026-08-26,Overseas employment clearance,"Workers cleared to depart under a vetted foreign employment contract. Excludes students, skilled independent migrants, family migration and anyone travelling without a cleared labour contract.",yes,primary,https://www.oep.gov.bd/reports/country-clearance?draw=1&start=0&length=300&approval_date_from=2023-06-04&approval_date_to=2026-08-26&all_skills=0,2026-08-26T10:57:49.480Z
Bangladesh,"Bureau of Manpower, Employment and Training (Overseas Employment Platform)",Uzbekistan,825,2023-06-04,2026-08-26,Overseas employment clearance,"Workers cleared to depart under a vetted foreign employment contract. Excludes students, skilled independent migrants, family migration and anyone travelling without a cleared labour contract.",yes,primary,https://www.oep.gov.bd/reports/country-clearance?draw=1&start=0&length=300&approval_date_from=2023-06-04&approval_date_to=2026-08-26&all_skills=0,2026-08-26T10:57:49.480Z
Bangladesh,"Bureau of Manpower, Employment and Training (Overseas Employment Platform)",Papua New Guinea,814,2023-06-04,2026-08-26,Overseas employment clearance,"Workers cleared to depart under a vetted foreign employment contract. Excludes students, skilled independent migrants, family migration and anyone travelling without a cleared labour contract.",yes,primary,https://www.oep.gov.bd/reports/country-clearance?draw=1&start=0&length=300&approval_date_from=2023-06-04&approval_date_to=2026-08-26&all_skills=0,2026-08-26T10:57:49.480Z
Bangladesh,"Bureau of Manpower, Employment and Training (Overseas Employment Platform)",Bosnia and Herzegovina,683,2023-06-04,2026-08-26,Overseas employment clearance,"Workers cleared to depart under a vetted foreign employment contract. Excludes students, skilled independent migrants, family migration and anyone travelling without a cleared labour contract.",yes,primary,https://www.oep.gov.bd/reports/country-clearance?draw=1&start=0&length=300&approval_date_from=2023-06-04&approval_date_to=2026-08-26&all_skills=0,2026-08-26T10:57:49.480Z
Bangladesh,"Bureau of Manpower, Employment and Training (Overseas Employment Platform)",New Zealand,633,2023-06-04,2026-08-26,Overseas employment clearance,"Workers cleared to depart under a vetted foreign employment contract. Excludes students, skilled independent migrants, family migration and anyone travelling without a cleared labour contract.",yes,primary,https://www.oep.gov.bd/reports/country-clearance?draw=1&start=0&length=300&approval_date_from=2023-06-04&approval_date_to=2026-08-26&all_skills=0,2026-08-26T10:57:49.480Z
Bangladesh,"Bureau of Manpower, Employment and Training (Overseas Employment Platform)",Somalia,618,2023-06-04,2026-08-26,Overseas employment clearance,"Workers cleared to depart under a vetted foreign employment contract. Excludes students, skilled independent migrants, family migration and anyone travelling without a cleared labour contract.",yes,primary,https://www.oep.gov.bd/reports/country-clearance?draw=1&start=0&length=300&approval_date_from=2023-06-04&approval_date_to=2026-08-26&all_skills=0,2026-08-26T10:57:49.480Z
Bangladesh,"Bureau of Manpower, Employment and Training (Overseas Employment Platform)",South Africa,611,2023-06-04,2026-08-26,Overseas employment clearance,"Workers cleared to depart under a vetted foreign employment contract. Excludes students, skilled independent migrants, family migration and anyone travelling without a cleared labour contract.",yes,primary,https://www.oep.gov.bd/reports/country-clearance?draw=1&start=0&length=300&approval_date_from=2023-06-04&approval_date_to=2026-08-26&all_skills=0,2026-08-26T10:57:49.480Z
Bangladesh,"Bureau of Manpower, Employment and Training (Overseas Employment Platform)",Azerbaijan,577,2023-06-04,2026-08-26,Overseas employment clearance,"Workers cleared to depart under a vetted foreign employment contract. Excludes students, skilled independent migrants, family migration and anyone travelling without a cleared labour contract.",yes,primary,https://www.oep.gov.bd/reports/country-clearance?draw=1&start=0&length=300&approval_date_from=2023-06-04&approval_date_to=2026-08-26&all_skills=0,2026-08-26T10:57:49.480Z
Bangladesh,"Bureau of Manpower, Employment and Training (Overseas Employment Platform)",Algeria,549,2023-06-04,2026-08-26,Overseas employment clearance,"Workers cleared to depart under a vetted foreign employment contract. Excludes students, skilled independent migrants, family migration and anyone travelling without a cleared labour contract.",yes,primary,https://www.oep.gov.bd/reports/country-clearance?draw=1&start=0&length=300&approval_date_from=2023-06-04&approval_date_to=2026-08-26&all_skills=0,2026-08-26T10:57:49.480Z
Bangladesh,"Bureau of Manpower, Employment and Training (Overseas Employment Platform)",Albania,468,2023-06-04,2026-08-26,Overseas employment clearance,"Workers cleared to depart under a vetted foreign employment contract. Excludes students, skilled independent migrants, family migration and anyone travelling without a cleared labour contract.",yes,primary,https://www.oep.gov.bd/reports/country-clearance?draw=1&start=0&length=300&approval_date_from=2023-06-04&approval_date_to=2026-08-26&all_skills=0,2026-08-26T10:57:49.480Z
Bangladesh,"Bureau of Manpower, Employment and Training (Overseas Employment Platform)",China,463,2023-06-04,2026-08-26,Overseas employment clearance,"Workers cleared to depart under a vetted foreign employment contract. Excludes students, skilled independent migrants, family migration and anyone travelling without a cleared labour contract.",yes,primary,https://www.oep.gov.bd/reports/country-clearance?draw=1&start=0&length=300&approval_date_from=2023-06-04&approval_date_to=2026-08-26&all_skills=0,2026-08-26T10:57:49.480Z
Bangladesh,"Bureau of Manpower, Employment and Training (Overseas Employment Platform)",Lithuania,423,2023-06-04,2026-08-26,Overseas employment clearance,"Workers cleared to depart under a vetted foreign employment contract. Excludes students, skilled independent migrants, family migration and anyone travelling without a cleared labour contract.",yes,primary,https://www.oep.gov.bd/reports/country-clearance?draw=1&start=0&length=300&approval_date_from=2023-06-04&approval_date_to=2026-08-26&all_skills=0,2026-08-26T10:57:49.480Z
Bangladesh,"Bureau of Manpower, Employment and Training (Overseas Employment Platform)",Sri Lanka,397,2023-06-04,2026-08-26,Overseas employment clearance,"Workers cleared to depart under a vetted foreign employment contract. Excludes students, skilled independent migrants, family migration and anyone travelling without a cleared labour contract.",yes,primary,https://www.oep.gov.bd/reports/country-clearance?draw=1&start=0&length=300&approval_date_from=2023-06-04&approval_date_to=2026-08-26&all_skills=0,2026-08-26T10:57:49.480Z
Bangladesh,"Bureau of Manpower, Employment and Training (Overseas Employment Platform)",Sudan,376,2023-06-04,2026-08-26,Overseas employment clearance,"Workers cleared to depart under a vetted foreign employment contract. Excludes students, skilled independent migrants, family migration and anyone travelling without a cleared labour contract.",yes,primary,https://www.oep.gov.bd/reports/country-clearance?draw=1&start=0&length=300&approval_date_from=2023-06-04&approval_date_to=2026-08-26&all_skills=0,2026-08-26T10:57:49.480Z
Bangladesh,"Bureau of Manpower, Employment and Training (Overseas Employment Platform)",Ivory Coast,282,2023-06-04,2026-08-26,Overseas employment clearance,"Workers cleared to depart under a vetted foreign employment contract. Excludes students, skilled independent migrants, family migration and anyone travelling without a cleared labour contract.",yes,primary,https://www.oep.gov.bd/reports/country-clearance?draw=1&start=0&length=300&approval_date_from=2023-06-04&approval_date_to=2026-08-26&all_skills=0,2026-08-26T10:57:49.480Z
Bangladesh,"Bureau of Manpower, Employment and Training (Overseas Employment Platform)",Finland,205,2023-06-04,2026-08-26,Overseas employment clearance,"Workers cleared to depart under a vetted foreign employment contract. Excludes students, skilled independent migrants, family migration and anyone travelling without a cleared labour contract.",yes,primary,https://www.oep.gov.bd/reports/country-clearance?draw=1&start=0&length=300&approval_date_from=2023-06-04&approval_date_to=2026-08-26&all_skills=0,2026-08-26T10:57:49.480Z
Bangladesh,"Bureau of Manpower, Employment and Training (Overseas Employment Platform)",South Sudan,167,2023-06-04,2026-08-26,Overseas employment clearance,"Workers cleared to depart under a vetted foreign employment contract. Excludes students, skilled independent migrants, family migration and anyone travelling without a cleared labour contract.",yes,primary,https://www.oep.gov.bd/reports/country-clearance?draw=1&start=0&length=300&approval_date_from=2023-06-04&approval_date_to=2026-08-26&all_skills=0,2026-08-26T10:57:49.480Z
Bangladesh,"Bureau of Manpower, Employment and Training (Overseas Employment Platform)",Yemen,146,2023-06-04,2026-08-26,Overseas employment clearance,"Workers cleared to depart under a vetted foreign employment contract. Excludes students, skilled independent migrants, family migration and anyone travelling without a cleared labour contract.",yes,primary,https://www.oep.gov.bd/reports/country-clearance?draw=1&start=0&length=300&approval_date_from=2023-06-04&approval_date_to=2026-08-26&all_skills=0,2026-08-26T10:57:49.480Z
Bangladesh,"Bureau of Manpower, Employment and Training (Overseas Employment Platform)",Ireland,125,2023-06-04,2026-08-26,Overseas employment clearance,"Workers cleared to depart under a vetted foreign employment contract. Excludes students, skilled independent migrants, family migration and anyone travelling without a cleared labour contract.",yes,primary,https://www.oep.gov.bd/reports/country-clearance?draw=1&start=0&length=300&approval_date_from=2023-06-04&approval_date_to=2026-08-26&all_skills=0,2026-08-26T10:57:49.480Z
Bangladesh,"Bureau of Manpower, Employment and Training (Overseas Employment Platform)",Samoa,120,2023-06-04,2026-08-26,Overseas employment clearance,"Workers cleared to depart under a vetted foreign employment contract. Excludes students, skilled independent migrants, family migration and anyone travelling without a cleared labour contract.",yes,primary,https://www.oep.gov.bd/reports/country-clearance?draw=1&start=0&length=300&approval_date_from=2023-06-04&approval_date_to=2026-08-26&all_skills=0,2026-08-26T10:57:49.480Z
Bangladesh,"Bureau of Manpower, Employment and Training (Overseas Employment Platform)",Nigeria,119,2023-06-04,2026-08-26,Overseas employment clearance,"Workers cleared to depart under a vetted foreign employment contract. Excludes students, skilled independent migrants, family migration and anyone travelling without a cleared labour contract.",yes,primary,https://www.oep.gov.bd/reports/country-clearance?draw=1&start=0&length=300&approval_date_from=2023-06-04&approval_date_to=2026-08-26&all_skills=0,2026-08-26T10:57:49.480Z
Bangladesh,"Bureau of Manpower, Employment and Training (Overseas Employment Platform)",Czechia,117,2023-06-04,2026-08-26,Overseas employment clearance,"Workers cleared to depart under a vetted foreign employment contract. Excludes students, skilled independent migrants, family migration and anyone travelling without a cleared labour contract.",yes,primary,https://www.oep.gov.bd/reports/country-clearance?draw=1&start=0&length=300&approval_date_from=2023-06-04&approval_date_to=2026-08-26&all_skills=0,2026-08-26T10:57:49.480Z
Bangladesh,"Bureau of Manpower, Employment and Training (Overseas Employment Platform)",Solomon Islands,115,2023-06-04,2026-08-26,Overseas employment clearance,"Workers cleared to depart under a vetted foreign employment contract. Excludes students, skilled independent migrants, family migration and anyone travelling without a cleared labour contract.",yes,primary,https://www.oep.gov.bd/reports/country-clearance?draw=1&start=0&length=300&approval_date_from=2023-06-04&approval_date_to=2026-08-26&all_skills=0,2026-08-26T10:57:49.480Z
Bangladesh,"Bureau of Manpower, Employment and Training (Overseas Employment Platform)",Iran,109,2023-06-04,2026-08-26,Overseas employment clearance,"Workers cleared to depart under a vetted foreign employment contract. Excludes students, skilled independent migrants, family migration and anyone travelling without a cleared labour contract.",yes,primary,https://www.oep.gov.bd/reports/country-clearance?draw=1&start=0&length=300&approval_date_from=2023-06-04&approval_date_to=2026-08-26&all_skills=0,2026-08-26T10:57:49.480Z
Bangladesh,"Bureau of Manpower, Employment and Training (Overseas Employment Platform)",Djibouti,106,2023-06-04,2026-08-26,Overseas employment clearance,"Workers cleared to depart under a vetted foreign employment contract. Excludes students, skilled independent migrants, family migration and anyone travelling without a cleared labour contract.",yes,primary,https://www.oep.gov.bd/reports/country-clearance?draw=1&start=0&length=300&approval_date_from=2023-06-04&approval_date_to=2026-08-26&all_skills=0,2026-08-26T10:57:49.480Z
Bangladesh,"Bureau of Manpower, Employment and Training (Overseas Employment Platform)",Cote d'Ivoire,105,2023-06-04,2026-08-26,Overseas employment clearance,"Workers cleared to depart under a vetted foreign employment contract. Excludes students, skilled independent migrants, family migration and anyone travelling without a cleared labour contract.",yes,primary,https://www.oep.gov.bd/reports/country-clearance?draw=1&start=0&length=300&approval_date_from=2023-06-04&approval_date_to=2026-08-26&all_skills=0,2026-08-26T10:57:49.480Z
Bangladesh,"Bureau of Manpower, Employment and Training (Overseas Employment Platform)",Ethiopia,99,2023-06-04,2026-08-26,Overseas employment clearance,"Workers cleared to depart under a vetted foreign employment contract. Excludes students, skilled independent migrants, family migration and anyone travelling without a cleared labour contract.",yes,primary,https://www.oep.gov.bd/reports/country-clearance?draw=1&start=0&length=300&approval_date_from=2023-06-04&approval_date_to=2026-08-26&all_skills=0,2026-08-26T10:57:49.480Z
Bangladesh,"Bureau of Manpower, Employment and Training (Overseas Employment Platform)",Bolivia,92,2023-06-04,2026-08-26,Overseas employment clearance,"Workers cleared to depart under a vetted foreign employment contract. Excludes students, skilled independent migrants, family migration and anyone travelling without a cleared labour contract.",yes,primary,https://www.oep.gov.bd/reports/country-clearance?draw=1&start=0&length=300&approval_date_from=2023-06-04&approval_date_to=2026-08-26&all_skills=0,2026-08-26T10:57:49.480Z
Bangladesh,"Bureau of Manpower, Employment and Training (Overseas Employment Platform)",Montenegro,90,2023-06-04,2026-08-26,Overseas employment clearance,"Workers cleared to depart under a vetted foreign employment contract. Excludes students, skilled independent migrants, family migration and anyone travelling without a cleared labour contract.",yes,primary,https://www.oep.gov.bd/reports/country-clearance?draw=1&start=0&length=300&approval_date_from=2023-06-04&approval_date_to=2026-08-26&all_skills=0,2026-08-26T10:57:49.480Z
Bangladesh,"Bureau of Manpower, Employment and Training (Overseas Employment Platform)",Germany,87,2023-06-04,2026-08-26,Overseas employment clearance,"Workers cleared to depart under a vetted foreign employment contract. Excludes students, skilled independent migrants, family migration and anyone travelling without a cleared labour contract.",yes,primary,https://www.oep.gov.bd/reports/country-clearance?draw=1&start=0&length=300&approval_date_from=2023-06-04&approval_date_to=2026-08-26&all_skills=0,2026-08-26T10:57:49.480Z
Bangladesh,"Bureau of Manpower, Employment and Training (Overseas Employment Platform)",Guyana,83,2023-06-04,2026-08-26,Overseas employment clearance,"Workers cleared to depart under a vetted foreign employment contract. Excludes students, skilled independent migrants, family migration and anyone travelling without a cleared labour contract.",yes,primary,https://www.oep.gov.bd/reports/country-clearance?draw=1&start=0&length=300&approval_date_from=2023-06-04&approval_date_to=2026-08-26&all_skills=0,2026-08-26T10:57:49.480Z
Bangladesh,"Bureau of Manpower, Employment and Training (Overseas Employment Platform)",Kazakhstan,82,2023-06-04,2026-08-26,Overseas employment clearance,"Workers cleared to depart under a vetted foreign employment contract. Excludes students, skilled independent migrants, family migration and anyone travelling without a cleared labour contract.",yes,primary,https://www.oep.gov.bd/reports/country-clearance?draw=1&start=0&length=300&approval_date_from=2023-06-04&approval_date_to=2026-08-26&all_skills=0,2026-08-26T10:57:49.480Z
Bangladesh,"Bureau of Manpower, Employment and Training (Overseas Employment Platform)",Equatorial Guinea,80,2023-06-04,2026-08-26,Overseas employment clearance,"Workers cleared to depart under a vetted foreign employment contract. Excludes students, skilled independent migrants, family migration and anyone travelling without a cleared labour contract.",yes,primary,https://www.oep.gov.bd/reports/country-clearance?draw=1&start=0&length=300&approval_date_from=2023-06-04&approval_date_to=2026-08-26&all_skills=0,2026-08-26T10:57:49.480Z
Bangladesh,"Bureau of Manpower, Employment and Training (Overseas Employment Platform)",Denmark,80,2023-06-04,2026-08-26,Overseas employment clearance,"Workers cleared to depart under a vetted foreign employment contract. Excludes students, skilled independent migrants, family migration and anyone travelling without a cleared labour contract.",yes,primary,https://www.oep.gov.bd/reports/country-clearance?draw=1&start=0&length=300&approval_date_from=2023-06-04&approval_date_to=2026-08-26&all_skills=0,2026-08-26T10:57:49.480Z
Bangladesh,"Bureau of Manpower, Employment and Training (Overseas Employment Platform)",Belize,76,2023-06-04,2026-08-26,Overseas employment clearance,"Workers cleared to depart under a vetted foreign employment contract. Excludes students, skilled independent migrants, family migration and anyone travelling without a cleared labour contract.",yes,primary,https://www.oep.gov.bd/reports/country-clearance?draw=1&start=0&length=300&approval_date_from=2023-06-04&approval_date_to=2026-08-26&all_skills=0,2026-08-26T10:57:49.480Z
Bangladesh,"Bureau of Manpower, Employment and Training (Overseas Employment Platform)",Latvia,75,2023-06-04,2026-08-26,Overseas employment clearance,"Workers cleared to depart under a vetted foreign employment contract. Excludes students, skilled independent migrants, family migration and anyone travelling without a cleared labour contract.",yes,primary,https://www.oep.gov.bd/reports/country-clearance?draw=1&start=0&length=300&approval_date_from=2023-06-04&approval_date_to=2026-08-26&all_skills=0,2026-08-26T10:57:49.480Z
Bangladesh,"Bureau of Manpower, Employment and Training (Overseas Employment Platform)",Australia,70,2023-06-04,2026-08-26,Overseas employment clearance,"Workers cleared to depart under a vetted foreign employment contract. Excludes students, skilled independent migrants, family migration and anyone travelling without a cleared labour contract.",yes,primary,https://www.oep.gov.bd/reports/country-clearance?draw=1&start=0&length=300&approval_date_from=2023-06-04&approval_date_to=2026-08-26&all_skills=0,2026-08-26T10:57:49.480Z
Bangladesh,"Bureau of Manpower, Employment and Training (Overseas Employment Platform)",Paraguay,57,2023-06-04,2026-08-26,Overseas employment clearance,"Workers cleared to depart under a vetted foreign employment contract. Excludes students, skilled independent migrants, family migration and anyone travelling without a cleared labour contract.",yes,primary,https://www.oep.gov.bd/reports/country-clearance?draw=1&start=0&length=300&approval_date_from=2023-06-04&approval_date_to=2026-08-26&all_skills=0,2026-08-26T10:57:49.480Z
Bangladesh,"Bureau of Manpower, Employment and Training (Overseas Employment Platform)",Morocco,57,2023-06-04,2026-08-26,Overseas employment clearance,"Workers cleared to depart under a vetted foreign employment contract. Excludes students, skilled independent migrants, family migration and anyone travelling without a cleared labour contract.",yes,primary,https://www.oep.gov.bd/reports/country-clearance?draw=1&start=0&length=300&approval_date_from=2023-06-04&approval_date_to=2026-08-26&all_skills=0,2026-08-26T10:57:49.480Z
Bangladesh,"Bureau of Manpower, Employment and Training (Overseas Employment Platform)",Macau,56,2023-06-04,2026-08-26,Overseas employment clearance,"Workers cleared to depart under a vetted foreign employment contract. Excludes students, skilled independent migrants, family migration and anyone travelling without a cleared labour contract.",yes,primary,https://www.oep.gov.bd/reports/country-clearance?draw=1&start=0&length=300&approval_date_from=2023-06-04&approval_date_to=2026-08-26&all_skills=0,2026-08-26T10:57:49.480Z
Bangladesh,"Bureau of Manpower, Employment and Training (Overseas Employment Platform)",Botswana,55,2023-06-04,2026-08-26,Overseas employment clearance,"Workers cleared to depart under a vetted foreign employment contract. Excludes students, skilled independent migrants, family migration and anyone travelling without a cleared labour contract.",yes,primary,https://www.oep.gov.bd/reports/country-clearance?draw=1&start=0&length=300&approval_date_from=2023-06-04&approval_date_to=2026-08-26&all_skills=0,2026-08-26T10:57:49.480Z
Bangladesh,"Bureau of Manpower, Employment and Training (Overseas Employment Platform)",Andorra,54,2023-06-04,2026-08-26,Overseas employment clearance,"Workers cleared to depart under a vetted foreign employment contract. Excludes students, skilled independent migrants, family migration and anyone travelling without a cleared labour contract.",yes,primary,https://www.oep.gov.bd/reports/country-clearance?draw=1&start=0&length=300&approval_date_from=2023-06-04&approval_date_to=2026-08-26&all_skills=0,2026-08-26T10:57:49.480Z
Bangladesh,"Bureau of Manpower, Employment and Training (Overseas Employment Platform)",Turkey,50,2023-06-04,2026-08-26,Overseas employment clearance,"Workers cleared to depart under a vetted foreign employment contract. Excludes students, skilled independent migrants, family migration and anyone travelling without a cleared labour contract.",yes,primary,https://www.oep.gov.bd/reports/country-clearance?draw=1&start=0&length=300&approval_date_from=2023-06-04&approval_date_to=2026-08-26&all_skills=0,2026-08-26T10:57:49.480Z
Bangladesh,"Bureau of Manpower, Employment and Training (Overseas Employment Platform)",Angola,44,2023-06-04,2026-08-26,Overseas employment clearance,"Workers cleared to depart under a vetted foreign employment contract. Excludes students, skilled independent migrants, family migration and anyone travelling without a cleared labour contract.",yes,primary,https://www.oep.gov.bd/reports/country-clearance?draw=1&start=0&length=300&approval_date_from=2023-06-04&approval_date_to=2026-08-26&all_skills=0,2026-08-26T10:57:49.480Z
Bangladesh,"Bureau of Manpower, Employment and Training (Overseas Employment Platform)",Armenia,37,2023-06-04,2026-08-26,Overseas employment clearance,"Workers cleared to depart under a vetted foreign employment contract. Excludes students, skilled independent migrants, family migration and anyone travelling without a cleared labour contract.",yes,primary,https://www.oep.gov.bd/reports/country-clearance?draw=1&start=0&length=300&approval_date_from=2023-06-04&approval_date_to=2026-08-26&all_skills=0,2026-08-26T10:57:49.480Z
Bangladesh,"Bureau of Manpower, Employment and Training (Overseas Employment Platform)",Indonesia,36,2023-06-04,2026-08-26,Overseas employment clearance,"Workers cleared to depart under a vetted foreign employment contract. Excludes students, skilled independent migrants, family migration and anyone travelling without a cleared labour contract.",yes,primary,https://www.oep.gov.bd/reports/country-clearance?draw=1&start=0&length=300&approval_date_from=2023-06-04&approval_date_to=2026-08-26&all_skills=0,2026-08-26T10:57:49.480Z
Bangladesh,"Bureau of Manpower, Employment and Training (Overseas Employment Platform)",Madagascar,35,2023-06-04,2026-08-26,Overseas employment clearance,"Workers cleared to depart under a vetted foreign employment contract. Excludes students, skilled independent migrants, family migration and anyone travelling without a cleared labour contract.",yes,primary,https://www.oep.gov.bd/reports/country-clearance?draw=1&start=0&length=300&approval_date_from=2023-06-04&approval_date_to=2026-08-26&all_skills=0,2026-08-26T10:57:49.480Z
Bangladesh,"Bureau of Manpower, Employment and Training (Overseas Employment Platform)",Tanzania,34,2023-06-04,2026-08-26,Overseas employment clearance,"Workers cleared to depart under a vetted foreign employment contract. Excludes students, skilled independent migrants, family migration and anyone travelling without a cleared labour contract.",yes,primary,https://www.oep.gov.bd/reports/country-clearance?draw=1&start=0&length=300&approval_date_from=2023-06-04&approval_date_to=2026-08-26&all_skills=0,2026-08-26T10:57:49.480Z
Bangladesh,"Bureau of Manpower, Employment and Training (Overseas Employment Platform)",Austria,32,2023-06-04,2026-08-26,Overseas employment clearance,"Workers cleared to depart under a vetted foreign employment contract. Excludes students, skilled independent migrants, family migration and anyone travelling without a cleared labour contract.",yes,primary,https://www.oep.gov.bd/reports/country-clearance?draw=1&start=0&length=300&approval_date_from=2023-06-04&approval_date_to=2026-08-26&all_skills=0,2026-08-26T10:57:49.480Z
Bangladesh,"Bureau of Manpower, Employment and Training (Overseas Employment Platform)",Micronesia,32,2023-06-04,2026-08-26,Overseas employment clearance,"Workers cleared to depart under a vetted foreign employment contract. Excludes students, skilled independent migrants, family migration and anyone travelling without a cleared labour contract.",yes,primary,https://www.oep.gov.bd/reports/country-clearance?draw=1&start=0&length=300&approval_date_from=2023-06-04&approval_date_to=2026-08-26&all_skills=0,2026-08-26T10:57:49.480Z
Bangladesh,"Bureau of Manpower, Employment and Training (Overseas Employment Platform)",Netherlands,32,2023-06-04,2026-08-26,Overseas employment clearance,"Workers cleared to depart under a vetted foreign employment contract. Excludes students, skilled independent migrants, family migration and anyone travelling without a cleared labour contract.",yes,primary,https://www.oep.gov.bd/reports/country-clearance?draw=1&start=0&length=300&approval_date_from=2023-06-04&approval_date_to=2026-08-26&all_skills=0,2026-08-26T10:57:49.480Z
Bangladesh,"Bureau of Manpower, Employment and Training (Overseas Employment Platform)",Cook Islands,31,2023-06-04,2026-08-26,Overseas employment clearance,"Workers cleared to depart under a vetted foreign employment contract. Excludes students, skilled independent migrants, family migration and anyone travelling without a cleared labour contract.",yes,primary,https://www.oep.gov.bd/reports/country-clearance?draw=1&start=0&length=300&approval_date_from=2023-06-04&approval_date_to=2026-08-26&all_skills=0,2026-08-26T10:57:49.480Z
Bangladesh,"Bureau of Manpower, Employment and Training (Overseas Employment Platform)",Liechtenstein,27,2023-06-04,2026-08-26,Overseas employment clearance,"Workers cleared to depart under a vetted foreign employment contract. Excludes students, skilled independent migrants, family migration and anyone travelling without a cleared labour contract.",yes,primary,https://www.oep.gov.bd/reports/country-clearance?draw=1&start=0&length=300&approval_date_from=2023-06-04&approval_date_to=2026-08-26&all_skills=0,2026-08-26T10:57:49.480Z
Bangladesh,"Bureau of Manpower, Employment and Training (Overseas Employment Platform)",Cameroon,26,2023-06-04,2026-08-26,Overseas employment clearance,"Workers cleared to depart under a vetted foreign employment contract. Excludes students, skilled independent migrants, family migration and anyone travelling without a cleared labour contract.",yes,primary,https://www.oep.gov.bd/reports/country-clearance?draw=1&start=0&length=300&approval_date_from=2023-06-04&approval_date_to=2026-08-26&all_skills=0,2026-08-26T10:57:49.480Z
Bangladesh,"Bureau of Manpower, Employment and Training (Overseas Employment Platform)",Eswatini (formerly Swaziland),24,2023-06-04,2026-08-26,Overseas employment clearance,"Workers cleared to depart under a vetted foreign employment contract. Excludes students, skilled independent migrants, family migration and anyone travelling without a cleared labour contract.",yes,primary,https://www.oep.gov.bd/reports/country-clearance?draw=1&start=0&length=300&approval_date_from=2023-06-04&approval_date_to=2026-08-26&all_skills=0,2026-08-26T10:57:49.480Z
Bangladesh,"Bureau of Manpower, Employment and Training (Overseas Employment Platform)",United States of America (USA),24,2023-06-04,2026-08-26,Overseas employment clearance,"Workers cleared to depart under a vetted foreign employment contract. Excludes students, skilled independent migrants, family migration and anyone travelling without a cleared labour contract.",yes,primary,https://www.oep.gov.bd/reports/country-clearance?draw=1&start=0&length=300&approval_date_from=2023-06-04&approval_date_to=2026-08-26&all_skills=0,2026-08-26T10:57:49.480Z
Bangladesh,"Bureau of Manpower, Employment and Training (Overseas Employment Platform)",Georgia,23,2023-06-04,2026-08-26,Overseas employment clearance,"Workers cleared to depart under a vetted foreign employment contract. Excludes students, skilled independent migrants, family migration and anyone travelling without a cleared labour contract.",yes,primary,https://www.oep.gov.bd/reports/country-clearance?draw=1&start=0&length=300&approval_date_from=2023-06-04&approval_date_to=2026-08-26&all_skills=0,2026-08-26T10:57:49.480Z
Bangladesh,"Bureau of Manpower, Employment and Training (Overseas Employment Platform)",Tajikistan,22,2023-06-04,2026-08-26,Overseas employment clearance,"Workers cleared to depart under a vetted foreign employment contract. Excludes students, skilled independent migrants, family migration and anyone travelling without a cleared labour contract.",yes,primary,https://www.oep.gov.bd/reports/country-clearance?draw=1&start=0&length=300&approval_date_from=2023-06-04&approval_date_to=2026-08-26&all_skills=0,2026-08-26T10:57:49.480Z
Bangladesh,"Bureau of Manpower, Employment and Training (Overseas Employment Platform)",Belgium,22,2023-06-04,2026-08-26,Overseas employment clearance,"Workers cleared to depart under a vetted foreign employment contract. Excludes students, skilled independent migrants, family migration and anyone travelling without a cleared labour contract.",yes,primary,https://www.oep.gov.bd/reports/country-clearance?draw=1&start=0&length=300&approval_date_from=2023-06-04&approval_date_to=2026-08-26&all_skills=0,2026-08-26T10:57:49.480Z
Bangladesh,"Bureau of Manpower, Employment and Training (Overseas Employment Platform)",Ghana,22,2023-06-04,2026-08-26,Overseas employment clearance,"Workers cleared to depart under a vetted foreign employment contract. Excludes students, skilled independent migrants, family migration and anyone travelling without a cleared labour contract.",yes,primary,https://www.oep.gov.bd/reports/country-clearance?draw=1&start=0&length=300&approval_date_from=2023-06-04&approval_date_to=2026-08-26&all_skills=0,2026-08-26T10:57:49.480Z
Bangladesh,"Bureau of Manpower, Employment and Training (Overseas Employment Platform)",Nauru,20,2023-06-04,2026-08-26,Overseas employment clearance,"Workers cleared to depart under a vetted foreign employment contract. Excludes students, skilled independent migrants, family migration and anyone travelling without a cleared labour contract.",yes,primary,https://www.oep.gov.bd/reports/country-clearance?draw=1&start=0&length=300&approval_date_from=2023-06-04&approval_date_to=2026-08-26&all_skills=0,2026-08-26T10:57:49.480Z
Bangladesh,"Bureau of Manpower, Employment and Training (Overseas Employment Platform)",Estonia,19,2023-06-04,2026-08-26,Overseas employment clearance,"Workers cleared to depart under a vetted foreign employment contract. Excludes students, skilled independent migrants, family migration and anyone travelling without a cleared labour contract.",yes,primary,https://www.oep.gov.bd/reports/country-clearance?draw=1&start=0&length=300&approval_date_from=2023-06-04&approval_date_to=2026-08-26&all_skills=0,2026-08-26T10:57:49.480Z
Bangladesh,"Bureau of Manpower, Employment and Training (Overseas Employment Platform)",Sweden,18,2023-06-04,2026-08-26,Overseas employment clearance,"Workers cleared to depart under a vetted foreign employment contract. Excludes students, skilled independent migrants, family migration and anyone travelling without a cleared labour contract.",yes,primary,https://www.oep.gov.bd/reports/country-clearance?draw=1&start=0&length=300&approval_date_from=2023-06-04&approval_date_to=2026-08-26&all_skills=0,2026-08-26T10:57:49.480Z
Bangladesh,"Bureau of Manpower, Employment and Training (Overseas Employment Platform)",France,18,2023-06-04,2026-08-26,Overseas employment clearance,"Workers cleared to depart under a vetted foreign employment contract. Excludes students, skilled independent migrants, family migration and anyone travelling without a cleared labour contract.",yes,primary,https://www.oep.gov.bd/reports/country-clearance?draw=1&start=0&length=300&approval_date_from=2023-06-04&approval_date_to=2026-08-26&all_skills=0,2026-08-26T10:57:49.480Z
Bangladesh,"Bureau of Manpower, Employment and Training (Overseas Employment Platform)",Malawi,18,2023-06-04,2026-08-26,Overseas employment clearance,"Workers cleared to depart under a vetted foreign employment contract. Excludes students, skilled independent migrants, family migration and anyone travelling without a cleared labour contract.",yes,primary,https://www.oep.gov.bd/reports/country-clearance?draw=1&start=0&length=300&approval_date_from=2023-06-04&approval_date_to=2026-08-26&all_skills=0,2026-08-26T10:57:49.480Z
Bangladesh,"Bureau of Manpower, Employment and Training (Overseas Employment Platform)",Liberia,18,2023-06-04,2026-08-26,Overseas employment clearance,"Workers cleared to depart under a vetted foreign employment contract. Excludes students, skilled independent migrants, family migration and anyone travelling without a cleared labour contract.",yes,primary,https://www.oep.gov.bd/reports/country-clearance?draw=1&start=0&length=300&approval_date_from=2023-06-04&approval_date_to=2026-08-26&all_skills=0,2026-08-26T10:57:49.480Z
Bangladesh,"Bureau of Manpower, Employment and Training (Overseas Employment Platform)",Pakistan,17,2023-06-04,2026-08-26,Overseas employment clearance,"Workers cleared to depart under a vetted foreign employment contract. Excludes students, skilled independent migrants, family migration and anyone travelling without a cleared labour contract.",yes,primary,https://www.oep.gov.bd/reports/country-clearance?draw=1&start=0&length=300&approval_date_from=2023-06-04&approval_date_to=2026-08-26&all_skills=0,2026-08-26T10:57:49.480Z
Bangladesh,"Bureau of Manpower, Employment and Training (Overseas Employment Platform)",Bhutan,17,2023-06-04,2026-08-26,Overseas employment clearance,"Workers cleared to depart under a vetted foreign employment contract. Excludes students, skilled independent migrants, family migration and anyone travelling without a cleared labour contract.",yes,primary,https://www.oep.gov.bd/reports/country-clearance?draw=1&start=0&length=300&approval_date_from=2023-06-04&approval_date_to=2026-08-26&all_skills=0,2026-08-26T10:57:49.480Z
Bangladesh,"Bureau of Manpower, Employment and Training (Overseas Employment Platform)",Togo,17,2023-06-04,2026-08-26,Overseas employment clearance,"Workers cleared to depart under a vetted foreign employment contract. Excludes students, skilled independent migrants, family migration and anyone travelling without a cleared labour contract.",yes,primary,https://www.oep.gov.bd/reports/country-clearance?draw=1&start=0&length=300&approval_date_from=2023-06-04&approval_date_to=2026-08-26&all_skills=0,2026-08-26T10:57:49.480Z
Bangladesh,"Bureau of Manpower, Employment and Training (Overseas Employment Platform)",Gabon,15,2023-06-04,2026-08-26,Overseas employment clearance,"Workers cleared to depart under a vetted foreign employment contract. Excludes students, skilled independent migrants, family migration and anyone travelling without a cleared labour contract.",yes,primary,https://www.oep.gov.bd/reports/country-clearance?draw=1&start=0&length=300&approval_date_from=2023-06-04&approval_date_to=2026-08-26&all_skills=0,2026-08-26T10:57:49.480Z
Bangladesh,"Bureau of Manpower, Employment and Training (Overseas Employment Platform)",Zambia,15,2023-06-04,2026-08-26,Overseas employment clearance,"Workers cleared to depart under a vetted foreign employment contract. Excludes students, skilled independent migrants, family migration and anyone travelling without a cleared labour contract.",yes,primary,https://www.oep.gov.bd/reports/country-clearance?draw=1&start=0&length=300&approval_date_from=2023-06-04&approval_date_to=2026-08-26&all_skills=0,2026-08-26T10:57:49.480Z
Bangladesh,"Bureau of Manpower, Employment and Training (Overseas Employment Platform)",Uganda,14,2023-06-04,2026-08-26,Overseas employment clearance,"Workers cleared to depart under a vetted foreign employment contract. Excludes students, skilled independent migrants, family migration and anyone travelling without a cleared labour contract.",yes,primary,https://www.oep.gov.bd/reports/country-clearance?draw=1&start=0&length=300&approval_date_from=2023-06-04&approval_date_to=2026-08-26&all_skills=0,2026-08-26T10:57:49.480Z
Bangladesh,"Bureau of Manpower, Employment and Training (Overseas Employment Platform)",Guinea,13,2023-06-04,2026-08-26,Overseas employment clearance,"Workers cleared to depart under a vetted foreign employment contract. Excludes students, skilled independent migrants, family migration and anyone travelling without a cleared labour contract.",yes,primary,https://www.oep.gov.bd/reports/country-clearance?draw=1&start=0&length=300&approval_date_from=2023-06-04&approval_date_to=2026-08-26&all_skills=0,2026-08-26T10:57:49.480Z
Bangladesh,"Bureau of Manpower, Employment and Training (Overseas Employment Platform)",Bahrain,13,2023-06-04,2026-08-26,Overseas employment clearance,"Workers cleared to depart under a vetted foreign employment contract. Excludes students, skilled independent migrants, family migration and anyone travelling without a cleared labour contract.",yes,primary,https://www.oep.gov.bd/reports/country-clearance?draw=1&start=0&length=300&approval_date_from=2023-06-04&approval_date_to=2026-08-26&all_skills=0,2026-08-26T10:57:49.480Z
Bangladesh,"Bureau of Manpower, Employment and Training (Overseas Employment Platform)",Mexico,11,2023-06-04,2026-08-26,Overseas employment clearance,"Workers cleared to depart under a vetted foreign employment contract. Excludes students, skilled independent migrants, family migration and anyone travelling without a cleared labour contract.",yes,primary,https://www.oep.gov.bd/reports/country-clearance?draw=1&start=0&length=300&approval_date_from=2023-06-04&approval_date_to=2026-08-26&all_skills=0,2026-08-26T10:57:49.480Z
Bangladesh,"Bureau of Manpower, Employment and Training (Overseas Employment Platform)",Bahamas,11,2023-06-04,2026-08-26,Overseas employment clearance,"Workers cleared to depart under a vetted foreign employment contract. Excludes students, skilled independent migrants, family migration and anyone travelling without a cleared labour contract.",yes,primary,https://www.oep.gov.bd/reports/country-clearance?draw=1&start=0&length=300&approval_date_from=2023-06-04&approval_date_to=2026-08-26&all_skills=0,2026-08-26T10:57:49.480Z
Bangladesh,"Bureau of Manpower, Employment and Training (Overseas Employment Platform)",Egypt,11,2023-06-04,2026-08-26,Overseas employment clearance,"Workers cleared to depart under a vetted foreign employment contract. Excludes students, skilled independent migrants, family migration and anyone travelling without a cleared labour contract.",yes,primary,https://www.oep.gov.bd/reports/country-clearance?draw=1&start=0&length=300&approval_date_from=2023-06-04&approval_date_to=2026-08-26&all_skills=0,2026-08-26T10:57:49.480Z
Bangladesh,"Bureau of Manpower, Employment and Training (Overseas Employment Platform)",Tonga,10,2023-06-04,2026-08-26,Overseas employment clearance,"Workers cleared to depart under a vetted foreign employment contract. Excludes students, skilled independent migrants, family migration and anyone travelling without a cleared labour contract.",yes,primary,https://www.oep.gov.bd/reports/country-clearance?draw=1&start=0&length=300&approval_date_from=2023-06-04&approval_date_to=2026-08-26&all_skills=0,2026-08-26T10:57:49.480Z
Bangladesh,"Bureau of Manpower, Employment and Training (Overseas Employment Platform)",Slovakia,10,2023-06-04,2026-08-26,Overseas employment clearance,"Workers cleared to depart under a vetted foreign employment contract. Excludes students, skilled independent migrants, family migration and anyone travelling without a cleared labour contract.",yes,primary,https://www.oep.gov.bd/reports/country-clearance?draw=1&start=0&length=300&approval_date_from=2023-06-04&approval_date_to=2026-08-26&all_skills=0,2026-08-26T10:57:49.480Z
Bangladesh,"Bureau of Manpower, Employment and Training (Overseas Employment Platform)",Vanuatu,10,2023-06-04,2026-08-26,Overseas employment clearance,"Workers cleared to depart under a vetted foreign employment contract. Excludes students, skilled independent migrants, family migration and anyone travelling without a cleared labour contract.",yes,primary,https://www.oep.gov.bd/reports/country-clearance?draw=1&start=0&length=300&approval_date_from=2023-06-04&approval_date_to=2026-08-26&all_skills=0,2026-08-26T10:57:49.480Z
Bangladesh,"Bureau of Manpower, Employment and Training (Overseas Employment Platform)",Thailand,8,2023-06-04,2026-08-26,Overseas employment clearance,"Workers cleared to depart under a vetted foreign employment contract. Excludes students, skilled independent migrants, family migration and anyone travelling without a cleared labour contract.",yes,primary,https://www.oep.gov.bd/reports/country-clearance?draw=1&start=0&length=300&approval_date_from=2023-06-04&approval_date_to=2026-08-26&all_skills=0,2026-08-26T10:57:49.480Z
Bangladesh,"Bureau of Manpower, Employment and Training (Overseas Employment Platform)",Cuba,8,2023-06-04,2026-08-26,Overseas employment clearance,"Workers cleared to depart under a vetted foreign employment contract. Excludes students, skilled independent migrants, family migration and anyone travelling without a cleared labour contract.",yes,primary,https://www.oep.gov.bd/reports/country-clearance?draw=1&start=0&length=300&approval_date_from=2023-06-04&approval_date_to=2026-08-26&all_skills=0,2026-08-26T10:57:49.480Z
Bangladesh,"Bureau of Manpower, Employment and Training (Overseas Employment Platform)",Afghanistan,7,2023-06-04,2026-08-26,Overseas employment clearance,"Workers cleared to depart under a vetted foreign employment contract. Excludes students, skilled independent migrants, family migration and anyone travelling without a cleared labour contract.",yes,primary,https://www.oep.gov.bd/reports/country-clearance?draw=1&start=0&length=300&approval_date_from=2023-06-04&approval_date_to=2026-08-26&all_skills=0,2026-08-26T10:57:49.480Z
Bangladesh,"Bureau of Manpower, Employment and Training (Overseas Employment Platform)",Ecuador,7,2023-06-04,2026-08-26,Overseas employment clearance,"Workers cleared to depart under a vetted foreign employment contract. Excludes students, skilled independent migrants, family migration and anyone travelling without a cleared labour contract.",yes,primary,https://www.oep.gov.bd/reports/country-clearance?draw=1&start=0&length=300&approval_date_from=2023-06-04&approval_date_to=2026-08-26&all_skills=0,2026-08-26T10:57:49.480Z
Bangladesh,"Bureau of Manpower, Employment and Training (Overseas Employment Platform)",Norway,7,2023-06-04,2026-08-26,Overseas employment clearance,"Workers cleared to depart under a vetted foreign employment contract. Excludes students, skilled independent migrants, family migration and anyone travelling without a cleared labour contract.",yes,primary,https://www.oep.gov.bd/reports/country-clearance?draw=1&start=0&length=300&approval_date_from=2023-06-04&approval_date_to=2026-08-26&all_skills=0,2026-08-26T10:57:49.480Z
Bangladesh,"Bureau of Manpower, Employment and Training (Overseas Employment Platform)",Ukraine,7,2023-06-04,2026-08-26,Overseas employment clearance,"Workers cleared to depart under a vetted foreign employment contract. Excludes students, skilled independent migrants, family migration and anyone travelling without a cleared labour contract.",yes,primary,https://www.oep.gov.bd/reports/country-clearance?draw=1&start=0&length=300&approval_date_from=2023-06-04&approval_date_to=2026-08-26&all_skills=0,2026-08-26T10:57:49.480Z
Bangladesh,"Bureau of Manpower, Employment and Training (Overseas Employment Platform)",Senegal,6,2023-06-04,2026-08-26,Overseas employment clearance,"Workers cleared to depart under a vetted foreign employment contract. Excludes students, skilled independent migrants, family migration and anyone travelling without a cleared labour contract.",yes,primary,https://www.oep.gov.bd/reports/country-clearance?draw=1&start=0&length=300&approval_date_from=2023-06-04&approval_date_to=2026-08-26&all_skills=0,2026-08-26T10:57:49.480Z
Bangladesh,"Bureau of Manpower, Employment and Training (Overseas Employment Platform)",Spain,6,2023-06-04,2026-08-26,Overseas employment clearance,"Workers cleared to depart under a vetted foreign employment contract. Excludes students, skilled independent migrants, family migration and anyone travelling without a cleared labour contract.",yes,primary,https://www.oep.gov.bd/reports/country-clearance?draw=1&start=0&length=300&approval_date_from=2023-06-04&approval_date_to=2026-08-26&all_skills=0,2026-08-26T10:57:49.480Z
Bangladesh,"Bureau of Manpower, Employment and Training (Overseas Employment Platform)",Kenya,6,2023-06-04,2026-08-26,Overseas employment clearance,"Workers cleared to depart under a vetted foreign employment contract. Excludes students, skilled independent migrants, family migration and anyone travelling without a cleared labour contract.",yes,primary,https://www.oep.gov.bd/reports/country-clearance?draw=1&start=0&length=300&approval_date_from=2023-06-04&approval_date_to=2026-08-26&all_skills=0,2026-08-26T10:57:49.480Z
Bangladesh,"Bureau of Manpower, Employment and Training (Overseas Employment Platform)",Bermuda,5,2023-06-04,2026-08-26,Overseas employment clearance,"Workers cleared to depart under a vetted foreign employment contract. Excludes students, skilled independent migrants, family migration and anyone travelling without a cleared labour contract.",yes,primary,https://www.oep.gov.bd/reports/country-clearance?draw=1&start=0&length=300&approval_date_from=2023-06-04&approval_date_to=2026-08-26&all_skills=0,2026-08-26T10:57:49.480Z
Bangladesh,"Bureau of Manpower, Employment and Training (Overseas Employment Platform)",Taiwan,4,2023-06-04,2026-08-26,Overseas employment clearance,"Workers cleared to depart under a vetted foreign employment contract. Excludes students, skilled independent migrants, family migration and anyone travelling without a cleared labour contract.",yes,primary,https://www.oep.gov.bd/reports/country-clearance?draw=1&start=0&length=300&approval_date_from=2023-06-04&approval_date_to=2026-08-26&all_skills=0,2026-08-26T10:57:49.480Z
Bangladesh,"Bureau of Manpower, Employment and Training (Overseas Employment Platform)",Gambia,4,2023-06-04,2026-08-26,Overseas employment clearance,"Workers cleared to depart under a vetted foreign employment contract. Excludes students, skilled independent migrants, family migration and anyone travelling without a cleared labour contract.",yes,primary,https://www.oep.gov.bd/reports/country-clearance?draw=1&start=0&length=300&approval_date_from=2023-06-04&approval_date_to=2026-08-26&all_skills=0,2026-08-26T10:57:49.480Z
Bangladesh,"Bureau of Manpower, Employment and Training (Overseas Employment Platform)",Iceland,4,2023-06-04,2026-08-26,Overseas employment clearance,"Workers cleared to depart under a vetted foreign employment contract. Excludes students, skilled independent migrants, family migration and anyone travelling without a cleared labour contract.",yes,primary,https://www.oep.gov.bd/reports/country-clearance?draw=1&start=0&length=300&approval_date_from=2023-06-04&approval_date_to=2026-08-26&all_skills=0,2026-08-26T10:57:49.480Z
Bangladesh,"Bureau of Manpower, Employment and Training (Overseas Employment Platform)",India,3,2023-06-04,2026-08-26,Overseas employment clearance,"Workers cleared to depart under a vetted foreign employment contract. Excludes students, skilled independent migrants, family migration and anyone travelling without a cleared labour contract.",yes,primary,https://www.oep.gov.bd/reports/country-clearance?draw=1&start=0&length=300&approval_date_from=2023-06-04&approval_date_to=2026-08-26&all_skills=0,2026-08-26T10:57:49.480Z
Bangladesh,"Bureau of Manpower, Employment and Training (Overseas Employment Platform)",Sierra Leone,3,2023-06-04,2026-08-26,Overseas employment clearance,"Workers cleared to depart under a vetted foreign employment contract. Excludes students, skilled independent migrants, family migration and anyone travelling without a cleared labour contract.",yes,primary,https://www.oep.gov.bd/reports/country-clearance?draw=1&start=0&length=300&approval_date_from=2023-06-04&approval_date_to=2026-08-26&all_skills=0,2026-08-26T10:57:49.480Z
Bangladesh,"Bureau of Manpower, Employment and Training (Overseas Employment Platform)",Chile,3,2023-06-04,2026-08-26,Overseas employment clearance,"Workers cleared to depart under a vetted foreign employment contract. Excludes students, skilled independent migrants, family migration and anyone travelling without a cleared labour contract.",yes,primary,https://www.oep.gov.bd/reports/country-clearance?draw=1&start=0&length=300&approval_date_from=2023-06-04&approval_date_to=2026-08-26&all_skills=0,2026-08-26T10:57:49.480Z
Bangladesh,"Bureau of Manpower, Employment and Training (Overseas Employment Platform)",Burundi,3,2023-06-04,2026-08-26,Overseas employment clearance,"Workers cleared to depart under a vetted foreign employment contract. Excludes students, skilled independent migrants, family migration and anyone travelling without a cleared labour contract.",yes,primary,https://www.oep.gov.bd/reports/country-clearance?draw=1&start=0&length=300&approval_date_from=2023-06-04&approval_date_to=2026-08-26&all_skills=0,2026-08-26T10:57:49.480Z
Bangladesh,"Bureau of Manpower, Employment and Training (Overseas Employment Platform)",Turks & Caicos Islands,3,2023-06-04,2026-08-26,Overseas employment clearance,"Workers cleared to depart under a vetted foreign employment contract. Excludes students, skilled independent migrants, family migration and anyone travelling without a cleared labour contract.",yes,primary,https://www.oep.gov.bd/reports/country-clearance?draw=1&start=0&length=300&approval_date_from=2023-06-04&approval_date_to=2026-08-26&all_skills=0,2026-08-26T10:57:49.480Z
Bangladesh,"Bureau of Manpower, Employment and Training (Overseas Employment Platform)",Chad,2,2023-06-04,2026-08-26,Overseas employment clearance,"Workers cleared to depart under a vetted foreign employment contract. Excludes students, skilled independent migrants, family migration and anyone travelling without a cleared labour contract.",yes,primary,https://www.oep.gov.bd/reports/country-clearance?draw=1&start=0&length=300&approval_date_from=2023-06-04&approval_date_to=2026-08-26&all_skills=0,2026-08-26T10:57:49.480Z
Bangladesh,"Bureau of Manpower, Employment and Training (Overseas Employment Platform)",Syria,2,2023-06-04,2026-08-26,Overseas employment clearance,"Workers cleared to depart under a vetted foreign employment contract. Excludes students, skilled independent migrants, family migration and anyone travelling without a cleared labour contract.",yes,primary,https://www.oep.gov.bd/reports/country-clearance?draw=1&start=0&length=300&approval_date_from=2023-06-04&approval_date_to=2026-08-26&all_skills=0,2026-08-26T10:57:49.480Z
Bangladesh,"Bureau of Manpower, Employment and Training (Overseas Employment Platform)",Guatemala,2,2023-06-04,2026-08-26,Overseas employment clearance,"Workers cleared to depart under a vetted foreign employment contract. Excludes students, skilled independent migrants, family migration and anyone travelling without a cleared labour contract.",yes,primary,https://www.oep.gov.bd/reports/country-clearance?draw=1&start=0&length=300&approval_date_from=2023-06-04&approval_date_to=2026-08-26&all_skills=0,2026-08-26T10:57:49.480Z
Bangladesh,"Bureau of Manpower, Employment and Training (Overseas Employment Platform)",Trinidad and Tobago,2,2023-06-04,2026-08-26,Overseas employment clearance,"Workers cleared to depart under a vetted foreign employment contract. Excludes students, skilled independent migrants, family migration and anyone travelling without a cleared labour contract.",yes,primary,https://www.oep.gov.bd/reports/country-clearance?draw=1&start=0&length=300&approval_date_from=2023-06-04&approval_date_to=2026-08-26&all_skills=0,2026-08-26T10:57:49.480Z
Bangladesh,"Bureau of Manpower, Employment and Training (Overseas Employment Platform)",Mauritania,2,2023-06-04,2026-08-26,Overseas employment clearance,"Workers cleared to depart under a vetted foreign employment contract. Excludes students, skilled independent migrants, family migration and anyone travelling without a cleared labour contract.",yes,primary,https://www.oep.gov.bd/reports/country-clearance?draw=1&start=0&length=300&approval_date_from=2023-06-04&approval_date_to=2026-08-26&all_skills=0,2026-08-26T10:57:49.480Z
Bangladesh,"Bureau of Manpower, Employment and Training (Overseas Employment Platform)",Zimbabwe,2,2023-06-04,2026-08-26,Overseas employment clearance,"Workers cleared to depart under a vetted foreign employment contract. Excludes students, skilled independent migrants, family migration and anyone travelling without a cleared labour contract.",yes,primary,https://www.oep.gov.bd/reports/country-clearance?draw=1&start=0&length=300&approval_date_from=2023-06-04&approval_date_to=2026-08-26&all_skills=0,2026-08-26T10:57:49.480Z
Bangladesh,"Bureau of Manpower, Employment and Training (Overseas Employment Platform)",Luxembourg,1,2023-06-04,2026-08-26,Overseas employment clearance,"Workers cleared to depart under a vetted foreign employment contract. Excludes students, skilled independent migrants, family migration and anyone travelling without a cleared labour contract.",yes,primary,https://www.oep.gov.bd/reports/country-clearance?draw=1&start=0&length=300&approval_date_from=2023-06-04&approval_date_to=2026-08-26&all_skills=0,2026-08-26T10:57:49.480Z
Bangladesh,"Bureau of Manpower, Employment and Training (Overseas Employment Platform)",Jamaica,1,2023-06-04,2026-08-26,Overseas employment clearance,"Workers cleared to depart under a vetted foreign employment contract. Excludes students, skilled independent migrants, family migration and anyone travelling without a cleared labour contract.",yes,primary,https://www.oep.gov.bd/reports/country-clearance?draw=1&start=0&length=300&approval_date_from=2023-06-04&approval_date_to=2026-08-26&all_skills=0,2026-08-26T10:57:49.480Z
Bangladesh,"Bureau of Manpower, Employment and Training (Overseas Employment Platform)",Tunisia,1,2023-06-04,2026-08-26,Overseas employment clearance,"Workers cleared to depart under a vetted foreign employment contract. Excludes students, skilled independent migrants, family migration and anyone travelling without a cleared labour contract.",yes,primary,https://www.oep.gov.bd/reports/country-clearance?draw=1&start=0&length=300&approval_date_from=2023-06-04&approval_date_to=2026-08-26&all_skills=0,2026-08-26T10:57:49.480Z
Bangladesh,"Bureau of Manpower, Employment and Training (Overseas Employment Platform)",Panama,1,2023-06-04,2026-08-26,Overseas employment clearance,"Workers cleared to depart under a vetted foreign employment contract. Excludes students, skilled independent migrants, family migration and anyone travelling without a cleared labour contract.",yes,primary,https://www.oep.gov.bd/reports/country-clearance?draw=1&start=0&length=300&approval_date_from=2023-06-04&approval_date_to=2026-08-26&all_skills=0,2026-08-26T10:57:49.480Z
Bangladesh,"Bureau of Manpower, Employment and Training (Overseas Employment Platform)",Peru,1,2023-06-04,2026-08-26,Overseas employment clearance,"Workers cleared to depart under a vetted foreign employment contract. Excludes students, skilled independent migrants, family migration and anyone travelling without a cleared labour contract.",yes,primary,https://www.oep.gov.bd/reports/country-clearance?draw=1&start=0&length=300&approval_date_from=2023-06-04&approval_date_to=2026-08-26&all_skills=0,2026-08-26T10:57:49.480Z
Bangladesh,"Bureau of Manpower, Employment and Training (Overseas Employment Platform)",Dominican Republic,1,2023-06-04,2026-08-26,Overseas employment clearance,"Workers cleared to depart under a vetted foreign employment contract. Excludes students, skilled independent migrants, family migration and anyone travelling without a cleared labour contract.",yes,primary,https://www.oep.gov.bd/reports/country-clearance?draw=1&start=0&length=300&approval_date_from=2023-06-04&approval_date_to=2026-08-26&all_skills=0,2026-08-26T10:57:49.480Z
Bangladesh,"Bureau of Manpower, Employment and Training (Overseas Employment Platform)",Barbados,1,2023-06-04,2026-08-26,Overseas employment clearance,"Workers cleared to depart under a vetted foreign employment contract. Excludes students, skilled independent migrants, family migration and anyone travelling without a cleared labour contract.",yes,primary,https://www.oep.gov.bd/reports/country-clearance?draw=1&start=0&length=300&approval_date_from=2023-06-04&approval_date_to=2026-08-26&all_skills=0,2026-08-26T10:57:49.480Z
Bangladesh,"Bureau of Manpower, Employment and Training (Overseas Employment Platform)",Benin,1,2023-06-04,2026-08-26,Overseas employment clearance,"Workers cleared to depart under a vetted foreign employment contract. Excludes students, skilled independent migrants, family migration and anyone travelling without a cleared labour contract.",yes,primary,https://www.oep.gov.bd/reports/country-clearance?draw=1&start=0&length=300&approval_date_from=2023-06-04&approval_date_to=2026-08-26&all_skills=0,2026-08-26T10:57:49.480Z
Sri Lanka,Sri Lanka Bureau of Foreign Employment,Kuwait,77657,2025-01-01,2025-12-31,Migrant employee registration,"Departing migrant workers registered with the SLBFE by manpower level. Excludes students, skilled independent migrants, family migration and any departure not registered as foreign employment.",yes,primary,https://www.slbfe.lk/wp-content/uploads/2026/07/ASR-2025-WEB-SITE-final.pdf,2026-08-26T10:57:49.480Z
Sri Lanka,Sri Lanka Bureau of Foreign Employment,U A E,59611,2025-01-01,2025-12-31,Migrant employee registration,"Departing migrant workers registered with the SLBFE by manpower level. Excludes students, skilled independent migrants, family migration and any departure not registered as foreign employment.",yes,primary,https://www.slbfe.lk/wp-content/uploads/2026/07/ASR-2025-WEB-SITE-final.pdf,2026-08-26T10:57:49.480Z
Sri Lanka,Sri Lanka Bureau of Foreign Employment,Qatar,44914,2025-01-01,2025-12-31,Migrant employee registration,"Departing migrant workers registered with the SLBFE by manpower level. Excludes students, skilled independent migrants, family migration and any departure not registered as foreign employment.",yes,primary,https://www.slbfe.lk/wp-content/uploads/2026/07/ASR-2025-WEB-SITE-final.pdf,2026-08-26T10:57:49.480Z
Sri Lanka,Sri Lanka Bureau of Foreign Employment,Saudi Arabia,36441,2025-01-01,2025-12-31,Migrant employee registration,"Departing migrant workers registered with the SLBFE by manpower level. Excludes students, skilled independent migrants, family migration and any departure not registered as foreign employment.",yes,primary,https://www.slbfe.lk/wp-content/uploads/2026/07/ASR-2025-WEB-SITE-final.pdf,2026-08-26T10:57:49.480Z
Sri Lanka,Sri Lanka Bureau of Foreign Employment,Israel,13252,2025-01-01,2025-12-31,Migrant employee registration,"Departing migrant workers registered with the SLBFE by manpower level. Excludes students, skilled independent migrants, family migration and any departure not registered as foreign employment.",yes,primary,https://www.slbfe.lk/wp-content/uploads/2026/07/ASR-2025-WEB-SITE-final.pdf,2026-08-26T10:57:49.480Z
Sri Lanka,Sri Lanka Bureau of Foreign Employment,Romania,12597,2025-01-01,2025-12-31,Migrant employee registration,"Departing migrant workers registered with the SLBFE by manpower level. Excludes students, skilled independent migrants, family migration and any departure not registered as foreign employment.",yes,primary,https://www.slbfe.lk/wp-content/uploads/2026/07/ASR-2025-WEB-SITE-final.pdf,2026-08-26T10:57:49.480Z
Sri Lanka,Sri Lanka Bureau of Foreign Employment,Japan,11090,2025-01-01,2025-12-31,Migrant employee registration,"Departing migrant workers registered with the SLBFE by manpower level. Excludes students, skilled independent migrants, family migration and any departure not registered as foreign employment.",yes,primary,https://www.slbfe.lk/wp-content/uploads/2026/07/ASR-2025-WEB-SITE-final.pdf,2026-08-26T10:57:49.480Z
Sri Lanka,Sri Lanka Bureau of Foreign Employment,Maldives,11068,2025-01-01,2025-12-31,Migrant employee registration,"Departing migrant workers registered with the SLBFE by manpower level. Excludes students, skilled independent migrants, family migration and any departure not registered as foreign employment.",yes,primary,https://www.slbfe.lk/wp-content/uploads/2026/07/ASR-2025-WEB-SITE-final.pdf,2026-08-26T10:57:49.480Z
Sri Lanka,Sri Lanka Bureau of Foreign Employment,Oman,7028,2025-01-01,2025-12-31,Migrant employee registration,"Departing migrant workers registered with the SLBFE by manpower level. Excludes students, skilled independent migrants, family migration and any departure not registered as foreign employment.",yes,primary,https://www.slbfe.lk/wp-content/uploads/2026/07/ASR-2025-WEB-SITE-final.pdf,2026-08-26T10:57:49.480Z
Sri Lanka,Sri Lanka Bureau of Foreign Employment,South Korea,6494,2025-01-01,2025-12-31,Migrant employee registration,"Departing migrant workers registered with the SLBFE by manpower level. Excludes students, skilled independent migrants, family migration and any departure not registered as foreign employment.",yes,primary,https://www.slbfe.lk/wp-content/uploads/2026/07/ASR-2025-WEB-SITE-final.pdf,2026-08-26T10:57:49.480Z
Sri Lanka,Sri Lanka Bureau of Foreign Employment,Cyprus,3800,2025-01-01,2025-12-31,Migrant employee registration,"Departing migrant workers registered with the SLBFE by manpower level. Excludes students, skilled independent migrants, family migration and any departure not registered as foreign employment.",yes,primary,https://www.slbfe.lk/wp-content/uploads/2026/07/ASR-2025-WEB-SITE-final.pdf,2026-08-26T10:57:49.480Z
Sri Lanka,Sri Lanka Bureau of Foreign Employment,Bahrain,3719,2025-01-01,2025-12-31,Migrant employee registration,"Departing migrant workers registered with the SLBFE by manpower level. Excludes students, skilled independent migrants, family migration and any departure not registered as foreign employment.",yes,primary,https://www.slbfe.lk/wp-content/uploads/2026/07/ASR-2025-WEB-SITE-final.pdf,2026-08-26T10:57:49.480Z
Sri Lanka,Sri Lanka Bureau of Foreign Employment,Jordan,3635,2025-01-01,2025-12-31,Migrant employee registration,"Departing migrant workers registered with the SLBFE by manpower level. Excludes students, skilled independent migrants, family migration and any departure not registered as foreign employment.",yes,primary,https://www.slbfe.lk/wp-content/uploads/2026/07/ASR-2025-WEB-SITE-final.pdf,2026-08-26T10:57:49.480Z
Sri Lanka,Sri Lanka Bureau of Foreign Employment,Singapore,2394,2025-01-01,2025-12-31,Migrant employee registration,"Departing migrant workers registered with the SLBFE by manpower level. Excludes students, skilled independent migrants, family migration and any departure not registered as foreign employment.",yes,primary,https://www.slbfe.lk/wp-content/uploads/2026/07/ASR-2025-WEB-SITE-final.pdf,2026-08-26T10:57:49.480Z
Sri Lanka,Sri Lanka Bureau of Foreign Employment,United Kingdom,2085,2025-01-01,2025-12-31,Migrant employee registration,"Departing migrant workers registered with the SLBFE by manpower level. Excludes students, skilled independent migrants, family migration and any departure not registered as foreign employment.",yes,primary,https://www.slbfe.lk/wp-content/uploads/2026/07/ASR-2025-WEB-SITE-final.pdf,2026-08-26T10:57:49.480Z
Sri Lanka,Sri Lanka Bureau of Foreign Employment,Others,2006,2025-01-01,2025-12-31,Migrant employee registration,"Departing migrant workers registered with the SLBFE by manpower level. Excludes students, skilled independent migrants, family migration and any departure not registered as foreign employment.",yes,primary,https://www.slbfe.lk/wp-content/uploads/2026/07/ASR-2025-WEB-SITE-final.pdf,2026-08-26T10:57:49.480Z
Sri Lanka,Sri Lanka Bureau of Foreign Employment,Malaysia,1830,2025-01-01,2025-12-31,Migrant employee registration,"Departing migrant workers registered with the SLBFE by manpower level. Excludes students, skilled independent migrants, family migration and any departure not registered as foreign employment.",yes,primary,https://www.slbfe.lk/wp-content/uploads/2026/07/ASR-2025-WEB-SITE-final.pdf,2026-08-26T10:57:49.480Z
Sri Lanka,Sri Lanka Bureau of Foreign Employment,Turkey,1622,2025-01-01,2025-12-31,Migrant employee registration,"Departing migrant workers registered with the SLBFE by manpower level. Excludes students, skilled independent migrants, family migration and any departure not registered as foreign employment.",yes,primary,https://www.slbfe.lk/wp-content/uploads/2026/07/ASR-2025-WEB-SITE-final.pdf,2026-08-26T10:57:49.480Z
Sri Lanka,Sri Lanka Bureau of Foreign Employment,Russia,1492,2025-01-01,2025-12-31,Migrant employee registration,"Departing migrant workers registered with the SLBFE by manpower level. Excludes students, skilled independent migrants, family migration and any departure not registered as foreign employment.",yes,primary,https://www.slbfe.lk/wp-content/uploads/2026/07/ASR-2025-WEB-SITE-final.pdf,2026-08-26T10:57:49.480Z
Sri Lanka,Sri Lanka Bureau of Foreign Employment,Seychelles,1292,2025-01-01,2025-12-31,Migrant employee registration,"Departing migrant workers registered with the SLBFE by manpower level. Excludes students, skilled independent migrants, family migration and any departure not registered as foreign employment.",yes,primary,https://www.slbfe.lk/wp-content/uploads/2026/07/ASR-2025-WEB-SITE-final.pdf,2026-08-26T10:57:49.480Z
Sri Lanka,Sri Lanka Bureau of Foreign Employment,Serbia,1171,2025-01-01,2025-12-31,Migrant employee registration,"Departing migrant workers registered with the SLBFE by manpower level. Excludes students, skilled independent migrants, family migration and any departure not registered as foreign employment.",yes,primary,https://www.slbfe.lk/wp-content/uploads/2026/07/ASR-2025-WEB-SITE-final.pdf,2026-08-26T10:57:49.480Z
Sri Lanka,Sri Lanka Bureau of Foreign Employment,Lebanon,1132,2025-01-01,2025-12-31,Migrant employee registration,"Departing migrant workers registered with the SLBFE by manpower level. Excludes students, skilled independent migrants, family migration and any departure not registered as foreign employment.",yes,primary,https://www.slbfe.lk/wp-content/uploads/2026/07/ASR-2025-WEB-SITE-final.pdf,2026-08-26T10:57:49.480Z
Sri Lanka,Sri Lanka Bureau of Foreign Employment,Australia,743,2025-01-01,2025-12-31,Migrant employee registration,"Departing migrant workers registered with the SLBFE by manpower level. Excludes students, skilled independent migrants, family migration and any departure not registered as foreign employment.",yes,primary,https://www.slbfe.lk/wp-content/uploads/2026/07/ASR-2025-WEB-SITE-final.pdf,2026-08-26T10:57:49.480Z
Sri Lanka,Sri Lanka Bureau of Foreign Employment,New Zealand,733,2025-01-01,2025-12-31,Migrant employee registration,"Departing migrant workers registered with the SLBFE by manpower level. Excludes students, skilled independent migrants, family migration and any departure not registered as foreign employment.",yes,primary,https://www.slbfe.lk/wp-content/uploads/2026/07/ASR-2025-WEB-SITE-final.pdf,2026-08-26T10:57:49.480Z
Sri Lanka,Sri Lanka Bureau of Foreign Employment,Hong Kong,576,2025-01-01,2025-12-31,Migrant employee registration,"Departing migrant workers registered with the SLBFE by manpower level. Excludes students, skilled independent migrants, family migration and any departure not registered as foreign employment.",yes,primary,https://www.slbfe.lk/wp-content/uploads/2026/07/ASR-2025-WEB-SITE-final.pdf,2026-08-26T10:57:49.480Z
Sri Lanka,Sri Lanka Bureau of Foreign Employment,Bangladesh,452,2025-01-01,2025-12-31,Migrant employee registration,"Departing migrant workers registered with the SLBFE by manpower level. Excludes students, skilled independent migrants, family migration and any departure not registered as foreign employment.",yes,primary,https://www.slbfe.lk/wp-content/uploads/2026/07/ASR-2025-WEB-SITE-final.pdf,2026-08-26T10:57:49.480Z
Sri Lanka,Sri Lanka Bureau of Foreign Employment,Ireland,438,2025-01-01,2025-12-31,Migrant employee registration,"Departing migrant workers registered with the SLBFE by manpower level. Excludes students, skilled independent migrants, family migration and any departure not registered as foreign employment.",yes,primary,https://www.slbfe.lk/wp-content/uploads/2026/07/ASR-2025-WEB-SITE-final.pdf,2026-08-26T10:57:49.480Z
Sri Lanka,Sri Lanka Bureau of Foreign Employment,Malta,266,2025-01-01,2025-12-31,Migrant employee registration,"Departing migrant workers registered with the SLBFE by manpower level. Excludes students, skilled independent migrants, family migration and any departure not registered as foreign employment.",yes,primary,https://www.slbfe.lk/wp-content/uploads/2026/07/ASR-2025-WEB-SITE-final.pdf,2026-08-26T10:57:49.480Z
Sri Lanka,Sri Lanka Bureau of Foreign Employment,Iraq,263,2025-01-01,2025-12-31,Migrant employee registration,"Departing migrant workers registered with the SLBFE by manpower level. Excludes students, skilled independent migrants, family migration and any departure not registered as foreign employment.",yes,primary,https://www.slbfe.lk/wp-content/uploads/2026/07/ASR-2025-WEB-SITE-final.pdf,2026-08-26T10:57:49.480Z
Sri Lanka,Sri Lanka Bureau of Foreign Employment,Mauritius,215,2025-01-01,2025-12-31,Migrant employee registration,"Departing migrant workers registered with the SLBFE by manpower level. Excludes students, skilled independent migrants, family migration and any departure not registered as foreign employment.",yes,primary,https://www.slbfe.lk/wp-content/uploads/2026/07/ASR-2025-WEB-SITE-final.pdf,2026-08-26T10:57:49.480Z
Sri Lanka,Sri Lanka Bureau of Foreign Employment,Canada,206,2025-01-01,2025-12-31,Migrant employee registration,"Departing migrant workers registered with the SLBFE by manpower level. Excludes students, skilled independent migrants, family migration and any departure not registered as foreign employment.",yes,primary,https://www.slbfe.lk/wp-content/uploads/2026/07/ASR-2025-WEB-SITE-final.pdf,2026-08-26T10:57:49.480Z
Sri Lanka,Sri Lanka Bureau of Foreign Employment,Papua New Guinea,190,2025-01-01,2025-12-31,Migrant employee registration,"Departing migrant workers registered with the SLBFE by manpower level. Excludes students, skilled independent migrants, family migration and any departure not registered as foreign employment.",yes,primary,https://www.slbfe.lk/wp-content/uploads/2026/07/ASR-2025-WEB-SITE-final.pdf,2026-08-26T10:57:49.480Z
Sri Lanka,Sri Lanka Bureau of Foreign Employment,India,177,2025-01-01,2025-12-31,Migrant employee registration,"Departing migrant workers registered with the SLBFE by manpower level. Excludes students, skilled independent migrants, family migration and any departure not registered as foreign employment.",yes,primary,https://www.slbfe.lk/wp-content/uploads/2026/07/ASR-2025-WEB-SITE-final.pdf,2026-08-26T10:57:49.480Z
Sri Lanka,Sri Lanka Bureau of Foreign Employment,Poland,157,2025-01-01,2025-12-31,Migrant employee registration,"Departing migrant workers registered with the SLBFE by manpower level. Excludes students, skilled independent migrants, family migration and any departure not registered as foreign employment.",yes,primary,https://www.slbfe.lk/wp-content/uploads/2026/07/ASR-2025-WEB-SITE-final.pdf,2026-08-26T10:57:49.480Z
Sri Lanka,Sri Lanka Bureau of Foreign Employment,Vietnam,124,2025-01-01,2025-12-31,Migrant employee registration,"Departing migrant workers registered with the SLBFE by manpower level. Excludes students, skilled independent migrants, family migration and any departure not registered as foreign employment.",yes,primary,https://www.slbfe.lk/wp-content/uploads/2026/07/ASR-2025-WEB-SITE-final.pdf,2026-08-26T10:57:49.480Z
Sri Lanka,Sri Lanka Bureau of Foreign Employment,Fiji,110,2025-01-01,2025-12-31,Migrant employee registration,"Departing migrant workers registered with the SLBFE by manpower level. Excludes students, skilled independent migrants, family migration and any departure not registered as foreign employment.",yes,primary,https://www.slbfe.lk/wp-content/uploads/2026/07/ASR-2025-WEB-SITE-final.pdf,2026-08-26T10:57:49.480Z
Sri Lanka,Sri Lanka Bureau of Foreign Employment,Lithuania,103,2025-01-01,2025-12-31,Migrant employee registration,"Departing migrant workers registered with the SLBFE by manpower level. Excludes students, skilled independent migrants, family migration and any departure not registered as foreign employment.",yes,primary,https://www.slbfe.lk/wp-content/uploads/2026/07/ASR-2025-WEB-SITE-final.pdf,2026-08-26T10:57:49.480Z
Sri Lanka,Sri Lanka Bureau of Foreign Employment,Ethiopia,71,2025-01-01,2025-12-31,Migrant employee registration,"Departing migrant workers registered with the SLBFE by manpower level. Excludes students, skilled independent migrants, family migration and any departure not registered as foreign employment.",yes,primary,https://www.slbfe.lk/wp-content/uploads/2026/07/ASR-2025-WEB-SITE-final.pdf,2026-08-26T10:57:49.480Z
Sri Lanka,Sri Lanka Bureau of Foreign Employment,Bulgaria,69,2025-01-01,2025-12-31,Migrant employee registration,"Departing migrant workers registered with the SLBFE by manpower level. Excludes students, skilled independent migrants, family migration and any departure not registered as foreign employment.",yes,primary,https://www.slbfe.lk/wp-content/uploads/2026/07/ASR-2025-WEB-SITE-final.pdf,2026-08-26T10:57:49.480Z
