census_year,country_of_birth,country_code,region,persons,source_tier,source_url,source_retrieved_at
1996,Adelie Land (France),1601,Australia,0,primary,"https://data.api.abs.gov.au/rest/data/ABS,ABS_ERP_COB_STATE,1.0.0/all?format=csv",2026-08-25T10:28:10.104Z
1996,Afghanistan,7201,Australia,0,primary,"https://data.api.abs.gov.au/rest/data/ABS,ABS_ERP_COB_STATE,1.0.0/all?format=csv",2026-08-25T10:28:10.104Z
1996,Aland Islands,2408,Australia,0,primary,"https://data.api.abs.gov.au/rest/data/ABS,ABS_ERP_COB_STATE,1.0.0/all?format=csv",2026-08-25T10:28:10.104Z
1996,Albania,3201,Australia,0,primary,"https://data.api.abs.gov.au/rest/data/ABS,ABS_ERP_COB_STATE,1.0.0/all?format=csv",2026-08-25T10:28:10.104Z
1996,Algeria,4101,Australia,0,primary,"https://data.api.abs.gov.au/rest/data/ABS,ABS_ERP_COB_STATE,1.0.0/all?format=csv",2026-08-25T10:28:10.104Z
1996,Andorra,3101,Australia,0,primary,"https://data.api.abs.gov.au/rest/data/ABS,ABS_ERP_COB_STATE,1.0.0/all?format=csv",2026-08-25T10:28:10.104Z
1996,Angola,9201,Australia,0,primary,"https://data.api.abs.gov.au/rest/data/ABS,ABS_ERP_COB_STATE,1.0.0/all?format=csv",2026-08-25T10:28:10.104Z
1996,Anguilla,8401,Australia,0,primary,"https://data.api.abs.gov.au/rest/data/ABS,ABS_ERP_COB_STATE,1.0.0/all?format=csv",2026-08-25T10:28:10.104Z
1996,Antigua and Barbuda,8402,Australia,0,primary,"https://data.api.abs.gov.au/rest/data/ABS,ABS_ERP_COB_STATE,1.0.0/all?format=csv",2026-08-25T10:28:10.104Z
1996,Argentina,8201,Australia,12140,primary,"https://data.api.abs.gov.au/rest/data/ABS,ABS_ERP_COB_STATE,1.0.0/all?format=csv",2026-08-25T10:28:10.104Z
1996,Argentinian Antarctic Territory,1602,Australia,0,primary,"https://data.api.abs.gov.au/rest/data/ABS,ABS_ERP_COB_STATE,1.0.0/all?format=csv",2026-08-25T10:28:10.104Z
1996,Armenia,7202,Australia,0,primary,"https://data.api.abs.gov.au/rest/data/ABS,ABS_ERP_COB_STATE,1.0.0/all?format=csv",2026-08-25T10:28:10.104Z
1996,Aruba,8403,Australia,0,primary,"https://data.api.abs.gov.au/rest/data/ABS,ABS_ERP_COB_STATE,1.0.0/all?format=csv",2026-08-25T10:28:10.104Z
1996,Australia,1101,Australia,13984720,primary,"https://data.api.abs.gov.au/rest/data/ABS,ABS_ERP_COB_STATE,1.0.0/all?format=csv",2026-08-25T10:28:10.104Z
1996,Australian Antarctic Territory,1603,Australia,0,primary,"https://data.api.abs.gov.au/rest/data/ABS,ABS_ERP_COB_STATE,1.0.0/all?format=csv",2026-08-25T10:28:10.104Z
1996,"Australian External Territories, nec",1199,Australia,0,primary,"https://data.api.abs.gov.au/rest/data/ABS,ABS_ERP_COB_STATE,1.0.0/all?format=csv",2026-08-25T10:28:10.104Z
1996,Austria,2301,Australia,22700,primary,"https://data.api.abs.gov.au/rest/data/ABS,ABS_ERP_COB_STATE,1.0.0/all?format=csv",2026-08-25T10:28:10.104Z
1996,Azerbaijan,7203,Australia,0,primary,"https://data.api.abs.gov.au/rest/data/ABS,ABS_ERP_COB_STATE,1.0.0/all?format=csv",2026-08-25T10:28:10.104Z
1996,Bahamas,8404,Australia,0,primary,"https://data.api.abs.gov.au/rest/data/ABS,ABS_ERP_COB_STATE,1.0.0/all?format=csv",2026-08-25T10:28:10.104Z
1996,Bahrain,4201,Australia,0,primary,"https://data.api.abs.gov.au/rest/data/ABS,ABS_ERP_COB_STATE,1.0.0/all?format=csv",2026-08-25T10:28:10.104Z
1996,Bangladesh,7101,Australia,0,primary,"https://data.api.abs.gov.au/rest/data/ABS,ABS_ERP_COB_STATE,1.0.0/all?format=csv",2026-08-25T10:28:10.104Z
1996,Barbados,8405,Australia,0,primary,"https://data.api.abs.gov.au/rest/data/ABS,ABS_ERP_COB_STATE,1.0.0/all?format=csv",2026-08-25T10:28:10.104Z
1996,Belarus,3301,Australia,0,primary,"https://data.api.abs.gov.au/rest/data/ABS,ABS_ERP_COB_STATE,1.0.0/all?format=csv",2026-08-25T10:28:10.104Z
1996,Belgium,2302,Australia,0,primary,"https://data.api.abs.gov.au/rest/data/ABS,ABS_ERP_COB_STATE,1.0.0/all?format=csv",2026-08-25T10:28:10.104Z
1996,Belize,8301,Australia,0,primary,"https://data.api.abs.gov.au/rest/data/ABS,ABS_ERP_COB_STATE,1.0.0/all?format=csv",2026-08-25T10:28:10.104Z
1996,Benin,9101,Australia,0,primary,"https://data.api.abs.gov.au/rest/data/ABS,ABS_ERP_COB_STATE,1.0.0/all?format=csv",2026-08-25T10:28:10.104Z
1996,Bermuda,8101,Australia,0,primary,"https://data.api.abs.gov.au/rest/data/ABS,ABS_ERP_COB_STATE,1.0.0/all?format=csv",2026-08-25T10:28:10.104Z
1996,Bhutan,7102,Australia,0,primary,"https://data.api.abs.gov.au/rest/data/ABS,ABS_ERP_COB_STATE,1.0.0/all?format=csv",2026-08-25T10:28:10.104Z
1996,"Bolivia, Plurinational State of",8202,Australia,0,primary,"https://data.api.abs.gov.au/rest/data/ABS,ABS_ERP_COB_STATE,1.0.0/all?format=csv",2026-08-25T10:28:10.104Z
1996,"Bonaire, Sint Eustatius and Saba",8433,Australia,0,primary,"https://data.api.abs.gov.au/rest/data/ABS,ABS_ERP_COB_STATE,1.0.0/all?format=csv",2026-08-25T10:28:10.104Z
1996,Bosnia and Herzegovina,3202,Australia,0,primary,"https://data.api.abs.gov.au/rest/data/ABS,ABS_ERP_COB_STATE,1.0.0/all?format=csv",2026-08-25T10:28:10.104Z
1996,Botswana,9202,Australia,0,primary,"https://data.api.abs.gov.au/rest/data/ABS,ABS_ERP_COB_STATE,1.0.0/all?format=csv",2026-08-25T10:28:10.104Z
1996,Brazil,8203,Australia,0,primary,"https://data.api.abs.gov.au/rest/data/ABS,ABS_ERP_COB_STATE,1.0.0/all?format=csv",2026-08-25T10:28:10.104Z
1996,British Antarctic Territory,1604,Australia,0,primary,"https://data.api.abs.gov.au/rest/data/ABS,ABS_ERP_COB_STATE,1.0.0/all?format=csv",2026-08-25T10:28:10.104Z
1996,Brunei Darussalam,5201,Australia,0,primary,"https://data.api.abs.gov.au/rest/data/ABS,ABS_ERP_COB_STATE,1.0.0/all?format=csv",2026-08-25T10:28:10.104Z
1996,Bulgaria,3203,Australia,0,primary,"https://data.api.abs.gov.au/rest/data/ABS,ABS_ERP_COB_STATE,1.0.0/all?format=csv",2026-08-25T10:28:10.104Z
1996,Burkina Faso,9102,Australia,0,primary,"https://data.api.abs.gov.au/rest/data/ABS,ABS_ERP_COB_STATE,1.0.0/all?format=csv",2026-08-25T10:28:10.104Z
1996,Burundi,9203,Australia,0,primary,"https://data.api.abs.gov.au/rest/data/ABS,ABS_ERP_COB_STATE,1.0.0/all?format=csv",2026-08-25T10:28:10.104Z
1996,Cabo Verde,9104,Australia,0,primary,"https://data.api.abs.gov.au/rest/data/ABS,ABS_ERP_COB_STATE,1.0.0/all?format=csv",2026-08-25T10:28:10.104Z
1996,Cambodia,5102,Australia,24080,primary,"https://data.api.abs.gov.au/rest/data/ABS,ABS_ERP_COB_STATE,1.0.0/all?format=csv",2026-08-25T10:28:10.104Z
1996,Cameroon,9103,Australia,0,primary,"https://data.api.abs.gov.au/rest/data/ABS,ABS_ERP_COB_STATE,1.0.0/all?format=csv",2026-08-25T10:28:10.104Z
1996,Canada,8102,Australia,27970,primary,"https://data.api.abs.gov.au/rest/data/ABS,ABS_ERP_COB_STATE,1.0.0/all?format=csv",2026-08-25T10:28:10.104Z
1996,Cayman Islands,8406,Australia,0,primary,"https://data.api.abs.gov.au/rest/data/ABS,ABS_ERP_COB_STATE,1.0.0/all?format=csv",2026-08-25T10:28:10.104Z
1996,Central African Republic,9105,Australia,0,primary,"https://data.api.abs.gov.au/rest/data/ABS,ABS_ERP_COB_STATE,1.0.0/all?format=csv",2026-08-25T10:28:10.104Z
1996,Chad,9106,Australia,0,primary,"https://data.api.abs.gov.au/rest/data/ABS,ABS_ERP_COB_STATE,1.0.0/all?format=csv",2026-08-25T10:28:10.104Z
1996,Chile,8204,Australia,26850,primary,"https://data.api.abs.gov.au/rest/data/ABS,ABS_ERP_COB_STATE,1.0.0/all?format=csv",2026-08-25T10:28:10.104Z
1996,Chilean Antarctic Territory,1605,Australia,0,primary,"https://data.api.abs.gov.au/rest/data/ABS,ABS_ERP_COB_STATE,1.0.0/all?format=csv",2026-08-25T10:28:10.104Z
1996,China (excludes SARs and Taiwan),6101,Australia,118640,primary,"https://data.api.abs.gov.au/rest/data/ABS,ABS_ERP_COB_STATE,1.0.0/all?format=csv",2026-08-25T10:28:10.104Z
1996,Colombia,8205,Australia,0,primary,"https://data.api.abs.gov.au/rest/data/ABS,ABS_ERP_COB_STATE,1.0.0/all?format=csv",2026-08-25T10:28:10.104Z
1996,Comoros,9204,Australia,0,primary,"https://data.api.abs.gov.au/rest/data/ABS,ABS_ERP_COB_STATE,1.0.0/all?format=csv",2026-08-25T10:28:10.104Z
1996,"Congo, Democratic Republic of",9108,Australia,0,primary,"https://data.api.abs.gov.au/rest/data/ABS,ABS_ERP_COB_STATE,1.0.0/all?format=csv",2026-08-25T10:28:10.104Z
1996,"Congo, Republic of",9107,Australia,0,primary,"https://data.api.abs.gov.au/rest/data/ABS,ABS_ERP_COB_STATE,1.0.0/all?format=csv",2026-08-25T10:28:10.104Z
1996,Cook Islands,1501,Australia,0,primary,"https://data.api.abs.gov.au/rest/data/ABS,ABS_ERP_COB_STATE,1.0.0/all?format=csv",2026-08-25T10:28:10.104Z
1996,Costa Rica,8302,Australia,0,primary,"https://data.api.abs.gov.au/rest/data/ABS,ABS_ERP_COB_STATE,1.0.0/all?format=csv",2026-08-25T10:28:10.104Z
1996,Cote d'Ivoire,9111,Australia,0,primary,"https://data.api.abs.gov.au/rest/data/ABS,ABS_ERP_COB_STATE,1.0.0/all?format=csv",2026-08-25T10:28:10.104Z
1996,Croatia,3204,Australia,0,primary,"https://data.api.abs.gov.au/rest/data/ABS,ABS_ERP_COB_STATE,1.0.0/all?format=csv",2026-08-25T10:28:10.104Z
1996,Cuba,8407,Australia,0,primary,"https://data.api.abs.gov.au/rest/data/ABS,ABS_ERP_COB_STATE,1.0.0/all?format=csv",2026-08-25T10:28:10.104Z
1996,Curacao,8434,Australia,0,primary,"https://data.api.abs.gov.au/rest/data/ABS,ABS_ERP_COB_STATE,1.0.0/all?format=csv",2026-08-25T10:28:10.104Z
1996,Cyprus,3205,Australia,23310,primary,"https://data.api.abs.gov.au/rest/data/ABS,ABS_ERP_COB_STATE,1.0.0/all?format=csv",2026-08-25T10:28:10.104Z
1996,Czechia,3302,Australia,0,primary,"https://data.api.abs.gov.au/rest/data/ABS,ABS_ERP_COB_STATE,1.0.0/all?format=csv",2026-08-25T10:28:10.104Z
1996,Denmark,2401,Australia,9740,primary,"https://data.api.abs.gov.au/rest/data/ABS,ABS_ERP_COB_STATE,1.0.0/all?format=csv",2026-08-25T10:28:10.104Z
1996,Djibouti,9205,Australia,0,primary,"https://data.api.abs.gov.au/rest/data/ABS,ABS_ERP_COB_STATE,1.0.0/all?format=csv",2026-08-25T10:28:10.104Z
1996,Dominica,8408,Australia,0,primary,"https://data.api.abs.gov.au/rest/data/ABS,ABS_ERP_COB_STATE,1.0.0/all?format=csv",2026-08-25T10:28:10.104Z
1996,Dominican Republic,8411,Australia,0,primary,"https://data.api.abs.gov.au/rest/data/ABS,ABS_ERP_COB_STATE,1.0.0/all?format=csv",2026-08-25T10:28:10.104Z
1996,Ecuador,8206,Australia,0,primary,"https://data.api.abs.gov.au/rest/data/ABS,ABS_ERP_COB_STATE,1.0.0/all?format=csv",2026-08-25T10:28:10.104Z
1996,Egypt,4102,Australia,38610,primary,"https://data.api.abs.gov.au/rest/data/ABS,ABS_ERP_COB_STATE,1.0.0/all?format=csv",2026-08-25T10:28:10.104Z
1996,El Salvador,8303,Australia,0,primary,"https://data.api.abs.gov.au/rest/data/ABS,ABS_ERP_COB_STATE,1.0.0/all?format=csv",2026-08-25T10:28:10.104Z
1996,England,2102,Australia,0,primary,"https://data.api.abs.gov.au/rest/data/ABS,ABS_ERP_COB_STATE,1.0.0/all?format=csv",2026-08-25T10:28:10.104Z
1996,Equatorial Guinea,9112,Australia,0,primary,"https://data.api.abs.gov.au/rest/data/ABS,ABS_ERP_COB_STATE,1.0.0/all?format=csv",2026-08-25T10:28:10.104Z
1996,Eritrea,9206,Australia,0,primary,"https://data.api.abs.gov.au/rest/data/ABS,ABS_ERP_COB_STATE,1.0.0/all?format=csv",2026-08-25T10:28:10.104Z
1996,Estonia,3303,Australia,2450,primary,"https://data.api.abs.gov.au/rest/data/ABS,ABS_ERP_COB_STATE,1.0.0/all?format=csv",2026-08-25T10:28:10.104Z
1996,Eswatini,9226,Australia,0,primary,"https://data.api.abs.gov.au/rest/data/ABS,ABS_ERP_COB_STATE,1.0.0/all?format=csv",2026-08-25T10:28:10.104Z
1996,Ethiopia,9207,Australia,0,primary,"https://data.api.abs.gov.au/rest/data/ABS,ABS_ERP_COB_STATE,1.0.0/all?format=csv",2026-08-25T10:28:10.104Z
1996,Falkland Islands,8207,Australia,0,primary,"https://data.api.abs.gov.au/rest/data/ABS,ABS_ERP_COB_STATE,1.0.0/all?format=csv",2026-08-25T10:28:10.104Z
1996,Faroe Islands,2402,Australia,0,primary,"https://data.api.abs.gov.au/rest/data/ABS,ABS_ERP_COB_STATE,1.0.0/all?format=csv",2026-08-25T10:28:10.104Z
1996,Fiji,1502,Australia,40930,primary,"https://data.api.abs.gov.au/rest/data/ABS,ABS_ERP_COB_STATE,1.0.0/all?format=csv",2026-08-25T10:28:10.104Z
1996,Finland,2403,Australia,9420,primary,"https://data.api.abs.gov.au/rest/data/ABS,ABS_ERP_COB_STATE,1.0.0/all?format=csv",2026-08-25T10:28:10.104Z
1996,France,2303,Australia,16500,primary,"https://data.api.abs.gov.au/rest/data/ABS,ABS_ERP_COB_STATE,1.0.0/all?format=csv",2026-08-25T10:28:10.104Z
1996,French Guiana,8208,Australia,0,primary,"https://data.api.abs.gov.au/rest/data/ABS,ABS_ERP_COB_STATE,1.0.0/all?format=csv",2026-08-25T10:28:10.104Z
1996,French Polynesia,1503,Australia,0,primary,"https://data.api.abs.gov.au/rest/data/ABS,ABS_ERP_COB_STATE,1.0.0/all?format=csv",2026-08-25T10:28:10.104Z
1996,Gabon,9113,Australia,0,primary,"https://data.api.abs.gov.au/rest/data/ABS,ABS_ERP_COB_STATE,1.0.0/all?format=csv",2026-08-25T10:28:10.104Z
1996,Gambia,9114,Australia,0,primary,"https://data.api.abs.gov.au/rest/data/ABS,ABS_ERP_COB_STATE,1.0.0/all?format=csv",2026-08-25T10:28:10.104Z
1996,Georgia,7204,Australia,0,primary,"https://data.api.abs.gov.au/rest/data/ABS,ABS_ERP_COB_STATE,1.0.0/all?format=csv",2026-08-25T10:28:10.104Z
1996,Germany,2304,Australia,121910,primary,"https://data.api.abs.gov.au/rest/data/ABS,ABS_ERP_COB_STATE,1.0.0/all?format=csv",2026-08-25T10:28:10.104Z
1996,Ghana,9115,Australia,0,primary,"https://data.api.abs.gov.au/rest/data/ABS,ABS_ERP_COB_STATE,1.0.0/all?format=csv",2026-08-25T10:28:10.104Z
1996,Gibraltar,3102,Australia,0,primary,"https://data.api.abs.gov.au/rest/data/ABS,ABS_ERP_COB_STATE,1.0.0/all?format=csv",2026-08-25T10:28:10.104Z
1996,Greece,3207,Australia,138080,primary,"https://data.api.abs.gov.au/rest/data/ABS,ABS_ERP_COB_STATE,1.0.0/all?format=csv",2026-08-25T10:28:10.104Z
1996,Greenland,2404,Australia,0,primary,"https://data.api.abs.gov.au/rest/data/ABS,ABS_ERP_COB_STATE,1.0.0/all?format=csv",2026-08-25T10:28:10.104Z
1996,Grenada,8412,Australia,0,primary,"https://data.api.abs.gov.au/rest/data/ABS,ABS_ERP_COB_STATE,1.0.0/all?format=csv",2026-08-25T10:28:10.104Z
1996,Guadeloupe,8413,Australia,0,primary,"https://data.api.abs.gov.au/rest/data/ABS,ABS_ERP_COB_STATE,1.0.0/all?format=csv",2026-08-25T10:28:10.104Z
1996,Guam,1401,Australia,0,primary,"https://data.api.abs.gov.au/rest/data/ABS,ABS_ERP_COB_STATE,1.0.0/all?format=csv",2026-08-25T10:28:10.104Z
1996,Guatemala,8304,Australia,0,primary,"https://data.api.abs.gov.au/rest/data/ABS,ABS_ERP_COB_STATE,1.0.0/all?format=csv",2026-08-25T10:28:10.104Z
1996,Guernsey,2107,Australia,0,primary,"https://data.api.abs.gov.au/rest/data/ABS,ABS_ERP_COB_STATE,1.0.0/all?format=csv",2026-08-25T10:28:10.104Z
1996,Guinea,9116,Australia,0,primary,"https://data.api.abs.gov.au/rest/data/ABS,ABS_ERP_COB_STATE,1.0.0/all?format=csv",2026-08-25T10:28:10.104Z
1996,Guinea-Bissau,9117,Australia,0,primary,"https://data.api.abs.gov.au/rest/data/ABS,ABS_ERP_COB_STATE,1.0.0/all?format=csv",2026-08-25T10:28:10.104Z
1996,Guyana,8211,Australia,0,primary,"https://data.api.abs.gov.au/rest/data/ABS,ABS_ERP_COB_STATE,1.0.0/all?format=csv",2026-08-25T10:28:10.104Z
1996,Haiti,8414,Australia,0,primary,"https://data.api.abs.gov.au/rest/data/ABS,ABS_ERP_COB_STATE,1.0.0/all?format=csv",2026-08-25T10:28:10.104Z
1996,Holy See,3103,Australia,0,primary,"https://data.api.abs.gov.au/rest/data/ABS,ABS_ERP_COB_STATE,1.0.0/all?format=csv",2026-08-25T10:28:10.104Z
1996,Honduras,8305,Australia,0,primary,"https://data.api.abs.gov.au/rest/data/ABS,ABS_ERP_COB_STATE,1.0.0/all?format=csv",2026-08-25T10:28:10.104Z
1996,Hong Kong (SAR of China),6102,Australia,0,primary,"https://data.api.abs.gov.au/rest/data/ABS,ABS_ERP_COB_STATE,1.0.0/all?format=csv",2026-08-25T10:28:10.104Z
1996,Hungary,3304,Australia,27750,primary,"https://data.api.abs.gov.au/rest/data/ABS,ABS_ERP_COB_STATE,1.0.0/all?format=csv",2026-08-25T10:28:10.104Z
1996,Iceland,2405,Australia,0,primary,"https://data.api.abs.gov.au/rest/data/ABS,ABS_ERP_COB_STATE,1.0.0/all?format=csv",2026-08-25T10:28:10.104Z
1996,Inadequately Described,X_0000,Australia,1762270,primary,"https://data.api.abs.gov.au/rest/data/ABS,ABS_ERP_COB_STATE,1.0.0/all?format=csv",2026-08-25T10:28:10.104Z
1996,India,7103,Australia,80470,primary,"https://data.api.abs.gov.au/rest/data/ABS,ABS_ERP_COB_STATE,1.0.0/all?format=csv",2026-08-25T10:28:10.104Z
1996,Indonesia,5202,Australia,49020,primary,"https://data.api.abs.gov.au/rest/data/ABS,ABS_ERP_COB_STATE,1.0.0/all?format=csv",2026-08-25T10:28:10.104Z
1996,Iran,4203,Australia,19260,primary,"https://data.api.abs.gov.au/rest/data/ABS,ABS_ERP_COB_STATE,1.0.0/all?format=csv",2026-08-25T10:28:10.104Z
1996,Iraq,4204,Australia,0,primary,"https://data.api.abs.gov.au/rest/data/ABS,ABS_ERP_COB_STATE,1.0.0/all?format=csv",2026-08-25T10:28:10.104Z
1996,Ireland,2201,Australia,53850,primary,"https://data.api.abs.gov.au/rest/data/ABS,ABS_ERP_COB_STATE,1.0.0/all?format=csv",2026-08-25T10:28:10.104Z
1996,Isle of Man,2103,Australia,0,primary,"https://data.api.abs.gov.au/rest/data/ABS,ABS_ERP_COB_STATE,1.0.0/all?format=csv",2026-08-25T10:28:10.104Z
1996,Israel,4205,Australia,7110,primary,"https://data.api.abs.gov.au/rest/data/ABS,ABS_ERP_COB_STATE,1.0.0/all?format=csv",2026-08-25T10:28:10.104Z
1996,Italy,3104,Australia,250360,primary,"https://data.api.abs.gov.au/rest/data/ABS,ABS_ERP_COB_STATE,1.0.0/all?format=csv",2026-08-25T10:28:10.104Z
1996,Jamaica,8415,Australia,0,primary,"https://data.api.abs.gov.au/rest/data/ABS,ABS_ERP_COB_STATE,1.0.0/all?format=csv",2026-08-25T10:28:10.104Z
1996,Japan,6201,Australia,25280,primary,"https://data.api.abs.gov.au/rest/data/ABS,ABS_ERP_COB_STATE,1.0.0/all?format=csv",2026-08-25T10:28:10.104Z
1996,Jersey,2108,Australia,0,primary,"https://data.api.abs.gov.au/rest/data/ABS,ABS_ERP_COB_STATE,1.0.0/all?format=csv",2026-08-25T10:28:10.104Z
1996,Jordan,4206,Australia,0,primary,"https://data.api.abs.gov.au/rest/data/ABS,ABS_ERP_COB_STATE,1.0.0/all?format=csv",2026-08-25T10:28:10.104Z
1996,Kazakhstan,7205,Australia,0,primary,"https://data.api.abs.gov.au/rest/data/ABS,ABS_ERP_COB_STATE,1.0.0/all?format=csv",2026-08-25T10:28:10.104Z
1996,Kenya,9208,Australia,0,primary,"https://data.api.abs.gov.au/rest/data/ABS,ABS_ERP_COB_STATE,1.0.0/all?format=csv",2026-08-25T10:28:10.104Z
1996,Kiribati,1402,Australia,0,primary,"https://data.api.abs.gov.au/rest/data/ABS,ABS_ERP_COB_STATE,1.0.0/all?format=csv",2026-08-25T10:28:10.104Z
1996,"Korea, Democratic People's Republic of (North)",6202,Australia,0,primary,"https://data.api.abs.gov.au/rest/data/ABS,ABS_ERP_COB_STATE,1.0.0/all?format=csv",2026-08-25T10:28:10.104Z
1996,"Korea, Republic of (South)",6203,Australia,30470,primary,"https://data.api.abs.gov.au/rest/data/ABS,ABS_ERP_COB_STATE,1.0.0/all?format=csv",2026-08-25T10:28:10.104Z
1996,Kosovo,3216,Australia,0,primary,"https://data.api.abs.gov.au/rest/data/ABS,ABS_ERP_COB_STATE,1.0.0/all?format=csv",2026-08-25T10:28:10.104Z
1996,Kuwait,4207,Australia,0,primary,"https://data.api.abs.gov.au/rest/data/ABS,ABS_ERP_COB_STATE,1.0.0/all?format=csv",2026-08-25T10:28:10.104Z
1996,Kyrgyzstan,7206,Australia,0,primary,"https://data.api.abs.gov.au/rest/data/ABS,ABS_ERP_COB_STATE,1.0.0/all?format=csv",2026-08-25T10:28:10.104Z
1996,Laos,5103,Australia,11020,primary,"https://data.api.abs.gov.au/rest/data/ABS,ABS_ERP_COB_STATE,1.0.0/all?format=csv",2026-08-25T10:28:10.104Z
1996,Latvia,3305,Australia,9180,primary,"https://data.api.abs.gov.au/rest/data/ABS,ABS_ERP_COB_STATE,1.0.0/all?format=csv",2026-08-25T10:28:10.104Z
1996,Lebanon,4208,Australia,77670,primary,"https://data.api.abs.gov.au/rest/data/ABS,ABS_ERP_COB_STATE,1.0.0/all?format=csv",2026-08-25T10:28:10.104Z
1996,Lesotho,9211,Australia,0,primary,"https://data.api.abs.gov.au/rest/data/ABS,ABS_ERP_COB_STATE,1.0.0/all?format=csv",2026-08-25T10:28:10.104Z
1996,Liberia,9118,Australia,0,primary,"https://data.api.abs.gov.au/rest/data/ABS,ABS_ERP_COB_STATE,1.0.0/all?format=csv",2026-08-25T10:28:10.104Z
1996,Libya,4103,Australia,0,primary,"https://data.api.abs.gov.au/rest/data/ABS,ABS_ERP_COB_STATE,1.0.0/all?format=csv",2026-08-25T10:28:10.104Z
1996,Liechtenstein,2305,Australia,0,primary,"https://data.api.abs.gov.au/rest/data/ABS,ABS_ERP_COB_STATE,1.0.0/all?format=csv",2026-08-25T10:28:10.104Z
1996,Lithuania,3306,Australia,4700,primary,"https://data.api.abs.gov.au/rest/data/ABS,ABS_ERP_COB_STATE,1.0.0/all?format=csv",2026-08-25T10:28:10.104Z
1996,Luxembourg,2306,Australia,0,primary,"https://data.api.abs.gov.au/rest/data/ABS,ABS_ERP_COB_STATE,1.0.0/all?format=csv",2026-08-25T10:28:10.104Z
1996,Macau (SAR of China),6103,Australia,0,primary,"https://data.api.abs.gov.au/rest/data/ABS,ABS_ERP_COB_STATE,1.0.0/all?format=csv",2026-08-25T10:28:10.104Z
1996,Madagascar,9212,Australia,0,primary,"https://data.api.abs.gov.au/rest/data/ABS,ABS_ERP_COB_STATE,1.0.0/all?format=csv",2026-08-25T10:28:10.104Z
1996,Malawi,9213,Australia,0,primary,"https://data.api.abs.gov.au/rest/data/ABS,ABS_ERP_COB_STATE,1.0.0/all?format=csv",2026-08-25T10:28:10.104Z
1996,Malaysia,5203,Australia,0,primary,"https://data.api.abs.gov.au/rest/data/ABS,ABS_ERP_COB_STATE,1.0.0/all?format=csv",2026-08-25T10:28:10.104Z
1996,Maldives,7104,Australia,0,primary,"https://data.api.abs.gov.au/rest/data/ABS,ABS_ERP_COB_STATE,1.0.0/all?format=csv",2026-08-25T10:28:10.104Z
1996,Mali,9121,Australia,0,primary,"https://data.api.abs.gov.au/rest/data/ABS,ABS_ERP_COB_STATE,1.0.0/all?format=csv",2026-08-25T10:28:10.104Z
1996,Malta,3105,Australia,55980,primary,"https://data.api.abs.gov.au/rest/data/ABS,ABS_ERP_COB_STATE,1.0.0/all?format=csv",2026-08-25T10:28:10.104Z
1996,Marshall Islands,1403,Australia,0,primary,"https://data.api.abs.gov.au/rest/data/ABS,ABS_ERP_COB_STATE,1.0.0/all?format=csv",2026-08-25T10:28:10.104Z
1996,Martinique,8416,Australia,0,primary,"https://data.api.abs.gov.au/rest/data/ABS,ABS_ERP_COB_STATE,1.0.0/all?format=csv",2026-08-25T10:28:10.104Z
1996,Mauritania,9122,Australia,0,primary,"https://data.api.abs.gov.au/rest/data/ABS,ABS_ERP_COB_STATE,1.0.0/all?format=csv",2026-08-25T10:28:10.104Z
1996,Mauritius,9214,Australia,19020,primary,"https://data.api.abs.gov.au/rest/data/ABS,ABS_ERP_COB_STATE,1.0.0/all?format=csv",2026-08-25T10:28:10.104Z
1996,Mayotte,9215,Australia,0,primary,"https://data.api.abs.gov.au/rest/data/ABS,ABS_ERP_COB_STATE,1.0.0/all?format=csv",2026-08-25T10:28:10.104Z
1996,Mexico,8306,Australia,0,primary,"https://data.api.abs.gov.au/rest/data/ABS,ABS_ERP_COB_STATE,1.0.0/all?format=csv",2026-08-25T10:28:10.104Z
1996,"Micronesia, Federated States of",1404,Australia,0,primary,"https://data.api.abs.gov.au/rest/data/ABS,ABS_ERP_COB_STATE,1.0.0/all?format=csv",2026-08-25T10:28:10.104Z
1996,Moldova,3208,Australia,0,primary,"https://data.api.abs.gov.au/rest/data/ABS,ABS_ERP_COB_STATE,1.0.0/all?format=csv",2026-08-25T10:28:10.104Z
1996,Monaco,2307,Australia,0,primary,"https://data.api.abs.gov.au/rest/data/ABS,ABS_ERP_COB_STATE,1.0.0/all?format=csv",2026-08-25T10:28:10.104Z
1996,Mongolia,6104,Australia,0,primary,"https://data.api.abs.gov.au/rest/data/ABS,ABS_ERP_COB_STATE,1.0.0/all?format=csv",2026-08-25T10:28:10.104Z
1996,Montenegro,3214,Australia,0,primary,"https://data.api.abs.gov.au/rest/data/ABS,ABS_ERP_COB_STATE,1.0.0/all?format=csv",2026-08-25T10:28:10.104Z
1996,Montserrat,8417,Australia,0,primary,"https://data.api.abs.gov.au/rest/data/ABS,ABS_ERP_COB_STATE,1.0.0/all?format=csv",2026-08-25T10:28:10.104Z
1996,Morocco,4104,Australia,0,primary,"https://data.api.abs.gov.au/rest/data/ABS,ABS_ERP_COB_STATE,1.0.0/all?format=csv",2026-08-25T10:28:10.104Z
1996,Mozambique,9216,Australia,0,primary,"https://data.api.abs.gov.au/rest/data/ABS,ABS_ERP_COB_STATE,1.0.0/all?format=csv",2026-08-25T10:28:10.104Z
1996,"Myanmar, The Republic of the Union of",5101,Australia,11560,primary,"https://data.api.abs.gov.au/rest/data/ABS,ABS_ERP_COB_STATE,1.0.0/all?format=csv",2026-08-25T10:28:10.104Z
1996,Namibia,9217,Australia,0,primary,"https://data.api.abs.gov.au/rest/data/ABS,ABS_ERP_COB_STATE,1.0.0/all?format=csv",2026-08-25T10:28:10.104Z
1996,Nauru,1405,Australia,0,primary,"https://data.api.abs.gov.au/rest/data/ABS,ABS_ERP_COB_STATE,1.0.0/all?format=csv",2026-08-25T10:28:10.104Z
1996,Nepal,7105,Australia,0,primary,"https://data.api.abs.gov.au/rest/data/ABS,ABS_ERP_COB_STATE,1.0.0/all?format=csv",2026-08-25T10:28:10.104Z
1996,Netherlands,2308,Australia,96370,primary,"https://data.api.abs.gov.au/rest/data/ABS,ABS_ERP_COB_STATE,1.0.0/all?format=csv",2026-08-25T10:28:10.104Z
1996,New Caledonia,1301,Australia,0,primary,"https://data.api.abs.gov.au/rest/data/ABS,ABS_ERP_COB_STATE,1.0.0/all?format=csv",2026-08-25T10:28:10.104Z
1996,New Zealand,1201,Australia,312240,primary,"https://data.api.abs.gov.au/rest/data/ABS,ABS_ERP_COB_STATE,1.0.0/all?format=csv",2026-08-25T10:28:10.104Z
1996,Nicaragua,8307,Australia,0,primary,"https://data.api.abs.gov.au/rest/data/ABS,ABS_ERP_COB_STATE,1.0.0/all?format=csv",2026-08-25T10:28:10.104Z
1996,Niger,9123,Australia,0,primary,"https://data.api.abs.gov.au/rest/data/ABS,ABS_ERP_COB_STATE,1.0.0/all?format=csv",2026-08-25T10:28:10.104Z
1996,Nigeria,9124,Australia,0,primary,"https://data.api.abs.gov.au/rest/data/ABS,ABS_ERP_COB_STATE,1.0.0/all?format=csv",2026-08-25T10:28:10.104Z
1996,Niue,1504,Australia,0,primary,"https://data.api.abs.gov.au/rest/data/ABS,ABS_ERP_COB_STATE,1.0.0/all?format=csv",2026-08-25T10:28:10.104Z
1996,Norfolk Island,1102,Australia,0,primary,"https://data.api.abs.gov.au/rest/data/ABS,ABS_ERP_COB_STATE,1.0.0/all?format=csv",2026-08-25T10:28:10.104Z
1996,North Macedonia,3206,Australia,0,primary,"https://data.api.abs.gov.au/rest/data/ABS,ABS_ERP_COB_STATE,1.0.0/all?format=csv",2026-08-25T10:28:10.104Z
1996,Northern Ireland,2104,Australia,0,primary,"https://data.api.abs.gov.au/rest/data/ABS,ABS_ERP_COB_STATE,1.0.0/all?format=csv",2026-08-25T10:28:10.104Z
1996,Northern Mariana Islands,1406,Australia,0,primary,"https://data.api.abs.gov.au/rest/data/ABS,ABS_ERP_COB_STATE,1.0.0/all?format=csv",2026-08-25T10:28:10.104Z
1996,Norway,2406,Australia,0,primary,"https://data.api.abs.gov.au/rest/data/ABS,ABS_ERP_COB_STATE,1.0.0/all?format=csv",2026-08-25T10:28:10.104Z
1996,Oman,4211,Australia,0,primary,"https://data.api.abs.gov.au/rest/data/ABS,ABS_ERP_COB_STATE,1.0.0/all?format=csv",2026-08-25T10:28:10.104Z
1996,Pakistan,7106,Australia,0,primary,"https://data.api.abs.gov.au/rest/data/ABS,ABS_ERP_COB_STATE,1.0.0/all?format=csv",2026-08-25T10:28:10.104Z
1996,Palau,1407,Australia,0,primary,"https://data.api.abs.gov.au/rest/data/ABS,ABS_ERP_COB_STATE,1.0.0/all?format=csv",2026-08-25T10:28:10.104Z
1996,Palestine,4202,Australia,0,primary,"https://data.api.abs.gov.au/rest/data/ABS,ABS_ERP_COB_STATE,1.0.0/all?format=csv",2026-08-25T10:28:10.104Z
1996,Panama,8308,Australia,0,primary,"https://data.api.abs.gov.au/rest/data/ABS,ABS_ERP_COB_STATE,1.0.0/all?format=csv",2026-08-25T10:28:10.104Z
1996,Papua New Guinea,1302,Australia,26120,primary,"https://data.api.abs.gov.au/rest/data/ABS,ABS_ERP_COB_STATE,1.0.0/all?format=csv",2026-08-25T10:28:10.104Z
1996,Paraguay,8212,Australia,0,primary,"https://data.api.abs.gov.au/rest/data/ABS,ABS_ERP_COB_STATE,1.0.0/all?format=csv",2026-08-25T10:28:10.104Z
1996,Peru,8213,Australia,0,primary,"https://data.api.abs.gov.au/rest/data/ABS,ABS_ERP_COB_STATE,1.0.0/all?format=csv",2026-08-25T10:28:10.104Z
1996,Philippines,5204,Australia,104820,primary,"https://data.api.abs.gov.au/rest/data/ABS,ABS_ERP_COB_STATE,1.0.0/all?format=csv",2026-08-25T10:28:10.104Z
1996,Pitcairn Islands,1513,Australia,0,primary,"https://data.api.abs.gov.au/rest/data/ABS,ABS_ERP_COB_STATE,1.0.0/all?format=csv",2026-08-25T10:28:10.104Z
1996,Poland,3307,Australia,72420,primary,"https://data.api.abs.gov.au/rest/data/ABS,ABS_ERP_COB_STATE,1.0.0/all?format=csv",2026-08-25T10:28:10.104Z
1996,"Polynesia (excludes Hawaii), nec",1599,Australia,0,primary,"https://data.api.abs.gov.au/rest/data/ABS,ABS_ERP_COB_STATE,1.0.0/all?format=csv",2026-08-25T10:28:10.104Z
1996,Portugal,3106,Australia,18660,primary,"https://data.api.abs.gov.au/rest/data/ABS,ABS_ERP_COB_STATE,1.0.0/all?format=csv",2026-08-25T10:28:10.104Z
1996,Puerto Rico,8421,Australia,0,primary,"https://data.api.abs.gov.au/rest/data/ABS,ABS_ERP_COB_STATE,1.0.0/all?format=csv",2026-08-25T10:28:10.104Z
1996,Qatar,4212,Australia,0,primary,"https://data.api.abs.gov.au/rest/data/ABS,ABS_ERP_COB_STATE,1.0.0/all?format=csv",2026-08-25T10:28:10.104Z
1996,Queen Maud Land (Norway),1606,Australia,0,primary,"https://data.api.abs.gov.au/rest/data/ABS,ABS_ERP_COB_STATE,1.0.0/all?format=csv",2026-08-25T10:28:10.104Z
1996,Reunion,9218,Australia,0,primary,"https://data.api.abs.gov.au/rest/data/ABS,ABS_ERP_COB_STATE,1.0.0/all?format=csv",2026-08-25T10:28:10.104Z
1996,Romania,3211,Australia,13130,primary,"https://data.api.abs.gov.au/rest/data/ABS,ABS_ERP_COB_STATE,1.0.0/all?format=csv",2026-08-25T10:28:10.104Z
1996,Ross Dependency (New Zealand),1607,Australia,0,primary,"https://data.api.abs.gov.au/rest/data/ABS,ABS_ERP_COB_STATE,1.0.0/all?format=csv",2026-08-25T10:28:10.104Z
1996,Russian Federation,3308,Australia,0,primary,"https://data.api.abs.gov.au/rest/data/ABS,ABS_ERP_COB_STATE,1.0.0/all?format=csv",2026-08-25T10:28:10.104Z
1996,Rwanda,9221,Australia,0,primary,"https://data.api.abs.gov.au/rest/data/ABS,ABS_ERP_COB_STATE,1.0.0/all?format=csv",2026-08-25T10:28:10.104Z
1996,Samoa,1505,Australia,0,primary,"https://data.api.abs.gov.au/rest/data/ABS,ABS_ERP_COB_STATE,1.0.0/all?format=csv",2026-08-25T10:28:10.104Z
1996,"Samoa, American",1506,Australia,0,primary,"https://data.api.abs.gov.au/rest/data/ABS,ABS_ERP_COB_STATE,1.0.0/all?format=csv",2026-08-25T10:28:10.104Z
1996,San Marino,3107,Australia,0,primary,"https://data.api.abs.gov.au/rest/data/ABS,ABS_ERP_COB_STATE,1.0.0/all?format=csv",2026-08-25T10:28:10.104Z
1996,Sao Tome and Principe,9125,Australia,0,primary,"https://data.api.abs.gov.au/rest/data/ABS,ABS_ERP_COB_STATE,1.0.0/all?format=csv",2026-08-25T10:28:10.104Z
1996,Saudi Arabia,4213,Australia,0,primary,"https://data.api.abs.gov.au/rest/data/ABS,ABS_ERP_COB_STATE,1.0.0/all?format=csv",2026-08-25T10:28:10.104Z
1996,Scotland,2105,Australia,0,primary,"https://data.api.abs.gov.au/rest/data/ABS,ABS_ERP_COB_STATE,1.0.0/all?format=csv",2026-08-25T10:28:10.104Z
1996,Senegal,9126,Australia,0,primary,"https://data.api.abs.gov.au/rest/data/ABS,ABS_ERP_COB_STATE,1.0.0/all?format=csv",2026-08-25T10:28:10.104Z
1996,Serbia,3215,Australia,0,primary,"https://data.api.abs.gov.au/rest/data/ABS,ABS_ERP_COB_STATE,1.0.0/all?format=csv",2026-08-25T10:28:10.104Z
1996,Seychelles,9223,Australia,0,primary,"https://data.api.abs.gov.au/rest/data/ABS,ABS_ERP_COB_STATE,1.0.0/all?format=csv",2026-08-25T10:28:10.104Z
1996,Sierra Leone,9127,Australia,0,primary,"https://data.api.abs.gov.au/rest/data/ABS,ABS_ERP_COB_STATE,1.0.0/all?format=csv",2026-08-25T10:28:10.104Z
1996,Singapore,5205,Australia,31260,primary,"https://data.api.abs.gov.au/rest/data/ABS,ABS_ERP_COB_STATE,1.0.0/all?format=csv",2026-08-25T10:28:10.104Z
1996,Sint Maarten (Dutch part),8435,Australia,0,primary,"https://data.api.abs.gov.au/rest/data/ABS,ABS_ERP_COB_STATE,1.0.0/all?format=csv",2026-08-25T10:28:10.104Z
1996,Slovakia,3311,Australia,0,primary,"https://data.api.abs.gov.au/rest/data/ABS,ABS_ERP_COB_STATE,1.0.0/all?format=csv",2026-08-25T10:28:10.104Z
1996,Slovenia,3212,Australia,0,primary,"https://data.api.abs.gov.au/rest/data/ABS,ABS_ERP_COB_STATE,1.0.0/all?format=csv",2026-08-25T10:28:10.104Z
1996,Solomon Islands,1303,Australia,0,primary,"https://data.api.abs.gov.au/rest/data/ABS,ABS_ERP_COB_STATE,1.0.0/all?format=csv",2026-08-25T10:28:10.104Z
1996,Somalia,9224,Australia,0,primary,"https://data.api.abs.gov.au/rest/data/ABS,ABS_ERP_COB_STATE,1.0.0/all?format=csv",2026-08-25T10:28:10.104Z
1996,South Africa,9225,Australia,61810,primary,"https://data.api.abs.gov.au/rest/data/ABS,ABS_ERP_COB_STATE,1.0.0/all?format=csv",2026-08-25T10:28:10.104Z
1996,"South America, nec",8299,Australia,0,primary,"https://data.api.abs.gov.au/rest/data/ABS,ABS_ERP_COB_STATE,1.0.0/all?format=csv",2026-08-25T10:28:10.104Z
1996,South Sudan,4111,Australia,0,primary,"https://data.api.abs.gov.au/rest/data/ABS,ABS_ERP_COB_STATE,1.0.0/all?format=csv",2026-08-25T10:28:10.104Z
1996,"Southern and East Africa, nec",9299,Australia,0,primary,"https://data.api.abs.gov.au/rest/data/ABS,ABS_ERP_COB_STATE,1.0.0/all?format=csv",2026-08-25T10:28:10.104Z
1996,Spain,3108,Australia,14710,primary,"https://data.api.abs.gov.au/rest/data/ABS,ABS_ERP_COB_STATE,1.0.0/all?format=csv",2026-08-25T10:28:10.104Z
1996,Spanish North Africa,4108,Australia,0,primary,"https://data.api.abs.gov.au/rest/data/ABS,ABS_ERP_COB_STATE,1.0.0/all?format=csv",2026-08-25T10:28:10.104Z
1996,Sri Lanka,7107,Australia,53880,primary,"https://data.api.abs.gov.au/rest/data/ABS,ABS_ERP_COB_STATE,1.0.0/all?format=csv",2026-08-25T10:28:10.104Z
1996,St Barthelemy,8431,Australia,0,primary,"https://data.api.abs.gov.au/rest/data/ABS,ABS_ERP_COB_STATE,1.0.0/all?format=csv",2026-08-25T10:28:10.104Z
1996,St Helena,9222,Australia,0,primary,"https://data.api.abs.gov.au/rest/data/ABS,ABS_ERP_COB_STATE,1.0.0/all?format=csv",2026-08-25T10:28:10.104Z
1996,St Kitts and Nevis,8422,Australia,0,primary,"https://data.api.abs.gov.au/rest/data/ABS,ABS_ERP_COB_STATE,1.0.0/all?format=csv",2026-08-25T10:28:10.104Z
1996,St Lucia,8423,Australia,0,primary,"https://data.api.abs.gov.au/rest/data/ABS,ABS_ERP_COB_STATE,1.0.0/all?format=csv",2026-08-25T10:28:10.104Z
1996,St Martin (French part),8432,Australia,0,primary,"https://data.api.abs.gov.au/rest/data/ABS,ABS_ERP_COB_STATE,1.0.0/all?format=csv",2026-08-25T10:28:10.104Z
1996,St Pierre and Miquelon,8103,Australia,0,primary,"https://data.api.abs.gov.au/rest/data/ABS,ABS_ERP_COB_STATE,1.0.0/all?format=csv",2026-08-25T10:28:10.104Z
1996,St Vincent and the Grenadines,8424,Australia,0,primary,"https://data.api.abs.gov.au/rest/data/ABS,ABS_ERP_COB_STATE,1.0.0/all?format=csv",2026-08-25T10:28:10.104Z
1996,Sudan,4105,Australia,0,primary,"https://data.api.abs.gov.au/rest/data/ABS,ABS_ERP_COB_STATE,1.0.0/all?format=csv",2026-08-25T10:28:10.104Z
1996,Suriname,8214,Australia,0,primary,"https://data.api.abs.gov.au/rest/data/ABS,ABS_ERP_COB_STATE,1.0.0/all?format=csv",2026-08-25T10:28:10.104Z
1996,Sweden,2407,Australia,0,primary,"https://data.api.abs.gov.au/rest/data/ABS,ABS_ERP_COB_STATE,1.0.0/all?format=csv",2026-08-25T10:28:10.104Z
1996,Switzerland,2311,Australia,11050,primary,"https://data.api.abs.gov.au/rest/data/ABS,ABS_ERP_COB_STATE,1.0.0/all?format=csv",2026-08-25T10:28:10.104Z
1996,Syria,4214,Australia,0,primary,"https://data.api.abs.gov.au/rest/data/ABS,ABS_ERP_COB_STATE,1.0.0/all?format=csv",2026-08-25T10:28:10.104Z
1996,Taiwan,6105,Australia,0,primary,"https://data.api.abs.gov.au/rest/data/ABS,ABS_ERP_COB_STATE,1.0.0/all?format=csv",2026-08-25T10:28:10.104Z
1996,Tajikistan,7207,Australia,0,primary,"https://data.api.abs.gov.au/rest/data/ABS,ABS_ERP_COB_STATE,1.0.0/all?format=csv",2026-08-25T10:28:10.104Z
1996,Tanzania,9227,Australia,0,primary,"https://data.api.abs.gov.au/rest/data/ABS,ABS_ERP_COB_STATE,1.0.0/all?format=csv",2026-08-25T10:28:10.104Z
1996,Thailand,5104,Australia,19890,primary,"https://data.api.abs.gov.au/rest/data/ABS,ABS_ERP_COB_STATE,1.0.0/all?format=csv",2026-08-25T10:28:10.104Z
1996,Timor-Leste,5206,Australia,0,primary,"https://data.api.abs.gov.au/rest/data/ABS,ABS_ERP_COB_STATE,1.0.0/all?format=csv",2026-08-25T10:28:10.104Z
1996,Togo,9128,Australia,0,primary,"https://data.api.abs.gov.au/rest/data/ABS,ABS_ERP_COB_STATE,1.0.0/all?format=csv",2026-08-25T10:28:10.104Z
1996,Tokelau,1507,Australia,0,primary,"https://data.api.abs.gov.au/rest/data/ABS,ABS_ERP_COB_STATE,1.0.0/all?format=csv",2026-08-25T10:28:10.104Z
1996,Tonga,1508,Australia,0,primary,"https://data.api.abs.gov.au/rest/data/ABS,ABS_ERP_COB_STATE,1.0.0/all?format=csv",2026-08-25T10:28:10.104Z
1996,Total,TOT,Australia,18224770,primary,"https://data.api.abs.gov.au/rest/data/ABS,ABS_ERP_COB_STATE,1.0.0/all?format=csv",2026-08-25T10:28:10.104Z
1996,Trinidad and Tobago,8425,Australia,0,primary,"https://data.api.abs.gov.au/rest/data/ABS,ABS_ERP_COB_STATE,1.0.0/all?format=csv",2026-08-25T10:28:10.104Z
1996,Tunisia,4106,Australia,0,primary,"https://data.api.abs.gov.au/rest/data/ABS,ABS_ERP_COB_STATE,1.0.0/all?format=csv",2026-08-25T10:28:10.104Z
1996,Türkiye,4215,Australia,32100,primary,"https://data.api.abs.gov.au/rest/data/ABS,ABS_ERP_COB_STATE,1.0.0/all?format=csv",2026-08-25T10:28:10.104Z
1996,Turkmenistan,7208,Australia,0,primary,"https://data.api.abs.gov.au/rest/data/ABS,ABS_ERP_COB_STATE,1.0.0/all?format=csv",2026-08-25T10:28:10.104Z
1996,Turks and Caicos Islands,8426,Australia,0,primary,"https://data.api.abs.gov.au/rest/data/ABS,ABS_ERP_COB_STATE,1.0.0/all?format=csv",2026-08-25T10:28:10.104Z
1996,Tuvalu,1511,Australia,0,primary,"https://data.api.abs.gov.au/rest/data/ABS,ABS_ERP_COB_STATE,1.0.0/all?format=csv",2026-08-25T10:28:10.104Z
1996,Uganda,9228,Australia,0,primary,"https://data.api.abs.gov.au/rest/data/ABS,ABS_ERP_COB_STATE,1.0.0/all?format=csv",2026-08-25T10:28:10.104Z
1996,Ukraine,3312,Australia,17560,primary,"https://data.api.abs.gov.au/rest/data/ABS,ABS_ERP_COB_STATE,1.0.0/all?format=csv",2026-08-25T10:28:10.104Z
1996,United Arab Emirates,4216,Australia,0,primary,"https://data.api.abs.gov.au/rest/data/ABS,ABS_ERP_COB_STATE,1.0.0/all?format=csv",2026-08-25T10:28:10.104Z
1996,United States of America,8104,Australia,56050,primary,"https://data.api.abs.gov.au/rest/data/ABS,ABS_ERP_COB_STATE,1.0.0/all?format=csv",2026-08-25T10:28:10.104Z
1996,Uruguay,8215,Australia,10980,primary,"https://data.api.abs.gov.au/rest/data/ABS,ABS_ERP_COB_STATE,1.0.0/all?format=csv",2026-08-25T10:28:10.104Z
1996,Uzbekistan,7211,Australia,0,primary,"https://data.api.abs.gov.au/rest/data/ABS,ABS_ERP_COB_STATE,1.0.0/all?format=csv",2026-08-25T10:28:10.104Z
1996,Vanuatu,1304,Australia,0,primary,"https://data.api.abs.gov.au/rest/data/ABS,ABS_ERP_COB_STATE,1.0.0/all?format=csv",2026-08-25T10:28:10.104Z
1996,"Venezuela, Bolivarian Republic of",8216,Australia,0,primary,"https://data.api.abs.gov.au/rest/data/ABS,ABS_ERP_COB_STATE,1.0.0/all?format=csv",2026-08-25T10:28:10.104Z
1996,Vietnam,5105,Australia,158740,primary,"https://data.api.abs.gov.au/rest/data/ABS,ABS_ERP_COB_STATE,1.0.0/all?format=csv",2026-08-25T10:28:10.104Z
1996,"Virgin Islands, British",8427,Australia,0,primary,"https://data.api.abs.gov.au/rest/data/ABS,ABS_ERP_COB_STATE,1.0.0/all?format=csv",2026-08-25T10:28:10.104Z
1996,"Virgin Islands, United States",8428,Australia,0,primary,"https://data.api.abs.gov.au/rest/data/ABS,ABS_ERP_COB_STATE,1.0.0/all?format=csv",2026-08-25T10:28:10.104Z
1996,Wales,2106,Australia,0,primary,"https://data.api.abs.gov.au/rest/data/ABS,ABS_ERP_COB_STATE,1.0.0/all?format=csv",2026-08-25T10:28:10.104Z
1996,Wallis and Futuna,1512,Australia,0,primary,"https://data.api.abs.gov.au/rest/data/ABS,ABS_ERP_COB_STATE,1.0.0/all?format=csv",2026-08-25T10:28:10.104Z
1996,Western Sahara,4107,Australia,0,primary,"https://data.api.abs.gov.au/rest/data/ABS,ABS_ERP_COB_STATE,1.0.0/all?format=csv",2026-08-25T10:28:10.104Z
1996,Yemen,4217,Australia,0,primary,"https://data.api.abs.gov.au/rest/data/ABS,ABS_ERP_COB_STATE,1.0.0/all?format=csv",2026-08-25T10:28:10.104Z
1996,Zambia,9231,Australia,0,primary,"https://data.api.abs.gov.au/rest/data/ABS,ABS_ERP_COB_STATE,1.0.0/all?format=csv",2026-08-25T10:28:10.104Z
1996,Zimbabwe,9232,Australia,0,primary,"https://data.api.abs.gov.au/rest/data/ABS,ABS_ERP_COB_STATE,1.0.0/all?format=csv",2026-08-25T10:28:10.104Z
2001,Adelie Land (France),1601,Australia,0,primary,"https://data.api.abs.gov.au/rest/data/ABS,ABS_ERP_COB_STATE,1.0.0/all?format=csv",2026-08-25T10:28:10.104Z
2001,Afghanistan,7201,Australia,13860,primary,"https://data.api.abs.gov.au/rest/data/ABS,ABS_ERP_COB_STATE,1.0.0/all?format=csv",2026-08-25T10:28:10.104Z
2001,Aland Islands,2408,Australia,0,primary,"https://data.api.abs.gov.au/rest/data/ABS,ABS_ERP_COB_STATE,1.0.0/all?format=csv",2026-08-25T10:28:10.104Z
2001,Albania,3201,Australia,1620,primary,"https://data.api.abs.gov.au/rest/data/ABS,ABS_ERP_COB_STATE,1.0.0/all?format=csv",2026-08-25T10:28:10.104Z
2001,Algeria,4101,Australia,1240,primary,"https://data.api.abs.gov.au/rest/data/ABS,ABS_ERP_COB_STATE,1.0.0/all?format=csv",2026-08-25T10:28:10.104Z
2001,Andorra,3101,Australia,20,primary,"https://data.api.abs.gov.au/rest/data/ABS,ABS_ERP_COB_STATE,1.0.0/all?format=csv",2026-08-25T10:28:10.104Z
2001,Angola,9201,Australia,410,primary,"https://data.api.abs.gov.au/rest/data/ABS,ABS_ERP_COB_STATE,1.0.0/all?format=csv",2026-08-25T10:28:10.104Z
2001,Anguilla,8401,Australia,0,primary,"https://data.api.abs.gov.au/rest/data/ABS,ABS_ERP_COB_STATE,1.0.0/all?format=csv",2026-08-25T10:28:10.104Z
2001,Antigua and Barbuda,8402,Australia,30,primary,"https://data.api.abs.gov.au/rest/data/ABS,ABS_ERP_COB_STATE,1.0.0/all?format=csv",2026-08-25T10:28:10.104Z
2001,Argentina,8201,Australia,12030,primary,"https://data.api.abs.gov.au/rest/data/ABS,ABS_ERP_COB_STATE,1.0.0/all?format=csv",2026-08-25T10:28:10.104Z
2001,Argentinian Antarctic Territory,1602,Australia,0,primary,"https://data.api.abs.gov.au/rest/data/ABS,ABS_ERP_COB_STATE,1.0.0/all?format=csv",2026-08-25T10:28:10.104Z
2001,Armenia,7202,Australia,980,primary,"https://data.api.abs.gov.au/rest/data/ABS,ABS_ERP_COB_STATE,1.0.0/all?format=csv",2026-08-25T10:28:10.104Z
2001,Aruba,8403,Australia,50,primary,"https://data.api.abs.gov.au/rest/data/ABS,ABS_ERP_COB_STATE,1.0.0/all?format=csv",2026-08-25T10:28:10.104Z
2001,Australia,1101,Australia,14822350,primary,"https://data.api.abs.gov.au/rest/data/ABS,ABS_ERP_COB_STATE,1.0.0/all?format=csv",2026-08-25T10:28:10.104Z
2001,Australian Antarctic Territory,1603,Australia,0,primary,"https://data.api.abs.gov.au/rest/data/ABS,ABS_ERP_COB_STATE,1.0.0/all?format=csv",2026-08-25T10:28:10.104Z
2001,"Australian External Territories, nec",1199,Australia,10,primary,"https://data.api.abs.gov.au/rest/data/ABS,ABS_ERP_COB_STATE,1.0.0/all?format=csv",2026-08-25T10:28:10.104Z
2001,Austria,2301,Australia,21330,primary,"https://data.api.abs.gov.au/rest/data/ABS,ABS_ERP_COB_STATE,1.0.0/all?format=csv",2026-08-25T10:28:10.104Z
2001,Azerbaijan,7203,Australia,200,primary,"https://data.api.abs.gov.au/rest/data/ABS,ABS_ERP_COB_STATE,1.0.0/all?format=csv",2026-08-25T10:28:10.104Z
2001,Bahamas,8404,Australia,240,primary,"https://data.api.abs.gov.au/rest/data/ABS,ABS_ERP_COB_STATE,1.0.0/all?format=csv",2026-08-25T10:28:10.104Z
2001,Bahrain,4201,Australia,760,primary,"https://data.api.abs.gov.au/rest/data/ABS,ABS_ERP_COB_STATE,1.0.0/all?format=csv",2026-08-25T10:28:10.104Z
2001,Bangladesh,7101,Australia,9790,primary,"https://data.api.abs.gov.au/rest/data/ABS,ABS_ERP_COB_STATE,1.0.0/all?format=csv",2026-08-25T10:28:10.104Z
2001,Barbados,8405,Australia,350,primary,"https://data.api.abs.gov.au/rest/data/ABS,ABS_ERP_COB_STATE,1.0.0/all?format=csv",2026-08-25T10:28:10.104Z
2001,Belarus,3301,Australia,1360,primary,"https://data.api.abs.gov.au/rest/data/ABS,ABS_ERP_COB_STATE,1.0.0/all?format=csv",2026-08-25T10:28:10.104Z
2001,Belgium,2302,Australia,5380,primary,"https://data.api.abs.gov.au/rest/data/ABS,ABS_ERP_COB_STATE,1.0.0/all?format=csv",2026-08-25T10:28:10.104Z
2001,Belize,8301,Australia,50,primary,"https://data.api.abs.gov.au/rest/data/ABS,ABS_ERP_COB_STATE,1.0.0/all?format=csv",2026-08-25T10:28:10.104Z
2001,Benin,9101,Australia,20,primary,"https://data.api.abs.gov.au/rest/data/ABS,ABS_ERP_COB_STATE,1.0.0/all?format=csv",2026-08-25T10:28:10.104Z
2001,Bermuda,8101,Australia,420,primary,"https://data.api.abs.gov.au/rest/data/ABS,ABS_ERP_COB_STATE,1.0.0/all?format=csv",2026-08-25T10:28:10.104Z
2001,Bhutan,7102,Australia,70,primary,"https://data.api.abs.gov.au/rest/data/ABS,ABS_ERP_COB_STATE,1.0.0/all?format=csv",2026-08-25T10:28:10.104Z
2001,"Bolivia, Plurinational State of",8202,Australia,700,primary,"https://data.api.abs.gov.au/rest/data/ABS,ABS_ERP_COB_STATE,1.0.0/all?format=csv",2026-08-25T10:28:10.104Z
2001,"Bonaire, Sint Eustatius and Saba",8433,Australia,0,primary,"https://data.api.abs.gov.au/rest/data/ABS,ABS_ERP_COB_STATE,1.0.0/all?format=csv",2026-08-25T10:28:10.104Z
2001,Bosnia and Herzegovina,3202,Australia,28780,primary,"https://data.api.abs.gov.au/rest/data/ABS,ABS_ERP_COB_STATE,1.0.0/all?format=csv",2026-08-25T10:28:10.104Z
2001,Botswana,9202,Australia,750,primary,"https://data.api.abs.gov.au/rest/data/ABS,ABS_ERP_COB_STATE,1.0.0/all?format=csv",2026-08-25T10:28:10.104Z
2001,Brazil,8203,Australia,5120,primary,"https://data.api.abs.gov.au/rest/data/ABS,ABS_ERP_COB_STATE,1.0.0/all?format=csv",2026-08-25T10:28:10.104Z
2001,British Antarctic Territory,1604,Australia,0,primary,"https://data.api.abs.gov.au/rest/data/ABS,ABS_ERP_COB_STATE,1.0.0/all?format=csv",2026-08-25T10:28:10.104Z
2001,Brunei Darussalam,5201,Australia,2150,primary,"https://data.api.abs.gov.au/rest/data/ABS,ABS_ERP_COB_STATE,1.0.0/all?format=csv",2026-08-25T10:28:10.104Z
2001,Bulgaria,3203,Australia,3110,primary,"https://data.api.abs.gov.au/rest/data/ABS,ABS_ERP_COB_STATE,1.0.0/all?format=csv",2026-08-25T10:28:10.104Z
2001,Burkina Faso,9102,Australia,20,primary,"https://data.api.abs.gov.au/rest/data/ABS,ABS_ERP_COB_STATE,1.0.0/all?format=csv",2026-08-25T10:28:10.104Z
2001,Burundi,9203,Australia,30,primary,"https://data.api.abs.gov.au/rest/data/ABS,ABS_ERP_COB_STATE,1.0.0/all?format=csv",2026-08-25T10:28:10.104Z
2001,Cabo Verde,9104,Australia,30,primary,"https://data.api.abs.gov.au/rest/data/ABS,ABS_ERP_COB_STATE,1.0.0/all?format=csv",2026-08-25T10:28:10.104Z
2001,Cambodia,5102,Australia,25100,primary,"https://data.api.abs.gov.au/rest/data/ABS,ABS_ERP_COB_STATE,1.0.0/all?format=csv",2026-08-25T10:28:10.104Z
2001,Cameroon,9103,Australia,70,primary,"https://data.api.abs.gov.au/rest/data/ABS,ABS_ERP_COB_STATE,1.0.0/all?format=csv",2026-08-25T10:28:10.104Z
2001,Canada,8102,Australia,31020,primary,"https://data.api.abs.gov.au/rest/data/ABS,ABS_ERP_COB_STATE,1.0.0/all?format=csv",2026-08-25T10:28:10.104Z
2001,Cayman Islands,8406,Australia,20,primary,"https://data.api.abs.gov.au/rest/data/ABS,ABS_ERP_COB_STATE,1.0.0/all?format=csv",2026-08-25T10:28:10.104Z
2001,Central African Republic,9105,Australia,0,primary,"https://data.api.abs.gov.au/rest/data/ABS,ABS_ERP_COB_STATE,1.0.0/all?format=csv",2026-08-25T10:28:10.104Z
2001,Chad,9106,Australia,40,primary,"https://data.api.abs.gov.au/rest/data/ABS,ABS_ERP_COB_STATE,1.0.0/all?format=csv",2026-08-25T10:28:10.104Z
2001,Chile,8204,Australia,25920,primary,"https://data.api.abs.gov.au/rest/data/ABS,ABS_ERP_COB_STATE,1.0.0/all?format=csv",2026-08-25T10:28:10.104Z
2001,Chilean Antarctic Territory,1605,Australia,0,primary,"https://data.api.abs.gov.au/rest/data/ABS,ABS_ERP_COB_STATE,1.0.0/all?format=csv",2026-08-25T10:28:10.104Z
2001,China (excludes SARs and Taiwan),6101,Australia,153360,primary,"https://data.api.abs.gov.au/rest/data/ABS,ABS_ERP_COB_STATE,1.0.0/all?format=csv",2026-08-25T10:28:10.104Z
2001,Colombia,8205,Australia,4510,primary,"https://data.api.abs.gov.au/rest/data/ABS,ABS_ERP_COB_STATE,1.0.0/all?format=csv",2026-08-25T10:28:10.104Z
2001,Comoros,9204,Australia,20,primary,"https://data.api.abs.gov.au/rest/data/ABS,ABS_ERP_COB_STATE,1.0.0/all?format=csv",2026-08-25T10:28:10.104Z
2001,"Congo, Democratic Republic of",9108,Australia,280,primary,"https://data.api.abs.gov.au/rest/data/ABS,ABS_ERP_COB_STATE,1.0.0/all?format=csv",2026-08-25T10:28:10.104Z
2001,"Congo, Republic of",9107,Australia,170,primary,"https://data.api.abs.gov.au/rest/data/ABS,ABS_ERP_COB_STATE,1.0.0/all?format=csv",2026-08-25T10:28:10.104Z
2001,Cook Islands,1501,Australia,4960,primary,"https://data.api.abs.gov.au/rest/data/ABS,ABS_ERP_COB_STATE,1.0.0/all?format=csv",2026-08-25T10:28:10.104Z
2001,Costa Rica,8302,Australia,350,primary,"https://data.api.abs.gov.au/rest/data/ABS,ABS_ERP_COB_STATE,1.0.0/all?format=csv",2026-08-25T10:28:10.104Z
2001,Cote d'Ivoire,9111,Australia,70,primary,"https://data.api.abs.gov.au/rest/data/ABS,ABS_ERP_COB_STATE,1.0.0/all?format=csv",2026-08-25T10:28:10.104Z
2001,Croatia,3204,Australia,58690,primary,"https://data.api.abs.gov.au/rest/data/ABS,ABS_ERP_COB_STATE,1.0.0/all?format=csv",2026-08-25T10:28:10.104Z
2001,Cuba,8407,Australia,510,primary,"https://data.api.abs.gov.au/rest/data/ABS,ABS_ERP_COB_STATE,1.0.0/all?format=csv",2026-08-25T10:28:10.104Z
2001,Curacao,8434,Australia,90,primary,"https://data.api.abs.gov.au/rest/data/ABS,ABS_ERP_COB_STATE,1.0.0/all?format=csv",2026-08-25T10:28:10.104Z
2001,Cyprus,3205,Australia,22720,primary,"https://data.api.abs.gov.au/rest/data/ABS,ABS_ERP_COB_STATE,1.0.0/all?format=csv",2026-08-25T10:28:10.104Z
2001,Czechia,3302,Australia,13070,primary,"https://data.api.abs.gov.au/rest/data/ABS,ABS_ERP_COB_STATE,1.0.0/all?format=csv",2026-08-25T10:28:10.104Z
2001,Denmark,2401,Australia,10030,primary,"https://data.api.abs.gov.au/rest/data/ABS,ABS_ERP_COB_STATE,1.0.0/all?format=csv",2026-08-25T10:28:10.104Z
2001,Djibouti,9205,Australia,80,primary,"https://data.api.abs.gov.au/rest/data/ABS,ABS_ERP_COB_STATE,1.0.0/all?format=csv",2026-08-25T10:28:10.104Z
2001,Dominica,8408,Australia,10,primary,"https://data.api.abs.gov.au/rest/data/ABS,ABS_ERP_COB_STATE,1.0.0/all?format=csv",2026-08-25T10:28:10.104Z
2001,Dominican Republic,8411,Australia,70,primary,"https://data.api.abs.gov.au/rest/data/ABS,ABS_ERP_COB_STATE,1.0.0/all?format=csv",2026-08-25T10:28:10.104Z
2001,Ecuador,8206,Australia,1460,primary,"https://data.api.abs.gov.au/rest/data/ABS,ABS_ERP_COB_STATE,1.0.0/all?format=csv",2026-08-25T10:28:10.104Z
2001,Egypt,4102,Australia,37420,primary,"https://data.api.abs.gov.au/rest/data/ABS,ABS_ERP_COB_STATE,1.0.0/all?format=csv",2026-08-25T10:28:10.104Z
2001,El Salvador,8303,Australia,10570,primary,"https://data.api.abs.gov.au/rest/data/ABS,ABS_ERP_COB_STATE,1.0.0/all?format=csv",2026-08-25T10:28:10.104Z
2001,England,2102,Australia,927630,primary,"https://data.api.abs.gov.au/rest/data/ABS,ABS_ERP_COB_STATE,1.0.0/all?format=csv",2026-08-25T10:28:10.104Z
2001,Equatorial Guinea,9112,Australia,0,primary,"https://data.api.abs.gov.au/rest/data/ABS,ABS_ERP_COB_STATE,1.0.0/all?format=csv",2026-08-25T10:28:10.104Z
2001,Eritrea,9206,Australia,1790,primary,"https://data.api.abs.gov.au/rest/data/ABS,ABS_ERP_COB_STATE,1.0.0/all?format=csv",2026-08-25T10:28:10.104Z
2001,Estonia,3303,Australia,1860,primary,"https://data.api.abs.gov.au/rest/data/ABS,ABS_ERP_COB_STATE,1.0.0/all?format=csv",2026-08-25T10:28:10.104Z
2001,Eswatini,9226,Australia,230,primary,"https://data.api.abs.gov.au/rest/data/ABS,ABS_ERP_COB_STATE,1.0.0/all?format=csv",2026-08-25T10:28:10.104Z
2001,Ethiopia,9207,Australia,3820,primary,"https://data.api.abs.gov.au/rest/data/ABS,ABS_ERP_COB_STATE,1.0.0/all?format=csv",2026-08-25T10:28:10.104Z
2001,Falkland Islands,8207,Australia,130,primary,"https://data.api.abs.gov.au/rest/data/ABS,ABS_ERP_COB_STATE,1.0.0/all?format=csv",2026-08-25T10:28:10.104Z
2001,Faroe Islands,2402,Australia,40,primary,"https://data.api.abs.gov.au/rest/data/ABS,ABS_ERP_COB_STATE,1.0.0/all?format=csv",2026-08-25T10:28:10.104Z
2001,Fiji,1502,Australia,49070,primary,"https://data.api.abs.gov.au/rest/data/ABS,ABS_ERP_COB_STATE,1.0.0/all?format=csv",2026-08-25T10:28:10.104Z
2001,Finland,2403,Australia,9360,primary,"https://data.api.abs.gov.au/rest/data/ABS,ABS_ERP_COB_STATE,1.0.0/all?format=csv",2026-08-25T10:28:10.104Z
2001,France,2303,Australia,18400,primary,"https://data.api.abs.gov.au/rest/data/ABS,ABS_ERP_COB_STATE,1.0.0/all?format=csv",2026-08-25T10:28:10.104Z
2001,French Guiana,8208,Australia,10,primary,"https://data.api.abs.gov.au/rest/data/ABS,ABS_ERP_COB_STATE,1.0.0/all?format=csv",2026-08-25T10:28:10.104Z
2001,French Polynesia,1503,Australia,360,primary,"https://data.api.abs.gov.au/rest/data/ABS,ABS_ERP_COB_STATE,1.0.0/all?format=csv",2026-08-25T10:28:10.104Z
2001,Gabon,9113,Australia,20,primary,"https://data.api.abs.gov.au/rest/data/ABS,ABS_ERP_COB_STATE,1.0.0/all?format=csv",2026-08-25T10:28:10.104Z
2001,Gambia,9114,Australia,40,primary,"https://data.api.abs.gov.au/rest/data/ABS,ABS_ERP_COB_STATE,1.0.0/all?format=csv",2026-08-25T10:28:10.104Z
2001,Georgia,7204,Australia,360,primary,"https://data.api.abs.gov.au/rest/data/ABS,ABS_ERP_COB_STATE,1.0.0/all?format=csv",2026-08-25T10:28:10.104Z
2001,Germany,2304,Australia,118340,primary,"https://data.api.abs.gov.au/rest/data/ABS,ABS_ERP_COB_STATE,1.0.0/all?format=csv",2026-08-25T10:28:10.104Z
2001,Ghana,9115,Australia,2250,primary,"https://data.api.abs.gov.au/rest/data/ABS,ABS_ERP_COB_STATE,1.0.0/all?format=csv",2026-08-25T10:28:10.104Z
2001,Gibraltar,3102,Australia,470,primary,"https://data.api.abs.gov.au/rest/data/ABS,ABS_ERP_COB_STATE,1.0.0/all?format=csv",2026-08-25T10:28:10.104Z
2001,Greece,3207,Australia,128700,primary,"https://data.api.abs.gov.au/rest/data/ABS,ABS_ERP_COB_STATE,1.0.0/all?format=csv",2026-08-25T10:28:10.104Z
2001,Greenland,2404,Australia,30,primary,"https://data.api.abs.gov.au/rest/data/ABS,ABS_ERP_COB_STATE,1.0.0/all?format=csv",2026-08-25T10:28:10.104Z
2001,Grenada,8412,Australia,120,primary,"https://data.api.abs.gov.au/rest/data/ABS,ABS_ERP_COB_STATE,1.0.0/all?format=csv",2026-08-25T10:28:10.104Z
2001,Guadeloupe,8413,Australia,10,primary,"https://data.api.abs.gov.au/rest/data/ABS,ABS_ERP_COB_STATE,1.0.0/all?format=csv",2026-08-25T10:28:10.104Z
2001,Guam,1401,Australia,50,primary,"https://data.api.abs.gov.au/rest/data/ABS,ABS_ERP_COB_STATE,1.0.0/all?format=csv",2026-08-25T10:28:10.104Z
2001,Guatemala,8304,Australia,310,primary,"https://data.api.abs.gov.au/rest/data/ABS,ABS_ERP_COB_STATE,1.0.0/all?format=csv",2026-08-25T10:28:10.104Z
2001,Guernsey,2107,Australia,580,primary,"https://data.api.abs.gov.au/rest/data/ABS,ABS_ERP_COB_STATE,1.0.0/all?format=csv",2026-08-25T10:28:10.104Z
2001,Guinea,9116,Australia,30,primary,"https://data.api.abs.gov.au/rest/data/ABS,ABS_ERP_COB_STATE,1.0.0/all?format=csv",2026-08-25T10:28:10.104Z
2001,Guinea-Bissau,9117,Australia,20,primary,"https://data.api.abs.gov.au/rest/data/ABS,ABS_ERP_COB_STATE,1.0.0/all?format=csv",2026-08-25T10:28:10.104Z
2001,Guyana,8211,Australia,530,primary,"https://data.api.abs.gov.au/rest/data/ABS,ABS_ERP_COB_STATE,1.0.0/all?format=csv",2026-08-25T10:28:10.104Z
2001,Haiti,8414,Australia,90,primary,"https://data.api.abs.gov.au/rest/data/ABS,ABS_ERP_COB_STATE,1.0.0/all?format=csv",2026-08-25T10:28:10.104Z
2001,Holy See,3103,Australia,0,primary,"https://data.api.abs.gov.au/rest/data/ABS,ABS_ERP_COB_STATE,1.0.0/all?format=csv",2026-08-25T10:28:10.104Z
2001,Honduras,8305,Australia,190,primary,"https://data.api.abs.gov.au/rest/data/ABS,ABS_ERP_COB_STATE,1.0.0/all?format=csv",2026-08-25T10:28:10.104Z
2001,Hong Kong (SAR of China),6102,Australia,73920,primary,"https://data.api.abs.gov.au/rest/data/ABS,ABS_ERP_COB_STATE,1.0.0/all?format=csv",2026-08-25T10:28:10.104Z
2001,Hungary,3304,Australia,25640,primary,"https://data.api.abs.gov.au/rest/data/ABS,ABS_ERP_COB_STATE,1.0.0/all?format=csv",2026-08-25T10:28:10.104Z
2001,Iceland,2405,Australia,590,primary,"https://data.api.abs.gov.au/rest/data/ABS,ABS_ERP_COB_STATE,1.0.0/all?format=csv",2026-08-25T10:28:10.104Z
2001,India,7103,Australia,98070,primary,"https://data.api.abs.gov.au/rest/data/ABS,ABS_ERP_COB_STATE,1.0.0/all?format=csv",2026-08-25T10:28:10.104Z
2001,Indonesia,5202,Australia,53090,primary,"https://data.api.abs.gov.au/rest/data/ABS,ABS_ERP_COB_STATE,1.0.0/all?format=csv",2026-08-25T10:28:10.104Z
2001,Iran,4203,Australia,22250,primary,"https://data.api.abs.gov.au/rest/data/ABS,ABS_ERP_COB_STATE,1.0.0/all?format=csv",2026-08-25T10:28:10.104Z
2001,Iraq,4204,Australia,28480,primary,"https://data.api.abs.gov.au/rest/data/ABS,ABS_ERP_COB_STATE,1.0.0/all?format=csv",2026-08-25T10:28:10.104Z
2001,Ireland,2201,Australia,53650,primary,"https://data.api.abs.gov.au/rest/data/ABS,ABS_ERP_COB_STATE,1.0.0/all?format=csv",2026-08-25T10:28:10.104Z
2001,Isle of Man,2103,Australia,690,primary,"https://data.api.abs.gov.au/rest/data/ABS,ABS_ERP_COB_STATE,1.0.0/all?format=csv",2026-08-25T10:28:10.104Z
2001,Israel,4205,Australia,7510,primary,"https://data.api.abs.gov.au/rest/data/ABS,ABS_ERP_COB_STATE,1.0.0/all?format=csv",2026-08-25T10:28:10.104Z
2001,Italy,3104,Australia,229850,primary,"https://data.api.abs.gov.au/rest/data/ABS,ABS_ERP_COB_STATE,1.0.0/all?format=csv",2026-08-25T10:28:10.104Z
2001,Jamaica,8415,Australia,930,primary,"https://data.api.abs.gov.au/rest/data/ABS,ABS_ERP_COB_STATE,1.0.0/all?format=csv",2026-08-25T10:28:10.104Z
2001,Japan,6201,Australia,25690,primary,"https://data.api.abs.gov.au/rest/data/ABS,ABS_ERP_COB_STATE,1.0.0/all?format=csv",2026-08-25T10:28:10.104Z
2001,Jersey,2108,Australia,1000,primary,"https://data.api.abs.gov.au/rest/data/ABS,ABS_ERP_COB_STATE,1.0.0/all?format=csv",2026-08-25T10:28:10.104Z
2001,Jordan,4206,Australia,3620,primary,"https://data.api.abs.gov.au/rest/data/ABS,ABS_ERP_COB_STATE,1.0.0/all?format=csv",2026-08-25T10:28:10.104Z
2001,Kazakhstan,7205,Australia,480,primary,"https://data.api.abs.gov.au/rest/data/ABS,ABS_ERP_COB_STATE,1.0.0/all?format=csv",2026-08-25T10:28:10.104Z
2001,Kenya,9208,Australia,7640,primary,"https://data.api.abs.gov.au/rest/data/ABS,ABS_ERP_COB_STATE,1.0.0/all?format=csv",2026-08-25T10:28:10.104Z
2001,Kiribati,1402,Australia,430,primary,"https://data.api.abs.gov.au/rest/data/ABS,ABS_ERP_COB_STATE,1.0.0/all?format=csv",2026-08-25T10:28:10.104Z
2001,"Korea, Democratic People's Republic of (North)",6202,Australia,410,primary,"https://data.api.abs.gov.au/rest/data/ABS,ABS_ERP_COB_STATE,1.0.0/all?format=csv",2026-08-25T10:28:10.104Z
2001,"Korea, Republic of (South)",6203,Australia,38980,primary,"https://data.api.abs.gov.au/rest/data/ABS,ABS_ERP_COB_STATE,1.0.0/all?format=csv",2026-08-25T10:28:10.104Z
2001,Kosovo,3216,Australia,0,primary,"https://data.api.abs.gov.au/rest/data/ABS,ABS_ERP_COB_STATE,1.0.0/all?format=csv",2026-08-25T10:28:10.104Z
2001,Kuwait,4207,Australia,2630,primary,"https://data.api.abs.gov.au/rest/data/ABS,ABS_ERP_COB_STATE,1.0.0/all?format=csv",2026-08-25T10:28:10.104Z
2001,Kyrgyzstan,7206,Australia,110,primary,"https://data.api.abs.gov.au/rest/data/ABS,ABS_ERP_COB_STATE,1.0.0/all?format=csv",2026-08-25T10:28:10.104Z
2001,Laos,5103,Australia,10350,primary,"https://data.api.abs.gov.au/rest/data/ABS,ABS_ERP_COB_STATE,1.0.0/all?format=csv",2026-08-25T10:28:10.104Z
2001,Latvia,3305,Australia,6990,primary,"https://data.api.abs.gov.au/rest/data/ABS,ABS_ERP_COB_STATE,1.0.0/all?format=csv",2026-08-25T10:28:10.104Z
2001,Lebanon,4208,Australia,79850,primary,"https://data.api.abs.gov.au/rest/data/ABS,ABS_ERP_COB_STATE,1.0.0/all?format=csv",2026-08-25T10:28:10.104Z
2001,Lesotho,9211,Australia,60,primary,"https://data.api.abs.gov.au/rest/data/ABS,ABS_ERP_COB_STATE,1.0.0/all?format=csv",2026-08-25T10:28:10.104Z
2001,Liberia,9118,Australia,120,primary,"https://data.api.abs.gov.au/rest/data/ABS,ABS_ERP_COB_STATE,1.0.0/all?format=csv",2026-08-25T10:28:10.104Z
2001,Libya,4103,Australia,1460,primary,"https://data.api.abs.gov.au/rest/data/ABS,ABS_ERP_COB_STATE,1.0.0/all?format=csv",2026-08-25T10:28:10.104Z
2001,Liechtenstein,2305,Australia,20,primary,"https://data.api.abs.gov.au/rest/data/ABS,ABS_ERP_COB_STATE,1.0.0/all?format=csv",2026-08-25T10:28:10.104Z
2001,Lithuania,3306,Australia,3630,primary,"https://data.api.abs.gov.au/rest/data/ABS,ABS_ERP_COB_STATE,1.0.0/all?format=csv",2026-08-25T10:28:10.104Z
2001,Luxembourg,2306,Australia,150,primary,"https://data.api.abs.gov.au/rest/data/ABS,ABS_ERP_COB_STATE,1.0.0/all?format=csv",2026-08-25T10:28:10.104Z
2001,Macau (SAR of China),6103,Australia,1960,primary,"https://data.api.abs.gov.au/rest/data/ABS,ABS_ERP_COB_STATE,1.0.0/all?format=csv",2026-08-25T10:28:10.104Z
2001,Madagascar,9212,Australia,180,primary,"https://data.api.abs.gov.au/rest/data/ABS,ABS_ERP_COB_STATE,1.0.0/all?format=csv",2026-08-25T10:28:10.104Z
2001,Malawi,9213,Australia,540,primary,"https://data.api.abs.gov.au/rest/data/ABS,ABS_ERP_COB_STATE,1.0.0/all?format=csv",2026-08-25T10:28:10.104Z
2001,Malaysia,5203,Australia,86400,primary,"https://data.api.abs.gov.au/rest/data/ABS,ABS_ERP_COB_STATE,1.0.0/all?format=csv",2026-08-25T10:28:10.104Z
2001,Maldives,7104,Australia,170,primary,"https://data.api.abs.gov.au/rest/data/ABS,ABS_ERP_COB_STATE,1.0.0/all?format=csv",2026-08-25T10:28:10.104Z
2001,Mali,9121,Australia,30,primary,"https://data.api.abs.gov.au/rest/data/ABS,ABS_ERP_COB_STATE,1.0.0/all?format=csv",2026-08-25T10:28:10.104Z
2001,Malta,3105,Australia,51810,primary,"https://data.api.abs.gov.au/rest/data/ABS,ABS_ERP_COB_STATE,1.0.0/all?format=csv",2026-08-25T10:28:10.104Z
2001,Marshall Islands,1403,Australia,30,primary,"https://data.api.abs.gov.au/rest/data/ABS,ABS_ERP_COB_STATE,1.0.0/all?format=csv",2026-08-25T10:28:10.104Z
2001,Martinique,8416,Australia,30,primary,"https://data.api.abs.gov.au/rest/data/ABS,ABS_ERP_COB_STATE,1.0.0/all?format=csv",2026-08-25T10:28:10.104Z
2001,Mauritania,9122,Australia,20,primary,"https://data.api.abs.gov.au/rest/data/ABS,ABS_ERP_COB_STATE,1.0.0/all?format=csv",2026-08-25T10:28:10.104Z
2001,Mauritius,9214,Australia,18580,primary,"https://data.api.abs.gov.au/rest/data/ABS,ABS_ERP_COB_STATE,1.0.0/all?format=csv",2026-08-25T10:28:10.104Z
2001,Mayotte,9215,Australia,0,primary,"https://data.api.abs.gov.au/rest/data/ABS,ABS_ERP_COB_STATE,1.0.0/all?format=csv",2026-08-25T10:28:10.104Z
2001,Mexico,8306,Australia,1320,primary,"https://data.api.abs.gov.au/rest/data/ABS,ABS_ERP_COB_STATE,1.0.0/all?format=csv",2026-08-25T10:28:10.104Z
2001,"Micronesia, Federated States of",1404,Australia,20,primary,"https://data.api.abs.gov.au/rest/data/ABS,ABS_ERP_COB_STATE,1.0.0/all?format=csv",2026-08-25T10:28:10.104Z
2001,Moldova,3208,Australia,620,primary,"https://data.api.abs.gov.au/rest/data/ABS,ABS_ERP_COB_STATE,1.0.0/all?format=csv",2026-08-25T10:28:10.104Z
2001,Monaco,2307,Australia,40,primary,"https://data.api.abs.gov.au/rest/data/ABS,ABS_ERP_COB_STATE,1.0.0/all?format=csv",2026-08-25T10:28:10.104Z
2001,Mongolia,6104,Australia,130,primary,"https://data.api.abs.gov.au/rest/data/ABS,ABS_ERP_COB_STATE,1.0.0/all?format=csv",2026-08-25T10:28:10.104Z
2001,Montenegro,3214,Australia,5330,primary,"https://data.api.abs.gov.au/rest/data/ABS,ABS_ERP_COB_STATE,1.0.0/all?format=csv",2026-08-25T10:28:10.104Z
2001,Montserrat,8417,Australia,10,primary,"https://data.api.abs.gov.au/rest/data/ABS,ABS_ERP_COB_STATE,1.0.0/all?format=csv",2026-08-25T10:28:10.104Z
2001,Morocco,4104,Australia,1360,primary,"https://data.api.abs.gov.au/rest/data/ABS,ABS_ERP_COB_STATE,1.0.0/all?format=csv",2026-08-25T10:28:10.104Z
2001,Mozambique,9216,Australia,640,primary,"https://data.api.abs.gov.au/rest/data/ABS,ABS_ERP_COB_STATE,1.0.0/all?format=csv",2026-08-25T10:28:10.104Z
2001,"Myanmar, The Republic of the Union of",5101,Australia,12190,primary,"https://data.api.abs.gov.au/rest/data/ABS,ABS_ERP_COB_STATE,1.0.0/all?format=csv",2026-08-25T10:28:10.104Z
2001,Namibia,9217,Australia,470,primary,"https://data.api.abs.gov.au/rest/data/ABS,ABS_ERP_COB_STATE,1.0.0/all?format=csv",2026-08-25T10:28:10.104Z
2001,Nauru,1405,Australia,480,primary,"https://data.api.abs.gov.au/rest/data/ABS,ABS_ERP_COB_STATE,1.0.0/all?format=csv",2026-08-25T10:28:10.104Z
2001,Nepal,7105,Australia,2440,primary,"https://data.api.abs.gov.au/rest/data/ABS,ABS_ERP_COB_STATE,1.0.0/all?format=csv",2026-08-25T10:28:10.104Z
2001,Netherlands,2308,Australia,91900,primary,"https://data.api.abs.gov.au/rest/data/ABS,ABS_ERP_COB_STATE,1.0.0/all?format=csv",2026-08-25T10:28:10.104Z
2001,New Caledonia,1301,Australia,1160,primary,"https://data.api.abs.gov.au/rest/data/ABS,ABS_ERP_COB_STATE,1.0.0/all?format=csv",2026-08-25T10:28:10.104Z
2001,New Zealand,1201,Australia,389600,primary,"https://data.api.abs.gov.au/rest/data/ABS,ABS_ERP_COB_STATE,1.0.0/all?format=csv",2026-08-25T10:28:10.104Z
2001,Nicaragua,8307,Australia,780,primary,"https://data.api.abs.gov.au/rest/data/ABS,ABS_ERP_COB_STATE,1.0.0/all?format=csv",2026-08-25T10:28:10.104Z
2001,Niger,9123,Australia,10,primary,"https://data.api.abs.gov.au/rest/data/ABS,ABS_ERP_COB_STATE,1.0.0/all?format=csv",2026-08-25T10:28:10.104Z
2001,Nigeria,9124,Australia,1950,primary,"https://data.api.abs.gov.au/rest/data/ABS,ABS_ERP_COB_STATE,1.0.0/all?format=csv",2026-08-25T10:28:10.104Z
2001,Niue,1504,Australia,470,primary,"https://data.api.abs.gov.au/rest/data/ABS,ABS_ERP_COB_STATE,1.0.0/all?format=csv",2026-08-25T10:28:10.104Z
2001,Norfolk Island,1102,Australia,190,primary,"https://data.api.abs.gov.au/rest/data/ABS,ABS_ERP_COB_STATE,1.0.0/all?format=csv",2026-08-25T10:28:10.104Z
2001,North Macedonia,3206,Australia,49740,primary,"https://data.api.abs.gov.au/rest/data/ABS,ABS_ERP_COB_STATE,1.0.0/all?format=csv",2026-08-25T10:28:10.104Z
2001,Northern Ireland,2104,Australia,21950,primary,"https://data.api.abs.gov.au/rest/data/ABS,ABS_ERP_COB_STATE,1.0.0/all?format=csv",2026-08-25T10:28:10.104Z
2001,Northern Mariana Islands,1406,Australia,10,primary,"https://data.api.abs.gov.au/rest/data/ABS,ABS_ERP_COB_STATE,1.0.0/all?format=csv",2026-08-25T10:28:10.104Z
2001,Norway,2406,Australia,4230,primary,"https://data.api.abs.gov.au/rest/data/ABS,ABS_ERP_COB_STATE,1.0.0/all?format=csv",2026-08-25T10:28:10.104Z
2001,Oman,4211,Australia,410,primary,"https://data.api.abs.gov.au/rest/data/ABS,ABS_ERP_COB_STATE,1.0.0/all?format=csv",2026-08-25T10:28:10.104Z
2001,Pakistan,7106,Australia,12290,primary,"https://data.api.abs.gov.au/rest/data/ABS,ABS_ERP_COB_STATE,1.0.0/all?format=csv",2026-08-25T10:28:10.104Z
2001,Palau,1407,Australia,20,primary,"https://data.api.abs.gov.au/rest/data/ABS,ABS_ERP_COB_STATE,1.0.0/all?format=csv",2026-08-25T10:28:10.104Z
2001,Palestine,4202,Australia,3120,primary,"https://data.api.abs.gov.au/rest/data/ABS,ABS_ERP_COB_STATE,1.0.0/all?format=csv",2026-08-25T10:28:10.104Z
2001,Panama,8308,Australia,140,primary,"https://data.api.abs.gov.au/rest/data/ABS,ABS_ERP_COB_STATE,1.0.0/all?format=csv",2026-08-25T10:28:10.104Z
2001,Papua New Guinea,1302,Australia,25640,primary,"https://data.api.abs.gov.au/rest/data/ABS,ABS_ERP_COB_STATE,1.0.0/all?format=csv",2026-08-25T10:28:10.104Z
2001,Paraguay,8212,Australia,360,primary,"https://data.api.abs.gov.au/rest/data/ABS,ABS_ERP_COB_STATE,1.0.0/all?format=csv",2026-08-25T10:28:10.104Z
2001,Peru,8213,Australia,5940,primary,"https://data.api.abs.gov.au/rest/data/ABS,ABS_ERP_COB_STATE,1.0.0/all?format=csv",2026-08-25T10:28:10.104Z
2001,Philippines,5204,Australia,114260,primary,"https://data.api.abs.gov.au/rest/data/ABS,ABS_ERP_COB_STATE,1.0.0/all?format=csv",2026-08-25T10:28:10.104Z
2001,Pitcairn Islands,1513,Australia,0,primary,"https://data.api.abs.gov.au/rest/data/ABS,ABS_ERP_COB_STATE,1.0.0/all?format=csv",2026-08-25T10:28:10.104Z
2001,Poland,3307,Australia,65530,primary,"https://data.api.abs.gov.au/rest/data/ABS,ABS_ERP_COB_STATE,1.0.0/all?format=csv",2026-08-25T10:28:10.104Z
2001,"Polynesia (excludes Hawaii), nec",1599,Australia,90,primary,"https://data.api.abs.gov.au/rest/data/ABS,ABS_ERP_COB_STATE,1.0.0/all?format=csv",2026-08-25T10:28:10.104Z
2001,Portugal,3106,Australia,17780,primary,"https://data.api.abs.gov.au/rest/data/ABS,ABS_ERP_COB_STATE,1.0.0/all?format=csv",2026-08-25T10:28:10.104Z
2001,Puerto Rico,8421,Australia,140,primary,"https://data.api.abs.gov.au/rest/data/ABS,ABS_ERP_COB_STATE,1.0.0/all?format=csv",2026-08-25T10:28:10.104Z
2001,Qatar,4212,Australia,270,primary,"https://data.api.abs.gov.au/rest/data/ABS,ABS_ERP_COB_STATE,1.0.0/all?format=csv",2026-08-25T10:28:10.104Z
2001,Queen Maud Land (Norway),1606,Australia,0,primary,"https://data.api.abs.gov.au/rest/data/ABS,ABS_ERP_COB_STATE,1.0.0/all?format=csv",2026-08-25T10:28:10.104Z
2001,Reunion,9218,Australia,80,primary,"https://data.api.abs.gov.au/rest/data/ABS,ABS_ERP_COB_STATE,1.0.0/all?format=csv",2026-08-25T10:28:10.104Z
2001,Romania,3211,Australia,14380,primary,"https://data.api.abs.gov.au/rest/data/ABS,ABS_ERP_COB_STATE,1.0.0/all?format=csv",2026-08-25T10:28:10.104Z
2001,Ross Dependency (New Zealand),1607,Australia,0,primary,"https://data.api.abs.gov.au/rest/data/ABS,ABS_ERP_COB_STATE,1.0.0/all?format=csv",2026-08-25T10:28:10.104Z
2001,Russian Federation,3308,Australia,16710,primary,"https://data.api.abs.gov.au/rest/data/ABS,ABS_ERP_COB_STATE,1.0.0/all?format=csv",2026-08-25T10:28:10.104Z
2001,Rwanda,9221,Australia,50,primary,"https://data.api.abs.gov.au/rest/data/ABS,ABS_ERP_COB_STATE,1.0.0/all?format=csv",2026-08-25T10:28:10.104Z
2001,Samoa,1505,Australia,13960,primary,"https://data.api.abs.gov.au/rest/data/ABS,ABS_ERP_COB_STATE,1.0.0/all?format=csv",2026-08-25T10:28:10.104Z
2001,"Samoa, American",1506,Australia,140,primary,"https://data.api.abs.gov.au/rest/data/ABS,ABS_ERP_COB_STATE,1.0.0/all?format=csv",2026-08-25T10:28:10.104Z
2001,San Marino,3107,Australia,0,primary,"https://data.api.abs.gov.au/rest/data/ABS,ABS_ERP_COB_STATE,1.0.0/all?format=csv",2026-08-25T10:28:10.104Z
2001,Sao Tome and Principe,9125,Australia,20,primary,"https://data.api.abs.gov.au/rest/data/ABS,ABS_ERP_COB_STATE,1.0.0/all?format=csv",2026-08-25T10:28:10.104Z
2001,Saudi Arabia,4213,Australia,1620,primary,"https://data.api.abs.gov.au/rest/data/ABS,ABS_ERP_COB_STATE,1.0.0/all?format=csv",2026-08-25T10:28:10.104Z
2001,Scotland,2105,Australia,141850,primary,"https://data.api.abs.gov.au/rest/data/ABS,ABS_ERP_COB_STATE,1.0.0/all?format=csv",2026-08-25T10:28:10.104Z
2001,Senegal,9126,Australia,240,primary,"https://data.api.abs.gov.au/rest/data/ABS,ABS_ERP_COB_STATE,1.0.0/all?format=csv",2026-08-25T10:28:10.104Z
2001,Serbia,3215,Australia,52050,primary,"https://data.api.abs.gov.au/rest/data/ABS,ABS_ERP_COB_STATE,1.0.0/all?format=csv",2026-08-25T10:28:10.104Z
2001,Seychelles,9223,Australia,2720,primary,"https://data.api.abs.gov.au/rest/data/ABS,ABS_ERP_COB_STATE,1.0.0/all?format=csv",2026-08-25T10:28:10.104Z
2001,Sierra Leone,9127,Australia,370,primary,"https://data.api.abs.gov.au/rest/data/ABS,ABS_ERP_COB_STATE,1.0.0/all?format=csv",2026-08-25T10:28:10.104Z
2001,Singapore,5205,Australia,35670,primary,"https://data.api.abs.gov.au/rest/data/ABS,ABS_ERP_COB_STATE,1.0.0/all?format=csv",2026-08-25T10:28:10.104Z
2001,Sint Maarten (Dutch part),8435,Australia,0,primary,"https://data.api.abs.gov.au/rest/data/ABS,ABS_ERP_COB_STATE,1.0.0/all?format=csv",2026-08-25T10:28:10.104Z
2001,Slovakia,3311,Australia,6430,primary,"https://data.api.abs.gov.au/rest/data/ABS,ABS_ERP_COB_STATE,1.0.0/all?format=csv",2026-08-25T10:28:10.104Z
2001,Slovenia,3212,Australia,8440,primary,"https://data.api.abs.gov.au/rest/data/ABS,ABS_ERP_COB_STATE,1.0.0/all?format=csv",2026-08-25T10:28:10.104Z
2001,Solomon Islands,1303,Australia,1440,primary,"https://data.api.abs.gov.au/rest/data/ABS,ABS_ERP_COB_STATE,1.0.0/all?format=csv",2026-08-25T10:28:10.104Z
2001,Somalia,9224,Australia,3770,primary,"https://data.api.abs.gov.au/rest/data/ABS,ABS_ERP_COB_STATE,1.0.0/all?format=csv",2026-08-25T10:28:10.104Z
2001,South Africa,9225,Australia,86820,primary,"https://data.api.abs.gov.au/rest/data/ABS,ABS_ERP_COB_STATE,1.0.0/all?format=csv",2026-08-25T10:28:10.104Z
2001,"South America, nec",8299,Australia,0,primary,"https://data.api.abs.gov.au/rest/data/ABS,ABS_ERP_COB_STATE,1.0.0/all?format=csv",2026-08-25T10:28:10.104Z
2001,South Sudan,4111,Australia,0,primary,"https://data.api.abs.gov.au/rest/data/ABS,ABS_ERP_COB_STATE,1.0.0/all?format=csv",2026-08-25T10:28:10.104Z
2001,"Southern and East Africa, nec",9299,Australia,20,primary,"https://data.api.abs.gov.au/rest/data/ABS,ABS_ERP_COB_STATE,1.0.0/all?format=csv",2026-08-25T10:28:10.104Z
2001,Spain,3108,Australia,14110,primary,"https://data.api.abs.gov.au/rest/data/ABS,ABS_ERP_COB_STATE,1.0.0/all?format=csv",2026-08-25T10:28:10.104Z
2001,Spanish North Africa,4108,Australia,0,primary,"https://data.api.abs.gov.au/rest/data/ABS,ABS_ERP_COB_STATE,1.0.0/all?format=csv",2026-08-25T10:28:10.104Z
2001,Sri Lanka,7107,Australia,60640,primary,"https://data.api.abs.gov.au/rest/data/ABS,ABS_ERP_COB_STATE,1.0.0/all?format=csv",2026-08-25T10:28:10.104Z
2001,St Barthelemy,8431,Australia,0,primary,"https://data.api.abs.gov.au/rest/data/ABS,ABS_ERP_COB_STATE,1.0.0/all?format=csv",2026-08-25T10:28:10.104Z
2001,St Helena,9222,Australia,30,primary,"https://data.api.abs.gov.au/rest/data/ABS,ABS_ERP_COB_STATE,1.0.0/all?format=csv",2026-08-25T10:28:10.104Z
2001,St Kitts and Nevis,8422,Australia,30,primary,"https://data.api.abs.gov.au/rest/data/ABS,ABS_ERP_COB_STATE,1.0.0/all?format=csv",2026-08-25T10:28:10.104Z
2001,St Lucia,8423,Australia,30,primary,"https://data.api.abs.gov.au/rest/data/ABS,ABS_ERP_COB_STATE,1.0.0/all?format=csv",2026-08-25T10:28:10.104Z
2001,St Martin (French part),8432,Australia,0,primary,"https://data.api.abs.gov.au/rest/data/ABS,ABS_ERP_COB_STATE,1.0.0/all?format=csv",2026-08-25T10:28:10.104Z
2001,St Pierre and Miquelon,8103,Australia,0,primary,"https://data.api.abs.gov.au/rest/data/ABS,ABS_ERP_COB_STATE,1.0.0/all?format=csv",2026-08-25T10:28:10.104Z
2001,St Vincent and the Grenadines,8424,Australia,80,primary,"https://data.api.abs.gov.au/rest/data/ABS,ABS_ERP_COB_STATE,1.0.0/all?format=csv",2026-08-25T10:28:10.104Z
2001,Sudan,4105,Australia,5090,primary,"https://data.api.abs.gov.au/rest/data/ABS,ABS_ERP_COB_STATE,1.0.0/all?format=csv",2026-08-25T10:28:10.104Z
2001,Suriname,8214,Australia,80,primary,"https://data.api.abs.gov.au/rest/data/ABS,ABS_ERP_COB_STATE,1.0.0/all?format=csv",2026-08-25T10:28:10.104Z
2001,Sweden,2407,Australia,7300,primary,"https://data.api.abs.gov.au/rest/data/ABS,ABS_ERP_COB_STATE,1.0.0/all?format=csv",2026-08-25T10:28:10.104Z
2001,Switzerland,2311,Australia,12250,primary,"https://data.api.abs.gov.au/rest/data/ABS,ABS_ERP_COB_STATE,1.0.0/all?format=csv",2026-08-25T10:28:10.104Z
2001,Syria,4214,Australia,7610,primary,"https://data.api.abs.gov.au/rest/data/ABS,ABS_ERP_COB_STATE,1.0.0/all?format=csv",2026-08-25T10:28:10.104Z
2001,Taiwan,6105,Australia,24140,primary,"https://data.api.abs.gov.au/rest/data/ABS,ABS_ERP_COB_STATE,1.0.0/all?format=csv",2026-08-25T10:28:10.104Z
2001,Tajikistan,7207,Australia,50,primary,"https://data.api.abs.gov.au/rest/data/ABS,ABS_ERP_COB_STATE,1.0.0/all?format=csv",2026-08-25T10:28:10.104Z
2001,Tanzania,9227,Australia,1950,primary,"https://data.api.abs.gov.au/rest/data/ABS,ABS_ERP_COB_STATE,1.0.0/all?format=csv",2026-08-25T10:28:10.104Z
2001,Thailand,5104,Australia,24430,primary,"https://data.api.abs.gov.au/rest/data/ABS,ABS_ERP_COB_STATE,1.0.0/all?format=csv",2026-08-25T10:28:10.104Z
2001,Timor-Leste,5206,Australia,10420,primary,"https://data.api.abs.gov.au/rest/data/ABS,ABS_ERP_COB_STATE,1.0.0/all?format=csv",2026-08-25T10:28:10.104Z
2001,Togo,9128,Australia,20,primary,"https://data.api.abs.gov.au/rest/data/ABS,ABS_ERP_COB_STATE,1.0.0/all?format=csv",2026-08-25T10:28:10.104Z
2001,Tokelau,1507,Australia,290,primary,"https://data.api.abs.gov.au/rest/data/ABS,ABS_ERP_COB_STATE,1.0.0/all?format=csv",2026-08-25T10:28:10.104Z
2001,Tonga,1508,Australia,8350,primary,"https://data.api.abs.gov.au/rest/data/ABS,ABS_ERP_COB_STATE,1.0.0/all?format=csv",2026-08-25T10:28:10.104Z
2001,Total,TOT,Australia,19274700,primary,"https://data.api.abs.gov.au/rest/data/ABS,ABS_ERP_COB_STATE,1.0.0/all?format=csv",2026-08-25T10:28:10.104Z
2001,Trinidad and Tobago,8425,Australia,1440,primary,"https://data.api.abs.gov.au/rest/data/ABS,ABS_ERP_COB_STATE,1.0.0/all?format=csv",2026-08-25T10:28:10.104Z
2001,Tunisia,4106,Australia,490,primary,"https://data.api.abs.gov.au/rest/data/ABS,ABS_ERP_COB_STATE,1.0.0/all?format=csv",2026-08-25T10:28:10.104Z
2001,Türkiye,4215,Australia,34230,primary,"https://data.api.abs.gov.au/rest/data/ABS,ABS_ERP_COB_STATE,1.0.0/all?format=csv",2026-08-25T10:28:10.104Z
2001,Turkmenistan,7208,Australia,40,primary,"https://data.api.abs.gov.au/rest/data/ABS,ABS_ERP_COB_STATE,1.0.0/all?format=csv",2026-08-25T10:28:10.104Z
2001,Turks and Caicos Islands,8426,Australia,0,primary,"https://data.api.abs.gov.au/rest/data/ABS,ABS_ERP_COB_STATE,1.0.0/all?format=csv",2026-08-25T10:28:10.104Z
2001,Tuvalu,1511,Australia,110,primary,"https://data.api.abs.gov.au/rest/data/ABS,ABS_ERP_COB_STATE,1.0.0/all?format=csv",2026-08-25T10:28:10.104Z
2001,Uganda,9228,Australia,1390,primary,"https://data.api.abs.gov.au/rest/data/ABS,ABS_ERP_COB_STATE,1.0.0/all?format=csv",2026-08-25T10:28:10.104Z
2001,Ukraine,3312,Australia,16660,primary,"https://data.api.abs.gov.au/rest/data/ABS,ABS_ERP_COB_STATE,1.0.0/all?format=csv",2026-08-25T10:28:10.104Z
2001,United Arab Emirates,4216,Australia,1540,primary,"https://data.api.abs.gov.au/rest/data/ABS,ABS_ERP_COB_STATE,1.0.0/all?format=csv",2026-08-25T10:28:10.104Z
2001,United States of America,8104,Australia,60780,primary,"https://data.api.abs.gov.au/rest/data/ABS,ABS_ERP_COB_STATE,1.0.0/all?format=csv",2026-08-25T10:28:10.104Z
2001,Uruguay,8215,Australia,10490,primary,"https://data.api.abs.gov.au/rest/data/ABS,ABS_ERP_COB_STATE,1.0.0/all?format=csv",2026-08-25T10:28:10.104Z
2001,Uzbekistan,7211,Australia,530,primary,"https://data.api.abs.gov.au/rest/data/ABS,ABS_ERP_COB_STATE,1.0.0/all?format=csv",2026-08-25T10:28:10.104Z
2001,Vanuatu,1304,Australia,1040,primary,"https://data.api.abs.gov.au/rest/data/ABS,ABS_ERP_COB_STATE,1.0.0/all?format=csv",2026-08-25T10:28:10.104Z
2001,"Venezuela, Bolivarian Republic of",8216,Australia,1260,primary,"https://data.api.abs.gov.au/rest/data/ABS,ABS_ERP_COB_STATE,1.0.0/all?format=csv",2026-08-25T10:28:10.104Z
2001,Vietnam,5105,Australia,163490,primary,"https://data.api.abs.gov.au/rest/data/ABS,ABS_ERP_COB_STATE,1.0.0/all?format=csv",2026-08-25T10:28:10.104Z
2001,"Virgin Islands, British",8427,Australia,10,primary,"https://data.api.abs.gov.au/rest/data/ABS,ABS_ERP_COB_STATE,1.0.0/all?format=csv",2026-08-25T10:28:10.104Z
2001,"Virgin Islands, United States",8428,Australia,10,primary,"https://data.api.abs.gov.au/rest/data/ABS,ABS_ERP_COB_STATE,1.0.0/all?format=csv",2026-08-25T10:28:10.104Z
2001,Wales,2106,Australia,30770,primary,"https://data.api.abs.gov.au/rest/data/ABS,ABS_ERP_COB_STATE,1.0.0/all?format=csv",2026-08-25T10:28:10.104Z
2001,Wallis and Futuna,1512,Australia,20,primary,"https://data.api.abs.gov.au/rest/data/ABS,ABS_ERP_COB_STATE,1.0.0/all?format=csv",2026-08-25T10:28:10.104Z
2001,Western Sahara,4107,Australia,0,primary,"https://data.api.abs.gov.au/rest/data/ABS,ABS_ERP_COB_STATE,1.0.0/all?format=csv",2026-08-25T10:28:10.104Z
2001,Yemen,4217,Australia,400,primary,"https://data.api.abs.gov.au/rest/data/ABS,ABS_ERP_COB_STATE,1.0.0/all?format=csv",2026-08-25T10:28:10.104Z
2001,Zambia,9231,Australia,3510,primary,"https://data.api.abs.gov.au/rest/data/ABS,ABS_ERP_COB_STATE,1.0.0/all?format=csv",2026-08-25T10:28:10.104Z
2001,Zimbabwe,9232,Australia,13210,primary,"https://data.api.abs.gov.au/rest/data/ABS,ABS_ERP_COB_STATE,1.0.0/all?format=csv",2026-08-25T10:28:10.104Z
2006,Adelie Land (France),1601,Australia,0,primary,"https://data.api.abs.gov.au/rest/data/ABS,ABS_ERP_COB_STATE,1.0.0/all?format=csv",2026-08-25T10:28:10.104Z
2006,Afghanistan,7201,Australia,21980,primary,"https://data.api.abs.gov.au/rest/data/ABS,ABS_ERP_COB_STATE,1.0.0/all?format=csv",2026-08-25T10:28:10.104Z
2006,Aland Islands,2408,Australia,0,primary,"https://data.api.abs.gov.au/rest/data/ABS,ABS_ERP_COB_STATE,1.0.0/all?format=csv",2026-08-25T10:28:10.104Z
2006,Albania,3201,Australia,2410,primary,"https://data.api.abs.gov.au/rest/data/ABS,ABS_ERP_COB_STATE,1.0.0/all?format=csv",2026-08-25T10:28:10.104Z
2006,Algeria,4101,Australia,1330,primary,"https://data.api.abs.gov.au/rest/data/ABS,ABS_ERP_COB_STATE,1.0.0/all?format=csv",2026-08-25T10:28:10.104Z
2006,Andorra,3101,Australia,30,primary,"https://data.api.abs.gov.au/rest/data/ABS,ABS_ERP_COB_STATE,1.0.0/all?format=csv",2026-08-25T10:28:10.104Z
2006,Angola,9201,Australia,470,primary,"https://data.api.abs.gov.au/rest/data/ABS,ABS_ERP_COB_STATE,1.0.0/all?format=csv",2026-08-25T10:28:10.104Z
2006,Anguilla,8401,Australia,0,primary,"https://data.api.abs.gov.au/rest/data/ABS,ABS_ERP_COB_STATE,1.0.0/all?format=csv",2026-08-25T10:28:10.104Z
2006,Antigua and Barbuda,8402,Australia,40,primary,"https://data.api.abs.gov.au/rest/data/ABS,ABS_ERP_COB_STATE,1.0.0/all?format=csv",2026-08-25T10:28:10.104Z
2006,Argentina,8201,Australia,13480,primary,"https://data.api.abs.gov.au/rest/data/ABS,ABS_ERP_COB_STATE,1.0.0/all?format=csv",2026-08-25T10:28:10.104Z
2006,Argentinian Antarctic Territory,1602,Australia,0,primary,"https://data.api.abs.gov.au/rest/data/ABS,ABS_ERP_COB_STATE,1.0.0/all?format=csv",2026-08-25T10:28:10.104Z
2006,Armenia,7202,Australia,1130,primary,"https://data.api.abs.gov.au/rest/data/ABS,ABS_ERP_COB_STATE,1.0.0/all?format=csv",2026-08-25T10:28:10.104Z
2006,Aruba,8403,Australia,50,primary,"https://data.api.abs.gov.au/rest/data/ABS,ABS_ERP_COB_STATE,1.0.0/all?format=csv",2026-08-25T10:28:10.104Z
2006,Australia,1101,Australia,15419340,primary,"https://data.api.abs.gov.au/rest/data/ABS,ABS_ERP_COB_STATE,1.0.0/all?format=csv",2026-08-25T10:28:10.104Z
2006,Australian Antarctic Territory,1603,Australia,0,primary,"https://data.api.abs.gov.au/rest/data/ABS,ABS_ERP_COB_STATE,1.0.0/all?format=csv",2026-08-25T10:28:10.104Z
2006,"Australian External Territories, nec",1199,Australia,0,primary,"https://data.api.abs.gov.au/rest/data/ABS,ABS_ERP_COB_STATE,1.0.0/all?format=csv",2026-08-25T10:28:10.104Z
2006,Austria,2301,Australia,20950,primary,"https://data.api.abs.gov.au/rest/data/ABS,ABS_ERP_COB_STATE,1.0.0/all?format=csv",2026-08-25T10:28:10.104Z
2006,Azerbaijan,7203,Australia,300,primary,"https://data.api.abs.gov.au/rest/data/ABS,ABS_ERP_COB_STATE,1.0.0/all?format=csv",2026-08-25T10:28:10.104Z
2006,Bahamas,8404,Australia,270,primary,"https://data.api.abs.gov.au/rest/data/ABS,ABS_ERP_COB_STATE,1.0.0/all?format=csv",2026-08-25T10:28:10.104Z
2006,Bahrain,4201,Australia,1160,primary,"https://data.api.abs.gov.au/rest/data/ABS,ABS_ERP_COB_STATE,1.0.0/all?format=csv",2026-08-25T10:28:10.104Z
2006,Bangladesh,7101,Australia,18510,primary,"https://data.api.abs.gov.au/rest/data/ABS,ABS_ERP_COB_STATE,1.0.0/all?format=csv",2026-08-25T10:28:10.104Z
2006,Barbados,8405,Australia,390,primary,"https://data.api.abs.gov.au/rest/data/ABS,ABS_ERP_COB_STATE,1.0.0/all?format=csv",2026-08-25T10:28:10.104Z
2006,Belarus,3301,Australia,1720,primary,"https://data.api.abs.gov.au/rest/data/ABS,ABS_ERP_COB_STATE,1.0.0/all?format=csv",2026-08-25T10:28:10.104Z
2006,Belgium,2302,Australia,5920,primary,"https://data.api.abs.gov.au/rest/data/ABS,ABS_ERP_COB_STATE,1.0.0/all?format=csv",2026-08-25T10:28:10.104Z
2006,Belize,8301,Australia,60,primary,"https://data.api.abs.gov.au/rest/data/ABS,ABS_ERP_COB_STATE,1.0.0/all?format=csv",2026-08-25T10:28:10.104Z
2006,Benin,9101,Australia,30,primary,"https://data.api.abs.gov.au/rest/data/ABS,ABS_ERP_COB_STATE,1.0.0/all?format=csv",2026-08-25T10:28:10.104Z
2006,Bermuda,8101,Australia,470,primary,"https://data.api.abs.gov.au/rest/data/ABS,ABS_ERP_COB_STATE,1.0.0/all?format=csv",2026-08-25T10:28:10.104Z
2006,Bhutan,7102,Australia,140,primary,"https://data.api.abs.gov.au/rest/data/ABS,ABS_ERP_COB_STATE,1.0.0/all?format=csv",2026-08-25T10:28:10.104Z
2006,"Bolivia, Plurinational State of",8202,Australia,780,primary,"https://data.api.abs.gov.au/rest/data/ABS,ABS_ERP_COB_STATE,1.0.0/all?format=csv",2026-08-25T10:28:10.104Z
2006,"Bonaire, Sint Eustatius and Saba",8433,Australia,0,primary,"https://data.api.abs.gov.au/rest/data/ABS,ABS_ERP_COB_STATE,1.0.0/all?format=csv",2026-08-25T10:28:10.104Z
2006,Bosnia and Herzegovina,3202,Australia,40580,primary,"https://data.api.abs.gov.au/rest/data/ABS,ABS_ERP_COB_STATE,1.0.0/all?format=csv",2026-08-25T10:28:10.104Z
2006,Botswana,9202,Australia,1040,primary,"https://data.api.abs.gov.au/rest/data/ABS,ABS_ERP_COB_STATE,1.0.0/all?format=csv",2026-08-25T10:28:10.104Z
2006,Brazil,8203,Australia,8500,primary,"https://data.api.abs.gov.au/rest/data/ABS,ABS_ERP_COB_STATE,1.0.0/all?format=csv",2026-08-25T10:28:10.104Z
2006,British Antarctic Territory,1604,Australia,0,primary,"https://data.api.abs.gov.au/rest/data/ABS,ABS_ERP_COB_STATE,1.0.0/all?format=csv",2026-08-25T10:28:10.104Z
2006,Brunei Darussalam,5201,Australia,2630,primary,"https://data.api.abs.gov.au/rest/data/ABS,ABS_ERP_COB_STATE,1.0.0/all?format=csv",2026-08-25T10:28:10.104Z
2006,Bulgaria,3203,Australia,3450,primary,"https://data.api.abs.gov.au/rest/data/ABS,ABS_ERP_COB_STATE,1.0.0/all?format=csv",2026-08-25T10:28:10.104Z
2006,Burkina Faso,9102,Australia,20,primary,"https://data.api.abs.gov.au/rest/data/ABS,ABS_ERP_COB_STATE,1.0.0/all?format=csv",2026-08-25T10:28:10.104Z
2006,Burundi,9203,Australia,830,primary,"https://data.api.abs.gov.au/rest/data/ABS,ABS_ERP_COB_STATE,1.0.0/all?format=csv",2026-08-25T10:28:10.104Z
2006,Cabo Verde,9104,Australia,30,primary,"https://data.api.abs.gov.au/rest/data/ABS,ABS_ERP_COB_STATE,1.0.0/all?format=csv",2026-08-25T10:28:10.104Z
2006,Cambodia,5102,Australia,28350,primary,"https://data.api.abs.gov.au/rest/data/ABS,ABS_ERP_COB_STATE,1.0.0/all?format=csv",2026-08-25T10:28:10.104Z
2006,Cameroon,9103,Australia,140,primary,"https://data.api.abs.gov.au/rest/data/ABS,ABS_ERP_COB_STATE,1.0.0/all?format=csv",2026-08-25T10:28:10.104Z
2006,Canada,8102,Australia,38220,primary,"https://data.api.abs.gov.au/rest/data/ABS,ABS_ERP_COB_STATE,1.0.0/all?format=csv",2026-08-25T10:28:10.104Z
2006,Cayman Islands,8406,Australia,40,primary,"https://data.api.abs.gov.au/rest/data/ABS,ABS_ERP_COB_STATE,1.0.0/all?format=csv",2026-08-25T10:28:10.104Z
2006,Central African Republic,9105,Australia,10,primary,"https://data.api.abs.gov.au/rest/data/ABS,ABS_ERP_COB_STATE,1.0.0/all?format=csv",2026-08-25T10:28:10.104Z
2006,Chad,9106,Australia,40,primary,"https://data.api.abs.gov.au/rest/data/ABS,ABS_ERP_COB_STATE,1.0.0/all?format=csv",2026-08-25T10:28:10.104Z
2006,Chile,8204,Australia,27190,primary,"https://data.api.abs.gov.au/rest/data/ABS,ABS_ERP_COB_STATE,1.0.0/all?format=csv",2026-08-25T10:28:10.104Z
2006,Chilean Antarctic Territory,1605,Australia,0,primary,"https://data.api.abs.gov.au/rest/data/ABS,ABS_ERP_COB_STATE,1.0.0/all?format=csv",2026-08-25T10:28:10.104Z
2006,China (excludes SARs and Taiwan),6101,Australia,251960,primary,"https://data.api.abs.gov.au/rest/data/ABS,ABS_ERP_COB_STATE,1.0.0/all?format=csv",2026-08-25T10:28:10.104Z
2006,Colombia,8205,Australia,6230,primary,"https://data.api.abs.gov.au/rest/data/ABS,ABS_ERP_COB_STATE,1.0.0/all?format=csv",2026-08-25T10:28:10.104Z
2006,Comoros,9204,Australia,10,primary,"https://data.api.abs.gov.au/rest/data/ABS,ABS_ERP_COB_STATE,1.0.0/all?format=csv",2026-08-25T10:28:10.104Z
2006,"Congo, Democratic Republic of",9108,Australia,630,primary,"https://data.api.abs.gov.au/rest/data/ABS,ABS_ERP_COB_STATE,1.0.0/all?format=csv",2026-08-25T10:28:10.104Z
2006,"Congo, Republic of",9107,Australia,660,primary,"https://data.api.abs.gov.au/rest/data/ABS,ABS_ERP_COB_STATE,1.0.0/all?format=csv",2026-08-25T10:28:10.104Z
2006,Cook Islands,1501,Australia,5610,primary,"https://data.api.abs.gov.au/rest/data/ABS,ABS_ERP_COB_STATE,1.0.0/all?format=csv",2026-08-25T10:28:10.104Z
2006,Costa Rica,8302,Australia,390,primary,"https://data.api.abs.gov.au/rest/data/ABS,ABS_ERP_COB_STATE,1.0.0/all?format=csv",2026-08-25T10:28:10.104Z
2006,Cote d'Ivoire,9111,Australia,230,primary,"https://data.api.abs.gov.au/rest/data/ABS,ABS_ERP_COB_STATE,1.0.0/all?format=csv",2026-08-25T10:28:10.104Z
2006,Croatia,3204,Australia,71810,primary,"https://data.api.abs.gov.au/rest/data/ABS,ABS_ERP_COB_STATE,1.0.0/all?format=csv",2026-08-25T10:28:10.104Z
2006,Cuba,8407,Australia,640,primary,"https://data.api.abs.gov.au/rest/data/ABS,ABS_ERP_COB_STATE,1.0.0/all?format=csv",2026-08-25T10:28:10.104Z
2006,Curacao,8434,Australia,110,primary,"https://data.api.abs.gov.au/rest/data/ABS,ABS_ERP_COB_STATE,1.0.0/all?format=csv",2026-08-25T10:28:10.104Z
2006,Cyprus,3205,Australia,22350,primary,"https://data.api.abs.gov.au/rest/data/ABS,ABS_ERP_COB_STATE,1.0.0/all?format=csv",2026-08-25T10:28:10.104Z
2006,Czechia,3302,Australia,13920,primary,"https://data.api.abs.gov.au/rest/data/ABS,ABS_ERP_COB_STATE,1.0.0/all?format=csv",2026-08-25T10:28:10.104Z
2006,Denmark,2401,Australia,10610,primary,"https://data.api.abs.gov.au/rest/data/ABS,ABS_ERP_COB_STATE,1.0.0/all?format=csv",2026-08-25T10:28:10.104Z
2006,Djibouti,9205,Australia,110,primary,"https://data.api.abs.gov.au/rest/data/ABS,ABS_ERP_COB_STATE,1.0.0/all?format=csv",2026-08-25T10:28:10.104Z
2006,Dominica,8408,Australia,20,primary,"https://data.api.abs.gov.au/rest/data/ABS,ABS_ERP_COB_STATE,1.0.0/all?format=csv",2026-08-25T10:28:10.104Z
2006,Dominican Republic,8411,Australia,110,primary,"https://data.api.abs.gov.au/rest/data/ABS,ABS_ERP_COB_STATE,1.0.0/all?format=csv",2026-08-25T10:28:10.104Z
2006,Ecuador,8206,Australia,1740,primary,"https://data.api.abs.gov.au/rest/data/ABS,ABS_ERP_COB_STATE,1.0.0/all?format=csv",2026-08-25T10:28:10.104Z
2006,Egypt,4102,Australia,39370,primary,"https://data.api.abs.gov.au/rest/data/ABS,ABS_ERP_COB_STATE,1.0.0/all?format=csv",2026-08-25T10:28:10.104Z
2006,El Salvador,8303,Australia,10780,primary,"https://data.api.abs.gov.au/rest/data/ABS,ABS_ERP_COB_STATE,1.0.0/all?format=csv",2026-08-25T10:28:10.104Z
2006,England,2102,Australia,939260,primary,"https://data.api.abs.gov.au/rest/data/ABS,ABS_ERP_COB_STATE,1.0.0/all?format=csv",2026-08-25T10:28:10.104Z
2006,Equatorial Guinea,9112,Australia,10,primary,"https://data.api.abs.gov.au/rest/data/ABS,ABS_ERP_COB_STATE,1.0.0/all?format=csv",2026-08-25T10:28:10.104Z
2006,Eritrea,9206,Australia,2400,primary,"https://data.api.abs.gov.au/rest/data/ABS,ABS_ERP_COB_STATE,1.0.0/all?format=csv",2026-08-25T10:28:10.104Z
2006,Estonia,3303,Australia,1600,primary,"https://data.api.abs.gov.au/rest/data/ABS,ABS_ERP_COB_STATE,1.0.0/all?format=csv",2026-08-25T10:28:10.104Z
2006,Eswatini,9226,Australia,280,primary,"https://data.api.abs.gov.au/rest/data/ABS,ABS_ERP_COB_STATE,1.0.0/all?format=csv",2026-08-25T10:28:10.104Z
2006,Ethiopia,9207,Australia,6390,primary,"https://data.api.abs.gov.au/rest/data/ABS,ABS_ERP_COB_STATE,1.0.0/all?format=csv",2026-08-25T10:28:10.104Z
2006,Falkland Islands,8207,Australia,120,primary,"https://data.api.abs.gov.au/rest/data/ABS,ABS_ERP_COB_STATE,1.0.0/all?format=csv",2026-08-25T10:28:10.104Z
2006,Faroe Islands,2402,Australia,40,primary,"https://data.api.abs.gov.au/rest/data/ABS,ABS_ERP_COB_STATE,1.0.0/all?format=csv",2026-08-25T10:28:10.104Z
2006,Fiji,1502,Australia,56350,primary,"https://data.api.abs.gov.au/rest/data/ABS,ABS_ERP_COB_STATE,1.0.0/all?format=csv",2026-08-25T10:28:10.104Z
2006,Finland,2403,Australia,9600,primary,"https://data.api.abs.gov.au/rest/data/ABS,ABS_ERP_COB_STATE,1.0.0/all?format=csv",2026-08-25T10:28:10.104Z
2006,France,2303,Australia,22020,primary,"https://data.api.abs.gov.au/rest/data/ABS,ABS_ERP_COB_STATE,1.0.0/all?format=csv",2026-08-25T10:28:10.104Z
2006,French Guiana,8208,Australia,10,primary,"https://data.api.abs.gov.au/rest/data/ABS,ABS_ERP_COB_STATE,1.0.0/all?format=csv",2026-08-25T10:28:10.104Z
2006,French Polynesia,1503,Australia,390,primary,"https://data.api.abs.gov.au/rest/data/ABS,ABS_ERP_COB_STATE,1.0.0/all?format=csv",2026-08-25T10:28:10.104Z
2006,Gabon,9113,Australia,30,primary,"https://data.api.abs.gov.au/rest/data/ABS,ABS_ERP_COB_STATE,1.0.0/all?format=csv",2026-08-25T10:28:10.104Z
2006,Gambia,9114,Australia,90,primary,"https://data.api.abs.gov.au/rest/data/ABS,ABS_ERP_COB_STATE,1.0.0/all?format=csv",2026-08-25T10:28:10.104Z
2006,Georgia,7204,Australia,400,primary,"https://data.api.abs.gov.au/rest/data/ABS,ABS_ERP_COB_STATE,1.0.0/all?format=csv",2026-08-25T10:28:10.104Z
2006,Germany,2304,Australia,124710,primary,"https://data.api.abs.gov.au/rest/data/ABS,ABS_ERP_COB_STATE,1.0.0/all?format=csv",2026-08-25T10:28:10.104Z
2006,Ghana,9115,Australia,3150,primary,"https://data.api.abs.gov.au/rest/data/ABS,ABS_ERP_COB_STATE,1.0.0/all?format=csv",2026-08-25T10:28:10.104Z
2006,Gibraltar,3102,Australia,470,primary,"https://data.api.abs.gov.au/rest/data/ABS,ABS_ERP_COB_STATE,1.0.0/all?format=csv",2026-08-25T10:28:10.104Z
2006,Greece,3207,Australia,128980,primary,"https://data.api.abs.gov.au/rest/data/ABS,ABS_ERP_COB_STATE,1.0.0/all?format=csv",2026-08-25T10:28:10.104Z
2006,Greenland,2404,Australia,30,primary,"https://data.api.abs.gov.au/rest/data/ABS,ABS_ERP_COB_STATE,1.0.0/all?format=csv",2026-08-25T10:28:10.104Z
2006,Grenada,8412,Australia,130,primary,"https://data.api.abs.gov.au/rest/data/ABS,ABS_ERP_COB_STATE,1.0.0/all?format=csv",2026-08-25T10:28:10.104Z
2006,Guadeloupe,8413,Australia,20,primary,"https://data.api.abs.gov.au/rest/data/ABS,ABS_ERP_COB_STATE,1.0.0/all?format=csv",2026-08-25T10:28:10.104Z
2006,Guam,1401,Australia,90,primary,"https://data.api.abs.gov.au/rest/data/ABS,ABS_ERP_COB_STATE,1.0.0/all?format=csv",2026-08-25T10:28:10.104Z
2006,Guatemala,8304,Australia,350,primary,"https://data.api.abs.gov.au/rest/data/ABS,ABS_ERP_COB_STATE,1.0.0/all?format=csv",2026-08-25T10:28:10.104Z
2006,Guernsey,2107,Australia,630,primary,"https://data.api.abs.gov.au/rest/data/ABS,ABS_ERP_COB_STATE,1.0.0/all?format=csv",2026-08-25T10:28:10.104Z
2006,Guinea,9116,Australia,290,primary,"https://data.api.abs.gov.au/rest/data/ABS,ABS_ERP_COB_STATE,1.0.0/all?format=csv",2026-08-25T10:28:10.104Z
2006,Guinea-Bissau,9117,Australia,10,primary,"https://data.api.abs.gov.au/rest/data/ABS,ABS_ERP_COB_STATE,1.0.0/all?format=csv",2026-08-25T10:28:10.104Z
2006,Guyana,8211,Australia,570,primary,"https://data.api.abs.gov.au/rest/data/ABS,ABS_ERP_COB_STATE,1.0.0/all?format=csv",2026-08-25T10:28:10.104Z
2006,Haiti,8414,Australia,110,primary,"https://data.api.abs.gov.au/rest/data/ABS,ABS_ERP_COB_STATE,1.0.0/all?format=csv",2026-08-25T10:28:10.104Z
2006,Holy See,3103,Australia,0,primary,"https://data.api.abs.gov.au/rest/data/ABS,ABS_ERP_COB_STATE,1.0.0/all?format=csv",2026-08-25T10:28:10.104Z
2006,Honduras,8305,Australia,220,primary,"https://data.api.abs.gov.au/rest/data/ABS,ABS_ERP_COB_STATE,1.0.0/all?format=csv",2026-08-25T10:28:10.104Z
2006,Hong Kong (SAR of China),6102,Australia,81360,primary,"https://data.api.abs.gov.au/rest/data/ABS,ABS_ERP_COB_STATE,1.0.0/all?format=csv",2026-08-25T10:28:10.104Z
2006,Hungary,3304,Australia,24040,primary,"https://data.api.abs.gov.au/rest/data/ABS,ABS_ERP_COB_STATE,1.0.0/all?format=csv",2026-08-25T10:28:10.104Z
2006,Iceland,2405,Australia,670,primary,"https://data.api.abs.gov.au/rest/data/ABS,ABS_ERP_COB_STATE,1.0.0/all?format=csv",2026-08-25T10:28:10.104Z
2006,India,7103,Australia,169720,primary,"https://data.api.abs.gov.au/rest/data/ABS,ABS_ERP_COB_STATE,1.0.0/all?format=csv",2026-08-25T10:28:10.104Z
2006,Indonesia,5202,Australia,60530,primary,"https://data.api.abs.gov.au/rest/data/ABS,ABS_ERP_COB_STATE,1.0.0/all?format=csv",2026-08-25T10:28:10.104Z
2006,Iran,4203,Australia,28110,primary,"https://data.api.abs.gov.au/rest/data/ABS,ABS_ERP_COB_STATE,1.0.0/all?format=csv",2026-08-25T10:28:10.104Z
2006,Iraq,4204,Australia,39500,primary,"https://data.api.abs.gov.au/rest/data/ABS,ABS_ERP_COB_STATE,1.0.0/all?format=csv",2026-08-25T10:28:10.104Z
2006,Ireland,2201,Australia,56800,primary,"https://data.api.abs.gov.au/rest/data/ABS,ABS_ERP_COB_STATE,1.0.0/all?format=csv",2026-08-25T10:28:10.104Z
2006,Isle of Man,2103,Australia,770,primary,"https://data.api.abs.gov.au/rest/data/ABS,ABS_ERP_COB_STATE,1.0.0/all?format=csv",2026-08-25T10:28:10.104Z
2006,Israel,4205,Australia,9440,primary,"https://data.api.abs.gov.au/rest/data/ABS,ABS_ERP_COB_STATE,1.0.0/all?format=csv",2026-08-25T10:28:10.104Z
2006,Italy,3104,Australia,218040,primary,"https://data.api.abs.gov.au/rest/data/ABS,ABS_ERP_COB_STATE,1.0.0/all?format=csv",2026-08-25T10:28:10.104Z
2006,Jamaica,8415,Australia,1040,primary,"https://data.api.abs.gov.au/rest/data/ABS,ABS_ERP_COB_STATE,1.0.0/all?format=csv",2026-08-25T10:28:10.104Z
2006,Japan,6201,Australia,35390,primary,"https://data.api.abs.gov.au/rest/data/ABS,ABS_ERP_COB_STATE,1.0.0/all?format=csv",2026-08-25T10:28:10.104Z
2006,Jersey,2108,Australia,1090,primary,"https://data.api.abs.gov.au/rest/data/ABS,ABS_ERP_COB_STATE,1.0.0/all?format=csv",2026-08-25T10:28:10.104Z
2006,Jordan,4206,Australia,4310,primary,"https://data.api.abs.gov.au/rest/data/ABS,ABS_ERP_COB_STATE,1.0.0/all?format=csv",2026-08-25T10:28:10.104Z
2006,Kazakhstan,7205,Australia,770,primary,"https://data.api.abs.gov.au/rest/data/ABS,ABS_ERP_COB_STATE,1.0.0/all?format=csv",2026-08-25T10:28:10.104Z
2006,Kenya,9208,Australia,11640,primary,"https://data.api.abs.gov.au/rest/data/ABS,ABS_ERP_COB_STATE,1.0.0/all?format=csv",2026-08-25T10:28:10.104Z
2006,Kiribati,1402,Australia,480,primary,"https://data.api.abs.gov.au/rest/data/ABS,ABS_ERP_COB_STATE,1.0.0/all?format=csv",2026-08-25T10:28:10.104Z
2006,"Korea, Democratic People's Republic of (North)",6202,Australia,430,primary,"https://data.api.abs.gov.au/rest/data/ABS,ABS_ERP_COB_STATE,1.0.0/all?format=csv",2026-08-25T10:28:10.104Z
2006,"Korea, Republic of (South)",6203,Australia,55950,primary,"https://data.api.abs.gov.au/rest/data/ABS,ABS_ERP_COB_STATE,1.0.0/all?format=csv",2026-08-25T10:28:10.104Z
2006,Kosovo,3216,Australia,0,primary,"https://data.api.abs.gov.au/rest/data/ABS,ABS_ERP_COB_STATE,1.0.0/all?format=csv",2026-08-25T10:28:10.104Z
2006,Kuwait,4207,Australia,3320,primary,"https://data.api.abs.gov.au/rest/data/ABS,ABS_ERP_COB_STATE,1.0.0/all?format=csv",2026-08-25T10:28:10.104Z
2006,Kyrgyzstan,7206,Australia,240,primary,"https://data.api.abs.gov.au/rest/data/ABS,ABS_ERP_COB_STATE,1.0.0/all?format=csv",2026-08-25T10:28:10.104Z
2006,Laos,5103,Australia,10670,primary,"https://data.api.abs.gov.au/rest/data/ABS,ABS_ERP_COB_STATE,1.0.0/all?format=csv",2026-08-25T10:28:10.104Z
2006,Latvia,3305,Australia,6120,primary,"https://data.api.abs.gov.au/rest/data/ABS,ABS_ERP_COB_STATE,1.0.0/all?format=csv",2026-08-25T10:28:10.104Z
2006,Lebanon,4208,Australia,85940,primary,"https://data.api.abs.gov.au/rest/data/ABS,ABS_ERP_COB_STATE,1.0.0/all?format=csv",2026-08-25T10:28:10.104Z
2006,Lesotho,9211,Australia,100,primary,"https://data.api.abs.gov.au/rest/data/ABS,ABS_ERP_COB_STATE,1.0.0/all?format=csv",2026-08-25T10:28:10.104Z
2006,Liberia,9118,Australia,1590,primary,"https://data.api.abs.gov.au/rest/data/ABS,ABS_ERP_COB_STATE,1.0.0/all?format=csv",2026-08-25T10:28:10.104Z
2006,Libya,4103,Australia,1620,primary,"https://data.api.abs.gov.au/rest/data/ABS,ABS_ERP_COB_STATE,1.0.0/all?format=csv",2026-08-25T10:28:10.104Z
2006,Liechtenstein,2305,Australia,20,primary,"https://data.api.abs.gov.au/rest/data/ABS,ABS_ERP_COB_STATE,1.0.0/all?format=csv",2026-08-25T10:28:10.104Z
2006,Lithuania,3306,Australia,3210,primary,"https://data.api.abs.gov.au/rest/data/ABS,ABS_ERP_COB_STATE,1.0.0/all?format=csv",2026-08-25T10:28:10.104Z
2006,Luxembourg,2306,Australia,190,primary,"https://data.api.abs.gov.au/rest/data/ABS,ABS_ERP_COB_STATE,1.0.0/all?format=csv",2026-08-25T10:28:10.104Z
2006,Macau (SAR of China),6103,Australia,2090,primary,"https://data.api.abs.gov.au/rest/data/ABS,ABS_ERP_COB_STATE,1.0.0/all?format=csv",2026-08-25T10:28:10.104Z
2006,Madagascar,9212,Australia,240,primary,"https://data.api.abs.gov.au/rest/data/ABS,ABS_ERP_COB_STATE,1.0.0/all?format=csv",2026-08-25T10:28:10.104Z
2006,Malawi,9213,Australia,820,primary,"https://data.api.abs.gov.au/rest/data/ABS,ABS_ERP_COB_STATE,1.0.0/all?format=csv",2026-08-25T10:28:10.104Z
2006,Malaysia,5203,Australia,105710,primary,"https://data.api.abs.gov.au/rest/data/ABS,ABS_ERP_COB_STATE,1.0.0/all?format=csv",2026-08-25T10:28:10.104Z
2006,Maldives,7104,Australia,320,primary,"https://data.api.abs.gov.au/rest/data/ABS,ABS_ERP_COB_STATE,1.0.0/all?format=csv",2026-08-25T10:28:10.104Z
2006,Mali,9121,Australia,50,primary,"https://data.api.abs.gov.au/rest/data/ABS,ABS_ERP_COB_STATE,1.0.0/all?format=csv",2026-08-25T10:28:10.104Z
2006,Malta,3105,Australia,51160,primary,"https://data.api.abs.gov.au/rest/data/ABS,ABS_ERP_COB_STATE,1.0.0/all?format=csv",2026-08-25T10:28:10.104Z
2006,Marshall Islands,1403,Australia,40,primary,"https://data.api.abs.gov.au/rest/data/ABS,ABS_ERP_COB_STATE,1.0.0/all?format=csv",2026-08-25T10:28:10.104Z
2006,Martinique,8416,Australia,40,primary,"https://data.api.abs.gov.au/rest/data/ABS,ABS_ERP_COB_STATE,1.0.0/all?format=csv",2026-08-25T10:28:10.104Z
2006,Mauritania,9122,Australia,10,primary,"https://data.api.abs.gov.au/rest/data/ABS,ABS_ERP_COB_STATE,1.0.0/all?format=csv",2026-08-25T10:28:10.104Z
2006,Mauritius,9214,Australia,20930,primary,"https://data.api.abs.gov.au/rest/data/ABS,ABS_ERP_COB_STATE,1.0.0/all?format=csv",2026-08-25T10:28:10.104Z
2006,Mayotte,9215,Australia,0,primary,"https://data.api.abs.gov.au/rest/data/ABS,ABS_ERP_COB_STATE,1.0.0/all?format=csv",2026-08-25T10:28:10.104Z
2006,Mexico,8306,Australia,2140,primary,"https://data.api.abs.gov.au/rest/data/ABS,ABS_ERP_COB_STATE,1.0.0/all?format=csv",2026-08-25T10:28:10.104Z
2006,"Micronesia, Federated States of",1404,Australia,30,primary,"https://data.api.abs.gov.au/rest/data/ABS,ABS_ERP_COB_STATE,1.0.0/all?format=csv",2026-08-25T10:28:10.104Z
2006,Moldova,3208,Australia,870,primary,"https://data.api.abs.gov.au/rest/data/ABS,ABS_ERP_COB_STATE,1.0.0/all?format=csv",2026-08-25T10:28:10.104Z
2006,Monaco,2307,Australia,50,primary,"https://data.api.abs.gov.au/rest/data/ABS,ABS_ERP_COB_STATE,1.0.0/all?format=csv",2026-08-25T10:28:10.104Z
2006,Mongolia,6104,Australia,300,primary,"https://data.api.abs.gov.au/rest/data/ABS,ABS_ERP_COB_STATE,1.0.0/all?format=csv",2026-08-25T10:28:10.104Z
2006,Montenegro,3214,Australia,1850,primary,"https://data.api.abs.gov.au/rest/data/ABS,ABS_ERP_COB_STATE,1.0.0/all?format=csv",2026-08-25T10:28:10.104Z
2006,Montserrat,8417,Australia,10,primary,"https://data.api.abs.gov.au/rest/data/ABS,ABS_ERP_COB_STATE,1.0.0/all?format=csv",2026-08-25T10:28:10.104Z
2006,Morocco,4104,Australia,1620,primary,"https://data.api.abs.gov.au/rest/data/ABS,ABS_ERP_COB_STATE,1.0.0/all?format=csv",2026-08-25T10:28:10.104Z
2006,Mozambique,9216,Australia,790,primary,"https://data.api.abs.gov.au/rest/data/ABS,ABS_ERP_COB_STATE,1.0.0/all?format=csv",2026-08-25T10:28:10.104Z
2006,"Myanmar, The Republic of the Union of",5101,Australia,14320,primary,"https://data.api.abs.gov.au/rest/data/ABS,ABS_ERP_COB_STATE,1.0.0/all?format=csv",2026-08-25T10:28:10.104Z
2006,Namibia,9217,Australia,810,primary,"https://data.api.abs.gov.au/rest/data/ABS,ABS_ERP_COB_STATE,1.0.0/all?format=csv",2026-08-25T10:28:10.104Z
2006,Nauru,1405,Australia,580,primary,"https://data.api.abs.gov.au/rest/data/ABS,ABS_ERP_COB_STATE,1.0.0/all?format=csv",2026-08-25T10:28:10.104Z
2006,Nepal,7105,Australia,4350,primary,"https://data.api.abs.gov.au/rest/data/ABS,ABS_ERP_COB_STATE,1.0.0/all?format=csv",2026-08-25T10:28:10.104Z
2006,Netherlands,2308,Australia,91850,primary,"https://data.api.abs.gov.au/rest/data/ABS,ABS_ERP_COB_STATE,1.0.0/all?format=csv",2026-08-25T10:28:10.104Z
2006,New Caledonia,1301,Australia,1240,primary,"https://data.api.abs.gov.au/rest/data/ABS,ABS_ERP_COB_STATE,1.0.0/all?format=csv",2026-08-25T10:28:10.104Z
2006,New Zealand,1201,Australia,437890,primary,"https://data.api.abs.gov.au/rest/data/ABS,ABS_ERP_COB_STATE,1.0.0/all?format=csv",2026-08-25T10:28:10.104Z
2006,Nicaragua,8307,Australia,790,primary,"https://data.api.abs.gov.au/rest/data/ABS,ABS_ERP_COB_STATE,1.0.0/all?format=csv",2026-08-25T10:28:10.104Z
2006,Niger,9123,Australia,10,primary,"https://data.api.abs.gov.au/rest/data/ABS,ABS_ERP_COB_STATE,1.0.0/all?format=csv",2026-08-25T10:28:10.104Z
2006,Nigeria,9124,Australia,2880,primary,"https://data.api.abs.gov.au/rest/data/ABS,ABS_ERP_COB_STATE,1.0.0/all?format=csv",2026-08-25T10:28:10.104Z
2006,Niue,1504,Australia,590,primary,"https://data.api.abs.gov.au/rest/data/ABS,ABS_ERP_COB_STATE,1.0.0/all?format=csv",2026-08-25T10:28:10.104Z
2006,Norfolk Island,1102,Australia,190,primary,"https://data.api.abs.gov.au/rest/data/ABS,ABS_ERP_COB_STATE,1.0.0/all?format=csv",2026-08-25T10:28:10.104Z
2006,North Macedonia,3206,Australia,51650,primary,"https://data.api.abs.gov.au/rest/data/ABS,ABS_ERP_COB_STATE,1.0.0/all?format=csv",2026-08-25T10:28:10.104Z
2006,Northern Ireland,2104,Australia,23280,primary,"https://data.api.abs.gov.au/rest/data/ABS,ABS_ERP_COB_STATE,1.0.0/all?format=csv",2026-08-25T10:28:10.104Z
2006,Northern Mariana Islands,1406,Australia,10,primary,"https://data.api.abs.gov.au/rest/data/ABS,ABS_ERP_COB_STATE,1.0.0/all?format=csv",2026-08-25T10:28:10.104Z
2006,Norway,2406,Australia,4430,primary,"https://data.api.abs.gov.au/rest/data/ABS,ABS_ERP_COB_STATE,1.0.0/all?format=csv",2026-08-25T10:28:10.104Z
2006,Oman,4211,Australia,1040,primary,"https://data.api.abs.gov.au/rest/data/ABS,ABS_ERP_COB_STATE,1.0.0/all?format=csv",2026-08-25T10:28:10.104Z
2006,Pakistan,7106,Australia,18320,primary,"https://data.api.abs.gov.au/rest/data/ABS,ABS_ERP_COB_STATE,1.0.0/all?format=csv",2026-08-25T10:28:10.104Z
2006,Palau,1407,Australia,10,primary,"https://data.api.abs.gov.au/rest/data/ABS,ABS_ERP_COB_STATE,1.0.0/all?format=csv",2026-08-25T10:28:10.104Z
2006,Palestine,4202,Australia,3260,primary,"https://data.api.abs.gov.au/rest/data/ABS,ABS_ERP_COB_STATE,1.0.0/all?format=csv",2026-08-25T10:28:10.104Z
2006,Panama,8308,Australia,190,primary,"https://data.api.abs.gov.au/rest/data/ABS,ABS_ERP_COB_STATE,1.0.0/all?format=csv",2026-08-25T10:28:10.104Z
2006,Papua New Guinea,1302,Australia,27330,primary,"https://data.api.abs.gov.au/rest/data/ABS,ABS_ERP_COB_STATE,1.0.0/all?format=csv",2026-08-25T10:28:10.104Z
2006,Paraguay,8212,Australia,420,primary,"https://data.api.abs.gov.au/rest/data/ABS,ABS_ERP_COB_STATE,1.0.0/all?format=csv",2026-08-25T10:28:10.104Z
2006,Peru,8213,Australia,7150,primary,"https://data.api.abs.gov.au/rest/data/ABS,ABS_ERP_COB_STATE,1.0.0/all?format=csv",2026-08-25T10:28:10.104Z
2006,Philippines,5204,Australia,141890,primary,"https://data.api.abs.gov.au/rest/data/ABS,ABS_ERP_COB_STATE,1.0.0/all?format=csv",2026-08-25T10:28:10.104Z
2006,Pitcairn Islands,1513,Australia,0,primary,"https://data.api.abs.gov.au/rest/data/ABS,ABS_ERP_COB_STATE,1.0.0/all?format=csv",2026-08-25T10:28:10.104Z
2006,Poland,3307,Australia,62900,primary,"https://data.api.abs.gov.au/rest/data/ABS,ABS_ERP_COB_STATE,1.0.0/all?format=csv",2026-08-25T10:28:10.104Z
2006,"Polynesia (excludes Hawaii), nec",1599,Australia,0,primary,"https://data.api.abs.gov.au/rest/data/ABS,ABS_ERP_COB_STATE,1.0.0/all?format=csv",2026-08-25T10:28:10.104Z
2006,Portugal,3106,Australia,18280,primary,"https://data.api.abs.gov.au/rest/data/ABS,ABS_ERP_COB_STATE,1.0.0/all?format=csv",2026-08-25T10:28:10.104Z
2006,Puerto Rico,8421,Australia,180,primary,"https://data.api.abs.gov.au/rest/data/ABS,ABS_ERP_COB_STATE,1.0.0/all?format=csv",2026-08-25T10:28:10.104Z
2006,Qatar,4212,Australia,500,primary,"https://data.api.abs.gov.au/rest/data/ABS,ABS_ERP_COB_STATE,1.0.0/all?format=csv",2026-08-25T10:28:10.104Z
2006,Queen Maud Land (Norway),1606,Australia,0,primary,"https://data.api.abs.gov.au/rest/data/ABS,ABS_ERP_COB_STATE,1.0.0/all?format=csv",2026-08-25T10:28:10.104Z
2006,Reunion,9218,Australia,160,primary,"https://data.api.abs.gov.au/rest/data/ABS,ABS_ERP_COB_STATE,1.0.0/all?format=csv",2026-08-25T10:28:10.104Z
2006,Romania,3211,Australia,16110,primary,"https://data.api.abs.gov.au/rest/data/ABS,ABS_ERP_COB_STATE,1.0.0/all?format=csv",2026-08-25T10:28:10.104Z
2006,Ross Dependency (New Zealand),1607,Australia,0,primary,"https://data.api.abs.gov.au/rest/data/ABS,ABS_ERP_COB_STATE,1.0.0/all?format=csv",2026-08-25T10:28:10.104Z
2006,Russian Federation,3308,Australia,18540,primary,"https://data.api.abs.gov.au/rest/data/ABS,ABS_ERP_COB_STATE,1.0.0/all?format=csv",2026-08-25T10:28:10.104Z
2006,Rwanda,9221,Australia,240,primary,"https://data.api.abs.gov.au/rest/data/ABS,ABS_ERP_COB_STATE,1.0.0/all?format=csv",2026-08-25T10:28:10.104Z
2006,Samoa,1505,Australia,17170,primary,"https://data.api.abs.gov.au/rest/data/ABS,ABS_ERP_COB_STATE,1.0.0/all?format=csv",2026-08-25T10:28:10.104Z
2006,"Samoa, American",1506,Australia,200,primary,"https://data.api.abs.gov.au/rest/data/ABS,ABS_ERP_COB_STATE,1.0.0/all?format=csv",2026-08-25T10:28:10.104Z
2006,San Marino,3107,Australia,10,primary,"https://data.api.abs.gov.au/rest/data/ABS,ABS_ERP_COB_STATE,1.0.0/all?format=csv",2026-08-25T10:28:10.104Z
2006,Sao Tome and Principe,9125,Australia,20,primary,"https://data.api.abs.gov.au/rest/data/ABS,ABS_ERP_COB_STATE,1.0.0/all?format=csv",2026-08-25T10:28:10.104Z
2006,Saudi Arabia,4213,Australia,3550,primary,"https://data.api.abs.gov.au/rest/data/ABS,ABS_ERP_COB_STATE,1.0.0/all?format=csv",2026-08-25T10:28:10.104Z
2006,Scotland,2105,Australia,136630,primary,"https://data.api.abs.gov.au/rest/data/ABS,ABS_ERP_COB_STATE,1.0.0/all?format=csv",2026-08-25T10:28:10.104Z
2006,Senegal,9126,Australia,260,primary,"https://data.api.abs.gov.au/rest/data/ABS,ABS_ERP_COB_STATE,1.0.0/all?format=csv",2026-08-25T10:28:10.104Z
2006,Serbia,3215,Australia,35920,primary,"https://data.api.abs.gov.au/rest/data/ABS,ABS_ERP_COB_STATE,1.0.0/all?format=csv",2026-08-25T10:28:10.104Z
2006,Seychelles,9223,Australia,2940,primary,"https://data.api.abs.gov.au/rest/data/ABS,ABS_ERP_COB_STATE,1.0.0/all?format=csv",2026-08-25T10:28:10.104Z
2006,Sierra Leone,9127,Australia,1950,primary,"https://data.api.abs.gov.au/rest/data/ABS,ABS_ERP_COB_STATE,1.0.0/all?format=csv",2026-08-25T10:28:10.104Z
2006,Singapore,5205,Australia,45810,primary,"https://data.api.abs.gov.au/rest/data/ABS,ABS_ERP_COB_STATE,1.0.0/all?format=csv",2026-08-25T10:28:10.104Z
2006,Sint Maarten (Dutch part),8435,Australia,10,primary,"https://data.api.abs.gov.au/rest/data/ABS,ABS_ERP_COB_STATE,1.0.0/all?format=csv",2026-08-25T10:28:10.104Z
2006,Slovakia,3311,Australia,5970,primary,"https://data.api.abs.gov.au/rest/data/ABS,ABS_ERP_COB_STATE,1.0.0/all?format=csv",2026-08-25T10:28:10.104Z
2006,Slovenia,3212,Australia,8860,primary,"https://data.api.abs.gov.au/rest/data/ABS,ABS_ERP_COB_STATE,1.0.0/all?format=csv",2026-08-25T10:28:10.104Z
2006,Solomon Islands,1303,Australia,1700,primary,"https://data.api.abs.gov.au/rest/data/ABS,ABS_ERP_COB_STATE,1.0.0/all?format=csv",2026-08-25T10:28:10.104Z
2006,Somalia,9224,Australia,4620,primary,"https://data.api.abs.gov.au/rest/data/ABS,ABS_ERP_COB_STATE,1.0.0/all?format=csv",2026-08-25T10:28:10.104Z
2006,South Africa,9225,Australia,119490,primary,"https://data.api.abs.gov.au/rest/data/ABS,ABS_ERP_COB_STATE,1.0.0/all?format=csv",2026-08-25T10:28:10.104Z
2006,"South America, nec",8299,Australia,0,primary,"https://data.api.abs.gov.au/rest/data/ABS,ABS_ERP_COB_STATE,1.0.0/all?format=csv",2026-08-25T10:28:10.104Z
2006,South Sudan,4111,Australia,0,primary,"https://data.api.abs.gov.au/rest/data/ABS,ABS_ERP_COB_STATE,1.0.0/all?format=csv",2026-08-25T10:28:10.104Z
2006,"Southern and East Africa, nec",9299,Australia,20,primary,"https://data.api.abs.gov.au/rest/data/ABS,ABS_ERP_COB_STATE,1.0.0/all?format=csv",2026-08-25T10:28:10.104Z
2006,Spain,3108,Australia,14430,primary,"https://data.api.abs.gov.au/rest/data/ABS,ABS_ERP_COB_STATE,1.0.0/all?format=csv",2026-08-25T10:28:10.104Z
2006,Spanish North Africa,4108,Australia,0,primary,"https://data.api.abs.gov.au/rest/data/ABS,ABS_ERP_COB_STATE,1.0.0/all?format=csv",2026-08-25T10:28:10.104Z
2006,Sri Lanka,7107,Australia,73820,primary,"https://data.api.abs.gov.au/rest/data/ABS,ABS_ERP_COB_STATE,1.0.0/all?format=csv",2026-08-25T10:28:10.104Z
2006,St Barthelemy,8431,Australia,0,primary,"https://data.api.abs.gov.au/rest/data/ABS,ABS_ERP_COB_STATE,1.0.0/all?format=csv",2026-08-25T10:28:10.104Z
2006,St Helena,9222,Australia,50,primary,"https://data.api.abs.gov.au/rest/data/ABS,ABS_ERP_COB_STATE,1.0.0/all?format=csv",2026-08-25T10:28:10.104Z
2006,St Kitts and Nevis,8422,Australia,40,primary,"https://data.api.abs.gov.au/rest/data/ABS,ABS_ERP_COB_STATE,1.0.0/all?format=csv",2026-08-25T10:28:10.104Z
2006,St Lucia,8423,Australia,40,primary,"https://data.api.abs.gov.au/rest/data/ABS,ABS_ERP_COB_STATE,1.0.0/all?format=csv",2026-08-25T10:28:10.104Z
2006,St Martin (French part),8432,Australia,0,primary,"https://data.api.abs.gov.au/rest/data/ABS,ABS_ERP_COB_STATE,1.0.0/all?format=csv",2026-08-25T10:28:10.104Z
2006,St Pierre and Miquelon,8103,Australia,0,primary,"https://data.api.abs.gov.au/rest/data/ABS,ABS_ERP_COB_STATE,1.0.0/all?format=csv",2026-08-25T10:28:10.104Z
2006,St Vincent and the Grenadines,8424,Australia,90,primary,"https://data.api.abs.gov.au/rest/data/ABS,ABS_ERP_COB_STATE,1.0.0/all?format=csv",2026-08-25T10:28:10.104Z
2006,Sudan,4105,Australia,20870,primary,"https://data.api.abs.gov.au/rest/data/ABS,ABS_ERP_COB_STATE,1.0.0/all?format=csv",2026-08-25T10:28:10.104Z
2006,Suriname,8214,Australia,110,primary,"https://data.api.abs.gov.au/rest/data/ABS,ABS_ERP_COB_STATE,1.0.0/all?format=csv",2026-08-25T10:28:10.104Z
2006,Sweden,2407,Australia,8960,primary,"https://data.api.abs.gov.au/rest/data/ABS,ABS_ERP_COB_STATE,1.0.0/all?format=csv",2026-08-25T10:28:10.104Z
2006,Switzerland,2311,Australia,13480,primary,"https://data.api.abs.gov.au/rest/data/ABS,ABS_ERP_COB_STATE,1.0.0/all?format=csv",2026-08-25T10:28:10.104Z
2006,Syria,4214,Australia,8440,primary,"https://data.api.abs.gov.au/rest/data/ABS,ABS_ERP_COB_STATE,1.0.0/all?format=csv",2026-08-25T10:28:10.104Z
2006,Taiwan,6105,Australia,25860,primary,"https://data.api.abs.gov.au/rest/data/ABS,ABS_ERP_COB_STATE,1.0.0/all?format=csv",2026-08-25T10:28:10.104Z
2006,Tajikistan,7207,Australia,60,primary,"https://data.api.abs.gov.au/rest/data/ABS,ABS_ERP_COB_STATE,1.0.0/all?format=csv",2026-08-25T10:28:10.104Z
2006,Tanzania,9227,Australia,2760,primary,"https://data.api.abs.gov.au/rest/data/ABS,ABS_ERP_COB_STATE,1.0.0/all?format=csv",2026-08-25T10:28:10.104Z
2006,Thailand,5104,Australia,34060,primary,"https://data.api.abs.gov.au/rest/data/ABS,ABS_ERP_COB_STATE,1.0.0/all?format=csv",2026-08-25T10:28:10.104Z
2006,Timor-Leste,5206,Australia,10830,primary,"https://data.api.abs.gov.au/rest/data/ABS,ABS_ERP_COB_STATE,1.0.0/all?format=csv",2026-08-25T10:28:10.104Z
2006,Togo,9128,Australia,40,primary,"https://data.api.abs.gov.au/rest/data/ABS,ABS_ERP_COB_STATE,1.0.0/all?format=csv",2026-08-25T10:28:10.104Z
2006,Tokelau,1507,Australia,430,primary,"https://data.api.abs.gov.au/rest/data/ABS,ABS_ERP_COB_STATE,1.0.0/all?format=csv",2026-08-25T10:28:10.104Z
2006,Tonga,1508,Australia,8720,primary,"https://data.api.abs.gov.au/rest/data/ABS,ABS_ERP_COB_STATE,1.0.0/all?format=csv",2026-08-25T10:28:10.104Z
2006,Total,TOT,Australia,20450970,primary,"https://data.api.abs.gov.au/rest/data/ABS,ABS_ERP_COB_STATE,1.0.0/all?format=csv",2026-08-25T10:28:10.104Z
2006,Trinidad and Tobago,8425,Australia,1580,primary,"https://data.api.abs.gov.au/rest/data/ABS,ABS_ERP_COB_STATE,1.0.0/all?format=csv",2026-08-25T10:28:10.104Z
2006,Tunisia,4106,Australia,550,primary,"https://data.api.abs.gov.au/rest/data/ABS,ABS_ERP_COB_STATE,1.0.0/all?format=csv",2026-08-25T10:28:10.104Z
2006,Türkiye,4215,Australia,38060,primary,"https://data.api.abs.gov.au/rest/data/ABS,ABS_ERP_COB_STATE,1.0.0/all?format=csv",2026-08-25T10:28:10.104Z
2006,Turkmenistan,7208,Australia,60,primary,"https://data.api.abs.gov.au/rest/data/ABS,ABS_ERP_COB_STATE,1.0.0/all?format=csv",2026-08-25T10:28:10.104Z
2006,Turks and Caicos Islands,8426,Australia,0,primary,"https://data.api.abs.gov.au/rest/data/ABS,ABS_ERP_COB_STATE,1.0.0/all?format=csv",2026-08-25T10:28:10.104Z
2006,Tuvalu,1511,Australia,140,primary,"https://data.api.abs.gov.au/rest/data/ABS,ABS_ERP_COB_STATE,1.0.0/all?format=csv",2026-08-25T10:28:10.104Z
2006,Uganda,9228,Australia,2050,primary,"https://data.api.abs.gov.au/rest/data/ABS,ABS_ERP_COB_STATE,1.0.0/all?format=csv",2026-08-25T10:28:10.104Z
2006,Ukraine,3312,Australia,17010,primary,"https://data.api.abs.gov.au/rest/data/ABS,ABS_ERP_COB_STATE,1.0.0/all?format=csv",2026-08-25T10:28:10.104Z
2006,United Arab Emirates,4216,Australia,3320,primary,"https://data.api.abs.gov.au/rest/data/ABS,ABS_ERP_COB_STATE,1.0.0/all?format=csv",2026-08-25T10:28:10.104Z
2006,United States of America,8104,Australia,74670,primary,"https://data.api.abs.gov.au/rest/data/ABS,ABS_ERP_COB_STATE,1.0.0/all?format=csv",2026-08-25T10:28:10.104Z
2006,Uruguay,8215,Australia,10940,primary,"https://data.api.abs.gov.au/rest/data/ABS,ABS_ERP_COB_STATE,1.0.0/all?format=csv",2026-08-25T10:28:10.104Z
2006,Uzbekistan,7211,Australia,930,primary,"https://data.api.abs.gov.au/rest/data/ABS,ABS_ERP_COB_STATE,1.0.0/all?format=csv",2026-08-25T10:28:10.104Z
2006,Vanuatu,1304,Australia,1210,primary,"https://data.api.abs.gov.au/rest/data/ABS,ABS_ERP_COB_STATE,1.0.0/all?format=csv",2026-08-25T10:28:10.104Z
2006,"Venezuela, Bolivarian Republic of",8216,Australia,1800,primary,"https://data.api.abs.gov.au/rest/data/ABS,ABS_ERP_COB_STATE,1.0.0/all?format=csv",2026-08-25T10:28:10.104Z
2006,Vietnam,5105,Australia,178010,primary,"https://data.api.abs.gov.au/rest/data/ABS,ABS_ERP_COB_STATE,1.0.0/all?format=csv",2026-08-25T10:28:10.104Z
2006,"Virgin Islands, British",8427,Australia,20,primary,"https://data.api.abs.gov.au/rest/data/ABS,ABS_ERP_COB_STATE,1.0.0/all?format=csv",2026-08-25T10:28:10.104Z
2006,"Virgin Islands, United States",8428,Australia,10,primary,"https://data.api.abs.gov.au/rest/data/ABS,ABS_ERP_COB_STATE,1.0.0/all?format=csv",2026-08-25T10:28:10.104Z
2006,Wales,2106,Australia,31810,primary,"https://data.api.abs.gov.au/rest/data/ABS,ABS_ERP_COB_STATE,1.0.0/all?format=csv",2026-08-25T10:28:10.104Z
2006,Wallis and Futuna,1512,Australia,20,primary,"https://data.api.abs.gov.au/rest/data/ABS,ABS_ERP_COB_STATE,1.0.0/all?format=csv",2026-08-25T10:28:10.104Z
2006,Western Sahara,4107,Australia,10,primary,"https://data.api.abs.gov.au/rest/data/ABS,ABS_ERP_COB_STATE,1.0.0/all?format=csv",2026-08-25T10:28:10.104Z
2006,Yemen,4217,Australia,520,primary,"https://data.api.abs.gov.au/rest/data/ABS,ABS_ERP_COB_STATE,1.0.0/all?format=csv",2026-08-25T10:28:10.104Z
2006,Zambia,9231,Australia,4900,primary,"https://data.api.abs.gov.au/rest/data/ABS,ABS_ERP_COB_STATE,1.0.0/all?format=csv",2026-08-25T10:28:10.104Z
2006,Zimbabwe,9232,Australia,23700,primary,"https://data.api.abs.gov.au/rest/data/ABS,ABS_ERP_COB_STATE,1.0.0/all?format=csv",2026-08-25T10:28:10.104Z
2011,Adelie Land (France),1601,Australia,0,primary,"https://data.api.abs.gov.au/rest/data/ABS,ABS_ERP_COB_STATE,1.0.0/all?format=csv",2026-08-25T10:28:10.104Z
2011,Afghanistan,7201,Australia,32970,primary,"https://data.api.abs.gov.au/rest/data/ABS,ABS_ERP_COB_STATE,1.0.0/all?format=csv",2026-08-25T10:28:10.104Z
2011,Aland Islands,2408,Australia,40,primary,"https://data.api.abs.gov.au/rest/data/ABS,ABS_ERP_COB_STATE,1.0.0/all?format=csv",2026-08-25T10:28:10.104Z
2011,Albania,3201,Australia,2950,primary,"https://data.api.abs.gov.au/rest/data/ABS,ABS_ERP_COB_STATE,1.0.0/all?format=csv",2026-08-25T10:28:10.104Z
2011,Algeria,4101,Australia,1400,primary,"https://data.api.abs.gov.au/rest/data/ABS,ABS_ERP_COB_STATE,1.0.0/all?format=csv",2026-08-25T10:28:10.104Z
2011,Andorra,3101,Australia,20,primary,"https://data.api.abs.gov.au/rest/data/ABS,ABS_ERP_COB_STATE,1.0.0/all?format=csv",2026-08-25T10:28:10.104Z
2011,Angola,9201,Australia,530,primary,"https://data.api.abs.gov.au/rest/data/ABS,ABS_ERP_COB_STATE,1.0.0/all?format=csv",2026-08-25T10:28:10.104Z
2011,Anguilla,8401,Australia,0,primary,"https://data.api.abs.gov.au/rest/data/ABS,ABS_ERP_COB_STATE,1.0.0/all?format=csv",2026-08-25T10:28:10.104Z
2011,Antigua and Barbuda,8402,Australia,40,primary,"https://data.api.abs.gov.au/rest/data/ABS,ABS_ERP_COB_STATE,1.0.0/all?format=csv",2026-08-25T10:28:10.104Z
2011,Argentina,8201,Australia,13800,primary,"https://data.api.abs.gov.au/rest/data/ABS,ABS_ERP_COB_STATE,1.0.0/all?format=csv",2026-08-25T10:28:10.104Z
2011,Argentinian Antarctic Territory,1602,Australia,0,primary,"https://data.api.abs.gov.au/rest/data/ABS,ABS_ERP_COB_STATE,1.0.0/all?format=csv",2026-08-25T10:28:10.104Z
2011,Armenia,7202,Australia,1220,primary,"https://data.api.abs.gov.au/rest/data/ABS,ABS_ERP_COB_STATE,1.0.0/all?format=csv",2026-08-25T10:28:10.104Z
2011,Aruba,8403,Australia,60,primary,"https://data.api.abs.gov.au/rest/data/ABS,ABS_ERP_COB_STATE,1.0.0/all?format=csv",2026-08-25T10:28:10.104Z
2011,Australia,1101,Australia,16321840,primary,"https://data.api.abs.gov.au/rest/data/ABS,ABS_ERP_COB_STATE,1.0.0/all?format=csv",2026-08-25T10:28:10.104Z
2011,Australian Antarctic Territory,1603,Australia,0,primary,"https://data.api.abs.gov.au/rest/data/ABS,ABS_ERP_COB_STATE,1.0.0/all?format=csv",2026-08-25T10:28:10.104Z
2011,"Australian External Territories, nec",1199,Australia,0,primary,"https://data.api.abs.gov.au/rest/data/ABS,ABS_ERP_COB_STATE,1.0.0/all?format=csv",2026-08-25T10:28:10.104Z
2011,Austria,2301,Australia,19800,primary,"https://data.api.abs.gov.au/rest/data/ABS,ABS_ERP_COB_STATE,1.0.0/all?format=csv",2026-08-25T10:28:10.104Z
2011,Azerbaijan,7203,Australia,460,primary,"https://data.api.abs.gov.au/rest/data/ABS,ABS_ERP_COB_STATE,1.0.0/all?format=csv",2026-08-25T10:28:10.104Z
2011,Bahamas,8404,Australia,290,primary,"https://data.api.abs.gov.au/rest/data/ABS,ABS_ERP_COB_STATE,1.0.0/all?format=csv",2026-08-25T10:28:10.104Z
2011,Bahrain,4201,Australia,1440,primary,"https://data.api.abs.gov.au/rest/data/ABS,ABS_ERP_COB_STATE,1.0.0/all?format=csv",2026-08-25T10:28:10.104Z
2011,Bangladesh,7101,Australia,31620,primary,"https://data.api.abs.gov.au/rest/data/ABS,ABS_ERP_COB_STATE,1.0.0/all?format=csv",2026-08-25T10:28:10.104Z
2011,Barbados,8405,Australia,430,primary,"https://data.api.abs.gov.au/rest/data/ABS,ABS_ERP_COB_STATE,1.0.0/all?format=csv",2026-08-25T10:28:10.104Z
2011,Belarus,3301,Australia,1870,primary,"https://data.api.abs.gov.au/rest/data/ABS,ABS_ERP_COB_STATE,1.0.0/all?format=csv",2026-08-25T10:28:10.104Z
2011,Belgium,2302,Australia,6690,primary,"https://data.api.abs.gov.au/rest/data/ABS,ABS_ERP_COB_STATE,1.0.0/all?format=csv",2026-08-25T10:28:10.104Z
2011,Belize,8301,Australia,70,primary,"https://data.api.abs.gov.au/rest/data/ABS,ABS_ERP_COB_STATE,1.0.0/all?format=csv",2026-08-25T10:28:10.104Z
2011,Benin,9101,Australia,90,primary,"https://data.api.abs.gov.au/rest/data/ABS,ABS_ERP_COB_STATE,1.0.0/all?format=csv",2026-08-25T10:28:10.104Z
2011,Bermuda,8101,Australia,520,primary,"https://data.api.abs.gov.au/rest/data/ABS,ABS_ERP_COB_STATE,1.0.0/all?format=csv",2026-08-25T10:28:10.104Z
2011,Bhutan,7102,Australia,2680,primary,"https://data.api.abs.gov.au/rest/data/ABS,ABS_ERP_COB_STATE,1.0.0/all?format=csv",2026-08-25T10:28:10.104Z
2011,"Bolivia, Plurinational State of",8202,Australia,900,primary,"https://data.api.abs.gov.au/rest/data/ABS,ABS_ERP_COB_STATE,1.0.0/all?format=csv",2026-08-25T10:28:10.104Z
2011,"Bonaire, Sint Eustatius and Saba",8433,Australia,0,primary,"https://data.api.abs.gov.au/rest/data/ABS,ABS_ERP_COB_STATE,1.0.0/all?format=csv",2026-08-25T10:28:10.104Z
2011,Bosnia and Herzegovina,3202,Australia,39440,primary,"https://data.api.abs.gov.au/rest/data/ABS,ABS_ERP_COB_STATE,1.0.0/all?format=csv",2026-08-25T10:28:10.104Z
2011,Botswana,9202,Australia,1120,primary,"https://data.api.abs.gov.au/rest/data/ABS,ABS_ERP_COB_STATE,1.0.0/all?format=csv",2026-08-25T10:28:10.104Z
2011,Brazil,8203,Australia,17060,primary,"https://data.api.abs.gov.au/rest/data/ABS,ABS_ERP_COB_STATE,1.0.0/all?format=csv",2026-08-25T10:28:10.104Z
2011,British Antarctic Territory,1604,Australia,0,primary,"https://data.api.abs.gov.au/rest/data/ABS,ABS_ERP_COB_STATE,1.0.0/all?format=csv",2026-08-25T10:28:10.104Z
2011,Brunei Darussalam,5201,Australia,3020,primary,"https://data.api.abs.gov.au/rest/data/ABS,ABS_ERP_COB_STATE,1.0.0/all?format=csv",2026-08-25T10:28:10.104Z
2011,Bulgaria,3203,Australia,3620,primary,"https://data.api.abs.gov.au/rest/data/ABS,ABS_ERP_COB_STATE,1.0.0/all?format=csv",2026-08-25T10:28:10.104Z
2011,Burkina Faso,9102,Australia,40,primary,"https://data.api.abs.gov.au/rest/data/ABS,ABS_ERP_COB_STATE,1.0.0/all?format=csv",2026-08-25T10:28:10.104Z
2011,Burundi,9203,Australia,1940,primary,"https://data.api.abs.gov.au/rest/data/ABS,ABS_ERP_COB_STATE,1.0.0/all?format=csv",2026-08-25T10:28:10.104Z
2011,Cabo Verde,9104,Australia,30,primary,"https://data.api.abs.gov.au/rest/data/ABS,ABS_ERP_COB_STATE,1.0.0/all?format=csv",2026-08-25T10:28:10.104Z
2011,Cambodia,5102,Australia,32510,primary,"https://data.api.abs.gov.au/rest/data/ABS,ABS_ERP_COB_STATE,1.0.0/all?format=csv",2026-08-25T10:28:10.104Z
2011,Cameroon,9103,Australia,320,primary,"https://data.api.abs.gov.au/rest/data/ABS,ABS_ERP_COB_STATE,1.0.0/all?format=csv",2026-08-25T10:28:10.104Z
2011,Canada,8102,Australia,46230,primary,"https://data.api.abs.gov.au/rest/data/ABS,ABS_ERP_COB_STATE,1.0.0/all?format=csv",2026-08-25T10:28:10.104Z
2011,Cayman Islands,8406,Australia,90,primary,"https://data.api.abs.gov.au/rest/data/ABS,ABS_ERP_COB_STATE,1.0.0/all?format=csv",2026-08-25T10:28:10.104Z
2011,Central African Republic,9105,Australia,20,primary,"https://data.api.abs.gov.au/rest/data/ABS,ABS_ERP_COB_STATE,1.0.0/all?format=csv",2026-08-25T10:28:10.104Z
2011,Chad,9106,Australia,60,primary,"https://data.api.abs.gov.au/rest/data/ABS,ABS_ERP_COB_STATE,1.0.0/all?format=csv",2026-08-25T10:28:10.104Z
2011,Chile,8204,Australia,28520,primary,"https://data.api.abs.gov.au/rest/data/ABS,ABS_ERP_COB_STATE,1.0.0/all?format=csv",2026-08-25T10:28:10.104Z
2011,Chilean Antarctic Territory,1605,Australia,0,primary,"https://data.api.abs.gov.au/rest/data/ABS,ABS_ERP_COB_STATE,1.0.0/all?format=csv",2026-08-25T10:28:10.104Z
2011,China (excludes SARs and Taiwan),6101,Australia,387420,primary,"https://data.api.abs.gov.au/rest/data/ABS,ABS_ERP_COB_STATE,1.0.0/all?format=csv",2026-08-25T10:28:10.104Z
2011,Colombia,8205,Australia,13030,primary,"https://data.api.abs.gov.au/rest/data/ABS,ABS_ERP_COB_STATE,1.0.0/all?format=csv",2026-08-25T10:28:10.104Z
2011,Comoros,9204,Australia,20,primary,"https://data.api.abs.gov.au/rest/data/ABS,ABS_ERP_COB_STATE,1.0.0/all?format=csv",2026-08-25T10:28:10.104Z
2011,"Congo, Democratic Republic of",9108,Australia,2850,primary,"https://data.api.abs.gov.au/rest/data/ABS,ABS_ERP_COB_STATE,1.0.0/all?format=csv",2026-08-25T10:28:10.104Z
2011,"Congo, Republic of",9107,Australia,1120,primary,"https://data.api.abs.gov.au/rest/data/ABS,ABS_ERP_COB_STATE,1.0.0/all?format=csv",2026-08-25T10:28:10.104Z
2011,Cook Islands,1501,Australia,6930,primary,"https://data.api.abs.gov.au/rest/data/ABS,ABS_ERP_COB_STATE,1.0.0/all?format=csv",2026-08-25T10:28:10.104Z
2011,Costa Rica,8302,Australia,450,primary,"https://data.api.abs.gov.au/rest/data/ABS,ABS_ERP_COB_STATE,1.0.0/all?format=csv",2026-08-25T10:28:10.104Z
2011,Cote d'Ivoire,9111,Australia,500,primary,"https://data.api.abs.gov.au/rest/data/ABS,ABS_ERP_COB_STATE,1.0.0/all?format=csv",2026-08-25T10:28:10.104Z
2011,Croatia,3204,Australia,67580,primary,"https://data.api.abs.gov.au/rest/data/ABS,ABS_ERP_COB_STATE,1.0.0/all?format=csv",2026-08-25T10:28:10.104Z
2011,Cuba,8407,Australia,760,primary,"https://data.api.abs.gov.au/rest/data/ABS,ABS_ERP_COB_STATE,1.0.0/all?format=csv",2026-08-25T10:28:10.104Z
2011,Curacao,8434,Australia,120,primary,"https://data.api.abs.gov.au/rest/data/ABS,ABS_ERP_COB_STATE,1.0.0/all?format=csv",2026-08-25T10:28:10.104Z
2011,Cyprus,3205,Australia,21150,primary,"https://data.api.abs.gov.au/rest/data/ABS,ABS_ERP_COB_STATE,1.0.0/all?format=csv",2026-08-25T10:28:10.104Z
2011,Czechia,3302,Australia,13450,primary,"https://data.api.abs.gov.au/rest/data/ABS,ABS_ERP_COB_STATE,1.0.0/all?format=csv",2026-08-25T10:28:10.104Z
2011,Denmark,2401,Australia,10640,primary,"https://data.api.abs.gov.au/rest/data/ABS,ABS_ERP_COB_STATE,1.0.0/all?format=csv",2026-08-25T10:28:10.104Z
2011,Djibouti,9205,Australia,150,primary,"https://data.api.abs.gov.au/rest/data/ABS,ABS_ERP_COB_STATE,1.0.0/all?format=csv",2026-08-25T10:28:10.104Z
2011,Dominica,8408,Australia,40,primary,"https://data.api.abs.gov.au/rest/data/ABS,ABS_ERP_COB_STATE,1.0.0/all?format=csv",2026-08-25T10:28:10.104Z
2011,Dominican Republic,8411,Australia,160,primary,"https://data.api.abs.gov.au/rest/data/ABS,ABS_ERP_COB_STATE,1.0.0/all?format=csv",2026-08-25T10:28:10.104Z
2011,Ecuador,8206,Australia,2000,primary,"https://data.api.abs.gov.au/rest/data/ABS,ABS_ERP_COB_STATE,1.0.0/all?format=csv",2026-08-25T10:28:10.104Z
2011,Egypt,4102,Australia,42080,primary,"https://data.api.abs.gov.au/rest/data/ABS,ABS_ERP_COB_STATE,1.0.0/all?format=csv",2026-08-25T10:28:10.104Z
2011,El Salvador,8303,Australia,10990,primary,"https://data.api.abs.gov.au/rest/data/ABS,ABS_ERP_COB_STATE,1.0.0/all?format=csv",2026-08-25T10:28:10.104Z
2011,England,2102,Australia,991040,primary,"https://data.api.abs.gov.au/rest/data/ABS,ABS_ERP_COB_STATE,1.0.0/all?format=csv",2026-08-25T10:28:10.104Z
2011,Equatorial Guinea,9112,Australia,10,primary,"https://data.api.abs.gov.au/rest/data/ABS,ABS_ERP_COB_STATE,1.0.0/all?format=csv",2026-08-25T10:28:10.104Z
2011,Eritrea,9206,Australia,3260,primary,"https://data.api.abs.gov.au/rest/data/ABS,ABS_ERP_COB_STATE,1.0.0/all?format=csv",2026-08-25T10:28:10.104Z
2011,Estonia,3303,Australia,2430,primary,"https://data.api.abs.gov.au/rest/data/ABS,ABS_ERP_COB_STATE,1.0.0/all?format=csv",2026-08-25T10:28:10.104Z
2011,Eswatini,9226,Australia,350,primary,"https://data.api.abs.gov.au/rest/data/ABS,ABS_ERP_COB_STATE,1.0.0/all?format=csv",2026-08-25T10:28:10.104Z
2011,Ethiopia,9207,Australia,9630,primary,"https://data.api.abs.gov.au/rest/data/ABS,ABS_ERP_COB_STATE,1.0.0/all?format=csv",2026-08-25T10:28:10.104Z
2011,Falkland Islands,8207,Australia,130,primary,"https://data.api.abs.gov.au/rest/data/ABS,ABS_ERP_COB_STATE,1.0.0/all?format=csv",2026-08-25T10:28:10.104Z
2011,Faroe Islands,2402,Australia,40,primary,"https://data.api.abs.gov.au/rest/data/ABS,ABS_ERP_COB_STATE,1.0.0/all?format=csv",2026-08-25T10:28:10.104Z
2011,Fiji,1502,Australia,65470,primary,"https://data.api.abs.gov.au/rest/data/ABS,ABS_ERP_COB_STATE,1.0.0/all?format=csv",2026-08-25T10:28:10.104Z
2011,Finland,2403,Australia,9520,primary,"https://data.api.abs.gov.au/rest/data/ABS,ABS_ERP_COB_STATE,1.0.0/all?format=csv",2026-08-25T10:28:10.104Z
2011,France,2303,Australia,29770,primary,"https://data.api.abs.gov.au/rest/data/ABS,ABS_ERP_COB_STATE,1.0.0/all?format=csv",2026-08-25T10:28:10.104Z
2011,French Guiana,8208,Australia,10,primary,"https://data.api.abs.gov.au/rest/data/ABS,ABS_ERP_COB_STATE,1.0.0/all?format=csv",2026-08-25T10:28:10.104Z
2011,French Polynesia,1503,Australia,480,primary,"https://data.api.abs.gov.au/rest/data/ABS,ABS_ERP_COB_STATE,1.0.0/all?format=csv",2026-08-25T10:28:10.104Z
2011,Gabon,9113,Australia,30,primary,"https://data.api.abs.gov.au/rest/data/ABS,ABS_ERP_COB_STATE,1.0.0/all?format=csv",2026-08-25T10:28:10.104Z
2011,Gambia,9114,Australia,110,primary,"https://data.api.abs.gov.au/rest/data/ABS,ABS_ERP_COB_STATE,1.0.0/all?format=csv",2026-08-25T10:28:10.104Z
2011,Georgia,7204,Australia,500,primary,"https://data.api.abs.gov.au/rest/data/ABS,ABS_ERP_COB_STATE,1.0.0/all?format=csv",2026-08-25T10:28:10.104Z
2011,Germany,2304,Australia,125750,primary,"https://data.api.abs.gov.au/rest/data/ABS,ABS_ERP_COB_STATE,1.0.0/all?format=csv",2026-08-25T10:28:10.104Z
2011,Ghana,9115,Australia,4440,primary,"https://data.api.abs.gov.au/rest/data/ABS,ABS_ERP_COB_STATE,1.0.0/all?format=csv",2026-08-25T10:28:10.104Z
2011,Gibraltar,3102,Australia,480,primary,"https://data.api.abs.gov.au/rest/data/ABS,ABS_ERP_COB_STATE,1.0.0/all?format=csv",2026-08-25T10:28:10.104Z
2011,Greece,3207,Australia,121180,primary,"https://data.api.abs.gov.au/rest/data/ABS,ABS_ERP_COB_STATE,1.0.0/all?format=csv",2026-08-25T10:28:10.104Z
2011,Greenland,2404,Australia,30,primary,"https://data.api.abs.gov.au/rest/data/ABS,ABS_ERP_COB_STATE,1.0.0/all?format=csv",2026-08-25T10:28:10.104Z
2011,Grenada,8412,Australia,130,primary,"https://data.api.abs.gov.au/rest/data/ABS,ABS_ERP_COB_STATE,1.0.0/all?format=csv",2026-08-25T10:28:10.104Z
2011,Guadeloupe,8413,Australia,30,primary,"https://data.api.abs.gov.au/rest/data/ABS,ABS_ERP_COB_STATE,1.0.0/all?format=csv",2026-08-25T10:28:10.104Z
2011,Guam,1401,Australia,100,primary,"https://data.api.abs.gov.au/rest/data/ABS,ABS_ERP_COB_STATE,1.0.0/all?format=csv",2026-08-25T10:28:10.104Z
2011,Guatemala,8304,Australia,430,primary,"https://data.api.abs.gov.au/rest/data/ABS,ABS_ERP_COB_STATE,1.0.0/all?format=csv",2026-08-25T10:28:10.104Z
2011,Guernsey,2107,Australia,760,primary,"https://data.api.abs.gov.au/rest/data/ABS,ABS_ERP_COB_STATE,1.0.0/all?format=csv",2026-08-25T10:28:10.104Z
2011,Guinea,9116,Australia,720,primary,"https://data.api.abs.gov.au/rest/data/ABS,ABS_ERP_COB_STATE,1.0.0/all?format=csv",2026-08-25T10:28:10.104Z
2011,Guinea-Bissau,9117,Australia,20,primary,"https://data.api.abs.gov.au/rest/data/ABS,ABS_ERP_COB_STATE,1.0.0/all?format=csv",2026-08-25T10:28:10.104Z
2011,Guyana,8211,Australia,610,primary,"https://data.api.abs.gov.au/rest/data/ABS,ABS_ERP_COB_STATE,1.0.0/all?format=csv",2026-08-25T10:28:10.104Z
2011,Haiti,8414,Australia,110,primary,"https://data.api.abs.gov.au/rest/data/ABS,ABS_ERP_COB_STATE,1.0.0/all?format=csv",2026-08-25T10:28:10.104Z
2011,Holy See,3103,Australia,0,primary,"https://data.api.abs.gov.au/rest/data/ABS,ABS_ERP_COB_STATE,1.0.0/all?format=csv",2026-08-25T10:28:10.104Z
2011,Honduras,8305,Australia,240,primary,"https://data.api.abs.gov.au/rest/data/ABS,ABS_ERP_COB_STATE,1.0.0/all?format=csv",2026-08-25T10:28:10.104Z
2011,Hong Kong (SAR of China),6102,Australia,85990,primary,"https://data.api.abs.gov.au/rest/data/ABS,ABS_ERP_COB_STATE,1.0.0/all?format=csv",2026-08-25T10:28:10.104Z
2011,Hungary,3304,Australia,22420,primary,"https://data.api.abs.gov.au/rest/data/ABS,ABS_ERP_COB_STATE,1.0.0/all?format=csv",2026-08-25T10:28:10.104Z
2011,Iceland,2405,Australia,710,primary,"https://data.api.abs.gov.au/rest/data/ABS,ABS_ERP_COB_STATE,1.0.0/all?format=csv",2026-08-25T10:28:10.104Z
2011,India,7103,Australia,337120,primary,"https://data.api.abs.gov.au/rest/data/ABS,ABS_ERP_COB_STATE,1.0.0/all?format=csv",2026-08-25T10:28:10.104Z
2011,Indonesia,5202,Australia,73060,primary,"https://data.api.abs.gov.au/rest/data/ABS,ABS_ERP_COB_STATE,1.0.0/all?format=csv",2026-08-25T10:28:10.104Z
2011,Iran,4203,Australia,39640,primary,"https://data.api.abs.gov.au/rest/data/ABS,ABS_ERP_COB_STATE,1.0.0/all?format=csv",2026-08-25T10:28:10.104Z
2011,Iraq,4204,Australia,54980,primary,"https://data.api.abs.gov.au/rest/data/ABS,ABS_ERP_COB_STATE,1.0.0/all?format=csv",2026-08-25T10:28:10.104Z
2011,Ireland,2201,Australia,78620,primary,"https://data.api.abs.gov.au/rest/data/ABS,ABS_ERP_COB_STATE,1.0.0/all?format=csv",2026-08-25T10:28:10.104Z
2011,Isle of Man,2103,Australia,890,primary,"https://data.api.abs.gov.au/rest/data/ABS,ABS_ERP_COB_STATE,1.0.0/all?format=csv",2026-08-25T10:28:10.104Z
2011,Israel,4205,Australia,10840,primary,"https://data.api.abs.gov.au/rest/data/ABS,ABS_ERP_COB_STATE,1.0.0/all?format=csv",2026-08-25T10:28:10.104Z
2011,Italy,3104,Australia,201680,primary,"https://data.api.abs.gov.au/rest/data/ABS,ABS_ERP_COB_STATE,1.0.0/all?format=csv",2026-08-25T10:28:10.104Z
2011,Jamaica,8415,Australia,1150,primary,"https://data.api.abs.gov.au/rest/data/ABS,ABS_ERP_COB_STATE,1.0.0/all?format=csv",2026-08-25T10:28:10.104Z
2011,Japan,6201,Australia,41390,primary,"https://data.api.abs.gov.au/rest/data/ABS,ABS_ERP_COB_STATE,1.0.0/all?format=csv",2026-08-25T10:28:10.104Z
2011,Jersey,2108,Australia,1290,primary,"https://data.api.abs.gov.au/rest/data/ABS,ABS_ERP_COB_STATE,1.0.0/all?format=csv",2026-08-25T10:28:10.104Z
2011,Jordan,4206,Australia,5440,primary,"https://data.api.abs.gov.au/rest/data/ABS,ABS_ERP_COB_STATE,1.0.0/all?format=csv",2026-08-25T10:28:10.104Z
2011,Kazakhstan,7205,Australia,1310,primary,"https://data.api.abs.gov.au/rest/data/ABS,ABS_ERP_COB_STATE,1.0.0/all?format=csv",2026-08-25T10:28:10.104Z
2011,Kenya,9208,Australia,15870,primary,"https://data.api.abs.gov.au/rest/data/ABS,ABS_ERP_COB_STATE,1.0.0/all?format=csv",2026-08-25T10:28:10.104Z
2011,Kiribati,1402,Australia,600,primary,"https://data.api.abs.gov.au/rest/data/ABS,ABS_ERP_COB_STATE,1.0.0/all?format=csv",2026-08-25T10:28:10.104Z
2011,"Korea, Democratic People's Republic of (North)",6202,Australia,230,primary,"https://data.api.abs.gov.au/rest/data/ABS,ABS_ERP_COB_STATE,1.0.0/all?format=csv",2026-08-25T10:28:10.104Z
2011,"Korea, Republic of (South)",6203,Australia,85930,primary,"https://data.api.abs.gov.au/rest/data/ABS,ABS_ERP_COB_STATE,1.0.0/all?format=csv",2026-08-25T10:28:10.104Z
2011,Kosovo,3216,Australia,1390,primary,"https://data.api.abs.gov.au/rest/data/ABS,ABS_ERP_COB_STATE,1.0.0/all?format=csv",2026-08-25T10:28:10.104Z
2011,Kuwait,4207,Australia,4720,primary,"https://data.api.abs.gov.au/rest/data/ABS,ABS_ERP_COB_STATE,1.0.0/all?format=csv",2026-08-25T10:28:10.104Z
2011,Kyrgyzstan,7206,Australia,400,primary,"https://data.api.abs.gov.au/rest/data/ABS,ABS_ERP_COB_STATE,1.0.0/all?format=csv",2026-08-25T10:28:10.104Z
2011,Laos,5103,Australia,11300,primary,"https://data.api.abs.gov.au/rest/data/ABS,ABS_ERP_COB_STATE,1.0.0/all?format=csv",2026-08-25T10:28:10.104Z
2011,Latvia,3305,Australia,5470,primary,"https://data.api.abs.gov.au/rest/data/ABS,ABS_ERP_COB_STATE,1.0.0/all?format=csv",2026-08-25T10:28:10.104Z
2011,Lebanon,4208,Australia,90030,primary,"https://data.api.abs.gov.au/rest/data/ABS,ABS_ERP_COB_STATE,1.0.0/all?format=csv",2026-08-25T10:28:10.104Z
2011,Lesotho,9211,Australia,120,primary,"https://data.api.abs.gov.au/rest/data/ABS,ABS_ERP_COB_STATE,1.0.0/all?format=csv",2026-08-25T10:28:10.104Z
2011,Liberia,9118,Australia,3010,primary,"https://data.api.abs.gov.au/rest/data/ABS,ABS_ERP_COB_STATE,1.0.0/all?format=csv",2026-08-25T10:28:10.104Z
2011,Libya,4103,Australia,2900,primary,"https://data.api.abs.gov.au/rest/data/ABS,ABS_ERP_COB_STATE,1.0.0/all?format=csv",2026-08-25T10:28:10.104Z
2011,Liechtenstein,2305,Australia,30,primary,"https://data.api.abs.gov.au/rest/data/ABS,ABS_ERP_COB_STATE,1.0.0/all?format=csv",2026-08-25T10:28:10.104Z
2011,Lithuania,3306,Australia,3130,primary,"https://data.api.abs.gov.au/rest/data/ABS,ABS_ERP_COB_STATE,1.0.0/all?format=csv",2026-08-25T10:28:10.104Z
2011,Luxembourg,2306,Australia,230,primary,"https://data.api.abs.gov.au/rest/data/ABS,ABS_ERP_COB_STATE,1.0.0/all?format=csv",2026-08-25T10:28:10.104Z
2011,Macau (SAR of China),6103,Australia,2610,primary,"https://data.api.abs.gov.au/rest/data/ABS,ABS_ERP_COB_STATE,1.0.0/all?format=csv",2026-08-25T10:28:10.104Z
2011,Madagascar,9212,Australia,270,primary,"https://data.api.abs.gov.au/rest/data/ABS,ABS_ERP_COB_STATE,1.0.0/all?format=csv",2026-08-25T10:28:10.104Z
2011,Malawi,9213,Australia,1080,primary,"https://data.api.abs.gov.au/rest/data/ABS,ABS_ERP_COB_STATE,1.0.0/all?format=csv",2026-08-25T10:28:10.104Z
2011,Malaysia,5203,Australia,134140,primary,"https://data.api.abs.gov.au/rest/data/ABS,ABS_ERP_COB_STATE,1.0.0/all?format=csv",2026-08-25T10:28:10.104Z
2011,Maldives,7104,Australia,440,primary,"https://data.api.abs.gov.au/rest/data/ABS,ABS_ERP_COB_STATE,1.0.0/all?format=csv",2026-08-25T10:28:10.104Z
2011,Mali,9121,Australia,60,primary,"https://data.api.abs.gov.au/rest/data/ABS,ABS_ERP_COB_STATE,1.0.0/all?format=csv",2026-08-25T10:28:10.104Z
2011,Malta,3105,Australia,47960,primary,"https://data.api.abs.gov.au/rest/data/ABS,ABS_ERP_COB_STATE,1.0.0/all?format=csv",2026-08-25T10:28:10.104Z
2011,Marshall Islands,1403,Australia,40,primary,"https://data.api.abs.gov.au/rest/data/ABS,ABS_ERP_COB_STATE,1.0.0/all?format=csv",2026-08-25T10:28:10.104Z
2011,Martinique,8416,Australia,50,primary,"https://data.api.abs.gov.au/rest/data/ABS,ABS_ERP_COB_STATE,1.0.0/all?format=csv",2026-08-25T10:28:10.104Z
2011,Mauritania,9122,Australia,50,primary,"https://data.api.abs.gov.au/rest/data/ABS,ABS_ERP_COB_STATE,1.0.0/all?format=csv",2026-08-25T10:28:10.104Z
2011,Mauritius,9214,Australia,26780,primary,"https://data.api.abs.gov.au/rest/data/ABS,ABS_ERP_COB_STATE,1.0.0/all?format=csv",2026-08-25T10:28:10.104Z
2011,Mayotte,9215,Australia,0,primary,"https://data.api.abs.gov.au/rest/data/ABS,ABS_ERP_COB_STATE,1.0.0/all?format=csv",2026-08-25T10:28:10.104Z
2011,Mexico,8306,Australia,3770,primary,"https://data.api.abs.gov.au/rest/data/ABS,ABS_ERP_COB_STATE,1.0.0/all?format=csv",2026-08-25T10:28:10.104Z
2011,"Micronesia, Federated States of",1404,Australia,20,primary,"https://data.api.abs.gov.au/rest/data/ABS,ABS_ERP_COB_STATE,1.0.0/all?format=csv",2026-08-25T10:28:10.104Z
2011,Moldova,3208,Australia,1040,primary,"https://data.api.abs.gov.au/rest/data/ABS,ABS_ERP_COB_STATE,1.0.0/all?format=csv",2026-08-25T10:28:10.104Z
2011,Monaco,2307,Australia,70,primary,"https://data.api.abs.gov.au/rest/data/ABS,ABS_ERP_COB_STATE,1.0.0/all?format=csv",2026-08-25T10:28:10.104Z
2011,Mongolia,6104,Australia,780,primary,"https://data.api.abs.gov.au/rest/data/ABS,ABS_ERP_COB_STATE,1.0.0/all?format=csv",2026-08-25T10:28:10.104Z
2011,Montenegro,3214,Australia,1850,primary,"https://data.api.abs.gov.au/rest/data/ABS,ABS_ERP_COB_STATE,1.0.0/all?format=csv",2026-08-25T10:28:10.104Z
2011,Montserrat,8417,Australia,10,primary,"https://data.api.abs.gov.au/rest/data/ABS,ABS_ERP_COB_STATE,1.0.0/all?format=csv",2026-08-25T10:28:10.104Z
2011,Morocco,4104,Australia,1870,primary,"https://data.api.abs.gov.au/rest/data/ABS,ABS_ERP_COB_STATE,1.0.0/all?format=csv",2026-08-25T10:28:10.104Z
2011,Mozambique,9216,Australia,890,primary,"https://data.api.abs.gov.au/rest/data/ABS,ABS_ERP_COB_STATE,1.0.0/all?format=csv",2026-08-25T10:28:10.104Z
2011,"Myanmar, The Republic of the Union of",5101,Australia,24430,primary,"https://data.api.abs.gov.au/rest/data/ABS,ABS_ERP_COB_STATE,1.0.0/all?format=csv",2026-08-25T10:28:10.104Z
2011,Namibia,9217,Australia,1160,primary,"https://data.api.abs.gov.au/rest/data/ABS,ABS_ERP_COB_STATE,1.0.0/all?format=csv",2026-08-25T10:28:10.104Z
2011,Nauru,1405,Australia,620,primary,"https://data.api.abs.gov.au/rest/data/ABS,ABS_ERP_COB_STATE,1.0.0/all?format=csv",2026-08-25T10:28:10.104Z
2011,Nepal,7105,Australia,27810,primary,"https://data.api.abs.gov.au/rest/data/ABS,ABS_ERP_COB_STATE,1.0.0/all?format=csv",2026-08-25T10:28:10.104Z
2011,Netherlands,2308,Australia,87660,primary,"https://data.api.abs.gov.au/rest/data/ABS,ABS_ERP_COB_STATE,1.0.0/all?format=csv",2026-08-25T10:28:10.104Z
2011,New Caledonia,1301,Australia,1450,primary,"https://data.api.abs.gov.au/rest/data/ABS,ABS_ERP_COB_STATE,1.0.0/all?format=csv",2026-08-25T10:28:10.104Z
2011,New Zealand,1201,Australia,543950,primary,"https://data.api.abs.gov.au/rest/data/ABS,ABS_ERP_COB_STATE,1.0.0/all?format=csv",2026-08-25T10:28:10.104Z
2011,Nicaragua,8307,Australia,820,primary,"https://data.api.abs.gov.au/rest/data/ABS,ABS_ERP_COB_STATE,1.0.0/all?format=csv",2026-08-25T10:28:10.104Z
2011,Niger,9123,Australia,30,primary,"https://data.api.abs.gov.au/rest/data/ABS,ABS_ERP_COB_STATE,1.0.0/all?format=csv",2026-08-25T10:28:10.104Z
2011,Nigeria,9124,Australia,5130,primary,"https://data.api.abs.gov.au/rest/data/ABS,ABS_ERP_COB_STATE,1.0.0/all?format=csv",2026-08-25T10:28:10.104Z
2011,Niue,1504,Australia,810,primary,"https://data.api.abs.gov.au/rest/data/ABS,ABS_ERP_COB_STATE,1.0.0/all?format=csv",2026-08-25T10:28:10.104Z
2011,Norfolk Island,1102,Australia,270,primary,"https://data.api.abs.gov.au/rest/data/ABS,ABS_ERP_COB_STATE,1.0.0/all?format=csv",2026-08-25T10:28:10.104Z
2011,North Macedonia,3206,Australia,51140,primary,"https://data.api.abs.gov.au/rest/data/ABS,ABS_ERP_COB_STATE,1.0.0/all?format=csv",2026-08-25T10:28:10.104Z
2011,Northern Ireland,2104,Australia,27320,primary,"https://data.api.abs.gov.au/rest/data/ABS,ABS_ERP_COB_STATE,1.0.0/all?format=csv",2026-08-25T10:28:10.104Z
2011,Northern Mariana Islands,1406,Australia,20,primary,"https://data.api.abs.gov.au/rest/data/ABS,ABS_ERP_COB_STATE,1.0.0/all?format=csv",2026-08-25T10:28:10.104Z
2011,Norway,2406,Australia,4400,primary,"https://data.api.abs.gov.au/rest/data/ABS,ABS_ERP_COB_STATE,1.0.0/all?format=csv",2026-08-25T10:28:10.104Z
2011,Oman,4211,Australia,1250,primary,"https://data.api.abs.gov.au/rest/data/ABS,ABS_ERP_COB_STATE,1.0.0/all?format=csv",2026-08-25T10:28:10.104Z
2011,Pakistan,7106,Australia,34150,primary,"https://data.api.abs.gov.au/rest/data/ABS,ABS_ERP_COB_STATE,1.0.0/all?format=csv",2026-08-25T10:28:10.104Z
2011,Palau,1407,Australia,20,primary,"https://data.api.abs.gov.au/rest/data/ABS,ABS_ERP_COB_STATE,1.0.0/all?format=csv",2026-08-25T10:28:10.104Z
2011,Palestine,4202,Australia,3020,primary,"https://data.api.abs.gov.au/rest/data/ABS,ABS_ERP_COB_STATE,1.0.0/all?format=csv",2026-08-25T10:28:10.104Z
2011,Panama,8308,Australia,230,primary,"https://data.api.abs.gov.au/rest/data/ABS,ABS_ERP_COB_STATE,1.0.0/all?format=csv",2026-08-25T10:28:10.104Z
2011,Papua New Guinea,1302,Australia,30650,primary,"https://data.api.abs.gov.au/rest/data/ABS,ABS_ERP_COB_STATE,1.0.0/all?format=csv",2026-08-25T10:28:10.104Z
2011,Paraguay,8212,Australia,450,primary,"https://data.api.abs.gov.au/rest/data/ABS,ABS_ERP_COB_STATE,1.0.0/all?format=csv",2026-08-25T10:28:10.104Z
2011,Peru,8213,Australia,9840,primary,"https://data.api.abs.gov.au/rest/data/ABS,ABS_ERP_COB_STATE,1.0.0/all?format=csv",2026-08-25T10:28:10.104Z
2011,Philippines,5204,Australia,193030,primary,"https://data.api.abs.gov.au/rest/data/ABS,ABS_ERP_COB_STATE,1.0.0/all?format=csv",2026-08-25T10:28:10.104Z
2011,Pitcairn Islands,1513,Australia,0,primary,"https://data.api.abs.gov.au/rest/data/ABS,ABS_ERP_COB_STATE,1.0.0/all?format=csv",2026-08-25T10:28:10.104Z
2011,Poland,3307,Australia,57900,primary,"https://data.api.abs.gov.au/rest/data/ABS,ABS_ERP_COB_STATE,1.0.0/all?format=csv",2026-08-25T10:28:10.104Z
2011,"Polynesia (excludes Hawaii), nec",1599,Australia,10,primary,"https://data.api.abs.gov.au/rest/data/ABS,ABS_ERP_COB_STATE,1.0.0/all?format=csv",2026-08-25T10:28:10.104Z
2011,Portugal,3106,Australia,18550,primary,"https://data.api.abs.gov.au/rest/data/ABS,ABS_ERP_COB_STATE,1.0.0/all?format=csv",2026-08-25T10:28:10.104Z
2011,Puerto Rico,8421,Australia,150,primary,"https://data.api.abs.gov.au/rest/data/ABS,ABS_ERP_COB_STATE,1.0.0/all?format=csv",2026-08-25T10:28:10.104Z
2011,Qatar,4212,Australia,690,primary,"https://data.api.abs.gov.au/rest/data/ABS,ABS_ERP_COB_STATE,1.0.0/all?format=csv",2026-08-25T10:28:10.104Z
2011,Queen Maud Land (Norway),1606,Australia,0,primary,"https://data.api.abs.gov.au/rest/data/ABS,ABS_ERP_COB_STATE,1.0.0/all?format=csv",2026-08-25T10:28:10.104Z
2011,Reunion,9218,Australia,210,primary,"https://data.api.abs.gov.au/rest/data/ABS,ABS_ERP_COB_STATE,1.0.0/all?format=csv",2026-08-25T10:28:10.104Z
2011,Romania,3211,Australia,16720,primary,"https://data.api.abs.gov.au/rest/data/ABS,ABS_ERP_COB_STATE,1.0.0/all?format=csv",2026-08-25T10:28:10.104Z
2011,Ross Dependency (New Zealand),1607,Australia,0,primary,"https://data.api.abs.gov.au/rest/data/ABS,ABS_ERP_COB_STATE,1.0.0/all?format=csv",2026-08-25T10:28:10.104Z
2011,Russian Federation,3308,Australia,21500,primary,"https://data.api.abs.gov.au/rest/data/ABS,ABS_ERP_COB_STATE,1.0.0/all?format=csv",2026-08-25T10:28:10.104Z
2011,Rwanda,9221,Australia,720,primary,"https://data.api.abs.gov.au/rest/data/ABS,ABS_ERP_COB_STATE,1.0.0/all?format=csv",2026-08-25T10:28:10.104Z
2011,Samoa,1505,Australia,21820,primary,"https://data.api.abs.gov.au/rest/data/ABS,ABS_ERP_COB_STATE,1.0.0/all?format=csv",2026-08-25T10:28:10.104Z
2011,"Samoa, American",1506,Australia,290,primary,"https://data.api.abs.gov.au/rest/data/ABS,ABS_ERP_COB_STATE,1.0.0/all?format=csv",2026-08-25T10:28:10.104Z
2011,San Marino,3107,Australia,10,primary,"https://data.api.abs.gov.au/rest/data/ABS,ABS_ERP_COB_STATE,1.0.0/all?format=csv",2026-08-25T10:28:10.104Z
2011,Sao Tome and Principe,9125,Australia,20,primary,"https://data.api.abs.gov.au/rest/data/ABS,ABS_ERP_COB_STATE,1.0.0/all?format=csv",2026-08-25T10:28:10.104Z
2011,Saudi Arabia,4213,Australia,12640,primary,"https://data.api.abs.gov.au/rest/data/ABS,ABS_ERP_COB_STATE,1.0.0/all?format=csv",2026-08-25T10:28:10.104Z
2011,Scotland,2105,Australia,141220,primary,"https://data.api.abs.gov.au/rest/data/ABS,ABS_ERP_COB_STATE,1.0.0/all?format=csv",2026-08-25T10:28:10.104Z
2011,Senegal,9126,Australia,380,primary,"https://data.api.abs.gov.au/rest/data/ABS,ABS_ERP_COB_STATE,1.0.0/all?format=csv",2026-08-25T10:28:10.104Z
2011,Serbia,3215,Australia,34850,primary,"https://data.api.abs.gov.au/rest/data/ABS,ABS_ERP_COB_STATE,1.0.0/all?format=csv",2026-08-25T10:28:10.104Z
2011,Seychelles,9223,Australia,2980,primary,"https://data.api.abs.gov.au/rest/data/ABS,ABS_ERP_COB_STATE,1.0.0/all?format=csv",2026-08-25T10:28:10.104Z
2011,Sierra Leone,9127,Australia,3450,primary,"https://data.api.abs.gov.au/rest/data/ABS,ABS_ERP_COB_STATE,1.0.0/all?format=csv",2026-08-25T10:28:10.104Z
2011,Singapore,5205,Australia,55820,primary,"https://data.api.abs.gov.au/rest/data/ABS,ABS_ERP_COB_STATE,1.0.0/all?format=csv",2026-08-25T10:28:10.104Z
2011,Sint Maarten (Dutch part),8435,Australia,10,primary,"https://data.api.abs.gov.au/rest/data/ABS,ABS_ERP_COB_STATE,1.0.0/all?format=csv",2026-08-25T10:28:10.104Z
2011,Slovakia,3311,Australia,6020,primary,"https://data.api.abs.gov.au/rest/data/ABS,ABS_ERP_COB_STATE,1.0.0/all?format=csv",2026-08-25T10:28:10.104Z
2011,Slovenia,3212,Australia,8260,primary,"https://data.api.abs.gov.au/rest/data/ABS,ABS_ERP_COB_STATE,1.0.0/all?format=csv",2026-08-25T10:28:10.104Z
2011,Solomon Islands,1303,Australia,2020,primary,"https://data.api.abs.gov.au/rest/data/ABS,ABS_ERP_COB_STATE,1.0.0/all?format=csv",2026-08-25T10:28:10.104Z
2011,Somalia,9224,Australia,6590,primary,"https://data.api.abs.gov.au/rest/data/ABS,ABS_ERP_COB_STATE,1.0.0/all?format=csv",2026-08-25T10:28:10.104Z
2011,South Africa,9225,Australia,161590,primary,"https://data.api.abs.gov.au/rest/data/ABS,ABS_ERP_COB_STATE,1.0.0/all?format=csv",2026-08-25T10:28:10.104Z
2011,"South America, nec",8299,Australia,0,primary,"https://data.api.abs.gov.au/rest/data/ABS,ABS_ERP_COB_STATE,1.0.0/all?format=csv",2026-08-25T10:28:10.104Z
2011,South Sudan,4111,Australia,3900,primary,"https://data.api.abs.gov.au/rest/data/ABS,ABS_ERP_COB_STATE,1.0.0/all?format=csv",2026-08-25T10:28:10.104Z
2011,"Southern and East Africa, nec",9299,Australia,20,primary,"https://data.api.abs.gov.au/rest/data/ABS,ABS_ERP_COB_STATE,1.0.0/all?format=csv",2026-08-25T10:28:10.104Z
2011,Spain,3108,Australia,15320,primary,"https://data.api.abs.gov.au/rest/data/ABS,ABS_ERP_COB_STATE,1.0.0/all?format=csv",2026-08-25T10:28:10.104Z
2011,Spanish North Africa,4108,Australia,0,primary,"https://data.api.abs.gov.au/rest/data/ABS,ABS_ERP_COB_STATE,1.0.0/all?format=csv",2026-08-25T10:28:10.104Z
2011,Sri Lanka,7107,Australia,99740,primary,"https://data.api.abs.gov.au/rest/data/ABS,ABS_ERP_COB_STATE,1.0.0/all?format=csv",2026-08-25T10:28:10.104Z
2011,St Barthelemy,8431,Australia,0,primary,"https://data.api.abs.gov.au/rest/data/ABS,ABS_ERP_COB_STATE,1.0.0/all?format=csv",2026-08-25T10:28:10.104Z
2011,St Helena,9222,Australia,50,primary,"https://data.api.abs.gov.au/rest/data/ABS,ABS_ERP_COB_STATE,1.0.0/all?format=csv",2026-08-25T10:28:10.104Z
2011,St Kitts and Nevis,8422,Australia,40,primary,"https://data.api.abs.gov.au/rest/data/ABS,ABS_ERP_COB_STATE,1.0.0/all?format=csv",2026-08-25T10:28:10.104Z
2011,St Lucia,8423,Australia,50,primary,"https://data.api.abs.gov.au/rest/data/ABS,ABS_ERP_COB_STATE,1.0.0/all?format=csv",2026-08-25T10:28:10.104Z
2011,St Martin (French part),8432,Australia,0,primary,"https://data.api.abs.gov.au/rest/data/ABS,ABS_ERP_COB_STATE,1.0.0/all?format=csv",2026-08-25T10:28:10.104Z
2011,St Pierre and Miquelon,8103,Australia,0,primary,"https://data.api.abs.gov.au/rest/data/ABS,ABS_ERP_COB_STATE,1.0.0/all?format=csv",2026-08-25T10:28:10.104Z
2011,St Vincent and the Grenadines,8424,Australia,60,primary,"https://data.api.abs.gov.au/rest/data/ABS,ABS_ERP_COB_STATE,1.0.0/all?format=csv",2026-08-25T10:28:10.104Z
2011,Sudan,4105,Australia,22000,primary,"https://data.api.abs.gov.au/rest/data/ABS,ABS_ERP_COB_STATE,1.0.0/all?format=csv",2026-08-25T10:28:10.104Z
2011,Suriname,8214,Australia,120,primary,"https://data.api.abs.gov.au/rest/data/ABS,ABS_ERP_COB_STATE,1.0.0/all?format=csv",2026-08-25T10:28:10.104Z
2011,Sweden,2407,Australia,10330,primary,"https://data.api.abs.gov.au/rest/data/ABS,ABS_ERP_COB_STATE,1.0.0/all?format=csv",2026-08-25T10:28:10.104Z
2011,Switzerland,2311,Australia,14260,primary,"https://data.api.abs.gov.au/rest/data/ABS,ABS_ERP_COB_STATE,1.0.0/all?format=csv",2026-08-25T10:28:10.104Z
2011,Syria,4214,Australia,9670,primary,"https://data.api.abs.gov.au/rest/data/ABS,ABS_ERP_COB_STATE,1.0.0/all?format=csv",2026-08-25T10:28:10.104Z
2011,Taiwan,6105,Australia,33450,primary,"https://data.api.abs.gov.au/rest/data/ABS,ABS_ERP_COB_STATE,1.0.0/all?format=csv",2026-08-25T10:28:10.104Z
2011,Tajikistan,7207,Australia,110,primary,"https://data.api.abs.gov.au/rest/data/ABS,ABS_ERP_COB_STATE,1.0.0/all?format=csv",2026-08-25T10:28:10.104Z
2011,Tanzania,9227,Australia,3940,primary,"https://data.api.abs.gov.au/rest/data/ABS,ABS_ERP_COB_STATE,1.0.0/all?format=csv",2026-08-25T10:28:10.104Z
2011,Thailand,5104,Australia,52990,primary,"https://data.api.abs.gov.au/rest/data/ABS,ABS_ERP_COB_STATE,1.0.0/all?format=csv",2026-08-25T10:28:10.104Z
2011,Timor-Leste,5206,Australia,10540,primary,"https://data.api.abs.gov.au/rest/data/ABS,ABS_ERP_COB_STATE,1.0.0/all?format=csv",2026-08-25T10:28:10.104Z
2011,Togo,9128,Australia,320,primary,"https://data.api.abs.gov.au/rest/data/ABS,ABS_ERP_COB_STATE,1.0.0/all?format=csv",2026-08-25T10:28:10.104Z
2011,Tokelau,1507,Australia,600,primary,"https://data.api.abs.gov.au/rest/data/ABS,ABS_ERP_COB_STATE,1.0.0/all?format=csv",2026-08-25T10:28:10.104Z
2011,Tonga,1508,Australia,10560,primary,"https://data.api.abs.gov.au/rest/data/ABS,ABS_ERP_COB_STATE,1.0.0/all?format=csv",2026-08-25T10:28:10.104Z
2011,Total,TOT,Australia,22340020,primary,"https://data.api.abs.gov.au/rest/data/ABS,ABS_ERP_COB_STATE,1.0.0/all?format=csv",2026-08-25T10:28:10.104Z
2011,Trinidad and Tobago,8425,Australia,1730,primary,"https://data.api.abs.gov.au/rest/data/ABS,ABS_ERP_COB_STATE,1.0.0/all?format=csv",2026-08-25T10:28:10.104Z
2011,Tunisia,4106,Australia,580,primary,"https://data.api.abs.gov.au/rest/data/ABS,ABS_ERP_COB_STATE,1.0.0/all?format=csv",2026-08-25T10:28:10.104Z
2011,Türkiye,4215,Australia,39980,primary,"https://data.api.abs.gov.au/rest/data/ABS,ABS_ERP_COB_STATE,1.0.0/all?format=csv",2026-08-25T10:28:10.104Z
2011,Turkmenistan,7208,Australia,90,primary,"https://data.api.abs.gov.au/rest/data/ABS,ABS_ERP_COB_STATE,1.0.0/all?format=csv",2026-08-25T10:28:10.104Z
2011,Turks and Caicos Islands,8426,Australia,0,primary,"https://data.api.abs.gov.au/rest/data/ABS,ABS_ERP_COB_STATE,1.0.0/all?format=csv",2026-08-25T10:28:10.104Z
2011,Tuvalu,1511,Australia,140,primary,"https://data.api.abs.gov.au/rest/data/ABS,ABS_ERP_COB_STATE,1.0.0/all?format=csv",2026-08-25T10:28:10.104Z
2011,Uganda,9228,Australia,3040,primary,"https://data.api.abs.gov.au/rest/data/ABS,ABS_ERP_COB_STATE,1.0.0/all?format=csv",2026-08-25T10:28:10.104Z
2011,Ukraine,3312,Australia,16280,primary,"https://data.api.abs.gov.au/rest/data/ABS,ABS_ERP_COB_STATE,1.0.0/all?format=csv",2026-08-25T10:28:10.104Z
2011,United Arab Emirates,4216,Australia,5570,primary,"https://data.api.abs.gov.au/rest/data/ABS,ABS_ERP_COB_STATE,1.0.0/all?format=csv",2026-08-25T10:28:10.104Z
2011,United States of America,8104,Australia,90090,primary,"https://data.api.abs.gov.au/rest/data/ABS,ABS_ERP_COB_STATE,1.0.0/all?format=csv",2026-08-25T10:28:10.104Z
2011,Uruguay,8215,Australia,10540,primary,"https://data.api.abs.gov.au/rest/data/ABS,ABS_ERP_COB_STATE,1.0.0/all?format=csv",2026-08-25T10:28:10.104Z
2011,Uzbekistan,7211,Australia,1380,primary,"https://data.api.abs.gov.au/rest/data/ABS,ABS_ERP_COB_STATE,1.0.0/all?format=csv",2026-08-25T10:28:10.104Z
2011,Vanuatu,1304,Australia,1300,primary,"https://data.api.abs.gov.au/rest/data/ABS,ABS_ERP_COB_STATE,1.0.0/all?format=csv",2026-08-25T10:28:10.104Z
2011,"Venezuela, Bolivarian Republic of",8216,Australia,3870,primary,"https://data.api.abs.gov.au/rest/data/ABS,ABS_ERP_COB_STATE,1.0.0/all?format=csv",2026-08-25T10:28:10.104Z
2011,Vietnam,5105,Australia,207620,primary,"https://data.api.abs.gov.au/rest/data/ABS,ABS_ERP_COB_STATE,1.0.0/all?format=csv",2026-08-25T10:28:10.104Z
2011,"Virgin Islands, British",8427,Australia,20,primary,"https://data.api.abs.gov.au/rest/data/ABS,ABS_ERP_COB_STATE,1.0.0/all?format=csv",2026-08-25T10:28:10.104Z
2011,"Virgin Islands, United States",8428,Australia,10,primary,"https://data.api.abs.gov.au/rest/data/ABS,ABS_ERP_COB_STATE,1.0.0/all?format=csv",2026-08-25T10:28:10.104Z
2011,Wales,2106,Australia,33470,primary,"https://data.api.abs.gov.au/rest/data/ABS,ABS_ERP_COB_STATE,1.0.0/all?format=csv",2026-08-25T10:28:10.104Z
2011,Wallis and Futuna,1512,Australia,20,primary,"https://data.api.abs.gov.au/rest/data/ABS,ABS_ERP_COB_STATE,1.0.0/all?format=csv",2026-08-25T10:28:10.104Z
2011,Western Sahara,4107,Australia,10,primary,"https://data.api.abs.gov.au/rest/data/ABS,ABS_ERP_COB_STATE,1.0.0/all?format=csv",2026-08-25T10:28:10.104Z
2011,Yemen,4217,Australia,610,primary,"https://data.api.abs.gov.au/rest/data/ABS,ABS_ERP_COB_STATE,1.0.0/all?format=csv",2026-08-25T10:28:10.104Z
2011,Zambia,9231,Australia,6350,primary,"https://data.api.abs.gov.au/rest/data/ABS,ABS_ERP_COB_STATE,1.0.0/all?format=csv",2026-08-25T10:28:10.104Z
2011,Zimbabwe,9232,Australia,34610,primary,"https://data.api.abs.gov.au/rest/data/ABS,ABS_ERP_COB_STATE,1.0.0/all?format=csv",2026-08-25T10:28:10.104Z
2016,Adelie Land (France),1601,Australia,0,primary,"https://data.api.abs.gov.au/rest/data/ABS,ABS_ERP_COB_STATE,1.0.0/all?format=csv",2026-08-25T10:28:10.104Z
2016,Afghanistan,7201,Australia,53670,primary,"https://data.api.abs.gov.au/rest/data/ABS,ABS_ERP_COB_STATE,1.0.0/all?format=csv",2026-08-25T10:28:10.104Z
2016,Aland Islands,2408,Australia,30,primary,"https://data.api.abs.gov.au/rest/data/ABS,ABS_ERP_COB_STATE,1.0.0/all?format=csv",2026-08-25T10:28:10.104Z
2016,Albania,3201,Australia,3530,primary,"https://data.api.abs.gov.au/rest/data/ABS,ABS_ERP_COB_STATE,1.0.0/all?format=csv",2026-08-25T10:28:10.104Z
2016,Algeria,4101,Australia,1640,primary,"https://data.api.abs.gov.au/rest/data/ABS,ABS_ERP_COB_STATE,1.0.0/all?format=csv",2026-08-25T10:28:10.104Z
2016,Andorra,3101,Australia,30,primary,"https://data.api.abs.gov.au/rest/data/ABS,ABS_ERP_COB_STATE,1.0.0/all?format=csv",2026-08-25T10:28:10.104Z
2016,Angola,9201,Australia,560,primary,"https://data.api.abs.gov.au/rest/data/ABS,ABS_ERP_COB_STATE,1.0.0/all?format=csv",2026-08-25T10:28:10.104Z
2016,Anguilla,8401,Australia,20,primary,"https://data.api.abs.gov.au/rest/data/ABS,ABS_ERP_COB_STATE,1.0.0/all?format=csv",2026-08-25T10:28:10.104Z
2016,Antigua and Barbuda,8402,Australia,60,primary,"https://data.api.abs.gov.au/rest/data/ABS,ABS_ERP_COB_STATE,1.0.0/all?format=csv",2026-08-25T10:28:10.104Z
2016,Argentina,8201,Australia,16020,primary,"https://data.api.abs.gov.au/rest/data/ABS,ABS_ERP_COB_STATE,1.0.0/all?format=csv",2026-08-25T10:28:10.104Z
2016,Argentinian Antarctic Territory,1602,Australia,0,primary,"https://data.api.abs.gov.au/rest/data/ABS,ABS_ERP_COB_STATE,1.0.0/all?format=csv",2026-08-25T10:28:10.104Z
2016,Armenia,7202,Australia,1520,primary,"https://data.api.abs.gov.au/rest/data/ABS,ABS_ERP_COB_STATE,1.0.0/all?format=csv",2026-08-25T10:28:10.104Z
2016,Aruba,8403,Australia,70,primary,"https://data.api.abs.gov.au/rest/data/ABS,ABS_ERP_COB_STATE,1.0.0/all?format=csv",2026-08-25T10:28:10.104Z
2016,Australia,1101,Australia,17278800,primary,"https://data.api.abs.gov.au/rest/data/ABS,ABS_ERP_COB_STATE,1.0.0/all?format=csv",2026-08-25T10:28:10.104Z
2016,Australian Antarctic Territory,1603,Australia,0,primary,"https://data.api.abs.gov.au/rest/data/ABS,ABS_ERP_COB_STATE,1.0.0/all?format=csv",2026-08-25T10:28:10.104Z
2016,"Australian External Territories, nec",1199,Australia,0,primary,"https://data.api.abs.gov.au/rest/data/ABS,ABS_ERP_COB_STATE,1.0.0/all?format=csv",2026-08-25T10:28:10.104Z
2016,Austria,2301,Australia,17470,primary,"https://data.api.abs.gov.au/rest/data/ABS,ABS_ERP_COB_STATE,1.0.0/all?format=csv",2026-08-25T10:28:10.104Z
2016,Azerbaijan,7203,Australia,680,primary,"https://data.api.abs.gov.au/rest/data/ABS,ABS_ERP_COB_STATE,1.0.0/all?format=csv",2026-08-25T10:28:10.104Z
2016,Bahamas,8404,Australia,310,primary,"https://data.api.abs.gov.au/rest/data/ABS,ABS_ERP_COB_STATE,1.0.0/all?format=csv",2026-08-25T10:28:10.104Z
2016,Bahrain,4201,Australia,1820,primary,"https://data.api.abs.gov.au/rest/data/ABS,ABS_ERP_COB_STATE,1.0.0/all?format=csv",2026-08-25T10:28:10.104Z
2016,Bangladesh,7101,Australia,46250,primary,"https://data.api.abs.gov.au/rest/data/ABS,ABS_ERP_COB_STATE,1.0.0/all?format=csv",2026-08-25T10:28:10.104Z
2016,Barbados,8405,Australia,450,primary,"https://data.api.abs.gov.au/rest/data/ABS,ABS_ERP_COB_STATE,1.0.0/all?format=csv",2026-08-25T10:28:10.104Z
2016,Belarus,3301,Australia,2230,primary,"https://data.api.abs.gov.au/rest/data/ABS,ABS_ERP_COB_STATE,1.0.0/all?format=csv",2026-08-25T10:28:10.104Z
2016,Belgium,2302,Australia,7370,primary,"https://data.api.abs.gov.au/rest/data/ABS,ABS_ERP_COB_STATE,1.0.0/all?format=csv",2026-08-25T10:28:10.104Z
2016,Belize,8301,Australia,80,primary,"https://data.api.abs.gov.au/rest/data/ABS,ABS_ERP_COB_STATE,1.0.0/all?format=csv",2026-08-25T10:28:10.104Z
2016,Benin,9101,Australia,100,primary,"https://data.api.abs.gov.au/rest/data/ABS,ABS_ERP_COB_STATE,1.0.0/all?format=csv",2026-08-25T10:28:10.104Z
2016,Bermuda,8101,Australia,580,primary,"https://data.api.abs.gov.au/rest/data/ABS,ABS_ERP_COB_STATE,1.0.0/all?format=csv",2026-08-25T10:28:10.104Z
2016,Bhutan,7102,Australia,6420,primary,"https://data.api.abs.gov.au/rest/data/ABS,ABS_ERP_COB_STATE,1.0.0/all?format=csv",2026-08-25T10:28:10.104Z
2016,"Bolivia, Plurinational State of",8202,Australia,1080,primary,"https://data.api.abs.gov.au/rest/data/ABS,ABS_ERP_COB_STATE,1.0.0/all?format=csv",2026-08-25T10:28:10.104Z
2016,"Bonaire, Sint Eustatius and Saba",8433,Australia,10,primary,"https://data.api.abs.gov.au/rest/data/ABS,ABS_ERP_COB_STATE,1.0.0/all?format=csv",2026-08-25T10:28:10.104Z
2016,Bosnia and Herzegovina,3202,Australia,36060,primary,"https://data.api.abs.gov.au/rest/data/ABS,ABS_ERP_COB_STATE,1.0.0/all?format=csv",2026-08-25T10:28:10.104Z
2016,Botswana,9202,Australia,1370,primary,"https://data.api.abs.gov.au/rest/data/ABS,ABS_ERP_COB_STATE,1.0.0/all?format=csv",2026-08-25T10:28:10.104Z
2016,Brazil,8203,Australia,32900,primary,"https://data.api.abs.gov.au/rest/data/ABS,ABS_ERP_COB_STATE,1.0.0/all?format=csv",2026-08-25T10:28:10.104Z
2016,British Antarctic Territory,1604,Australia,0,primary,"https://data.api.abs.gov.au/rest/data/ABS,ABS_ERP_COB_STATE,1.0.0/all?format=csv",2026-08-25T10:28:10.104Z
2016,Brunei Darussalam,5201,Australia,2950,primary,"https://data.api.abs.gov.au/rest/data/ABS,ABS_ERP_COB_STATE,1.0.0/all?format=csv",2026-08-25T10:28:10.104Z
2016,Bulgaria,3203,Australia,4010,primary,"https://data.api.abs.gov.au/rest/data/ABS,ABS_ERP_COB_STATE,1.0.0/all?format=csv",2026-08-25T10:28:10.104Z
2016,Burkina Faso,9102,Australia,60,primary,"https://data.api.abs.gov.au/rest/data/ABS,ABS_ERP_COB_STATE,1.0.0/all?format=csv",2026-08-25T10:28:10.104Z
2016,Burundi,9203,Australia,2510,primary,"https://data.api.abs.gov.au/rest/data/ABS,ABS_ERP_COB_STATE,1.0.0/all?format=csv",2026-08-25T10:28:10.104Z
2016,Cabo Verde,9104,Australia,40,primary,"https://data.api.abs.gov.au/rest/data/ABS,ABS_ERP_COB_STATE,1.0.0/all?format=csv",2026-08-25T10:28:10.104Z
2016,Cambodia,5102,Australia,35100,primary,"https://data.api.abs.gov.au/rest/data/ABS,ABS_ERP_COB_STATE,1.0.0/all?format=csv",2026-08-25T10:28:10.104Z
2016,Cameroon,9103,Australia,480,primary,"https://data.api.abs.gov.au/rest/data/ABS,ABS_ERP_COB_STATE,1.0.0/all?format=csv",2026-08-25T10:28:10.104Z
2016,Canada,8102,Australia,53750,primary,"https://data.api.abs.gov.au/rest/data/ABS,ABS_ERP_COB_STATE,1.0.0/all?format=csv",2026-08-25T10:28:10.104Z
2016,Cayman Islands,8406,Australia,150,primary,"https://data.api.abs.gov.au/rest/data/ABS,ABS_ERP_COB_STATE,1.0.0/all?format=csv",2026-08-25T10:28:10.104Z
2016,Central African Republic,9105,Australia,40,primary,"https://data.api.abs.gov.au/rest/data/ABS,ABS_ERP_COB_STATE,1.0.0/all?format=csv",2026-08-25T10:28:10.104Z
2016,Chad,9106,Australia,60,primary,"https://data.api.abs.gov.au/rest/data/ABS,ABS_ERP_COB_STATE,1.0.0/all?format=csv",2026-08-25T10:28:10.104Z
2016,Chile,8204,Australia,31040,primary,"https://data.api.abs.gov.au/rest/data/ABS,ABS_ERP_COB_STATE,1.0.0/all?format=csv",2026-08-25T10:28:10.104Z
2016,Chilean Antarctic Territory,1605,Australia,0,primary,"https://data.api.abs.gov.au/rest/data/ABS,ABS_ERP_COB_STATE,1.0.0/all?format=csv",2026-08-25T10:28:10.104Z
2016,China (excludes SARs and Taiwan),6101,Australia,557690,primary,"https://data.api.abs.gov.au/rest/data/ABS,ABS_ERP_COB_STATE,1.0.0/all?format=csv",2026-08-25T10:28:10.104Z
2016,Colombia,8205,Australia,22680,primary,"https://data.api.abs.gov.au/rest/data/ABS,ABS_ERP_COB_STATE,1.0.0/all?format=csv",2026-08-25T10:28:10.104Z
2016,Comoros,9204,Australia,20,primary,"https://data.api.abs.gov.au/rest/data/ABS,ABS_ERP_COB_STATE,1.0.0/all?format=csv",2026-08-25T10:28:10.104Z
2016,"Congo, Democratic Republic of",9108,Australia,4810,primary,"https://data.api.abs.gov.au/rest/data/ABS,ABS_ERP_COB_STATE,1.0.0/all?format=csv",2026-08-25T10:28:10.104Z
2016,"Congo, Republic of",9107,Australia,1700,primary,"https://data.api.abs.gov.au/rest/data/ABS,ABS_ERP_COB_STATE,1.0.0/all?format=csv",2026-08-25T10:28:10.104Z
2016,Cook Islands,1501,Australia,8140,primary,"https://data.api.abs.gov.au/rest/data/ABS,ABS_ERP_COB_STATE,1.0.0/all?format=csv",2026-08-25T10:28:10.104Z
2016,Costa Rica,8302,Australia,530,primary,"https://data.api.abs.gov.au/rest/data/ABS,ABS_ERP_COB_STATE,1.0.0/all?format=csv",2026-08-25T10:28:10.104Z
2016,Cote d'Ivoire,9111,Australia,600,primary,"https://data.api.abs.gov.au/rest/data/ABS,ABS_ERP_COB_STATE,1.0.0/all?format=csv",2026-08-25T10:28:10.104Z
2016,Croatia,3204,Australia,60170,primary,"https://data.api.abs.gov.au/rest/data/ABS,ABS_ERP_COB_STATE,1.0.0/all?format=csv",2026-08-25T10:28:10.104Z
2016,Cuba,8407,Australia,900,primary,"https://data.api.abs.gov.au/rest/data/ABS,ABS_ERP_COB_STATE,1.0.0/all?format=csv",2026-08-25T10:28:10.104Z
2016,Curacao,8434,Australia,150,primary,"https://data.api.abs.gov.au/rest/data/ABS,ABS_ERP_COB_STATE,1.0.0/all?format=csv",2026-08-25T10:28:10.104Z
2016,Cyprus,3205,Australia,19690,primary,"https://data.api.abs.gov.au/rest/data/ABS,ABS_ERP_COB_STATE,1.0.0/all?format=csv",2026-08-25T10:28:10.104Z
2016,Czechia,3302,Australia,13110,primary,"https://data.api.abs.gov.au/rest/data/ABS,ABS_ERP_COB_STATE,1.0.0/all?format=csv",2026-08-25T10:28:10.104Z
2016,Denmark,2401,Australia,10130,primary,"https://data.api.abs.gov.au/rest/data/ABS,ABS_ERP_COB_STATE,1.0.0/all?format=csv",2026-08-25T10:28:10.104Z
2016,Djibouti,9205,Australia,200,primary,"https://data.api.abs.gov.au/rest/data/ABS,ABS_ERP_COB_STATE,1.0.0/all?format=csv",2026-08-25T10:28:10.104Z
2016,Dominica,8408,Australia,40,primary,"https://data.api.abs.gov.au/rest/data/ABS,ABS_ERP_COB_STATE,1.0.0/all?format=csv",2026-08-25T10:28:10.104Z
2016,Dominican Republic,8411,Australia,210,primary,"https://data.api.abs.gov.au/rest/data/ABS,ABS_ERP_COB_STATE,1.0.0/all?format=csv",2026-08-25T10:28:10.104Z
2016,Ecuador,8206,Australia,2710,primary,"https://data.api.abs.gov.au/rest/data/ABS,ABS_ERP_COB_STATE,1.0.0/all?format=csv",2026-08-25T10:28:10.104Z
2016,Egypt,4102,Australia,45220,primary,"https://data.api.abs.gov.au/rest/data/ABS,ABS_ERP_COB_STATE,1.0.0/all?format=csv",2026-08-25T10:28:10.104Z
2016,El Salvador,8303,Australia,11430,primary,"https://data.api.abs.gov.au/rest/data/ABS,ABS_ERP_COB_STATE,1.0.0/all?format=csv",2026-08-25T10:28:10.104Z
2016,England,2102,Australia,1002060,primary,"https://data.api.abs.gov.au/rest/data/ABS,ABS_ERP_COB_STATE,1.0.0/all?format=csv",2026-08-25T10:28:10.104Z
2016,Equatorial Guinea,9112,Australia,10,primary,"https://data.api.abs.gov.au/rest/data/ABS,ABS_ERP_COB_STATE,1.0.0/all?format=csv",2026-08-25T10:28:10.104Z
2016,Eritrea,9206,Australia,5140,primary,"https://data.api.abs.gov.au/rest/data/ABS,ABS_ERP_COB_STATE,1.0.0/all?format=csv",2026-08-25T10:28:10.104Z
2016,Estonia,3303,Australia,3450,primary,"https://data.api.abs.gov.au/rest/data/ABS,ABS_ERP_COB_STATE,1.0.0/all?format=csv",2026-08-25T10:28:10.104Z
2016,Eswatini,9226,Australia,380,primary,"https://data.api.abs.gov.au/rest/data/ABS,ABS_ERP_COB_STATE,1.0.0/all?format=csv",2026-08-25T10:28:10.104Z
2016,Ethiopia,9207,Australia,14000,primary,"https://data.api.abs.gov.au/rest/data/ABS,ABS_ERP_COB_STATE,1.0.0/all?format=csv",2026-08-25T10:28:10.104Z
2016,Falkland Islands,8207,Australia,120,primary,"https://data.api.abs.gov.au/rest/data/ABS,ABS_ERP_COB_STATE,1.0.0/all?format=csv",2026-08-25T10:28:10.104Z
2016,Faroe Islands,2402,Australia,20,primary,"https://data.api.abs.gov.au/rest/data/ABS,ABS_ERP_COB_STATE,1.0.0/all?format=csv",2026-08-25T10:28:10.104Z
2016,Fiji,1502,Australia,73970,primary,"https://data.api.abs.gov.au/rest/data/ABS,ABS_ERP_COB_STATE,1.0.0/all?format=csv",2026-08-25T10:28:10.104Z
2016,Finland,2403,Australia,9050,primary,"https://data.api.abs.gov.au/rest/data/ABS,ABS_ERP_COB_STATE,1.0.0/all?format=csv",2026-08-25T10:28:10.104Z
2016,France,2303,Australia,37470,primary,"https://data.api.abs.gov.au/rest/data/ABS,ABS_ERP_COB_STATE,1.0.0/all?format=csv",2026-08-25T10:28:10.104Z
2016,French Guiana,8208,Australia,20,primary,"https://data.api.abs.gov.au/rest/data/ABS,ABS_ERP_COB_STATE,1.0.0/all?format=csv",2026-08-25T10:28:10.104Z
2016,French Polynesia,1503,Australia,540,primary,"https://data.api.abs.gov.au/rest/data/ABS,ABS_ERP_COB_STATE,1.0.0/all?format=csv",2026-08-25T10:28:10.104Z
2016,Gabon,9113,Australia,50,primary,"https://data.api.abs.gov.au/rest/data/ABS,ABS_ERP_COB_STATE,1.0.0/all?format=csv",2026-08-25T10:28:10.104Z
2016,Gambia,9114,Australia,130,primary,"https://data.api.abs.gov.au/rest/data/ABS,ABS_ERP_COB_STATE,1.0.0/all?format=csv",2026-08-25T10:28:10.104Z
2016,Georgia,7204,Australia,650,primary,"https://data.api.abs.gov.au/rest/data/ABS,ABS_ERP_COB_STATE,1.0.0/all?format=csv",2026-08-25T10:28:10.104Z
2016,Germany,2304,Australia,116700,primary,"https://data.api.abs.gov.au/rest/data/ABS,ABS_ERP_COB_STATE,1.0.0/all?format=csv",2026-08-25T10:28:10.104Z
2016,Ghana,9115,Australia,6300,primary,"https://data.api.abs.gov.au/rest/data/ABS,ABS_ERP_COB_STATE,1.0.0/all?format=csv",2026-08-25T10:28:10.104Z
2016,Gibraltar,3102,Australia,490,primary,"https://data.api.abs.gov.au/rest/data/ABS,ABS_ERP_COB_STATE,1.0.0/all?format=csv",2026-08-25T10:28:10.104Z
2016,Greece,3207,Australia,113420,primary,"https://data.api.abs.gov.au/rest/data/ABS,ABS_ERP_COB_STATE,1.0.0/all?format=csv",2026-08-25T10:28:10.104Z
2016,Greenland,2404,Australia,40,primary,"https://data.api.abs.gov.au/rest/data/ABS,ABS_ERP_COB_STATE,1.0.0/all?format=csv",2026-08-25T10:28:10.104Z
2016,Grenada,8412,Australia,140,primary,"https://data.api.abs.gov.au/rest/data/ABS,ABS_ERP_COB_STATE,1.0.0/all?format=csv",2026-08-25T10:28:10.104Z
2016,Guadeloupe,8413,Australia,20,primary,"https://data.api.abs.gov.au/rest/data/ABS,ABS_ERP_COB_STATE,1.0.0/all?format=csv",2026-08-25T10:28:10.104Z
2016,Guam,1401,Australia,120,primary,"https://data.api.abs.gov.au/rest/data/ABS,ABS_ERP_COB_STATE,1.0.0/all?format=csv",2026-08-25T10:28:10.104Z
2016,Guatemala,8304,Australia,550,primary,"https://data.api.abs.gov.au/rest/data/ABS,ABS_ERP_COB_STATE,1.0.0/all?format=csv",2026-08-25T10:28:10.104Z
2016,Guernsey,2107,Australia,870,primary,"https://data.api.abs.gov.au/rest/data/ABS,ABS_ERP_COB_STATE,1.0.0/all?format=csv",2026-08-25T10:28:10.104Z
2016,Guinea,9116,Australia,960,primary,"https://data.api.abs.gov.au/rest/data/ABS,ABS_ERP_COB_STATE,1.0.0/all?format=csv",2026-08-25T10:28:10.104Z
2016,Guinea-Bissau,9117,Australia,20,primary,"https://data.api.abs.gov.au/rest/data/ABS,ABS_ERP_COB_STATE,1.0.0/all?format=csv",2026-08-25T10:28:10.104Z
2016,Guyana,8211,Australia,670,primary,"https://data.api.abs.gov.au/rest/data/ABS,ABS_ERP_COB_STATE,1.0.0/all?format=csv",2026-08-25T10:28:10.104Z
2016,Haiti,8414,Australia,120,primary,"https://data.api.abs.gov.au/rest/data/ABS,ABS_ERP_COB_STATE,1.0.0/all?format=csv",2026-08-25T10:28:10.104Z
2016,Holy See,3103,Australia,0,primary,"https://data.api.abs.gov.au/rest/data/ABS,ABS_ERP_COB_STATE,1.0.0/all?format=csv",2026-08-25T10:28:10.104Z
2016,Honduras,8305,Australia,310,primary,"https://data.api.abs.gov.au/rest/data/ABS,ABS_ERP_COB_STATE,1.0.0/all?format=csv",2026-08-25T10:28:10.104Z
2016,Hong Kong (SAR of China),6102,Australia,97590,primary,"https://data.api.abs.gov.au/rest/data/ABS,ABS_ERP_COB_STATE,1.0.0/all?format=csv",2026-08-25T10:28:10.104Z
2016,Hungary,3304,Australia,20790,primary,"https://data.api.abs.gov.au/rest/data/ABS,ABS_ERP_COB_STATE,1.0.0/all?format=csv",2026-08-25T10:28:10.104Z
2016,Iceland,2405,Australia,570,primary,"https://data.api.abs.gov.au/rest/data/ABS,ABS_ERP_COB_STATE,1.0.0/all?format=csv",2026-08-25T10:28:10.104Z
2016,India,7103,Australia,489410,primary,"https://data.api.abs.gov.au/rest/data/ABS,ABS_ERP_COB_STATE,1.0.0/all?format=csv",2026-08-25T10:28:10.104Z
2016,Indonesia,5202,Australia,78970,primary,"https://data.api.abs.gov.au/rest/data/ABS,ABS_ERP_COB_STATE,1.0.0/all?format=csv",2026-08-25T10:28:10.104Z
2016,Iran,4203,Australia,66150,primary,"https://data.api.abs.gov.au/rest/data/ABS,ABS_ERP_COB_STATE,1.0.0/all?format=csv",2026-08-25T10:28:10.104Z
2016,Iraq,4204,Australia,74680,primary,"https://data.api.abs.gov.au/rest/data/ABS,ABS_ERP_COB_STATE,1.0.0/all?format=csv",2026-08-25T10:28:10.104Z
2016,Ireland,2201,Australia,88020,primary,"https://data.api.abs.gov.au/rest/data/ABS,ABS_ERP_COB_STATE,1.0.0/all?format=csv",2026-08-25T10:28:10.104Z
2016,Isle of Man,2103,Australia,930,primary,"https://data.api.abs.gov.au/rest/data/ABS,ABS_ERP_COB_STATE,1.0.0/all?format=csv",2026-08-25T10:28:10.104Z
2016,Israel,4205,Australia,11350,primary,"https://data.api.abs.gov.au/rest/data/ABS,ABS_ERP_COB_STATE,1.0.0/all?format=csv",2026-08-25T10:28:10.104Z
2016,Italy,3104,Australia,195760,primary,"https://data.api.abs.gov.au/rest/data/ABS,ABS_ERP_COB_STATE,1.0.0/all?format=csv",2026-08-25T10:28:10.104Z
2016,Jamaica,8415,Australia,1280,primary,"https://data.api.abs.gov.au/rest/data/ABS,ABS_ERP_COB_STATE,1.0.0/all?format=csv",2026-08-25T10:28:10.104Z
2016,Japan,6201,Australia,49040,primary,"https://data.api.abs.gov.au/rest/data/ABS,ABS_ERP_COB_STATE,1.0.0/all?format=csv",2026-08-25T10:28:10.104Z
2016,Jersey,2108,Australia,1380,primary,"https://data.api.abs.gov.au/rest/data/ABS,ABS_ERP_COB_STATE,1.0.0/all?format=csv",2026-08-25T10:28:10.104Z
2016,Jordan,4206,Australia,6950,primary,"https://data.api.abs.gov.au/rest/data/ABS,ABS_ERP_COB_STATE,1.0.0/all?format=csv",2026-08-25T10:28:10.104Z
2016,Kazakhstan,7205,Australia,2020,primary,"https://data.api.abs.gov.au/rest/data/ABS,ABS_ERP_COB_STATE,1.0.0/all?format=csv",2026-08-25T10:28:10.104Z
2016,Kenya,9208,Australia,21090,primary,"https://data.api.abs.gov.au/rest/data/ABS,ABS_ERP_COB_STATE,1.0.0/all?format=csv",2026-08-25T10:28:10.104Z
2016,Kiribati,1402,Australia,640,primary,"https://data.api.abs.gov.au/rest/data/ABS,ABS_ERP_COB_STATE,1.0.0/all?format=csv",2026-08-25T10:28:10.104Z
2016,"Korea, Democratic People's Republic of (North)",6202,Australia,240,primary,"https://data.api.abs.gov.au/rest/data/ABS,ABS_ERP_COB_STATE,1.0.0/all?format=csv",2026-08-25T10:28:10.104Z
2016,"Korea, Republic of (South)",6203,Australia,111570,primary,"https://data.api.abs.gov.au/rest/data/ABS,ABS_ERP_COB_STATE,1.0.0/all?format=csv",2026-08-25T10:28:10.104Z
2016,Kosovo,3216,Australia,1470,primary,"https://data.api.abs.gov.au/rest/data/ABS,ABS_ERP_COB_STATE,1.0.0/all?format=csv",2026-08-25T10:28:10.104Z
2016,Kuwait,4207,Australia,6920,primary,"https://data.api.abs.gov.au/rest/data/ABS,ABS_ERP_COB_STATE,1.0.0/all?format=csv",2026-08-25T10:28:10.104Z
2016,Kyrgyzstan,7206,Australia,520,primary,"https://data.api.abs.gov.au/rest/data/ABS,ABS_ERP_COB_STATE,1.0.0/all?format=csv",2026-08-25T10:28:10.104Z
2016,Laos,5103,Australia,10950,primary,"https://data.api.abs.gov.au/rest/data/ABS,ABS_ERP_COB_STATE,1.0.0/all?format=csv",2026-08-25T10:28:10.104Z
2016,Latvia,3305,Australia,4840,primary,"https://data.api.abs.gov.au/rest/data/ABS,ABS_ERP_COB_STATE,1.0.0/all?format=csv",2026-08-25T10:28:10.104Z
2016,Lebanon,4208,Australia,93720,primary,"https://data.api.abs.gov.au/rest/data/ABS,ABS_ERP_COB_STATE,1.0.0/all?format=csv",2026-08-25T10:28:10.104Z
2016,Lesotho,9211,Australia,150,primary,"https://data.api.abs.gov.au/rest/data/ABS,ABS_ERP_COB_STATE,1.0.0/all?format=csv",2026-08-25T10:28:10.104Z
2016,Liberia,9118,Australia,3580,primary,"https://data.api.abs.gov.au/rest/data/ABS,ABS_ERP_COB_STATE,1.0.0/all?format=csv",2026-08-25T10:28:10.104Z
2016,Libya,4103,Australia,2870,primary,"https://data.api.abs.gov.au/rest/data/ABS,ABS_ERP_COB_STATE,1.0.0/all?format=csv",2026-08-25T10:28:10.104Z
2016,Liechtenstein,2305,Australia,20,primary,"https://data.api.abs.gov.au/rest/data/ABS,ABS_ERP_COB_STATE,1.0.0/all?format=csv",2026-08-25T10:28:10.104Z
2016,Lithuania,3306,Australia,3440,primary,"https://data.api.abs.gov.au/rest/data/ABS,ABS_ERP_COB_STATE,1.0.0/all?format=csv",2026-08-25T10:28:10.104Z
2016,Luxembourg,2306,Australia,260,primary,"https://data.api.abs.gov.au/rest/data/ABS,ABS_ERP_COB_STATE,1.0.0/all?format=csv",2026-08-25T10:28:10.104Z
2016,Macau (SAR of China),6103,Australia,2930,primary,"https://data.api.abs.gov.au/rest/data/ABS,ABS_ERP_COB_STATE,1.0.0/all?format=csv",2026-08-25T10:28:10.104Z
2016,Madagascar,9212,Australia,310,primary,"https://data.api.abs.gov.au/rest/data/ABS,ABS_ERP_COB_STATE,1.0.0/all?format=csv",2026-08-25T10:28:10.104Z
2016,Malawi,9213,Australia,1490,primary,"https://data.api.abs.gov.au/rest/data/ABS,ABS_ERP_COB_STATE,1.0.0/all?format=csv",2026-08-25T10:28:10.104Z
2016,Malaysia,5203,Australia,152900,primary,"https://data.api.abs.gov.au/rest/data/ABS,ABS_ERP_COB_STATE,1.0.0/all?format=csv",2026-08-25T10:28:10.104Z
2016,Maldives,7104,Australia,610,primary,"https://data.api.abs.gov.au/rest/data/ABS,ABS_ERP_COB_STATE,1.0.0/all?format=csv",2026-08-25T10:28:10.104Z
2016,Mali,9121,Australia,80,primary,"https://data.api.abs.gov.au/rest/data/ABS,ABS_ERP_COB_STATE,1.0.0/all?format=csv",2026-08-25T10:28:10.104Z
2016,Malta,3105,Australia,43020,primary,"https://data.api.abs.gov.au/rest/data/ABS,ABS_ERP_COB_STATE,1.0.0/all?format=csv",2026-08-25T10:28:10.104Z
2016,Marshall Islands,1403,Australia,50,primary,"https://data.api.abs.gov.au/rest/data/ABS,ABS_ERP_COB_STATE,1.0.0/all?format=csv",2026-08-25T10:28:10.104Z
2016,Martinique,8416,Australia,40,primary,"https://data.api.abs.gov.au/rest/data/ABS,ABS_ERP_COB_STATE,1.0.0/all?format=csv",2026-08-25T10:28:10.104Z
2016,Mauritania,9122,Australia,60,primary,"https://data.api.abs.gov.au/rest/data/ABS,ABS_ERP_COB_STATE,1.0.0/all?format=csv",2026-08-25T10:28:10.104Z
2016,Mauritius,9214,Australia,29300,primary,"https://data.api.abs.gov.au/rest/data/ABS,ABS_ERP_COB_STATE,1.0.0/all?format=csv",2026-08-25T10:28:10.104Z
2016,Mayotte,9215,Australia,0,primary,"https://data.api.abs.gov.au/rest/data/ABS,ABS_ERP_COB_STATE,1.0.0/all?format=csv",2026-08-25T10:28:10.104Z
2016,Mexico,8306,Australia,5920,primary,"https://data.api.abs.gov.au/rest/data/ABS,ABS_ERP_COB_STATE,1.0.0/all?format=csv",2026-08-25T10:28:10.104Z
2016,"Micronesia, Federated States of",1404,Australia,30,primary,"https://data.api.abs.gov.au/rest/data/ABS,ABS_ERP_COB_STATE,1.0.0/all?format=csv",2026-08-25T10:28:10.104Z
2016,Moldova,3208,Australia,1160,primary,"https://data.api.abs.gov.au/rest/data/ABS,ABS_ERP_COB_STATE,1.0.0/all?format=csv",2026-08-25T10:28:10.104Z
2016,Monaco,2307,Australia,90,primary,"https://data.api.abs.gov.au/rest/data/ABS,ABS_ERP_COB_STATE,1.0.0/all?format=csv",2026-08-25T10:28:10.104Z
2016,Mongolia,6104,Australia,2560,primary,"https://data.api.abs.gov.au/rest/data/ABS,ABS_ERP_COB_STATE,1.0.0/all?format=csv",2026-08-25T10:28:10.104Z
2016,Montenegro,3214,Australia,2070,primary,"https://data.api.abs.gov.au/rest/data/ABS,ABS_ERP_COB_STATE,1.0.0/all?format=csv",2026-08-25T10:28:10.104Z
2016,Montserrat,8417,Australia,10,primary,"https://data.api.abs.gov.au/rest/data/ABS,ABS_ERP_COB_STATE,1.0.0/all?format=csv",2026-08-25T10:28:10.104Z
2016,Morocco,4104,Australia,2240,primary,"https://data.api.abs.gov.au/rest/data/ABS,ABS_ERP_COB_STATE,1.0.0/all?format=csv",2026-08-25T10:28:10.104Z
2016,Mozambique,9216,Australia,1020,primary,"https://data.api.abs.gov.au/rest/data/ABS,ABS_ERP_COB_STATE,1.0.0/all?format=csv",2026-08-25T10:28:10.104Z
2016,"Myanmar, The Republic of the Union of",5101,Australia,34070,primary,"https://data.api.abs.gov.au/rest/data/ABS,ABS_ERP_COB_STATE,1.0.0/all?format=csv",2026-08-25T10:28:10.104Z
2016,Namibia,9217,Australia,1510,primary,"https://data.api.abs.gov.au/rest/data/ABS,ABS_ERP_COB_STATE,1.0.0/all?format=csv",2026-08-25T10:28:10.104Z
2016,Nauru,1405,Australia,710,primary,"https://data.api.abs.gov.au/rest/data/ABS,ABS_ERP_COB_STATE,1.0.0/all?format=csv",2026-08-25T10:28:10.104Z
2016,Nepal,7105,Australia,58980,primary,"https://data.api.abs.gov.au/rest/data/ABS,ABS_ERP_COB_STATE,1.0.0/all?format=csv",2026-08-25T10:28:10.104Z
2016,Netherlands,2308,Australia,78670,primary,"https://data.api.abs.gov.au/rest/data/ABS,ABS_ERP_COB_STATE,1.0.0/all?format=csv",2026-08-25T10:28:10.104Z
2016,New Caledonia,1301,Australia,1590,primary,"https://data.api.abs.gov.au/rest/data/ABS,ABS_ERP_COB_STATE,1.0.0/all?format=csv",2026-08-25T10:28:10.104Z
2016,New Zealand,1201,Australia,568170,primary,"https://data.api.abs.gov.au/rest/data/ABS,ABS_ERP_COB_STATE,1.0.0/all?format=csv",2026-08-25T10:28:10.104Z
2016,Nicaragua,8307,Australia,870,primary,"https://data.api.abs.gov.au/rest/data/ABS,ABS_ERP_COB_STATE,1.0.0/all?format=csv",2026-08-25T10:28:10.104Z
2016,Niger,9123,Australia,30,primary,"https://data.api.abs.gov.au/rest/data/ABS,ABS_ERP_COB_STATE,1.0.0/all?format=csv",2026-08-25T10:28:10.104Z
2016,Nigeria,9124,Australia,9800,primary,"https://data.api.abs.gov.au/rest/data/ABS,ABS_ERP_COB_STATE,1.0.0/all?format=csv",2026-08-25T10:28:10.104Z
2016,Niue,1504,Australia,970,primary,"https://data.api.abs.gov.au/rest/data/ABS,ABS_ERP_COB_STATE,1.0.0/all?format=csv",2026-08-25T10:28:10.104Z
2016,Norfolk Island,1102,Australia,770,primary,"https://data.api.abs.gov.au/rest/data/ABS,ABS_ERP_COB_STATE,1.0.0/all?format=csv",2026-08-25T10:28:10.104Z
2016,North Macedonia,3206,Australia,49680,primary,"https://data.api.abs.gov.au/rest/data/ABS,ABS_ERP_COB_STATE,1.0.0/all?format=csv",2026-08-25T10:28:10.104Z
2016,Northern Ireland,2104,Australia,26730,primary,"https://data.api.abs.gov.au/rest/data/ABS,ABS_ERP_COB_STATE,1.0.0/all?format=csv",2026-08-25T10:28:10.104Z
2016,Northern Mariana Islands,1406,Australia,30,primary,"https://data.api.abs.gov.au/rest/data/ABS,ABS_ERP_COB_STATE,1.0.0/all?format=csv",2026-08-25T10:28:10.104Z
2016,Norway,2406,Australia,4390,primary,"https://data.api.abs.gov.au/rest/data/ABS,ABS_ERP_COB_STATE,1.0.0/all?format=csv",2026-08-25T10:28:10.104Z
2016,Oman,4211,Australia,1840,primary,"https://data.api.abs.gov.au/rest/data/ABS,ABS_ERP_COB_STATE,1.0.0/all?format=csv",2026-08-25T10:28:10.104Z
2016,Pakistan,7106,Australia,69660,primary,"https://data.api.abs.gov.au/rest/data/ABS,ABS_ERP_COB_STATE,1.0.0/all?format=csv",2026-08-25T10:28:10.104Z
2016,Palau,1407,Australia,30,primary,"https://data.api.abs.gov.au/rest/data/ABS,ABS_ERP_COB_STATE,1.0.0/all?format=csv",2026-08-25T10:28:10.104Z
2016,Palestine,4202,Australia,3230,primary,"https://data.api.abs.gov.au/rest/data/ABS,ABS_ERP_COB_STATE,1.0.0/all?format=csv",2026-08-25T10:28:10.104Z
2016,Panama,8308,Australia,260,primary,"https://data.api.abs.gov.au/rest/data/ABS,ABS_ERP_COB_STATE,1.0.0/all?format=csv",2026-08-25T10:28:10.104Z
2016,Papua New Guinea,1302,Australia,34260,primary,"https://data.api.abs.gov.au/rest/data/ABS,ABS_ERP_COB_STATE,1.0.0/all?format=csv",2026-08-25T10:28:10.104Z
2016,Paraguay,8212,Australia,510,primary,"https://data.api.abs.gov.au/rest/data/ABS,ABS_ERP_COB_STATE,1.0.0/all?format=csv",2026-08-25T10:28:10.104Z
2016,Peru,8213,Australia,11570,primary,"https://data.api.abs.gov.au/rest/data/ABS,ABS_ERP_COB_STATE,1.0.0/all?format=csv",2026-08-25T10:28:10.104Z
2016,Philippines,5204,Australia,252690,primary,"https://data.api.abs.gov.au/rest/data/ABS,ABS_ERP_COB_STATE,1.0.0/all?format=csv",2026-08-25T10:28:10.104Z
2016,Pitcairn Islands,1513,Australia,10,primary,"https://data.api.abs.gov.au/rest/data/ABS,ABS_ERP_COB_STATE,1.0.0/all?format=csv",2026-08-25T10:28:10.104Z
2016,Poland,3307,Australia,53670,primary,"https://data.api.abs.gov.au/rest/data/ABS,ABS_ERP_COB_STATE,1.0.0/all?format=csv",2026-08-25T10:28:10.104Z
2016,"Polynesia (excludes Hawaii), nec",1599,Australia,10,primary,"https://data.api.abs.gov.au/rest/data/ABS,ABS_ERP_COB_STATE,1.0.0/all?format=csv",2026-08-25T10:28:10.104Z
2016,Portugal,3106,Australia,19130,primary,"https://data.api.abs.gov.au/rest/data/ABS,ABS_ERP_COB_STATE,1.0.0/all?format=csv",2026-08-25T10:28:10.104Z
2016,Puerto Rico,8421,Australia,180,primary,"https://data.api.abs.gov.au/rest/data/ABS,ABS_ERP_COB_STATE,1.0.0/all?format=csv",2026-08-25T10:28:10.104Z
2016,Qatar,4212,Australia,1260,primary,"https://data.api.abs.gov.au/rest/data/ABS,ABS_ERP_COB_STATE,1.0.0/all?format=csv",2026-08-25T10:28:10.104Z
2016,Queen Maud Land (Norway),1606,Australia,0,primary,"https://data.api.abs.gov.au/rest/data/ABS,ABS_ERP_COB_STATE,1.0.0/all?format=csv",2026-08-25T10:28:10.104Z
2016,Reunion,9218,Australia,230,primary,"https://data.api.abs.gov.au/rest/data/ABS,ABS_ERP_COB_STATE,1.0.0/all?format=csv",2026-08-25T10:28:10.104Z
2016,Romania,3211,Australia,16970,primary,"https://data.api.abs.gov.au/rest/data/ABS,ABS_ERP_COB_STATE,1.0.0/all?format=csv",2026-08-25T10:28:10.104Z
2016,Ross Dependency (New Zealand),1607,Australia,0,primary,"https://data.api.abs.gov.au/rest/data/ABS,ABS_ERP_COB_STATE,1.0.0/all?format=csv",2026-08-25T10:28:10.104Z
2016,Russian Federation,3308,Australia,26490,primary,"https://data.api.abs.gov.au/rest/data/ABS,ABS_ERP_COB_STATE,1.0.0/all?format=csv",2026-08-25T10:28:10.104Z
2016,Rwanda,9221,Australia,1040,primary,"https://data.api.abs.gov.au/rest/data/ABS,ABS_ERP_COB_STATE,1.0.0/all?format=csv",2026-08-25T10:28:10.104Z
2016,Samoa,1505,Australia,28820,primary,"https://data.api.abs.gov.au/rest/data/ABS,ABS_ERP_COB_STATE,1.0.0/all?format=csv",2026-08-25T10:28:10.104Z
2016,"Samoa, American",1506,Australia,430,primary,"https://data.api.abs.gov.au/rest/data/ABS,ABS_ERP_COB_STATE,1.0.0/all?format=csv",2026-08-25T10:28:10.104Z
2016,San Marino,3107,Australia,10,primary,"https://data.api.abs.gov.au/rest/data/ABS,ABS_ERP_COB_STATE,1.0.0/all?format=csv",2026-08-25T10:28:10.104Z
2016,Sao Tome and Principe,9125,Australia,20,primary,"https://data.api.abs.gov.au/rest/data/ABS,ABS_ERP_COB_STATE,1.0.0/all?format=csv",2026-08-25T10:28:10.104Z
2016,Saudi Arabia,4213,Australia,14480,primary,"https://data.api.abs.gov.au/rest/data/ABS,ABS_ERP_COB_STATE,1.0.0/all?format=csv",2026-08-25T10:28:10.104Z
2016,Scotland,2105,Australia,137760,primary,"https://data.api.abs.gov.au/rest/data/ABS,ABS_ERP_COB_STATE,1.0.0/all?format=csv",2026-08-25T10:28:10.104Z
2016,Senegal,9126,Australia,460,primary,"https://data.api.abs.gov.au/rest/data/ABS,ABS_ERP_COB_STATE,1.0.0/all?format=csv",2026-08-25T10:28:10.104Z
2016,Serbia,3215,Australia,33380,primary,"https://data.api.abs.gov.au/rest/data/ABS,ABS_ERP_COB_STATE,1.0.0/all?format=csv",2026-08-25T10:28:10.104Z
2016,Seychelles,9223,Australia,3020,primary,"https://data.api.abs.gov.au/rest/data/ABS,ABS_ERP_COB_STATE,1.0.0/all?format=csv",2026-08-25T10:28:10.104Z
2016,Sierra Leone,9127,Australia,4050,primary,"https://data.api.abs.gov.au/rest/data/ABS,ABS_ERP_COB_STATE,1.0.0/all?format=csv",2026-08-25T10:28:10.104Z
2016,Singapore,5205,Australia,59120,primary,"https://data.api.abs.gov.au/rest/data/ABS,ABS_ERP_COB_STATE,1.0.0/all?format=csv",2026-08-25T10:28:10.104Z
2016,Sint Maarten (Dutch part),8435,Australia,10,primary,"https://data.api.abs.gov.au/rest/data/ABS,ABS_ERP_COB_STATE,1.0.0/all?format=csv",2026-08-25T10:28:10.104Z
2016,Slovakia,3311,Australia,6790,primary,"https://data.api.abs.gov.au/rest/data/ABS,ABS_ERP_COB_STATE,1.0.0/all?format=csv",2026-08-25T10:28:10.104Z
2016,Slovenia,3212,Australia,8000,primary,"https://data.api.abs.gov.au/rest/data/ABS,ABS_ERP_COB_STATE,1.0.0/all?format=csv",2026-08-25T10:28:10.104Z
2016,Solomon Islands,1303,Australia,2360,primary,"https://data.api.abs.gov.au/rest/data/ABS,ABS_ERP_COB_STATE,1.0.0/all?format=csv",2026-08-25T10:28:10.104Z
2016,Somalia,9224,Australia,9220,primary,"https://data.api.abs.gov.au/rest/data/ABS,ABS_ERP_COB_STATE,1.0.0/all?format=csv",2026-08-25T10:28:10.104Z
2016,South Africa,9225,Australia,180480,primary,"https://data.api.abs.gov.au/rest/data/ABS,ABS_ERP_COB_STATE,1.0.0/all?format=csv",2026-08-25T10:28:10.104Z
2016,"South America, nec",8299,Australia,0,primary,"https://data.api.abs.gov.au/rest/data/ABS,ABS_ERP_COB_STATE,1.0.0/all?format=csv",2026-08-25T10:28:10.104Z
2016,South Sudan,4111,Australia,8430,primary,"https://data.api.abs.gov.au/rest/data/ABS,ABS_ERP_COB_STATE,1.0.0/all?format=csv",2026-08-25T10:28:10.104Z
2016,"Southern and East Africa, nec",9299,Australia,20,primary,"https://data.api.abs.gov.au/rest/data/ABS,ABS_ERP_COB_STATE,1.0.0/all?format=csv",2026-08-25T10:28:10.104Z
2016,Spain,3108,Australia,18090,primary,"https://data.api.abs.gov.au/rest/data/ABS,ABS_ERP_COB_STATE,1.0.0/all?format=csv",2026-08-25T10:28:10.104Z
2016,Spanish North Africa,4108,Australia,0,primary,"https://data.api.abs.gov.au/rest/data/ABS,ABS_ERP_COB_STATE,1.0.0/all?format=csv",2026-08-25T10:28:10.104Z
2016,Sri Lanka,7107,Australia,124500,primary,"https://data.api.abs.gov.au/rest/data/ABS,ABS_ERP_COB_STATE,1.0.0/all?format=csv",2026-08-25T10:28:10.104Z
2016,St Barthelemy,8431,Australia,0,primary,"https://data.api.abs.gov.au/rest/data/ABS,ABS_ERP_COB_STATE,1.0.0/all?format=csv",2026-08-25T10:28:10.104Z
2016,St Helena,9222,Australia,40,primary,"https://data.api.abs.gov.au/rest/data/ABS,ABS_ERP_COB_STATE,1.0.0/all?format=csv",2026-08-25T10:28:10.104Z
2016,St Kitts and Nevis,8422,Australia,50,primary,"https://data.api.abs.gov.au/rest/data/ABS,ABS_ERP_COB_STATE,1.0.0/all?format=csv",2026-08-25T10:28:10.104Z
2016,St Lucia,8423,Australia,70,primary,"https://data.api.abs.gov.au/rest/data/ABS,ABS_ERP_COB_STATE,1.0.0/all?format=csv",2026-08-25T10:28:10.104Z
2016,St Martin (French part),8432,Australia,0,primary,"https://data.api.abs.gov.au/rest/data/ABS,ABS_ERP_COB_STATE,1.0.0/all?format=csv",2026-08-25T10:28:10.104Z
2016,St Pierre and Miquelon,8103,Australia,0,primary,"https://data.api.abs.gov.au/rest/data/ABS,ABS_ERP_COB_STATE,1.0.0/all?format=csv",2026-08-25T10:28:10.104Z
2016,St Vincent and the Grenadines,8424,Australia,70,primary,"https://data.api.abs.gov.au/rest/data/ABS,ABS_ERP_COB_STATE,1.0.0/all?format=csv",2026-08-25T10:28:10.104Z
2016,Sudan,4105,Australia,19140,primary,"https://data.api.abs.gov.au/rest/data/ABS,ABS_ERP_COB_STATE,1.0.0/all?format=csv",2026-08-25T10:28:10.104Z
2016,Suriname,8214,Australia,160,primary,"https://data.api.abs.gov.au/rest/data/ABS,ABS_ERP_COB_STATE,1.0.0/all?format=csv",2026-08-25T10:28:10.104Z
2016,Sweden,2407,Australia,11640,primary,"https://data.api.abs.gov.au/rest/data/ABS,ABS_ERP_COB_STATE,1.0.0/all?format=csv",2026-08-25T10:28:10.104Z
2016,Switzerland,2311,Australia,14160,primary,"https://data.api.abs.gov.au/rest/data/ABS,ABS_ERP_COB_STATE,1.0.0/all?format=csv",2026-08-25T10:28:10.104Z
2016,Syria,4214,Australia,16320,primary,"https://data.api.abs.gov.au/rest/data/ABS,ABS_ERP_COB_STATE,1.0.0/all?format=csv",2026-08-25T10:28:10.104Z
2016,Taiwan,6105,Australia,54040,primary,"https://data.api.abs.gov.au/rest/data/ABS,ABS_ERP_COB_STATE,1.0.0/all?format=csv",2026-08-25T10:28:10.104Z
2016,Tajikistan,7207,Australia,160,primary,"https://data.api.abs.gov.au/rest/data/ABS,ABS_ERP_COB_STATE,1.0.0/all?format=csv",2026-08-25T10:28:10.104Z
2016,Tanzania,9227,Australia,4600,primary,"https://data.api.abs.gov.au/rest/data/ABS,ABS_ERP_COB_STATE,1.0.0/all?format=csv",2026-08-25T10:28:10.104Z
2016,Thailand,5104,Australia,71250,primary,"https://data.api.abs.gov.au/rest/data/ABS,ABS_ERP_COB_STATE,1.0.0/all?format=csv",2026-08-25T10:28:10.104Z
2016,Timor-Leste,5206,Australia,9780,primary,"https://data.api.abs.gov.au/rest/data/ABS,ABS_ERP_COB_STATE,1.0.0/all?format=csv",2026-08-25T10:28:10.104Z
2016,Togo,9128,Australia,370,primary,"https://data.api.abs.gov.au/rest/data/ABS,ABS_ERP_COB_STATE,1.0.0/all?format=csv",2026-08-25T10:28:10.104Z
2016,Tokelau,1507,Australia,660,primary,"https://data.api.abs.gov.au/rest/data/ABS,ABS_ERP_COB_STATE,1.0.0/all?format=csv",2026-08-25T10:28:10.104Z
2016,Tonga,1508,Australia,11980,primary,"https://data.api.abs.gov.au/rest/data/ABS,ABS_ERP_COB_STATE,1.0.0/all?format=csv",2026-08-25T10:28:10.104Z
2016,Total,TOT,Australia,24190910,primary,"https://data.api.abs.gov.au/rest/data/ABS,ABS_ERP_COB_STATE,1.0.0/all?format=csv",2026-08-25T10:28:10.104Z
2016,Trinidad and Tobago,8425,Australia,1880,primary,"https://data.api.abs.gov.au/rest/data/ABS,ABS_ERP_COB_STATE,1.0.0/all?format=csv",2026-08-25T10:28:10.104Z
2016,Tunisia,4106,Australia,680,primary,"https://data.api.abs.gov.au/rest/data/ABS,ABS_ERP_COB_STATE,1.0.0/all?format=csv",2026-08-25T10:28:10.104Z
2016,Türkiye,4215,Australia,39920,primary,"https://data.api.abs.gov.au/rest/data/ABS,ABS_ERP_COB_STATE,1.0.0/all?format=csv",2026-08-25T10:28:10.104Z
2016,Turkmenistan,7208,Australia,110,primary,"https://data.api.abs.gov.au/rest/data/ABS,ABS_ERP_COB_STATE,1.0.0/all?format=csv",2026-08-25T10:28:10.104Z
2016,Turks and Caicos Islands,8426,Australia,0,primary,"https://data.api.abs.gov.au/rest/data/ABS,ABS_ERP_COB_STATE,1.0.0/all?format=csv",2026-08-25T10:28:10.104Z
2016,Tuvalu,1511,Australia,190,primary,"https://data.api.abs.gov.au/rest/data/ABS,ABS_ERP_COB_STATE,1.0.0/all?format=csv",2026-08-25T10:28:10.104Z
2016,Uganda,9228,Australia,4010,primary,"https://data.api.abs.gov.au/rest/data/ABS,ABS_ERP_COB_STATE,1.0.0/all?format=csv",2026-08-25T10:28:10.104Z
2016,Ukraine,3312,Australia,17180,primary,"https://data.api.abs.gov.au/rest/data/ABS,ABS_ERP_COB_STATE,1.0.0/all?format=csv",2026-08-25T10:28:10.104Z
2016,United Arab Emirates,4216,Australia,9170,primary,"https://data.api.abs.gov.au/rest/data/ABS,ABS_ERP_COB_STATE,1.0.0/all?format=csv",2026-08-25T10:28:10.104Z
2016,United States of America,8104,Australia,105750,primary,"https://data.api.abs.gov.au/rest/data/ABS,ABS_ERP_COB_STATE,1.0.0/all?format=csv",2026-08-25T10:28:10.104Z
2016,Uruguay,8215,Australia,10620,primary,"https://data.api.abs.gov.au/rest/data/ABS,ABS_ERP_COB_STATE,1.0.0/all?format=csv",2026-08-25T10:28:10.104Z
2016,Uzbekistan,7211,Australia,1950,primary,"https://data.api.abs.gov.au/rest/data/ABS,ABS_ERP_COB_STATE,1.0.0/all?format=csv",2026-08-25T10:28:10.104Z
2016,Vanuatu,1304,Australia,1400,primary,"https://data.api.abs.gov.au/rest/data/ABS,ABS_ERP_COB_STATE,1.0.0/all?format=csv",2026-08-25T10:28:10.104Z
2016,"Venezuela, Bolivarian Republic of",8216,Australia,6470,primary,"https://data.api.abs.gov.au/rest/data/ABS,ABS_ERP_COB_STATE,1.0.0/all?format=csv",2026-08-25T10:28:10.104Z
2016,Vietnam,5105,Australia,243220,primary,"https://data.api.abs.gov.au/rest/data/ABS,ABS_ERP_COB_STATE,1.0.0/all?format=csv",2026-08-25T10:28:10.104Z
2016,"Virgin Islands, British",8427,Australia,30,primary,"https://data.api.abs.gov.au/rest/data/ABS,ABS_ERP_COB_STATE,1.0.0/all?format=csv",2026-08-25T10:28:10.104Z
2016,"Virgin Islands, United States",8428,Australia,20,primary,"https://data.api.abs.gov.au/rest/data/ABS,ABS_ERP_COB_STATE,1.0.0/all?format=csv",2026-08-25T10:28:10.104Z
2016,Wales,2106,Australia,32360,primary,"https://data.api.abs.gov.au/rest/data/ABS,ABS_ERP_COB_STATE,1.0.0/all?format=csv",2026-08-25T10:28:10.104Z
2016,Wallis and Futuna,1512,Australia,20,primary,"https://data.api.abs.gov.au/rest/data/ABS,ABS_ERP_COB_STATE,1.0.0/all?format=csv",2026-08-25T10:28:10.104Z
2016,Western Sahara,4107,Australia,10,primary,"https://data.api.abs.gov.au/rest/data/ABS,ABS_ERP_COB_STATE,1.0.0/all?format=csv",2026-08-25T10:28:10.104Z
2016,Yemen,4217,Australia,770,primary,"https://data.api.abs.gov.au/rest/data/ABS,ABS_ERP_COB_STATE,1.0.0/all?format=csv",2026-08-25T10:28:10.104Z
2016,Zambia,9231,Australia,7480,primary,"https://data.api.abs.gov.au/rest/data/ABS,ABS_ERP_COB_STATE,1.0.0/all?format=csv",2026-08-25T10:28:10.104Z
2016,Zimbabwe,9232,Australia,41570,primary,"https://data.api.abs.gov.au/rest/data/ABS,ABS_ERP_COB_STATE,1.0.0/all?format=csv",2026-08-25T10:28:10.104Z
2021,Adelie Land (France),1601,Australia,0,primary,"https://data.api.abs.gov.au/rest/data/ABS,ABS_ERP_COB_STATE,1.0.0/all?format=csv",2026-08-25T10:28:10.104Z
2021,Afghanistan,7201,Australia,63660,primary,"https://data.api.abs.gov.au/rest/data/ABS,ABS_ERP_COB_STATE,1.0.0/all?format=csv",2026-08-25T10:28:10.104Z
2021,Aland Islands,2408,Australia,10,primary,"https://data.api.abs.gov.au/rest/data/ABS,ABS_ERP_COB_STATE,1.0.0/all?format=csv",2026-08-25T10:28:10.104Z
2021,Albania,3201,Australia,3950,primary,"https://data.api.abs.gov.au/rest/data/ABS,ABS_ERP_COB_STATE,1.0.0/all?format=csv",2026-08-25T10:28:10.104Z
2021,Algeria,4101,Australia,1660,primary,"https://data.api.abs.gov.au/rest/data/ABS,ABS_ERP_COB_STATE,1.0.0/all?format=csv",2026-08-25T10:28:10.104Z
2021,Andorra,3101,Australia,20,primary,"https://data.api.abs.gov.au/rest/data/ABS,ABS_ERP_COB_STATE,1.0.0/all?format=csv",2026-08-25T10:28:10.104Z
2021,Angola,9201,Australia,570,primary,"https://data.api.abs.gov.au/rest/data/ABS,ABS_ERP_COB_STATE,1.0.0/all?format=csv",2026-08-25T10:28:10.104Z
2021,Anguilla,8401,Australia,0,primary,"https://data.api.abs.gov.au/rest/data/ABS,ABS_ERP_COB_STATE,1.0.0/all?format=csv",2026-08-25T10:28:10.104Z
2021,Antigua and Barbuda,8402,Australia,60,primary,"https://data.api.abs.gov.au/rest/data/ABS,ABS_ERP_COB_STATE,1.0.0/all?format=csv",2026-08-25T10:28:10.104Z
2021,Argentina,8201,Australia,19980,primary,"https://data.api.abs.gov.au/rest/data/ABS,ABS_ERP_COB_STATE,1.0.0/all?format=csv",2026-08-25T10:28:10.104Z
2021,Argentinian Antarctic Territory,1602,Australia,0,primary,"https://data.api.abs.gov.au/rest/data/ABS,ABS_ERP_COB_STATE,1.0.0/all?format=csv",2026-08-25T10:28:10.104Z
2021,Armenia,7202,Australia,1420,primary,"https://data.api.abs.gov.au/rest/data/ABS,ABS_ERP_COB_STATE,1.0.0/all?format=csv",2026-08-25T10:28:10.104Z
2021,Aruba,8403,Australia,70,primary,"https://data.api.abs.gov.au/rest/data/ABS,ABS_ERP_COB_STATE,1.0.0/all?format=csv",2026-08-25T10:28:10.104Z
2021,Australia,1101,Australia,18158900,primary,"https://data.api.abs.gov.au/rest/data/ABS,ABS_ERP_COB_STATE,1.0.0/all?format=csv",2026-08-25T10:28:10.104Z
2021,Australian Antarctic Territory,1603,Australia,0,primary,"https://data.api.abs.gov.au/rest/data/ABS,ABS_ERP_COB_STATE,1.0.0/all?format=csv",2026-08-25T10:28:10.104Z
2021,"Australian External Territories, nec",1199,Australia,0,primary,"https://data.api.abs.gov.au/rest/data/ABS,ABS_ERP_COB_STATE,1.0.0/all?format=csv",2026-08-25T10:28:10.104Z
2021,Austria,2301,Australia,15230,primary,"https://data.api.abs.gov.au/rest/data/ABS,ABS_ERP_COB_STATE,1.0.0/all?format=csv",2026-08-25T10:28:10.104Z
2021,Azerbaijan,7203,Australia,730,primary,"https://data.api.abs.gov.au/rest/data/ABS,ABS_ERP_COB_STATE,1.0.0/all?format=csv",2026-08-25T10:28:10.104Z
2021,Bahamas,8404,Australia,300,primary,"https://data.api.abs.gov.au/rest/data/ABS,ABS_ERP_COB_STATE,1.0.0/all?format=csv",2026-08-25T10:28:10.104Z
2021,Bahrain,4201,Australia,2170,primary,"https://data.api.abs.gov.au/rest/data/ABS,ABS_ERP_COB_STATE,1.0.0/all?format=csv",2026-08-25T10:28:10.104Z
2021,Bangladesh,7101,Australia,54870,primary,"https://data.api.abs.gov.au/rest/data/ABS,ABS_ERP_COB_STATE,1.0.0/all?format=csv",2026-08-25T10:28:10.104Z
2021,Barbados,8405,Australia,430,primary,"https://data.api.abs.gov.au/rest/data/ABS,ABS_ERP_COB_STATE,1.0.0/all?format=csv",2026-08-25T10:28:10.104Z
2021,Belarus,3301,Australia,2500,primary,"https://data.api.abs.gov.au/rest/data/ABS,ABS_ERP_COB_STATE,1.0.0/all?format=csv",2026-08-25T10:28:10.104Z
2021,Belgium,2302,Australia,7640,primary,"https://data.api.abs.gov.au/rest/data/ABS,ABS_ERP_COB_STATE,1.0.0/all?format=csv",2026-08-25T10:28:10.104Z
2021,Belize,8301,Australia,80,primary,"https://data.api.abs.gov.au/rest/data/ABS,ABS_ERP_COB_STATE,1.0.0/all?format=csv",2026-08-25T10:28:10.104Z
2021,Benin,9101,Australia,90,primary,"https://data.api.abs.gov.au/rest/data/ABS,ABS_ERP_COB_STATE,1.0.0/all?format=csv",2026-08-25T10:28:10.104Z
2021,Bermuda,8101,Australia,600,primary,"https://data.api.abs.gov.au/rest/data/ABS,ABS_ERP_COB_STATE,1.0.0/all?format=csv",2026-08-25T10:28:10.104Z
2021,Bhutan,7102,Australia,12780,primary,"https://data.api.abs.gov.au/rest/data/ABS,ABS_ERP_COB_STATE,1.0.0/all?format=csv",2026-08-25T10:28:10.104Z
2021,"Bolivia, Plurinational State of",8202,Australia,1110,primary,"https://data.api.abs.gov.au/rest/data/ABS,ABS_ERP_COB_STATE,1.0.0/all?format=csv",2026-08-25T10:28:10.104Z
2021,"Bonaire, Sint Eustatius and Saba",8433,Australia,0,primary,"https://data.api.abs.gov.au/rest/data/ABS,ABS_ERP_COB_STATE,1.0.0/all?format=csv",2026-08-25T10:28:10.104Z
2021,Bosnia and Herzegovina,3202,Australia,32100,primary,"https://data.api.abs.gov.au/rest/data/ABS,ABS_ERP_COB_STATE,1.0.0/all?format=csv",2026-08-25T10:28:10.104Z
2021,Botswana,9202,Australia,1590,primary,"https://data.api.abs.gov.au/rest/data/ABS,ABS_ERP_COB_STATE,1.0.0/all?format=csv",2026-08-25T10:28:10.104Z
2021,Brazil,8203,Australia,52000,primary,"https://data.api.abs.gov.au/rest/data/ABS,ABS_ERP_COB_STATE,1.0.0/all?format=csv",2026-08-25T10:28:10.104Z
2021,British Antarctic Territory,1604,Australia,0,primary,"https://data.api.abs.gov.au/rest/data/ABS,ABS_ERP_COB_STATE,1.0.0/all?format=csv",2026-08-25T10:28:10.104Z
2021,Brunei Darussalam,5201,Australia,3150,primary,"https://data.api.abs.gov.au/rest/data/ABS,ABS_ERP_COB_STATE,1.0.0/all?format=csv",2026-08-25T10:28:10.104Z
2021,Bulgaria,3203,Australia,4050,primary,"https://data.api.abs.gov.au/rest/data/ABS,ABS_ERP_COB_STATE,1.0.0/all?format=csv",2026-08-25T10:28:10.104Z
2021,Burkina Faso,9102,Australia,60,primary,"https://data.api.abs.gov.au/rest/data/ABS,ABS_ERP_COB_STATE,1.0.0/all?format=csv",2026-08-25T10:28:10.104Z
2021,Burundi,9203,Australia,3020,primary,"https://data.api.abs.gov.au/rest/data/ABS,ABS_ERP_COB_STATE,1.0.0/all?format=csv",2026-08-25T10:28:10.104Z
2021,Cabo Verde,9104,Australia,40,primary,"https://data.api.abs.gov.au/rest/data/ABS,ABS_ERP_COB_STATE,1.0.0/all?format=csv",2026-08-25T10:28:10.104Z
2021,Cambodia,5102,Australia,41430,primary,"https://data.api.abs.gov.au/rest/data/ABS,ABS_ERP_COB_STATE,1.0.0/all?format=csv",2026-08-25T10:28:10.104Z
2021,Cameroon,9103,Australia,580,primary,"https://data.api.abs.gov.au/rest/data/ABS,ABS_ERP_COB_STATE,1.0.0/all?format=csv",2026-08-25T10:28:10.104Z
2021,Canada,8102,Australia,55950,primary,"https://data.api.abs.gov.au/rest/data/ABS,ABS_ERP_COB_STATE,1.0.0/all?format=csv",2026-08-25T10:28:10.104Z
2021,Cayman Islands,8406,Australia,170,primary,"https://data.api.abs.gov.au/rest/data/ABS,ABS_ERP_COB_STATE,1.0.0/all?format=csv",2026-08-25T10:28:10.104Z
2021,Central African Republic,9105,Australia,150,primary,"https://data.api.abs.gov.au/rest/data/ABS,ABS_ERP_COB_STATE,1.0.0/all?format=csv",2026-08-25T10:28:10.104Z
2021,Chad,9106,Australia,100,primary,"https://data.api.abs.gov.au/rest/data/ABS,ABS_ERP_COB_STATE,1.0.0/all?format=csv",2026-08-25T10:28:10.104Z
2021,Chile,8204,Australia,33150,primary,"https://data.api.abs.gov.au/rest/data/ABS,ABS_ERP_COB_STATE,1.0.0/all?format=csv",2026-08-25T10:28:10.104Z
2021,Chilean Antarctic Territory,1605,Australia,0,primary,"https://data.api.abs.gov.au/rest/data/ABS,ABS_ERP_COB_STATE,1.0.0/all?format=csv",2026-08-25T10:28:10.104Z
2021,China (excludes SARs and Taiwan),6101,Australia,584660,primary,"https://data.api.abs.gov.au/rest/data/ABS,ABS_ERP_COB_STATE,1.0.0/all?format=csv",2026-08-25T10:28:10.104Z
2021,Colombia,8205,Australia,39050,primary,"https://data.api.abs.gov.au/rest/data/ABS,ABS_ERP_COB_STATE,1.0.0/all?format=csv",2026-08-25T10:28:10.104Z
2021,Comoros,9204,Australia,30,primary,"https://data.api.abs.gov.au/rest/data/ABS,ABS_ERP_COB_STATE,1.0.0/all?format=csv",2026-08-25T10:28:10.104Z
2021,"Congo, Democratic Republic of",9108,Australia,6840,primary,"https://data.api.abs.gov.au/rest/data/ABS,ABS_ERP_COB_STATE,1.0.0/all?format=csv",2026-08-25T10:28:10.104Z
2021,"Congo, Republic of",9107,Australia,2440,primary,"https://data.api.abs.gov.au/rest/data/ABS,ABS_ERP_COB_STATE,1.0.0/all?format=csv",2026-08-25T10:28:10.104Z
2021,Cook Islands,1501,Australia,7920,primary,"https://data.api.abs.gov.au/rest/data/ABS,ABS_ERP_COB_STATE,1.0.0/all?format=csv",2026-08-25T10:28:10.104Z
2021,Costa Rica,8302,Australia,620,primary,"https://data.api.abs.gov.au/rest/data/ABS,ABS_ERP_COB_STATE,1.0.0/all?format=csv",2026-08-25T10:28:10.104Z
2021,Cote d'Ivoire,9111,Australia,660,primary,"https://data.api.abs.gov.au/rest/data/ABS,ABS_ERP_COB_STATE,1.0.0/all?format=csv",2026-08-25T10:28:10.104Z
2021,Croatia,3204,Australia,53080,primary,"https://data.api.abs.gov.au/rest/data/ABS,ABS_ERP_COB_STATE,1.0.0/all?format=csv",2026-08-25T10:28:10.104Z
2021,Cuba,8407,Australia,970,primary,"https://data.api.abs.gov.au/rest/data/ABS,ABS_ERP_COB_STATE,1.0.0/all?format=csv",2026-08-25T10:28:10.104Z
2021,Curacao,8434,Australia,150,primary,"https://data.api.abs.gov.au/rest/data/ABS,ABS_ERP_COB_STATE,1.0.0/all?format=csv",2026-08-25T10:28:10.104Z
2021,Cyprus,3205,Australia,18070,primary,"https://data.api.abs.gov.au/rest/data/ABS,ABS_ERP_COB_STATE,1.0.0/all?format=csv",2026-08-25T10:28:10.104Z
2021,Czechia,3302,Australia,11310,primary,"https://data.api.abs.gov.au/rest/data/ABS,ABS_ERP_COB_STATE,1.0.0/all?format=csv",2026-08-25T10:28:10.104Z
2021,Denmark,2401,Australia,9420,primary,"https://data.api.abs.gov.au/rest/data/ABS,ABS_ERP_COB_STATE,1.0.0/all?format=csv",2026-08-25T10:28:10.104Z
2021,Djibouti,9205,Australia,200,primary,"https://data.api.abs.gov.au/rest/data/ABS,ABS_ERP_COB_STATE,1.0.0/all?format=csv",2026-08-25T10:28:10.104Z
2021,Dominica,8408,Australia,30,primary,"https://data.api.abs.gov.au/rest/data/ABS,ABS_ERP_COB_STATE,1.0.0/all?format=csv",2026-08-25T10:28:10.104Z
2021,Dominican Republic,8411,Australia,270,primary,"https://data.api.abs.gov.au/rest/data/ABS,ABS_ERP_COB_STATE,1.0.0/all?format=csv",2026-08-25T10:28:10.104Z
2021,Ecuador,8206,Australia,2810,primary,"https://data.api.abs.gov.au/rest/data/ABS,ABS_ERP_COB_STATE,1.0.0/all?format=csv",2026-08-25T10:28:10.104Z
2021,Egypt,4102,Australia,47110,primary,"https://data.api.abs.gov.au/rest/data/ABS,ABS_ERP_COB_STATE,1.0.0/all?format=csv",2026-08-25T10:28:10.104Z
2021,El Salvador,8303,Australia,11210,primary,"https://data.api.abs.gov.au/rest/data/ABS,ABS_ERP_COB_STATE,1.0.0/all?format=csv",2026-08-25T10:28:10.104Z
2021,England,2102,Australia,973950,primary,"https://data.api.abs.gov.au/rest/data/ABS,ABS_ERP_COB_STATE,1.0.0/all?format=csv",2026-08-25T10:28:10.104Z
2021,Equatorial Guinea,9112,Australia,20,primary,"https://data.api.abs.gov.au/rest/data/ABS,ABS_ERP_COB_STATE,1.0.0/all?format=csv",2026-08-25T10:28:10.104Z
2021,Eritrea,9206,Australia,6270,primary,"https://data.api.abs.gov.au/rest/data/ABS,ABS_ERP_COB_STATE,1.0.0/all?format=csv",2026-08-25T10:28:10.104Z
2021,Estonia,3303,Australia,3250,primary,"https://data.api.abs.gov.au/rest/data/ABS,ABS_ERP_COB_STATE,1.0.0/all?format=csv",2026-08-25T10:28:10.104Z
2021,Eswatini,9226,Australia,360,primary,"https://data.api.abs.gov.au/rest/data/ABS,ABS_ERP_COB_STATE,1.0.0/all?format=csv",2026-08-25T10:28:10.104Z
2021,Ethiopia,9207,Australia,15670,primary,"https://data.api.abs.gov.au/rest/data/ABS,ABS_ERP_COB_STATE,1.0.0/all?format=csv",2026-08-25T10:28:10.104Z
2021,Falkland Islands,8207,Australia,90,primary,"https://data.api.abs.gov.au/rest/data/ABS,ABS_ERP_COB_STATE,1.0.0/all?format=csv",2026-08-25T10:28:10.104Z
2021,Faroe Islands,2402,Australia,30,primary,"https://data.api.abs.gov.au/rest/data/ABS,ABS_ERP_COB_STATE,1.0.0/all?format=csv",2026-08-25T10:28:10.104Z
2021,Fiji,1502,Australia,76370,primary,"https://data.api.abs.gov.au/rest/data/ABS,ABS_ERP_COB_STATE,1.0.0/all?format=csv",2026-08-25T10:28:10.104Z
2021,Finland,2403,Australia,8310,primary,"https://data.api.abs.gov.au/rest/data/ABS,ABS_ERP_COB_STATE,1.0.0/all?format=csv",2026-08-25T10:28:10.104Z
2021,France,2303,Australia,38480,primary,"https://data.api.abs.gov.au/rest/data/ABS,ABS_ERP_COB_STATE,1.0.0/all?format=csv",2026-08-25T10:28:10.104Z
2021,French Guiana,8208,Australia,20,primary,"https://data.api.abs.gov.au/rest/data/ABS,ABS_ERP_COB_STATE,1.0.0/all?format=csv",2026-08-25T10:28:10.104Z
2021,French Polynesia,1503,Australia,520,primary,"https://data.api.abs.gov.au/rest/data/ABS,ABS_ERP_COB_STATE,1.0.0/all?format=csv",2026-08-25T10:28:10.104Z
2021,Gabon,9113,Australia,50,primary,"https://data.api.abs.gov.au/rest/data/ABS,ABS_ERP_COB_STATE,1.0.0/all?format=csv",2026-08-25T10:28:10.104Z
2021,Gambia,9114,Australia,130,primary,"https://data.api.abs.gov.au/rest/data/ABS,ABS_ERP_COB_STATE,1.0.0/all?format=csv",2026-08-25T10:28:10.104Z
2021,Georgia,7204,Australia,790,primary,"https://data.api.abs.gov.au/rest/data/ABS,ABS_ERP_COB_STATE,1.0.0/all?format=csv",2026-08-25T10:28:10.104Z
2021,Germany,2304,Australia,107060,primary,"https://data.api.abs.gov.au/rest/data/ABS,ABS_ERP_COB_STATE,1.0.0/all?format=csv",2026-08-25T10:28:10.104Z
2021,Ghana,9115,Australia,7100,primary,"https://data.api.abs.gov.au/rest/data/ABS,ABS_ERP_COB_STATE,1.0.0/all?format=csv",2026-08-25T10:28:10.104Z
2021,Gibraltar,3102,Australia,460,primary,"https://data.api.abs.gov.au/rest/data/ABS,ABS_ERP_COB_STATE,1.0.0/all?format=csv",2026-08-25T10:28:10.104Z
2021,Greece,3207,Australia,99950,primary,"https://data.api.abs.gov.au/rest/data/ABS,ABS_ERP_COB_STATE,1.0.0/all?format=csv",2026-08-25T10:28:10.104Z
2021,Greenland,2404,Australia,30,primary,"https://data.api.abs.gov.au/rest/data/ABS,ABS_ERP_COB_STATE,1.0.0/all?format=csv",2026-08-25T10:28:10.104Z
2021,Grenada,8412,Australia,150,primary,"https://data.api.abs.gov.au/rest/data/ABS,ABS_ERP_COB_STATE,1.0.0/all?format=csv",2026-08-25T10:28:10.104Z
2021,Guadeloupe,8413,Australia,30,primary,"https://data.api.abs.gov.au/rest/data/ABS,ABS_ERP_COB_STATE,1.0.0/all?format=csv",2026-08-25T10:28:10.104Z
2021,Guam,1401,Australia,130,primary,"https://data.api.abs.gov.au/rest/data/ABS,ABS_ERP_COB_STATE,1.0.0/all?format=csv",2026-08-25T10:28:10.104Z
2021,Guatemala,8304,Australia,640,primary,"https://data.api.abs.gov.au/rest/data/ABS,ABS_ERP_COB_STATE,1.0.0/all?format=csv",2026-08-25T10:28:10.104Z
2021,Guernsey,2107,Australia,810,primary,"https://data.api.abs.gov.au/rest/data/ABS,ABS_ERP_COB_STATE,1.0.0/all?format=csv",2026-08-25T10:28:10.104Z
2021,Guinea,9116,Australia,1040,primary,"https://data.api.abs.gov.au/rest/data/ABS,ABS_ERP_COB_STATE,1.0.0/all?format=csv",2026-08-25T10:28:10.104Z
2021,Guinea-Bissau,9117,Australia,20,primary,"https://data.api.abs.gov.au/rest/data/ABS,ABS_ERP_COB_STATE,1.0.0/all?format=csv",2026-08-25T10:28:10.104Z
2021,Guyana,8211,Australia,600,primary,"https://data.api.abs.gov.au/rest/data/ABS,ABS_ERP_COB_STATE,1.0.0/all?format=csv",2026-08-25T10:28:10.104Z
2021,Haiti,8414,Australia,120,primary,"https://data.api.abs.gov.au/rest/data/ABS,ABS_ERP_COB_STATE,1.0.0/all?format=csv",2026-08-25T10:28:10.104Z
2021,Holy See,3103,Australia,0,primary,"https://data.api.abs.gov.au/rest/data/ABS,ABS_ERP_COB_STATE,1.0.0/all?format=csv",2026-08-25T10:28:10.104Z
2021,Honduras,8305,Australia,410,primary,"https://data.api.abs.gov.au/rest/data/ABS,ABS_ERP_COB_STATE,1.0.0/all?format=csv",2026-08-25T10:28:10.104Z
2021,Hong Kong (SAR of China),6102,Australia,104400,primary,"https://data.api.abs.gov.au/rest/data/ABS,ABS_ERP_COB_STATE,1.0.0/all?format=csv",2026-08-25T10:28:10.104Z
2021,Hungary,3304,Australia,18060,primary,"https://data.api.abs.gov.au/rest/data/ABS,ABS_ERP_COB_STATE,1.0.0/all?format=csv",2026-08-25T10:28:10.104Z
2021,Iceland,2405,Australia,430,primary,"https://data.api.abs.gov.au/rest/data/ABS,ABS_ERP_COB_STATE,1.0.0/all?format=csv",2026-08-25T10:28:10.104Z
2021,India,7103,Australia,712040,primary,"https://data.api.abs.gov.au/rest/data/ABS,ABS_ERP_COB_STATE,1.0.0/all?format=csv",2026-08-25T10:28:10.104Z
2021,Indonesia,5202,Australia,92720,primary,"https://data.api.abs.gov.au/rest/data/ABS,ABS_ERP_COB_STATE,1.0.0/all?format=csv",2026-08-25T10:28:10.104Z
2021,Iran,4203,Australia,77070,primary,"https://data.api.abs.gov.au/rest/data/ABS,ABS_ERP_COB_STATE,1.0.0/all?format=csv",2026-08-25T10:28:10.104Z
2021,Iraq,4204,Australia,101020,primary,"https://data.api.abs.gov.au/rest/data/ABS,ABS_ERP_COB_STATE,1.0.0/all?format=csv",2026-08-25T10:28:10.104Z
2021,Ireland,2201,Australia,86530,primary,"https://data.api.abs.gov.au/rest/data/ABS,ABS_ERP_COB_STATE,1.0.0/all?format=csv",2026-08-25T10:28:10.104Z
2021,Isle of Man,2103,Australia,880,primary,"https://data.api.abs.gov.au/rest/data/ABS,ABS_ERP_COB_STATE,1.0.0/all?format=csv",2026-08-25T10:28:10.104Z
2021,Israel,4205,Australia,12110,primary,"https://data.api.abs.gov.au/rest/data/ABS,ABS_ERP_COB_STATE,1.0.0/all?format=csv",2026-08-25T10:28:10.104Z
2021,Italy,3104,Australia,167570,primary,"https://data.api.abs.gov.au/rest/data/ABS,ABS_ERP_COB_STATE,1.0.0/all?format=csv",2026-08-25T10:28:10.104Z
2021,Jamaica,8415,Australia,1310,primary,"https://data.api.abs.gov.au/rest/data/ABS,ABS_ERP_COB_STATE,1.0.0/all?format=csv",2026-08-25T10:28:10.104Z
2021,Japan,6201,Australia,47500,primary,"https://data.api.abs.gov.au/rest/data/ABS,ABS_ERP_COB_STATE,1.0.0/all?format=csv",2026-08-25T10:28:10.104Z
2021,Jersey,2108,Australia,1380,primary,"https://data.api.abs.gov.au/rest/data/ABS,ABS_ERP_COB_STATE,1.0.0/all?format=csv",2026-08-25T10:28:10.104Z
2021,Jordan,4206,Australia,8690,primary,"https://data.api.abs.gov.au/rest/data/ABS,ABS_ERP_COB_STATE,1.0.0/all?format=csv",2026-08-25T10:28:10.104Z
2021,Kazakhstan,7205,Australia,2450,primary,"https://data.api.abs.gov.au/rest/data/ABS,ABS_ERP_COB_STATE,1.0.0/all?format=csv",2026-08-25T10:28:10.104Z
2021,Kenya,9208,Australia,24840,primary,"https://data.api.abs.gov.au/rest/data/ABS,ABS_ERP_COB_STATE,1.0.0/all?format=csv",2026-08-25T10:28:10.104Z
2021,Kiribati,1402,Australia,1070,primary,"https://data.api.abs.gov.au/rest/data/ABS,ABS_ERP_COB_STATE,1.0.0/all?format=csv",2026-08-25T10:28:10.104Z
2021,"Korea, Democratic People's Republic of (North)",6202,Australia,100,primary,"https://data.api.abs.gov.au/rest/data/ABS,ABS_ERP_COB_STATE,1.0.0/all?format=csv",2026-08-25T10:28:10.104Z
2021,"Korea, Republic of (South)",6203,Australia,107130,primary,"https://data.api.abs.gov.au/rest/data/ABS,ABS_ERP_COB_STATE,1.0.0/all?format=csv",2026-08-25T10:28:10.104Z
2021,Kosovo,3216,Australia,1800,primary,"https://data.api.abs.gov.au/rest/data/ABS,ABS_ERP_COB_STATE,1.0.0/all?format=csv",2026-08-25T10:28:10.104Z
2021,Kuwait,4207,Australia,7410,primary,"https://data.api.abs.gov.au/rest/data/ABS,ABS_ERP_COB_STATE,1.0.0/all?format=csv",2026-08-25T10:28:10.104Z
2021,Kyrgyzstan,7206,Australia,630,primary,"https://data.api.abs.gov.au/rest/data/ABS,ABS_ERP_COB_STATE,1.0.0/all?format=csv",2026-08-25T10:28:10.104Z
2021,Laos,5103,Australia,11630,primary,"https://data.api.abs.gov.au/rest/data/ABS,ABS_ERP_COB_STATE,1.0.0/all?format=csv",2026-08-25T10:28:10.104Z
2021,Latvia,3305,Australia,3750,primary,"https://data.api.abs.gov.au/rest/data/ABS,ABS_ERP_COB_STATE,1.0.0/all?format=csv",2026-08-25T10:28:10.104Z
2021,Lebanon,4208,Australia,95110,primary,"https://data.api.abs.gov.au/rest/data/ABS,ABS_ERP_COB_STATE,1.0.0/all?format=csv",2026-08-25T10:28:10.104Z
2021,Lesotho,9211,Australia,150,primary,"https://data.api.abs.gov.au/rest/data/ABS,ABS_ERP_COB_STATE,1.0.0/all?format=csv",2026-08-25T10:28:10.104Z
2021,Liberia,9118,Australia,3550,primary,"https://data.api.abs.gov.au/rest/data/ABS,ABS_ERP_COB_STATE,1.0.0/all?format=csv",2026-08-25T10:28:10.104Z
2021,Libya,4103,Australia,2860,primary,"https://data.api.abs.gov.au/rest/data/ABS,ABS_ERP_COB_STATE,1.0.0/all?format=csv",2026-08-25T10:28:10.104Z
2021,Liechtenstein,2305,Australia,20,primary,"https://data.api.abs.gov.au/rest/data/ABS,ABS_ERP_COB_STATE,1.0.0/all?format=csv",2026-08-25T10:28:10.104Z
2021,Lithuania,3306,Australia,3130,primary,"https://data.api.abs.gov.au/rest/data/ABS,ABS_ERP_COB_STATE,1.0.0/all?format=csv",2026-08-25T10:28:10.104Z
2021,Luxembourg,2306,Australia,310,primary,"https://data.api.abs.gov.au/rest/data/ABS,ABS_ERP_COB_STATE,1.0.0/all?format=csv",2026-08-25T10:28:10.104Z
2021,Macau (SAR of China),6103,Australia,2800,primary,"https://data.api.abs.gov.au/rest/data/ABS,ABS_ERP_COB_STATE,1.0.0/all?format=csv",2026-08-25T10:28:10.104Z
2021,Madagascar,9212,Australia,340,primary,"https://data.api.abs.gov.au/rest/data/ABS,ABS_ERP_COB_STATE,1.0.0/all?format=csv",2026-08-25T10:28:10.104Z
2021,Malawi,9213,Australia,1670,primary,"https://data.api.abs.gov.au/rest/data/ABS,ABS_ERP_COB_STATE,1.0.0/all?format=csv",2026-08-25T10:28:10.104Z
2021,Malaysia,5203,Australia,173990,primary,"https://data.api.abs.gov.au/rest/data/ABS,ABS_ERP_COB_STATE,1.0.0/all?format=csv",2026-08-25T10:28:10.104Z
2021,Maldives,7104,Australia,620,primary,"https://data.api.abs.gov.au/rest/data/ABS,ABS_ERP_COB_STATE,1.0.0/all?format=csv",2026-08-25T10:28:10.104Z
2021,Mali,9121,Australia,50,primary,"https://data.api.abs.gov.au/rest/data/ABS,ABS_ERP_COB_STATE,1.0.0/all?format=csv",2026-08-25T10:28:10.104Z
2021,Malta,3105,Australia,38240,primary,"https://data.api.abs.gov.au/rest/data/ABS,ABS_ERP_COB_STATE,1.0.0/all?format=csv",2026-08-25T10:28:10.104Z
2021,Marshall Islands,1403,Australia,30,primary,"https://data.api.abs.gov.au/rest/data/ABS,ABS_ERP_COB_STATE,1.0.0/all?format=csv",2026-08-25T10:28:10.104Z
2021,Martinique,8416,Australia,40,primary,"https://data.api.abs.gov.au/rest/data/ABS,ABS_ERP_COB_STATE,1.0.0/all?format=csv",2026-08-25T10:28:10.104Z
2021,Mauritania,9122,Australia,50,primary,"https://data.api.abs.gov.au/rest/data/ABS,ABS_ERP_COB_STATE,1.0.0/all?format=csv",2026-08-25T10:28:10.104Z
2021,Mauritius,9214,Australia,28820,primary,"https://data.api.abs.gov.au/rest/data/ABS,ABS_ERP_COB_STATE,1.0.0/all?format=csv",2026-08-25T10:28:10.104Z
2021,Mayotte,9215,Australia,0,primary,"https://data.api.abs.gov.au/rest/data/ABS,ABS_ERP_COB_STATE,1.0.0/all?format=csv",2026-08-25T10:28:10.104Z
2021,Mexico,8306,Australia,7630,primary,"https://data.api.abs.gov.au/rest/data/ABS,ABS_ERP_COB_STATE,1.0.0/all?format=csv",2026-08-25T10:28:10.104Z
2021,"Micronesia, Federated States of",1404,Australia,20,primary,"https://data.api.abs.gov.au/rest/data/ABS,ABS_ERP_COB_STATE,1.0.0/all?format=csv",2026-08-25T10:28:10.104Z
2021,Moldova,3208,Australia,1380,primary,"https://data.api.abs.gov.au/rest/data/ABS,ABS_ERP_COB_STATE,1.0.0/all?format=csv",2026-08-25T10:28:10.104Z
2021,Monaco,2307,Australia,90,primary,"https://data.api.abs.gov.au/rest/data/ABS,ABS_ERP_COB_STATE,1.0.0/all?format=csv",2026-08-25T10:28:10.104Z
2021,Mongolia,6104,Australia,5770,primary,"https://data.api.abs.gov.au/rest/data/ABS,ABS_ERP_COB_STATE,1.0.0/all?format=csv",2026-08-25T10:28:10.104Z
2021,Montenegro,3214,Australia,1830,primary,"https://data.api.abs.gov.au/rest/data/ABS,ABS_ERP_COB_STATE,1.0.0/all?format=csv",2026-08-25T10:28:10.104Z
2021,Montserrat,8417,Australia,10,primary,"https://data.api.abs.gov.au/rest/data/ABS,ABS_ERP_COB_STATE,1.0.0/all?format=csv",2026-08-25T10:28:10.104Z
2021,Morocco,4104,Australia,2630,primary,"https://data.api.abs.gov.au/rest/data/ABS,ABS_ERP_COB_STATE,1.0.0/all?format=csv",2026-08-25T10:28:10.104Z
2021,Mozambique,9216,Australia,1030,primary,"https://data.api.abs.gov.au/rest/data/ABS,ABS_ERP_COB_STATE,1.0.0/all?format=csv",2026-08-25T10:28:10.104Z
2021,"Myanmar, The Republic of the Union of",5101,Australia,41520,primary,"https://data.api.abs.gov.au/rest/data/ABS,ABS_ERP_COB_STATE,1.0.0/all?format=csv",2026-08-25T10:28:10.104Z
2021,Namibia,9217,Australia,1700,primary,"https://data.api.abs.gov.au/rest/data/ABS,ABS_ERP_COB_STATE,1.0.0/all?format=csv",2026-08-25T10:28:10.104Z
2021,Nauru,1405,Australia,710,primary,"https://data.api.abs.gov.au/rest/data/ABS,ABS_ERP_COB_STATE,1.0.0/all?format=csv",2026-08-25T10:28:10.104Z
2021,Nepal,7105,Australia,130290,primary,"https://data.api.abs.gov.au/rest/data/ABS,ABS_ERP_COB_STATE,1.0.0/all?format=csv",2026-08-25T10:28:10.104Z
2021,Netherlands,2308,Australia,70140,primary,"https://data.api.abs.gov.au/rest/data/ABS,ABS_ERP_COB_STATE,1.0.0/all?format=csv",2026-08-25T10:28:10.104Z
2021,New Caledonia,1301,Australia,1520,primary,"https://data.api.abs.gov.au/rest/data/ABS,ABS_ERP_COB_STATE,1.0.0/all?format=csv",2026-08-25T10:28:10.104Z
2021,New Zealand,1201,Australia,584010,primary,"https://data.api.abs.gov.au/rest/data/ABS,ABS_ERP_COB_STATE,1.0.0/all?format=csv",2026-08-25T10:28:10.104Z
2021,Nicaragua,8307,Australia,890,primary,"https://data.api.abs.gov.au/rest/data/ABS,ABS_ERP_COB_STATE,1.0.0/all?format=csv",2026-08-25T10:28:10.104Z
2021,Niger,9123,Australia,40,primary,"https://data.api.abs.gov.au/rest/data/ABS,ABS_ERP_COB_STATE,1.0.0/all?format=csv",2026-08-25T10:28:10.104Z
2021,Nigeria,9124,Australia,14330,primary,"https://data.api.abs.gov.au/rest/data/ABS,ABS_ERP_COB_STATE,1.0.0/all?format=csv",2026-08-25T10:28:10.104Z
2021,Niue,1504,Australia,980,primary,"https://data.api.abs.gov.au/rest/data/ABS,ABS_ERP_COB_STATE,1.0.0/all?format=csv",2026-08-25T10:28:10.104Z
2021,Norfolk Island,1102,Australia,650,primary,"https://data.api.abs.gov.au/rest/data/ABS,ABS_ERP_COB_STATE,1.0.0/all?format=csv",2026-08-25T10:28:10.104Z
2021,North Macedonia,3206,Australia,51160,primary,"https://data.api.abs.gov.au/rest/data/ABS,ABS_ERP_COB_STATE,1.0.0/all?format=csv",2026-08-25T10:28:10.104Z
2021,Northern Ireland,2104,Australia,24760,primary,"https://data.api.abs.gov.au/rest/data/ABS,ABS_ERP_COB_STATE,1.0.0/all?format=csv",2026-08-25T10:28:10.104Z
2021,Northern Mariana Islands,1406,Australia,30,primary,"https://data.api.abs.gov.au/rest/data/ABS,ABS_ERP_COB_STATE,1.0.0/all?format=csv",2026-08-25T10:28:10.104Z
2021,Norway,2406,Australia,3920,primary,"https://data.api.abs.gov.au/rest/data/ABS,ABS_ERP_COB_STATE,1.0.0/all?format=csv",2026-08-25T10:28:10.104Z
2021,Oman,4211,Australia,1740,primary,"https://data.api.abs.gov.au/rest/data/ABS,ABS_ERP_COB_STATE,1.0.0/all?format=csv",2026-08-25T10:28:10.104Z
2021,Pakistan,7106,Australia,96170,primary,"https://data.api.abs.gov.au/rest/data/ABS,ABS_ERP_COB_STATE,1.0.0/all?format=csv",2026-08-25T10:28:10.104Z
2021,Palau,1407,Australia,20,primary,"https://data.api.abs.gov.au/rest/data/ABS,ABS_ERP_COB_STATE,1.0.0/all?format=csv",2026-08-25T10:28:10.104Z
2021,Palestine,4202,Australia,3220,primary,"https://data.api.abs.gov.au/rest/data/ABS,ABS_ERP_COB_STATE,1.0.0/all?format=csv",2026-08-25T10:28:10.104Z
2021,Panama,8308,Australia,320,primary,"https://data.api.abs.gov.au/rest/data/ABS,ABS_ERP_COB_STATE,1.0.0/all?format=csv",2026-08-25T10:28:10.104Z
2021,Papua New Guinea,1302,Australia,33250,primary,"https://data.api.abs.gov.au/rest/data/ABS,ABS_ERP_COB_STATE,1.0.0/all?format=csv",2026-08-25T10:28:10.104Z
2021,Paraguay,8212,Australia,560,primary,"https://data.api.abs.gov.au/rest/data/ABS,ABS_ERP_COB_STATE,1.0.0/all?format=csv",2026-08-25T10:28:10.104Z
2021,Peru,8213,Australia,12810,primary,"https://data.api.abs.gov.au/rest/data/ABS,ABS_ERP_COB_STATE,1.0.0/all?format=csv",2026-08-25T10:28:10.104Z
2021,Philippines,5204,Australia,308240,primary,"https://data.api.abs.gov.au/rest/data/ABS,ABS_ERP_COB_STATE,1.0.0/all?format=csv",2026-08-25T10:28:10.104Z
2021,Pitcairn Islands,1513,Australia,10,primary,"https://data.api.abs.gov.au/rest/data/ABS,ABS_ERP_COB_STATE,1.0.0/all?format=csv",2026-08-25T10:28:10.104Z
2021,Poland,3307,Australia,49690,primary,"https://data.api.abs.gov.au/rest/data/ABS,ABS_ERP_COB_STATE,1.0.0/all?format=csv",2026-08-25T10:28:10.104Z
2021,"Polynesia (excludes Hawaii), nec",1599,Australia,0,primary,"https://data.api.abs.gov.au/rest/data/ABS,ABS_ERP_COB_STATE,1.0.0/all?format=csv",2026-08-25T10:28:10.104Z
2021,Portugal,3106,Australia,18410,primary,"https://data.api.abs.gov.au/rest/data/ABS,ABS_ERP_COB_STATE,1.0.0/all?format=csv",2026-08-25T10:28:10.104Z
2021,Puerto Rico,8421,Australia,220,primary,"https://data.api.abs.gov.au/rest/data/ABS,ABS_ERP_COB_STATE,1.0.0/all?format=csv",2026-08-25T10:28:10.104Z
2021,Qatar,4212,Australia,2070,primary,"https://data.api.abs.gov.au/rest/data/ABS,ABS_ERP_COB_STATE,1.0.0/all?format=csv",2026-08-25T10:28:10.104Z
2021,Queen Maud Land (Norway),1606,Australia,0,primary,"https://data.api.abs.gov.au/rest/data/ABS,ABS_ERP_COB_STATE,1.0.0/all?format=csv",2026-08-25T10:28:10.104Z
2021,Reunion,9218,Australia,200,primary,"https://data.api.abs.gov.au/rest/data/ABS,ABS_ERP_COB_STATE,1.0.0/all?format=csv",2026-08-25T10:28:10.104Z
2021,Romania,3211,Australia,16550,primary,"https://data.api.abs.gov.au/rest/data/ABS,ABS_ERP_COB_STATE,1.0.0/all?format=csv",2026-08-25T10:28:10.104Z
2021,Ross Dependency (New Zealand),1607,Australia,0,primary,"https://data.api.abs.gov.au/rest/data/ABS,ABS_ERP_COB_STATE,1.0.0/all?format=csv",2026-08-25T10:28:10.104Z
2021,Russian Federation,3308,Australia,28500,primary,"https://data.api.abs.gov.au/rest/data/ABS,ABS_ERP_COB_STATE,1.0.0/all?format=csv",2026-08-25T10:28:10.104Z
2021,Rwanda,9221,Australia,1180,primary,"https://data.api.abs.gov.au/rest/data/ABS,ABS_ERP_COB_STATE,1.0.0/all?format=csv",2026-08-25T10:28:10.104Z
2021,Samoa,1505,Australia,34500,primary,"https://data.api.abs.gov.au/rest/data/ABS,ABS_ERP_COB_STATE,1.0.0/all?format=csv",2026-08-25T10:28:10.104Z
2021,"Samoa, American",1506,Australia,480,primary,"https://data.api.abs.gov.au/rest/data/ABS,ABS_ERP_COB_STATE,1.0.0/all?format=csv",2026-08-25T10:28:10.104Z
2021,San Marino,3107,Australia,10,primary,"https://data.api.abs.gov.au/rest/data/ABS,ABS_ERP_COB_STATE,1.0.0/all?format=csv",2026-08-25T10:28:10.104Z
2021,Sao Tome and Principe,9125,Australia,20,primary,"https://data.api.abs.gov.au/rest/data/ABS,ABS_ERP_COB_STATE,1.0.0/all?format=csv",2026-08-25T10:28:10.104Z
2021,Saudi Arabia,4213,Australia,13100,primary,"https://data.api.abs.gov.au/rest/data/ABS,ABS_ERP_COB_STATE,1.0.0/all?format=csv",2026-08-25T10:28:10.104Z
2021,Scotland,2105,Australia,127340,primary,"https://data.api.abs.gov.au/rest/data/ABS,ABS_ERP_COB_STATE,1.0.0/all?format=csv",2026-08-25T10:28:10.104Z
2021,Senegal,9126,Australia,470,primary,"https://data.api.abs.gov.au/rest/data/ABS,ABS_ERP_COB_STATE,1.0.0/all?format=csv",2026-08-25T10:28:10.104Z
2021,Serbia,3215,Australia,31200,primary,"https://data.api.abs.gov.au/rest/data/ABS,ABS_ERP_COB_STATE,1.0.0/all?format=csv",2026-08-25T10:28:10.104Z
2021,Seychelles,9223,Australia,2780,primary,"https://data.api.abs.gov.au/rest/data/ABS,ABS_ERP_COB_STATE,1.0.0/all?format=csv",2026-08-25T10:28:10.104Z
2021,Sierra Leone,9127,Australia,4060,primary,"https://data.api.abs.gov.au/rest/data/ABS,ABS_ERP_COB_STATE,1.0.0/all?format=csv",2026-08-25T10:28:10.104Z
2021,Singapore,5205,Australia,64940,primary,"https://data.api.abs.gov.au/rest/data/ABS,ABS_ERP_COB_STATE,1.0.0/all?format=csv",2026-08-25T10:28:10.104Z
2021,Sint Maarten (Dutch part),8435,Australia,10,primary,"https://data.api.abs.gov.au/rest/data/ABS,ABS_ERP_COB_STATE,1.0.0/all?format=csv",2026-08-25T10:28:10.104Z
2021,Slovakia,3311,Australia,6950,primary,"https://data.api.abs.gov.au/rest/data/ABS,ABS_ERP_COB_STATE,1.0.0/all?format=csv",2026-08-25T10:28:10.104Z
2021,Slovenia,3212,Australia,6240,primary,"https://data.api.abs.gov.au/rest/data/ABS,ABS_ERP_COB_STATE,1.0.0/all?format=csv",2026-08-25T10:28:10.104Z
2021,Solomon Islands,1303,Australia,3780,primary,"https://data.api.abs.gov.au/rest/data/ABS,ABS_ERP_COB_STATE,1.0.0/all?format=csv",2026-08-25T10:28:10.104Z
2021,Somalia,9224,Australia,9160,primary,"https://data.api.abs.gov.au/rest/data/ABS,ABS_ERP_COB_STATE,1.0.0/all?format=csv",2026-08-25T10:28:10.104Z
2021,South Africa,9225,Australia,202730,primary,"https://data.api.abs.gov.au/rest/data/ABS,ABS_ERP_COB_STATE,1.0.0/all?format=csv",2026-08-25T10:28:10.104Z
2021,"South America, nec",8299,Australia,0,primary,"https://data.api.abs.gov.au/rest/data/ABS,ABS_ERP_COB_STATE,1.0.0/all?format=csv",2026-08-25T10:28:10.104Z
2021,South Sudan,4111,Australia,8980,primary,"https://data.api.abs.gov.au/rest/data/ABS,ABS_ERP_COB_STATE,1.0.0/all?format=csv",2026-08-25T10:28:10.104Z
2021,"Southern and East Africa, nec",9299,Australia,10,primary,"https://data.api.abs.gov.au/rest/data/ABS,ABS_ERP_COB_STATE,1.0.0/all?format=csv",2026-08-25T10:28:10.104Z
2021,Spain,3108,Australia,18820,primary,"https://data.api.abs.gov.au/rest/data/ABS,ABS_ERP_COB_STATE,1.0.0/all?format=csv",2026-08-25T10:28:10.104Z
2021,Spanish North Africa,4108,Australia,0,primary,"https://data.api.abs.gov.au/rest/data/ABS,ABS_ERP_COB_STATE,1.0.0/all?format=csv",2026-08-25T10:28:10.104Z
2021,Sri Lanka,7107,Australia,140110,primary,"https://data.api.abs.gov.au/rest/data/ABS,ABS_ERP_COB_STATE,1.0.0/all?format=csv",2026-08-25T10:28:10.104Z
2021,St Barthelemy,8431,Australia,0,primary,"https://data.api.abs.gov.au/rest/data/ABS,ABS_ERP_COB_STATE,1.0.0/all?format=csv",2026-08-25T10:28:10.104Z
2021,St Helena,9222,Australia,40,primary,"https://data.api.abs.gov.au/rest/data/ABS,ABS_ERP_COB_STATE,1.0.0/all?format=csv",2026-08-25T10:28:10.104Z
2021,St Kitts and Nevis,8422,Australia,50,primary,"https://data.api.abs.gov.au/rest/data/ABS,ABS_ERP_COB_STATE,1.0.0/all?format=csv",2026-08-25T10:28:10.104Z
2021,St Lucia,8423,Australia,70,primary,"https://data.api.abs.gov.au/rest/data/ABS,ABS_ERP_COB_STATE,1.0.0/all?format=csv",2026-08-25T10:28:10.104Z
2021,St Martin (French part),8432,Australia,0,primary,"https://data.api.abs.gov.au/rest/data/ABS,ABS_ERP_COB_STATE,1.0.0/all?format=csv",2026-08-25T10:28:10.104Z
2021,St Pierre and Miquelon,8103,Australia,0,primary,"https://data.api.abs.gov.au/rest/data/ABS,ABS_ERP_COB_STATE,1.0.0/all?format=csv",2026-08-25T10:28:10.104Z
2021,St Vincent and the Grenadines,8424,Australia,70,primary,"https://data.api.abs.gov.au/rest/data/ABS,ABS_ERP_COB_STATE,1.0.0/all?format=csv",2026-08-25T10:28:10.104Z
2021,Sudan,4105,Australia,18250,primary,"https://data.api.abs.gov.au/rest/data/ABS,ABS_ERP_COB_STATE,1.0.0/all?format=csv",2026-08-25T10:28:10.104Z
2021,Suriname,8214,Australia,160,primary,"https://data.api.abs.gov.au/rest/data/ABS,ABS_ERP_COB_STATE,1.0.0/all?format=csv",2026-08-25T10:28:10.104Z
2021,Sweden,2407,Australia,11530,primary,"https://data.api.abs.gov.au/rest/data/ABS,ABS_ERP_COB_STATE,1.0.0/all?format=csv",2026-08-25T10:28:10.104Z
2021,Switzerland,2311,Australia,13750,primary,"https://data.api.abs.gov.au/rest/data/ABS,ABS_ERP_COB_STATE,1.0.0/all?format=csv",2026-08-25T10:28:10.104Z
2021,Syria,4214,Australia,31630,primary,"https://data.api.abs.gov.au/rest/data/ABS,ABS_ERP_COB_STATE,1.0.0/all?format=csv",2026-08-25T10:28:10.104Z
2021,Taiwan,6105,Australia,51910,primary,"https://data.api.abs.gov.au/rest/data/ABS,ABS_ERP_COB_STATE,1.0.0/all?format=csv",2026-08-25T10:28:10.104Z
2021,Tajikistan,7207,Australia,210,primary,"https://data.api.abs.gov.au/rest/data/ABS,ABS_ERP_COB_STATE,1.0.0/all?format=csv",2026-08-25T10:28:10.104Z
2021,Tanzania,9227,Australia,4850,primary,"https://data.api.abs.gov.au/rest/data/ABS,ABS_ERP_COB_STATE,1.0.0/all?format=csv",2026-08-25T10:28:10.104Z
2021,Thailand,5104,Australia,88860,primary,"https://data.api.abs.gov.au/rest/data/ABS,ABS_ERP_COB_STATE,1.0.0/all?format=csv",2026-08-25T10:28:10.104Z
2021,Timor-Leste,5206,Australia,10410,primary,"https://data.api.abs.gov.au/rest/data/ABS,ABS_ERP_COB_STATE,1.0.0/all?format=csv",2026-08-25T10:28:10.104Z
2021,Togo,9128,Australia,340,primary,"https://data.api.abs.gov.au/rest/data/ABS,ABS_ERP_COB_STATE,1.0.0/all?format=csv",2026-08-25T10:28:10.104Z
2021,Tokelau,1507,Australia,580,primary,"https://data.api.abs.gov.au/rest/data/ABS,ABS_ERP_COB_STATE,1.0.0/all?format=csv",2026-08-25T10:28:10.104Z
2021,Tonga,1508,Australia,17120,primary,"https://data.api.abs.gov.au/rest/data/ABS,ABS_ERP_COB_STATE,1.0.0/all?format=csv",2026-08-25T10:28:10.104Z
2021,Total,TOT,Australia,25685410,primary,"https://data.api.abs.gov.au/rest/data/ABS,ABS_ERP_COB_STATE,1.0.0/all?format=csv",2026-08-25T10:28:10.104Z
2021,Trinidad and Tobago,8425,Australia,1830,primary,"https://data.api.abs.gov.au/rest/data/ABS,ABS_ERP_COB_STATE,1.0.0/all?format=csv",2026-08-25T10:28:10.104Z
2021,Tunisia,4106,Australia,760,primary,"https://data.api.abs.gov.au/rest/data/ABS,ABS_ERP_COB_STATE,1.0.0/all?format=csv",2026-08-25T10:28:10.104Z
2021,Türkiye,4215,Australia,42150,primary,"https://data.api.abs.gov.au/rest/data/ABS,ABS_ERP_COB_STATE,1.0.0/all?format=csv",2026-08-25T10:28:10.104Z
2021,Turkmenistan,7208,Australia,130,primary,"https://data.api.abs.gov.au/rest/data/ABS,ABS_ERP_COB_STATE,1.0.0/all?format=csv",2026-08-25T10:28:10.104Z
2021,Turks and Caicos Islands,8426,Australia,0,primary,"https://data.api.abs.gov.au/rest/data/ABS,ABS_ERP_COB_STATE,1.0.0/all?format=csv",2026-08-25T10:28:10.104Z
2021,Tuvalu,1511,Australia,230,primary,"https://data.api.abs.gov.au/rest/data/ABS,ABS_ERP_COB_STATE,1.0.0/all?format=csv",2026-08-25T10:28:10.104Z
2021,Uganda,9228,Australia,4610,primary,"https://data.api.abs.gov.au/rest/data/ABS,ABS_ERP_COB_STATE,1.0.0/all?format=csv",2026-08-25T10:28:10.104Z
2021,Ukraine,3312,Australia,16850,primary,"https://data.api.abs.gov.au/rest/data/ABS,ABS_ERP_COB_STATE,1.0.0/all?format=csv",2026-08-25T10:28:10.104Z
2021,United Arab Emirates,4216,Australia,14160,primary,"https://data.api.abs.gov.au/rest/data/ABS,ABS_ERP_COB_STATE,1.0.0/all?format=csv",2026-08-25T10:28:10.104Z
2021,United States of America,8104,Australia,113470,primary,"https://data.api.abs.gov.au/rest/data/ABS,ABS_ERP_COB_STATE,1.0.0/all?format=csv",2026-08-25T10:28:10.104Z
2021,Uruguay,8215,Australia,10230,primary,"https://data.api.abs.gov.au/rest/data/ABS,ABS_ERP_COB_STATE,1.0.0/all?format=csv",2026-08-25T10:28:10.104Z
2021,Uzbekistan,7211,Australia,2280,primary,"https://data.api.abs.gov.au/rest/data/ABS,ABS_ERP_COB_STATE,1.0.0/all?format=csv",2026-08-25T10:28:10.104Z
2021,Vanuatu,1304,Australia,6370,primary,"https://data.api.abs.gov.au/rest/data/ABS,ABS_ERP_COB_STATE,1.0.0/all?format=csv",2026-08-25T10:28:10.104Z
2021,"Venezuela, Bolivarian Republic of",8216,Australia,7370,primary,"https://data.api.abs.gov.au/rest/data/ABS,ABS_ERP_COB_STATE,1.0.0/all?format=csv",2026-08-25T10:28:10.104Z
2021,Vietnam,5105,Australia,274840,primary,"https://data.api.abs.gov.au/rest/data/ABS,ABS_ERP_COB_STATE,1.0.0/all?format=csv",2026-08-25T10:28:10.104Z
2021,"Virgin Islands, British",8427,Australia,20,primary,"https://data.api.abs.gov.au/rest/data/ABS,ABS_ERP_COB_STATE,1.0.0/all?format=csv",2026-08-25T10:28:10.104Z
2021,"Virgin Islands, United States",8428,Australia,20,primary,"https://data.api.abs.gov.au/rest/data/ABS,ABS_ERP_COB_STATE,1.0.0/all?format=csv",2026-08-25T10:28:10.104Z
2021,Wales,2106,Australia,31430,primary,"https://data.api.abs.gov.au/rest/data/ABS,ABS_ERP_COB_STATE,1.0.0/all?format=csv",2026-08-25T10:28:10.104Z
2021,Wallis and Futuna,1512,Australia,20,primary,"https://data.api.abs.gov.au/rest/data/ABS,ABS_ERP_COB_STATE,1.0.0/all?format=csv",2026-08-25T10:28:10.104Z
2021,Western Sahara,4107,Australia,10,primary,"https://data.api.abs.gov.au/rest/data/ABS,ABS_ERP_COB_STATE,1.0.0/all?format=csv",2026-08-25T10:28:10.104Z
2021,Yemen,4217,Australia,1020,primary,"https://data.api.abs.gov.au/rest/data/ABS,ABS_ERP_COB_STATE,1.0.0/all?format=csv",2026-08-25T10:28:10.104Z
2021,Zambia,9231,Australia,7600,primary,"https://data.api.abs.gov.au/rest/data/ABS,ABS_ERP_COB_STATE,1.0.0/all?format=csv",2026-08-25T10:28:10.104Z
2021,Zimbabwe,9232,Australia,44070,primary,"https://data.api.abs.gov.au/rest/data/ABS,ABS_ERP_COB_STATE,1.0.0/all?format=csv",2026-08-25T10:28:10.104Z
